,0
RPL35A (6165),-0.2784917275063053
WDR36 (134430),-0.27315159830968344
RNPC3 (55599),-0.26329743180505244
AHCY (191),-0.24012671874411712
TTC27 (55622),-0.22292442410145127
DHX33 (56919),-0.20330424504696296
WDR74 (54663),-0.20107276469329652
SNRNP25 (79622),-0.1983108571358676
NOP58 (51602),-0.19603219329716598
TRNAU1AP (54952),-0.19220992043887286
MARS1 (4141),-0.18961911048805458
TSR2 (90121),-0.1804873928829336
CMPK1 (51727),-0.1798512067511811
LAS1L (81887),-0.1639234613587479
PDCD11 (22984),-0.1633519336083637
PSD4 (23550),-0.16334394645860997
BDP1 (55814),-0.1609062715275312
TEDC1 (283643),-0.16013081954180208
DPY30 (84661),-0.1600998320183142
PRPF39 (55015),-0.15920250863989716
MRPL53 (116540),-0.15910003218433527
SRRT (51593),-0.15211963144628216
EXOSC4 (54512),-0.14990540554953338
RBM39 (9584),-0.14964796486213416
DKC1 (1736),-0.14830794288861526
SNRPE (6635),-0.14825049177045033
RBM18 (92400),-0.145955163616897
TAF1B (9014),-0.14558879752462361
CEBPZ (10153),-0.1454734915885194
YARS1 (8565),-0.14460412656375127
DDX27 (55661),-0.14128587543781967
HUS1 (3364),-0.13918915238393811
XRCC3 (7517),-0.138995254977436
UQCR10 (29796),-0.13862233484598416
XPOT (11260),-0.13795233866276255
TMX2 (51075),-0.13780144402377972
YWHAZ (7534),-0.13773203243048626
TOMM22 (56993),-0.13753897770943901
PTAR1 (375743),-0.13620341432914843
RCC1L (81554),-0.13549538621679091
NOL7 (51406),-0.13356530313570555
WDR75 (84128),-0.13296881329663132
FNTA (2339),-0.13126732760349727
UTP20 (27340),-0.130472854859858
OGDH (4967),-0.13021227892564066
CENPA (1058),-0.1301786724985727
KLHDC7B (113730),-0.13004018588790073
MDN1 (23195),-0.13000323383410436
VCF2 (90736),-0.1299247007248163
MRPL34 (64981),-0.12974693517616406
GRWD1 (83743),-0.12786009075716723
EP300 (2033),-0.1258158918053865
SYF2 (25949),-0.12504237808247956
LIAS (11019),-0.12494382961037138
CENATAC (338657),-0.12362680734550255
TAF6 (6878),-0.12286523270800383
ZWINT (11130),-0.12261495279593207
YWHAE (7531),-0.12248004363775956
NUMA1 (4926),-0.12170533022207701
MRPL14 (64928),-0.1214398236896017
XRN2 (22803),-0.12100737506749183
SBNO1 (55206),-0.12086233029979808
EIF3F (8665),-0.12077721115227216
TRIT1 (54802),-0.12072140441979433
FARSB (10056),-0.12016894294834649
SPRR1A (6698),-0.12009303255938161
RFC2 (5982),-0.11979009233910684
DHX29 (54505),-0.11886737138580233
HNRNPL (3191),-0.1180667755930684
CYCS (54205),-0.11759243678544168
EIF3E (3646),-0.11630103398200918
TIMM22 (29928),-0.11564211269337472
PCID2 (55795),-0.11528485811915981
ABCF1 (23),-0.11475381348583973
ALDOC (230),-0.11457297571428857
RPL36AL (6166),-0.1138522602761982
TUBD1 (51174),-0.11338174685971353
SARS2 (54938),-0.11310906136948633
HNRNPC (3183),-0.11295615471817413
PPP1R10 (5514),-0.11199729022003069
RAD51D (5892),-0.11188061250440294
G6PD (2539),-0.1118211947053391
XRCC2 (7516),-0.11153712814786954
ZNF37A (7587),-0.11137143088311878
CACTIN (58509),-0.11132839706820466
RSL1D1 (26156),-0.110594921238907
DYRK1A (1859),-0.11050132489044331
ATR (545),-0.11008703686498564
MRPL2 (51069),-0.11000994756214455
ZWILCH (55055),-0.10992053060412
SDHD (6392),-0.10976123251145856
RBBP8 (5932),-0.1091640858358833
MCM2 (4171),-0.10913595997309689
NFYC (4802),-0.10910477340077564
EXOSC10 (5394),-0.10892995913047708
DYNC1I2 (1781),-0.10774829493237757
BMS1 (9790),-0.10772776794170512
NDOR1 (27158),-0.10753579404909877
NCAPD2 (9918),-0.1074999230401103
NOL9 (79707),-0.10740640711618082
DARS2 (55157),-0.10723729090150239
XRCC6 (2547),-0.10627542304420551
SASS6 (163786),-0.10619004756274764
RPL35 (11224),-0.10563486619582027
POT1 (25913),-0.10561366515802201
PPAN (56342),-0.10508450014732737
PM20D1 (148811),-0.10474825355689833
EZH2 (2146),-0.10465685994801543
POLD3 (10714),-0.10442414894271108
RBM25 (58517),-0.10427993376956994
EED (8726),-0.10413911820157774
LIPT1 (51601),-0.10384039907828087
ROCK2 (9475),-0.1037942294266107
UBE2W (55284),-0.10367528070368708
MRPL4 (51073),-0.10342394853437709
NDUFAF1 (51103),-0.1029991827137261
COX6A1 (1337),-0.10251989362685636
TTF2 (8458),-0.10241326394489292
SDHA (6389),-0.10164092545256852
MRPL18 (29074),-0.1015655119103215
ISG20L2 (81875),-0.10128554854784663
DDX3X (1654),-0.10107255306490674
RRP12 (23223),-0.1008642123312414
DDX1 (1653),-0.10042365952742448
H2BC21 (8349),-0.1003385251593277
DDX54 (79039),-0.10027813926128483
RAD50 (10111),-0.1001731633778472
WDR55 (54853),-0.09902007104214192
EIF3M (10480),-0.09893864433932445
RPL27 (6155),-0.09875684411464998
FAM210A (125228),-0.0987353800169484
BOP1 (23246),-0.0977105818075374
PABPC1 (26986),-0.09713621600925858
MTG1 (92170),-0.09712169461877913
TUBE1 (51175),-0.0970505412675646
INPP4A (3631),-0.09699947017497766
NDUFA11 (126328),-0.0964496588929971
ZFR (51663),-0.09643232600282253
TFAM (7019),-0.09608283471903657
NUP93 (9688),-0.0957385290561184
DLD (1738),-0.09553084066441157
CCDC102A (92922),-0.09541611150078473
COPS6 (10980),-0.09519397462360521
GNL3 (26354),-0.09494110849218482
PALB2 (79728),-0.0948864295654824
SDE2 (163859),-0.09482348717956465
MIS18BP1 (55320),-0.09479397054680364
MRPL32 (64983),-0.09450906198992849
FAM25A (643161),-0.09444396403757022
MRPL12 (6182),-0.0942020443513317
GEMIN8 (54960),-0.09397561250004206
SUPT4H1 (6827),-0.09389521916481348
CRIPTO (6997),-0.0936196287570102
KRR1 (11103),-0.09358353660944335
RABL2B (11158),-0.09348736697327832
MTREX (23517),-0.09291842445951391
CDC37 (11140),-0.09289114254101874
IGBP1 (3476),-0.09268231912232765
PCNT (5116),-0.09239365845178153
TPSG1 (25823),-0.09232356823121081
COX6C (1345),-0.09205020437164722
SEBOX (645832),-0.09181665930942948
ZP3 (7784),-0.09146969278949005
MEN1 (4221),-0.09133292239914606
SNRPD2 (6633),-0.09095851631671116
POLG (5428),-0.0907909748467545
EIF6 (3692),-0.09038809762135323
AMD1 (262),-0.09038513886929463
HYPK (25764),-0.0900537182549811
GLUL (2752),-0.09002329062543672
QARS1 (5859),-0.08987891419592181
KIAA2013 (90231),-0.08969007299644831
SURF6 (6838),-0.08966005098394428
IL9R (3581),-0.08959961796757529
VPS35 (55737),-0.08927229210181134
BRCA2 (675),-0.0889784576751945
PAK1IP1 (55003),-0.08892729922002796
TIMM44 (10469),-0.08888000180420157
C9orf78 (51759),-0.0887667526023501
POLR1H (30834),-0.08850952523354759
UTP3 (57050),-0.08849549773082278
TUBGCP4 (27229),-0.08849468130872508
NUDC (10726),-0.08849006753558233
MTERF4 (130916),-0.08842742081414656
OR10T2 (128360),-0.08831346448095656
FAM177A1 (283635),-0.08799538131996998
LTB4R2 (56413),-0.08799090583897758
EIF2AK4 (440275),-0.08793171062428452
RRP9 (9136),-0.0877824462100424
ELAC2 (60528),-0.0876757156494314
RNF20 (56254),-0.08752468386696262
ZC3H18 (124245),-0.0875237780663713
ISY1 (57461),-0.08716138890556371
EFTUD2 (9343),-0.08711646925580893
UQCRFS1 (7386),-0.0870891753058221
CPSF2 (53981),-0.0868608290015421
GATB (5188),-0.08673053358757266
SNRPC (6631),-0.0866736995708655
CIAO2B (51647),-0.08659980263175646
SNRNP27 (11017),-0.0865238986931162
KRTAP4-2 (85291),-0.086464801055238
UFSP1 (402682),-0.0864108825805572
MZF1 (7593),-0.08637772605890752
SLC25A19 (60386),-0.08637389408401948
SIGLEC8 (27181),-0.08627366886250915
EXOC3 (11336),-0.08625506903033663
ATP5MF (9551),-0.08615965719450248
OGFR (11054),-0.08615491361327188
CEP152 (22995),-0.08595375428179537
TEN1 (100134934),-0.08595299014028553
MRPL3 (11222),-0.08565281196555079
PPIE (10450),-0.08552818307855127
BOD1L1 (259282),-0.08547625762733195
DIDO1 (11083),-0.08520537442176197
ASNS (440),-0.08508872205568153
DDX41 (51428),-0.08493032938970642
WBP1 (23559),-0.08476138389393782
NARS1 (4677),-0.0847557668545874
PIDD1 (55367),-0.08474268304378203
LCE1B (353132),-0.08465803153324872
PTBP1 (5725),-0.08450910858740521
KRT18 (3875),-0.0844482917239124
MRPL46 (26589),-0.08415330589019308
PPAT (5471),-0.08409246105054095
CEND1 (51286),-0.08386203413233372
NOL6 (65083),-0.08347859766665885
RPS10 (6204),-0.08326196972325808
PDCD10 (11235),-0.08325884546788136
BDH2 (56898),-0.08323517300472635
GTF3C5 (9328),-0.08321066114416467
DPY19L2 (283417),-0.08299480642993985
LUC7L3 (51747),-0.08279527258661845
DDX56 (54606),-0.08273926421647039
SAMM50 (25813),-0.08265736516033284
FARS2 (10667),-0.08256307091043193
THOC5 (8563),-0.08225541324194775
PRMT1 (3276),-0.08209342708650684
COPS5 (10987),-0.08208895180463865
PELP1 (27043),-0.08198979339236001
KEAP1 (9817),-0.08177397068080286
NOP16 (51491),-0.08173381318545872
TPPP (11076),-0.08122903020685934
VBP1 (7411),-0.08122201708471477
H2AZ1 (3015),-0.0810598378564976
DBI (1622),-0.08084237374472092
MTG2 (26164),-0.08077631514995068
TRMT10C (54931),-0.08071768227886097
TUBA3D (113457),-0.08066691852603518
SLC1A5 (6510),-0.08059984201507815
DAZAP1 (26528),-0.08050807902344537
SYMPK (8189),-0.0804835841466652
YJU2B (81576),-0.0803508365170557
ARMCX6 (54470),-0.08032893892230814
SNRNP35 (11066),-0.08028124745343493
SLC25A3 (5250),-0.08026034226041738
AATF (26574),-0.08011382169070023
AP3M1 (26985),-0.07998039894206908
PHC1 (1911),-0.07989098549956025
NDUFB11 (54539),-0.07969331578378594
PIGH (5283),-0.07949766130715157
SUPT5H (6829),-0.07945645339123776
MAP4K4 (9448),-0.07930998542756872
TRAF4 (9618),-0.07927930104209926
FANCC (2176),-0.07902119101514811
NAT10 (55226),-0.0789822880620736
NDUFB5 (4711),-0.07897687146118584
TEDC2 (80178),-0.07892165314583587
GALP (85569),-0.07890942394867928
SMARCD1 (6602),-0.07887524247081187
MTX2 (10651),-0.078855549076594
AKR1D1 (6718),-0.07884354318874857
MRPL36 (64979),-0.07884181858819125
UQCRC1 (7384),-0.07881675430571895
RAD17 (5884),-0.07875270355732385
RFC3 (5983),-0.07869850511966295
LENG1 (79165),-0.07867160566643329
INMT (11185),-0.07865933550272022
PDSS2 (57107),-0.07862003817660647
ACTR8 (93973),-0.07855376419240127
PLLP (51090),-0.07846038810443053
MRPL50 (54534),-0.07838219937738197
SF3A2 (8175),-0.07832130880008294
PTEN (5728),-0.07828342952175849
TAF7 (6879),-0.07815161512218581
RCL1 (10171),-0.07813527004706304
MRPL13 (28998),-0.07795348135050442
NDUFB4 (4710),-0.07788436613692724
KRTAP10-9 (386676),-0.07778046862272042
GATC (283459),-0.07763713194015077
PPP4C (5531),-0.07739027770566594
MCM6 (4175),-0.0773810507382633
ZNF33B (7582),-0.07733976064098355
SMR3B (10879),-0.07717414683575782
URB2 (9816),-0.07717274954622588
MAK16 (84549),-0.07714375233515644
ANXA2R (389289),-0.07713092941572218
MRPS18C (51023),-0.0770942142028
MRPL15 (29088),-0.076965816972967
ABHD12B (145447),-0.07690075346479798
IMP4 (92856),-0.07685307308380793
PYURF (100996939),-0.07677398542835412
KMT2C (58508),-0.07672546994164019
TAF10 (6881),-0.07671123908757671
PRB4 (5545),-0.07664905138332481
CDCA3 (83461),-0.07663416516069768
RFC5 (5985),-0.07652216354729816
DDX51 (317781),-0.0764898940109595
HPRT1 (3251),-0.07646587339450703
MON1A (84315),-0.0763320980930631
NPLOC4 (55666),-0.07628049340065102
RPAIN (84268),-0.07625908183403537
ELP6 (54859),-0.07625547624018086
HS6ST1 (9394),-0.07606874431213653
MALSU1 (115416),-0.07599352589057032
NDUFA8 (4702),-0.07575902163337626
CA5A (763),-0.07558657312652285
PCBP1 (5093),-0.07558188711486945
SRRM2 (23524),-0.07552698177365126
BCS1L (617),-0.07548738411384517
RPL22 (6146),-0.07535830913254213
FRYL (285527),-0.07534503642697722
TOMM40 (10452),-0.07533046034852434
TTI1 (9675),-0.07530078627056916
SPRR2F (6705),-0.07525907199478786
MECOM (2122),-0.07522576916914774
RPP38 (10557),-0.0750169771718343
COX7B (1349),-0.07498788768601383
KHDRBS1 (10657),-0.07496813035395593
IFNA1 (3439),-0.07494449759864054
RPIA (22934),-0.07490688539075809
HSCB (150274),-0.07489619499159071
TYW1B (441250),-0.07483301487173333
PIGS (94005),-0.07476276793003604
MMP28 (79148),-0.07464339577569512
PIK3C3 (5289),-0.0746195079396168
TRNT1 (51095),-0.07443958585554857
EXOSC8 (11340),-0.07437358018366924
SSRP1 (6749),-0.07436651327590373
PDE12 (201626),-0.0742567894945795
DPPA2 (151871),-0.0740891747637765
MTCH2 (23788),-0.07405661014634154
GTF2A2 (2958),-0.07394714774998291
IFNA21 (3452),-0.07393562320910903
STAT6 (6778),-0.07386862193839308
SURF1 (6834),-0.07385535443651749
RACGAP1 (29127),-0.07377513421766946
MRPS34 (65993),-0.07367699184538497
FAM222B (55731),-0.07346575592189832
NELFE (7936),-0.07335799941995413
TIMELESS (8914),-0.07335605485634812
POLR1A (25885),-0.07324138720857942
ILDR2 (387597),-0.07320157180201484
COX10 (1352),-0.07316902691309812
CCNB1 (891),-0.07312087720768068
RPUSD3 (285367),-0.07308052234821293
KRTAP5-7 (440050),-0.07302019773326097
YWHAG (7532),-0.07273229045940192
R3HDM1 (23518),-0.07272934720779324
CPOX (1371),-0.07263530974344834
PRR13 (54458),-0.07244468538519064
VPS18 (57617),-0.07239816740647236
GNAQ (2776),-0.0721497293527353
GEMIN7 (79760),-0.07210360263745812
UTP15 (84135),-0.07204191681599686
CTU2 (348180),-0.0719697699436267
TAF13 (6884),-0.07194646402329608
KCTD9 (54793),-0.07187983299407533
CLINT1 (9685),-0.07173308172798451
CEP350 (9857),-0.07155541816451408
KRTAP5-3 (387266),-0.07149846568919829
FZR1 (51343),-0.0714807086098369
HTATSF1 (27336),-0.07139751083715122
RPAP1 (26015),-0.07134391714195444
MANSC1 (54682),-0.07120150580704034
GTF3C2 (2976),-0.07119686489678358
LYRM4 (57128),-0.07112045757985452
ALAD (210),-0.07108058538928902
IFNA14 (3448),-0.07106079919505477
EIF2B1 (1967),-0.07083692536294164
MRPL10 (124995),-0.0708081654291001
BICDL2 (146439),-0.0707745924108953
DDX49 (54555),-0.07073327022440433
USF1 (7391),-0.07067455581658981
UBXN4 (23190),-0.0706667967260363
LYRM9 (201229),-0.0706400762861574
CLASRP (11129),-0.07035229883202626
SERBP1 (26135),-0.07030101757025273
AP3B1 (8546),-0.07021114387170771
FBXW7 (55294),-0.07013517873491903
NDUFA2 (4695),-0.07006785386518198
NDUFS2 (4720),-0.07001892153964735
RASGEF1A (221002),-0.06996266439843549
NHP2 (55651),-0.06996172054621401
RPA2 (6118),-0.06993753421832523
ALKBH8 (91801),-0.06993681872601111
NCBP1 (4686),-0.06986686242660836
DLST (1743),-0.0698472489662605
SIRPA (140885),-0.069832793568365
STIL (6491),-0.06975869580350355
SSX1 (6756),-0.06971677087950423
TAF1 (6872),-0.06957177686171061
RTN3 (10313),-0.06955555304751682
COL26A1 (136227),-0.06952513329465694
KIAA1143 (57456),-0.06947643494512892
SART1 (9092),-0.06941025183624247
SDHAF2 (54949),-0.0693077298196614
COX7C (1350),-0.06905580860750185
UNC119 (9094),-0.06903926012653852
PXN (5829),-0.06903830566189231
FLOT1 (10211),-0.06890311407355001
GAPDH (2597),-0.06883625436954256
PF4 (5196),-0.06883317326015541
H3-3A (3020),-0.06874251578649085
NDUFB3 (4709),-0.06852662512571554
GRPEL1 (80273),-0.06841463965197446
AK4 (205),-0.068402907827981
MCM4 (4173),-0.0682518699930318
DMAP1 (55929),-0.06824158138134724
PRPF3 (9129),-0.0681668132018193
UBE2T (29089),-0.06805759206851611
BNIP2 (663),-0.06800001445896979
PSME1 (5720),-0.06796710682367396
ANTXRL (195977),-0.06776486607366679
POM121C (100101267),-0.06766535413519509
NDUFS1 (4719),-0.06763164552001757
NDUFAF7 (55471),-0.06761661916100231
H2BC11 (8970),-0.06761411328209761
OR5AU1 (390445),-0.06760663758594296
HIGD2A (192286),-0.06758023118173097
FANCA (2175),-0.06750939811119991
DPH5 (51611),-0.0674623316763022
EXOSC9 (5393),-0.06738759094018211
TMEM147 (10430),-0.06723027996211982
KMT2A (4297),-0.06721604903506288
BAP1 (8314),-0.06720504968943004
ANAPC7 (51434),-0.06715523596784065
GUCA2A (2980),-0.06709928372773283
TMSB10 (9168),-0.06698878789913851
ILF3 (3609),-0.06692278190404555
ELK1 (2002),-0.06686610967524435
TAF11 (6882),-0.06686229226726981
KCNK5 (8645),-0.06685460983501824
COQ3 (51805),-0.06681718891321281
SREK1 (140890),-0.06681407342886886
RETNLB (84666),-0.0667861305945568
GPAT2 (150763),-0.06643860582695647
GLS2 (27165),-0.06642696459704867
ELMO2 (63916),-0.06640766088324856
PPP1R8 (5511),-0.0663722159269463
KRTAP21-1 (337977),-0.06634996155928981
MLST8 (64223),-0.06626111960096163
RCC1 (1104),-0.06614612054889563
SRSF5 (6430),-0.0660988172031882
TAF8 (129685),-0.06604640579462524
OXSM (54995),-0.06586117948874674
IL1R2 (7850),-0.06584338202513824
VASH1 (22846),-0.06582193280715355
OR4C46 (119749),-0.06576277741102582
GTF3C6 (112495),-0.06574596075383683
IMPDH2 (3615),-0.06570171845391917
ZFAND5 (7763),-0.0656614667365318
MAGIX (79917),-0.06562922428622439
TCEA1 (6917),-0.06559161114695299
CFAP20 (29105),-0.0655834049412257
MYBBP1A (10514),-0.06554455715877708
TPI1 (7167),-0.06551469949844799
NDUFB7 (4713),-0.06547080252348238
KLF15 (28999),-0.06537955240344352
MRE11 (4361),-0.06537441595359375
EP400 (57634),-0.06528751807355955
SIGLEC11 (114132),-0.06527830066538441
NOL10 (79954),-0.0651615394228733
SNURF (8926),-0.06509140887271694
RANGAP1 (5905),-0.06505908621238263
PRADC1 (84279),-0.06489614042127964
RPS3A (6189),-0.06485848894414331
NDUFA1 (4694),-0.06480051178285087
CORO6 (84940),-0.06479848774911734
ULBP2 (80328),-0.06479487828963024
CHAMP1 (283489),-0.06476213000522524
MAD2L1BP (9587),-0.06474796280074138
TAF4 (6874),-0.06437479562880678
MAP1LC3B (81631),-0.06435937903288753
RTCB (51493),-0.06432770049316253
U2SURP (23350),-0.0643130361490881
HBS1L (10767),-0.06425769842854964
OR4N5 (390437),-0.06423115014757225
METTL17 (64745),-0.06412419039611157
FECH (2235),-0.06389044106756114
APOL2 (23780),-0.06387894735896973
RNF6 (6049),-0.06381538223544114
HNRNPA1 (3178),-0.06359841851769578
TMEM230 (29058),-0.06359573194872627
CLDN9 (9080),-0.0635111130195035
MRPL55 (128308),-0.06347724799053436
NUTM2A (728118),-0.06346937451262889
UQCC2 (84300),-0.0634322341671656
EXOSC2 (23404),-0.06339238032681214
ARID2 (196528),-0.06331462888814741
SYT5 (6861),-0.06326767271654861
MRPL41 (64975),-0.06323507291933196
CWF19L2 (143884),-0.06321522060839374
HNRNPA2B1 (3181),-0.06321262827972149
CFAP298 (56683),-0.06320568465932667
GGT1 (2678),-0.0630829947257976
ALLC (55821),-0.06305137385151983
NEDD1 (121441),-0.06294872912619334
CEP85 (64793),-0.06291967254225567
ZNF559 (84527),-0.06290364098655073
GZMH (2999),-0.06289327477848167
MCM3 (4172),-0.06287915714501019
SMG5 (23381),-0.06282199246955741
AMER2 (219287),-0.06274724751239609
ECSIT (51295),-0.06272279319066676
KIAA1191 (57179),-0.06271413949001495
CRYBA1 (1411),-0.06269737886343876
RRS1 (23212),-0.0626307645146064
SPHK2 (56848),-0.06259672181635823
COL11A2 (1302),-0.06256865739880968
MDP1 (145553),-0.06253899919065076
MRPL43 (84545),-0.06251308151874403
STARD7 (56910),-0.062461130560346065
CLUH (23277),-0.062395029497331715
CSTF1 (1477),-0.06237511123508827
SLC27A5 (10998),-0.06237059708609961
CENPK (64105),-0.062363433069900005
SHQ1 (55164),-0.06235753234506308
MT1F (4494),-0.06231288169500048
SP7 (121340),-0.06223613025055361
PUM3 (9933),-0.062158301702626595
SLC35G3 (146861),-0.06213483562031811
GJC3 (349149),-0.06203139211771491
CEP295 (85459),-0.0620001694152715
MC1R (4157),-0.061956008128859805
UPK1A (11045),-0.061912395455189353
PKIG (11142),-0.06187942230682351
PRR35 (146325),-0.06180864549998594
CCDC115 (84317),-0.0618047164001006
URB1 (9875),-0.061770106133863
ZNF638 (27332),-0.06165167797576582
EXOSC5 (56915),-0.0616356515162209
PMPCB (9512),-0.06159001985270349
EXOSC7 (23016),-0.06155290700350506
RAD1 (5810),-0.06150729446592047
MAD1L1 (8379),-0.06150320858585173
POLR1G (10849),-0.06145284008546533
NFU1 (27247),-0.061422524347622624
GNL3L (54552),-0.061364192802803544
VTI1B (10490),-0.0613356323361439
BMI1 (648),-0.06126761808973146
LARP7 (51574),-0.0612349428179275
UBE2S (27338),-0.0612173725785996
HDC (3067),-0.061197723654965154
PTGES3L (100885848),-0.06114344663443577
KDM6A (7403),-0.06112691538568712
CEP192 (55125),-0.061126468672559796
LCE1F (353137),-0.06110895057998886
TCAF1 (9747),-0.06108175073216721
HMGA1 (3159),-0.06107003462513686
LUZP1 (7798),-0.06101254623998494
YJEFN3 (374887),-0.060997698775232236
PINK1 (65018),-0.06093198993956535
CCL26 (10344),-0.060833271019686476
LRRC52 (440699),-0.06072524300730425
SLC66A2 (80148),-0.06069864488064811
PUS7 (54517),-0.06061983961888612
MAGEH1 (28986),-0.06061722949191677
METTL5 (29081),-0.06056505867754258
HAX1 (10456),-0.060528015142608936
C1QBP (708),-0.06048008002131557
WDR46 (9277),-0.06046520874300852
SKIC3 (9652),-0.060453070786696914
KRT33A (3883),-0.06040481259542444
COL8A1 (1295),-0.06025461222076283
NOP53 (29997),-0.06022792759654916
OCM2 (4951),-0.0601576487600462
PRMT5 (10419),-0.05999645689646477
EEF1B2 (1933),-0.059953407623718605
CEP57 (9702),-0.05988806299971559
SERF2 (10169),-0.0597758258111019
CTNNBIP1 (56998),-0.05976420844304999
TAF12 (6883),-0.05971060327666504
H2AC21 (317772),-0.05959799690159713
SKIC8 (80349),-0.05950669111164452
SF3B4 (10262),-0.05947778393792852
GAK (2580),-0.05947435246848667
GLT8D1 (55830),-0.059456875339762745
RAET1L (154064),-0.059421004962133636
KCTD7 (154881),-0.05935058217238828
ANP32B (10541),-0.05932072504213869
PC (5091),-0.059284194255966934
FARSA (2193),-0.05928156844735062
ORC5 (5001),-0.05925912371669099
RP9 (6100),-0.05920921438343651
RPL17 (6139),-0.05919768054022533
RLIM (51132),-0.05914211175736235
MRPL45 (84311),-0.0591064055616366
DNASE1L1 (1774),-0.059028450764070914
NLGN4Y (22829),-0.05901734454138451
TRERF1 (55809),-0.05891296545621073
ATF4 (468),-0.05886439282436778
GTF3C1 (2975),-0.058851553736787084
MRPS10 (55173),-0.05879528533742902
HUWE1 (10075),-0.058736540825188845
SUZ12 (23512),-0.058706473601618174
NCK2 (8440),-0.05869995138250963
GCN1 (10985),-0.05868095765751999
CFD (1675),-0.05865929158651251
ACHE (43),-0.058647944989311834
USP5 (8078),-0.05863598767851184
PAM16 (51025),-0.058583675051968404
COX18 (285521),-0.05857891339354597
RPS23 (6228),-0.058577775441814806
NEDD8 (4738),-0.05857685901917405
MRM3 (55178),-0.0585756273158214
CCR9 (10803),-0.058552096449081846
NOC2L (26155),-0.05846558910701346
TBCE (6905),-0.05846349593202551
GRSF1 (2926),-0.05844215828670114
PYHIN1 (149628),-0.05838966222920002
PIN4 (5303),-0.058305915932759196
PHKG1 (5260),-0.05825695603863089
PWP1 (11137),-0.058213457099184865
CEP135 (9662),-0.058212411515475924
GPR148 (344561),-0.05816821539150702
RTTN (25914),-0.05815031203610623
ELMOD3 (84173),-0.05813217214685292
TEX264 (51368),-0.05808813964829633
SRPRA (6734),-0.058068851970553184
P4HA3 (283208),-0.05803402762081906
SCN1B (6324),-0.057954001188262494
STN1 (79991),-0.05794957549422084
TSFM (10102),-0.05794872323556755
PARD3 (56288),-0.057947594982358075
NDUFV2 (4729),-0.05793902734005618
CHTOP (26097),-0.05787870981627344
RRAGD (58528),-0.05786397519978673
F2RL2 (2151),-0.05782064232697225
H2AX (3014),-0.05767116208852232
WDR83 (84292),-0.057607488524869035
BRD9 (65980),-0.05759605077214427
CNN2 (1265),-0.057503908857633755
NCL (4691),-0.05749463137690086
NKX2-8 (26257),-0.057456549363361635
PTCD1 (26024),-0.057453601981186264
DNAJC11 (55735),-0.05744954242281262
OR9A2 (135924),-0.05744774717969863
MRPS7 (51081),-0.05743133659567593
CS (1431),-0.05735786836946612
KHDC3L (154288),-0.05733046791906719
YIPF3 (25844),-0.057312065735464
TBP (6908),-0.057276115100098994
MRPL35 (51318),-0.057275426616226886
RNMT (8731),-0.05722361746586037
IPO7 (10527),-0.05721632248722115
IQCF1 (132141),-0.05719927086299098
ABT1 (29777),-0.05711218378613143
TRAIP (10293),-0.05709535858026103
DTD2 (112487),-0.057093703178031294
ATP1A2 (477),-0.05702990260336187
THTPA (79178),-0.05700466192087484
QRSL1 (55278),-0.056985633364392524
SLC25A25 (114789),-0.05698521655748731
TMEM199 (147007),-0.05697738667692483
PRRC1 (133619),-0.05696654796704002
SPG7 (6687),-0.05692801749801365
METTL3 (56339),-0.05688459124175109
RETSAT (54884),-0.0568685415613673
DENND6A (201627),-0.0568605015776906
UPF3A (65110),-0.05684039368767146
KYNU (8942),-0.05682996819356482
CLDND1 (56650),-0.05676811678309419
PROCA1 (147011),-0.05676640712768955
CACYBP (27101),-0.056711514428739215
TAPBPL (55080),-0.05670563465759315
POMK (84197),-0.056696536676325064
RNF138 (51444),-0.05665177874946581
MIER3 (166968),-0.05663682038750744
CDC26 (246184),-0.056619729194513434
EXOSC1 (51013),-0.056614711214678815
TARS2 (80222),-0.05649873794136291
ST3GAL6 (10402),-0.05647721297033008
PRDM7 (11105),-0.0563220973718275
MVD (4597),-0.05630259442553729
PIGL (9487),-0.05627866710887863
PDE4D (5144),-0.0562240711126608
CDA (978),-0.05621370943196369
NOTO (344022),-0.05619515923768759
RHBDL1 (9028),-0.05616258275391628
KRTAP12-4 (386684),-0.05615820256898578
PPM1F (9647),-0.056111065382398184
FHL2 (2274),-0.05604650632394868
RBM6 (10180),-0.05586296344324252
OR4K13 (390433),-0.05571329378830357
PARS2 (25973),-0.05566231108147833
TTF1 (7270),-0.055652928750966904
RBM19 (9904),-0.05555435826647462
GPSM3 (63940),-0.05539841887759363
UBTF (7343),-0.055383859284683
XKR4 (114786),-0.05537674216393406
ATF5 (22809),-0.05536041110251753
CDC7 (8317),-0.05532702526621853
NDUFA5 (4698),-0.055316370085798254
TCEAL3 (85012),-0.055282280214042
NDUFB9 (4715),-0.05528181827635449
ITGAM (3684),-0.05522074384009308
LACRT (90070),-0.05509179351988237
MRPS31 (10240),-0.05505634608295125
COA7 (65260),-0.05503829142678364
DXO (1797),-0.055024250763244104
H1-4 (3008),-0.055012595955576234
ZNF322 (79692),-0.05497210765850845
SAFB (6294),-0.054878422277864776
POLG2 (11232),-0.05484532275314958
MRPL17 (63875),-0.054844671643799824
FST (10468),-0.054821150964210495
GML (2765),-0.054745568152327964
KRTAP4-3 (85290),-0.054737696629989105
FAM83E (54854),-0.05471595992323808
TP53I13 (90313),-0.054642961443404796
YIPF2 (78992),-0.054630227058176585
MRGPRE (116534),-0.05455820791024653
ENSA (2029),-0.05453756661486104
OR4A5 (81318),-0.05449090832368429
PRSS50 (29122),-0.05443252705391199
UQCRB (7381),-0.054423105731629694
SRSF1 (6426),-0.05442267388836584
FBXO11 (80204),-0.05437956442754305
UBA2 (10054),-0.05437554701944154
CCNK (8812),-0.05435679812978103
ELOF1 (84337),-0.05434692400223271
CD5L (922),-0.054339747996820224
ZNF699 (374879),-0.05432887037809407
PLEKHG4 (25894),-0.05428660438839383
PPP1R11 (6992),-0.05428214345037662
VPS72 (6944),-0.05423880824266466
KRTAP19-4 (337971),-0.05417517767291625
BCL2L12 (83596),-0.0541689712525762
LCE2A (353139),-0.054155661460251296
MYL12B (103910),-0.05413373834280488
SMYD5 (10322),-0.05408456103626421
FAM228A (653140),-0.054039404259480596
MT1X (4501),-0.054036468728597284
ALAS1 (211),-0.05400378631567295
INO80B (83444),-0.05395333395907707
MRPL28 (10573),-0.05389421003646078
PRMT2 (3275),-0.053890224475199575
PIK3R5 (23533),-0.05387715097420654
UBR1 (197131),-0.05385195185390238
WDSUB1 (151525),-0.05381043895665427
PDLIM4 (8572),-0.05369813727328728
MRPS25 (64432),-0.053672979993464376
PBLD (64081),-0.0536644414363573
FIG4 (9896),-0.05365785592860613
ALKBH4 (54784),-0.05357019283572119
HMOX2 (3163),-0.05356815022252556
NAGK (55577),-0.05355064822189134
MUSTN1 (389125),-0.05353608309503804
WDR86 (349136),-0.05352324673751213
GNG13 (51764),-0.053468769637080214
FKBP1A (2280),-0.05345088598895274
DIAPH1 (1729),-0.053444868802178566
PPP3R2 (5535),-0.05340869672378114
HHATL (57467),-0.05339610377195066
ZNF676 (163223),-0.05338865277988634
GTPBP1 (9567),-0.053387865770143976
MAGEA11 (4110),-0.053386193043351286
WDR70 (55100),-0.05338612617417146
MRPS16 (51021),-0.05336687650008252
MRPL27 (51264),-0.053362810286804
HEATR3 (55027),-0.053318574820242215
SDC1 (6382),-0.05323897163338535
LEMD2 (221496),-0.05322466594574449
MRPS22 (56945),-0.053168839548530966
HENMT1 (113802),-0.05314124590576223
TRIM23 (373),-0.05312247600579751
ATP1B1 (481),-0.053115898484862194
RIPK2 (8767),-0.053112814988677655
CDKN2B (1030),-0.053093005942787305
MRPL20 (55052),-0.05305860644080767
NIFK (84365),-0.052824294381087766
COX15 (1355),-0.052811139639110084
ECRG4 (84417),-0.052739985573129144
ZNF394 (84124),-0.052637580790130346
SMIM17 (147670),-0.05262545272274024
SLFN11 (91607),-0.05261930552508911
SRFBP1 (153443),-0.05250656217693175
GTF2A1 (2957),-0.052490281680567165
SLC12A7 (10723),-0.05246198719063185
CPEB1 (64506),-0.05241751540814851
KIFC1 (3833),-0.052392782103709075
SLC25A33 (84275),-0.0523906710676146
WARS1 (7453),-0.05237154160292233
DAPP1 (27071),-0.052344931347854395
ZNF396 (252884),-0.05233932107539083
CSDE1 (7812),-0.05232582072057118
STK26 (51765),-0.052314745567783184
SDR16C5 (195814),-0.05228158106929073
MRPS24 (64951),-0.05227294153096485
ZNF703 (80139),-0.05226857407758181
MYO6 (4646),-0.052267635969965864
ITGA4 (3676),-0.05225489724062184
PPIA (5478),-0.05222634385868783
SAT2 (112483),-0.052198259835910685
REG1A (5967),-0.05218185066988237
PPCDC (60490),-0.05214327356435569
EBI3 (10148),-0.05213474281035953
NOP14 (8602),-0.0520846542491713
RFFL (117584),-0.05206835423987627
STK11 (6794),-0.05203087415790983
AHR (196),-0.052020721280567124
KRTAP19-7 (337974),-0.05200126767483678
TRIM54 (57159),-0.051998699260440255
SDF4 (51150),-0.051977905657593595
ABR (29),-0.05183906002107941
HNRNPF (3185),-0.05183415338018675
BIN3 (55909),-0.05178754910405763
EIF3H (8667),-0.05175901760490989
CEP131 (22994),-0.05175518157384755
MGAT4A (11320),-0.05170207531678827
PROS1 (5627),-0.051700189543372535
CYB5RL (606495),-0.051693626319551274
TXN2 (25828),-0.05157356488114795
DHX30 (22907),-0.05152369697000058
GSK3B (2932),-0.05145127032811383
RPS12 (6206),-0.051428280896975265
COX5B (1329),-0.05142373514851083
KMT5A (387893),-0.051379086152957346
TSSK4 (283629),-0.05137558618372434
ESM1 (11082),-0.0513552724511881
CCNI (10983),-0.05134841916352433
SLC25A39 (51629),-0.05133136771929258
KCTD10 (83892),-0.05131905957067618
PHF21B (112885),-0.05131193630044483
POLE (5426),-0.05126498920748734
MRPS30 (10884),-0.05125731961689042
MOCS3 (27304),-0.051207534771917446
TMEM120B (144404),-0.05115947929261676
USP36 (57602),-0.051142882864316445
DLK2 (65989),-0.051075334423574315
ACTBL2 (345651),-0.051032014564108955
CHRAC1 (54108),-0.051022213276876435
PIGB (9488),-0.05099422417061267
RASSF4 (83937),-0.050992627526799714
NDUFAF6 (137682),-0.05098684408912319
IFI27 (3429),-0.05094432810683497
GTSE1 (51512),-0.05093855566709249
TIMM17B (10245),-0.05090844703564354
ACR (49),-0.05087283917669406
DIMT1 (27292),-0.050852257078487534
NEK8 (284086),-0.05080775445955741
RFC4 (5984),-0.05077128947125795
SPRTN (83932),-0.0507515049744761
CDV3 (55573),-0.0506976129007369
RIOX2 (84864),-0.05068524960366756
TRNP1 (388610),-0.050677403756617626
ZBTB9 (221504),-0.0506410052876636
LENG8 (114823),-0.05062679670026523
LALBA (3906),-0.05060172182901172
WDR83OS (51398),-0.05057531969773427
S100A9 (6280),-0.050572184531818866
GPIHBP1 (338328),-0.05056875010059741
JUND (3727),-0.05056366168289643
RDM1 (201299),-0.050556190932919104
C1orf105 (92346),-0.05049665910622451
AARS2 (57505),-0.05049539329632416
PMVK (10654),-0.05048979899867346
GNMT (27232),-0.05047209490771764
MRPS9 (64965),-0.05037139221327193
EIF4G2 (1982),-0.05036439328211433
ALCAM (214),-0.05036122436968353
ANKRD11 (29123),-0.050357946079612546
DMAC2 (55101),-0.05033871992699354
MCMBP (79892),-0.050337632239370135
FANCD2 (2177),-0.05032813240363919
ADK (132),-0.050285823438187195
PLEKHM1 (9842),-0.05028176898463887
BARD1 (580),-0.05027429056644297
DEF8 (54849),-0.050224027633206984
POLR3G (10622),-0.05021618776605313
SMC4 (10051),-0.05021170931097484
COX5A (9377),-0.05021127223002485
PICALM (8301),-0.050173189162789456
MICOS13 (125988),-0.050148015392476535
SMARCAL1 (50485),-0.050128045062923274
MPHOSPH8 (54737),-0.050115107791650994
COX4I1 (1327),-0.05008725625372774
SLC25A22 (79751),-0.05006533483348925
DSTN (11034),-0.050040945805281505
CNOT11 (55571),-0.05004013562589521
SYPL2 (284612),-0.050011716069803376
MGAT2 (4247),-0.049976515577192474
RBM42 (79171),-0.049961674110274454
AJUBA (84962),-0.049933522336821634
PGBD2 (267002),-0.04992799876253776
EXOC5 (10640),-0.04988697642882125
DCTN1 (1639),-0.049871880459011204
JMJD8 (339123),-0.049791626095269256
C1QTNF9 (338872),-0.04976748954728539
AFG3L2 (10939),-0.04974834256379323
PSME2 (5721),-0.0497125913600744
RRAD (6236),-0.049503282810804156
GAB2 (9846),-0.04949736280312268
GFM1 (85476),-0.04949594632433049
GPR88 (54112),-0.04943525481701588
ZNF91 (7644),-0.049375636907466464
CLP1 (10978),-0.04935741726131116
GTF3A (2971),-0.04933331116112064
HSPB8 (26353),-0.049324023126975695
F2R (2149),-0.04927068789544448
KIF5A (3798),-0.049262432402262676
LTB4R (1241),-0.04921438223221241
TMEM161B (153396),-0.049214077002011206
RBMX2 (51634),-0.04917364620715366
ZPR1 (8882),-0.049168321021631434
ZNF155 (7711),-0.049141592488789555
POU2AF2 (341032),-0.0491268781358392
PLPBP (11212),-0.049057503270616774
PINX1 (54984),-0.04902135774246336
NDUFA4 (4697),-0.049004608540277494
SPAG5 (10615),-0.04893408344827951
BUB1 (699),-0.04891453107717968
VAC14 (55697),-0.04887897875227146
CPSF1 (29894),-0.048841163670846066
GSK3A (2931),-0.048793445258977775
DNAJB8 (165721),-0.0487809289299237
HAPLN1 (1404),-0.04877106744950159
RPLP1 (6176),-0.04874597695398821
MIPEP (4285),-0.04871681379310421
MFSD4A (148808),-0.04869669243029616
KIF23 (9493),-0.04860215722044329
OR4S1 (256148),-0.04859678106296651
OR4M1 (441670),-0.04858191130894891
POU6F1 (5463),-0.048561015991574454
TAF5 (6877),-0.04853999386339441
NKAP (79576),-0.04853919304196997
F3 (2152),-0.048477322748615194
BORCS8 (729991),-0.048465087517317415
NOLC1 (9221),-0.04844368766024962
PLIN2 (123),-0.048355787901616994
AZIN1 (51582),-0.04833151604395882
IP6K3 (117283),-0.04830207304830342
IL24 (11009),-0.04829964569244368
CXCL13 (10563),-0.048295474266642914
RAE1 (8480),-0.04828542198963999
NKIRAS2 (28511),-0.04828375543706481
ATP6V1G1 (9550),-0.048280996635943894
C19orf38 (255809),-0.04823696397950789
MRPL1 (65008),-0.048207052531045576
ZSWIM7 (125150),-0.048197542196344215
FLT3LG (2323),-0.04818514958309122
TRIP6 (7205),-0.048148262102225156
ARMC10 (83787),-0.04812570316536324
C7 (730),-0.04812536607803842
BMF (90427),-0.048116254808158246
CEP97 (79598),-0.04810897130758001
KRTAP19-6 (337973),-0.048095291871874224
RXRG (6258),-0.04803568214745403
RWDD2A (112611),-0.047993772729650705
GPATCH8 (23131),-0.04798906883710361
SRPRB (58477),-0.04792754106872891
PPOX (5498),-0.047889227666106364
FCRL1 (115350),-0.04788375124406169
OR2AP1 (121129),-0.04783471008663357
MARCO (8685),-0.04782709218241618
IDS (3423),-0.047826686173839665
SFRP1 (6422),-0.04780395700301747
CHORDC1 (26973),-0.047782720924270314
IFT22 (64792),-0.04775136165222573
POM121L12 (285877),-0.047749155186959664
ATP5F1B (506),-0.04773027324172503
SFMBT1 (51460),-0.047728480691944436
GPHA2 (170589),-0.047727561902335534
DIS3L (115752),-0.047692800267875785
ITPK1 (3705),-0.04768496691847104
NDUFC2 (4718),-0.047676538966760475
NKX6-3 (157848),-0.04755755718779224
XPR1 (9213),-0.04755277105866944
ACTG1 (71),-0.04750932170619375
CUL3 (8452),-0.04749745785360293
MXRA7 (439921),-0.04749195232369072
CRAMP1 (57585),-0.04747341833491708
PDCD5 (9141),-0.04746126613776045
RNASE7 (84659),-0.04744864344406424
VXN (254778),-0.047446312925336985
OR2C1 (4993),-0.04744539118745236
FKBP3 (2287),-0.04744232486896618
GZMK (3003),-0.04743052274152744
LYPD2 (137797),-0.047408154870016525
BCCIP (56647),-0.04734865452435765
TAF9B (51616),-0.04730847821974231
PEX5 (5830),-0.047226100514809424
SRD5A3 (79644),-0.04722599526669235
TSC1 (7248),-0.04720973343727528
ZNF132 (7691),-0.047192895829184726
SMIM29 (221491),-0.04716917786143383
SLU7 (10569),-0.04715188418531404
CSK (1445),-0.04711064233047294
HMBS (3145),-0.04711057333347725
CDK5RAP2 (55755),-0.04705915507366145
BRAP (8315),-0.047057654137859464
CCDC86 (79080),-0.047049457712986686
PDZD2 (23037),-0.04702376526559994
NDN (4692),-0.047017935934204565
CSTF2 (1478),-0.0470143511278289
HYLS1 (219844),-0.046989087753738126
FOXO4 (4303),-0.04692291303792998
FBLIM1 (54751),-0.046897461472743054
APOLD1 (81575),-0.04689372924024099
RPP30 (10556),-0.046866764728086256
ZNF365 (22891),-0.046807720904030174
ZMAT5 (55954),-0.04679371511072117
KRTAP13-1 (140258),-0.04676681379128331
FLNB (2317),-0.04673044405516076
DIS3 (22894),-0.04672758319633091
CSTF3 (1479),-0.04667551547569633
PRORP (9692),-0.046634391373219994
OVOL2 (58495),-0.04659069666365875
UBE2V2 (7336),-0.046585631035460005
MRPS2 (51116),-0.046575076100466135
ZNHIT3 (9326),-0.04655316603229842
NAA35 (60560),-0.04652906047475478
RPL26L1 (51121),-0.04652613809695275
RIOK1 (83732),-0.046524042748363824
PGPEP1 (54858),-0.04650716328255276
RSPH6A (81492),-0.0464767875040446
YAF2 (10138),-0.04641170020690202
DCAF6 (55827),-0.04637597182524172
INTS3 (65123),-0.04637046367439189
ADAT1 (23536),-0.04634130764551246
SLC25A51 (92014),-0.04633710910141448
CCDC184 (387856),-0.04625384550310888
TMEM106A (113277),-0.046250050943920956
OIP5 (11339),-0.04622103813007526
ARMC6 (93436),-0.04617967830268475
GNL2 (29889),-0.0461553152171299
USP51 (158880),-0.04614610899139457
ACAP3 (116983),-0.046107990568566536
SLC25A26 (115286),-0.04608449254555224
H4C9 (8294),-0.04608053411852738
LGALS7B (653499),-0.046061086328777666
PRCC (5546),-0.046029049253544105
C4orf46 (201725),-0.04602350030585942
CNTN4 (152330),-0.04599377222401414
PLEKHN1 (84069),-0.045982856891910576
LGSN (51557),-0.04597289696323468
PLEKHH3 (79990),-0.04595452897331342
SEC16A (9919),-0.04594647501072278
GFPT1 (2673),-0.04594398523070941
DYNLT3 (6990),-0.04589769235619031
SSB (6741),-0.04589704829088112
ZNF891 (101060200),-0.0458769380232989
OR9A4 (130075),-0.04587152134140853
NBPF3 (84224),-0.04581586085224727
PTOV1 (53635),-0.04581382792780373
NDRG3 (57446),-0.04580326031002189
SRA1 (10011),-0.045784142752117556
CHMP4A (29082),-0.04571947057354049
PSCA (8000),-0.045707363604264174
LYRM7 (90624),-0.0456850815028744
POTEH (23784),-0.04564673138593901
ALG14 (199857),-0.04563091585268938
ZNF446 (55663),-0.045619784745863604
LATS2 (26524),-0.0455772102448818
AIMP1 (9255),-0.0455736941228123
NRP1 (8829),-0.04556894902467112
NOL11 (25926),-0.04554922207043251
C17orf75 (64149),-0.04553638116084404
COMTD1 (118881),-0.04551747498317223
RAD51C (5889),-0.04550071376752081
ABHD11 (83451),-0.04539164015268505
RPE (6120),-0.045390054835030405
TRIB1 (10221),-0.04535437388560913
SIAH1 (6477),-0.045300414588030954
SAMD8 (142891),-0.04529946085361426
GPR37L1 (9283),-0.04528885057980527
CNOT3 (4849),-0.045239245955176324
PLA2G2F (64600),-0.04523825102060647
PSMD10 (5716),-0.04523263387841892
MPV17L2 (84769),-0.04522564188739553
TTC5 (91875),-0.04519663200285641
CRH (1392),-0.04516692665799082
MYL9 (10398),-0.04510472061710785
COMMD5 (28991),-0.04508437632176424
BLOC1S2 (282991),-0.04508377700864919
IFIT2 (3433),-0.04507590377628556
NFYA (4800),-0.045074424577545236
SLCO5A1 (81796),-0.04506814008308769
MALL (7851),-0.04506700462299094
SRSF6 (6431),-0.04503852405184205
ESYT3 (83850),-0.045034830437345866
TMCO4 (255104),-0.04502608491006923
MFRP (83552),-0.04499812097987523
ARFGAP2 (84364),-0.044980259335845256
ARID3B (10620),-0.044971810467488986
MRPL24 (79590),-0.04496406881964241
ANKS6 (203286),-0.04496155556200988
MDC1 (9656),-0.04494692406632121
BRIX1 (55299),-0.04492596568943878
ACIN1 (22985),-0.0449238498072465
C6orf136 (221545),-0.04491235540585975
ETHE1 (23474),-0.04490397751474908
NOC4L (79050),-0.04487698985021394
CD58 (965),-0.0448731021393753
DGKA (1606),-0.04486379078629033
NCLN (56926),-0.044831468001591886
PGS1 (9489),-0.044830132013909896
TRMT6 (51605),-0.04481405138224072
TSPYL5 (85453),-0.044805045355681694
ELP5 (23587),-0.04476489668257903
SLC31A1 (1317),-0.0447558823318341
DDX23 (9416),-0.04473668156603654
ZNF205 (7755),-0.04471810418129141
PDSS1 (23590),-0.044680068638832095
SLC38A9 (153129),-0.04466757605606471
RHBDF1 (64285),-0.04463032189839637
SCGB1A1 (7356),-0.04462825510452145
RHOT2 (89941),-0.04462693551199869
CTAGE1 (64693),-0.04458913294109621
TM9SF1 (10548),-0.04458861815760187
CTSH (1512),-0.04455764831624383
SNAI3 (333929),-0.044541687978681084
ABTB3 (121551),-0.04452876625511375
SUCLG1 (8802),-0.044524530888593296
FCRL6 (343413),-0.04452283786955981
MYLK2 (85366),-0.044510000378393415
CLIC5 (53405),-0.04450751633452734
NMD3 (51068),-0.04450497167189009
RBBP6 (5930),-0.044497970648054684
CRHR2 (1395),-0.04449119727818076
ADAT2 (134637),-0.044484957393475404
SELENOP (6414),-0.04446429661445819
TULP2 (7288),-0.04446335421527259
NPAT (4863),-0.04445906681249953
JAZF1 (221895),-0.04438326872074369
THBD (7056),-0.04438240917589284
IL13RA1 (3597),-0.04436230266865892
MAP4 (4134),-0.04433620844064389
MAGEA4 (4103),-0.044334283597763785
BET1L (51272),-0.04433168428479389
FANCI (55215),-0.044297683871556505
FAM178B (51252),-0.04422799697053183
HBEGF (1839),-0.04421590867992493
HAPLN4 (404037),-0.044195759931112584
LY6D (8581),-0.0441818769820195
MYZAP (100820829),-0.0440782125375039
TNFRSF8 (943),-0.04406744531970288
NOPCHAP1 (121053),-0.04404958719028398
DNAJA1 (3301),-0.0440194153030878
NUBPL (80224),-0.04398123066520163
TMCO6 (55374),-0.043974748700142514
COX11 (1353),-0.04397148124264163
RPL37 (6167),-0.04394453145267992
TBC1D23 (55773),-0.04392642337865025
RPS19 (6223),-0.043921903391678695
SLC29A3 (55315),-0.043908256380439756
TRPM3 (80036),-0.04390753550311492
CBLN3 (643866),-0.04384963579771624
ADRM1 (11047),-0.04378751516165057
LAMTOR5 (10542),-0.0437732299722833
FASTKD5 (60493),-0.04373788460524747
TRIM33 (51592),-0.04372805374340281
SMIM15 (643155),-0.04371161541796521
OR4D2 (124538),-0.043707548082458164
IGFBP7 (3490),-0.04369791243243116
RP1 (6101),-0.043672003276568734
EID2B (126272),-0.043671378885569254
CARS1 (833),-0.04365589736547005
IL34 (146433),-0.04365567672326848
MRPS14 (63931),-0.04365556795151786
CIC (23152),-0.043632387472062654
EFR3B (22979),-0.04362337172509371
RBM10 (8241),-0.04358828795975033
PNRC1 (10957),-0.04358581108781706
EIF2B4 (8890),-0.043583872880645795
PARP1 (142),-0.04356896956505681
SENP1 (29843),-0.04354969334613989
TAF2 (6873),-0.04354329824873611
POLD2 (5425),-0.04353632164111162
TFB1M (51106),-0.043505934897915065
DPH7 (92715),-0.04347193832443318
MFN2 (9927),-0.0434668146151264
GTF3C3 (9330),-0.04342129574689851
GTF2I (2969),-0.04338699821407055
OR6C4 (341418),-0.0433746341263312
NDUFS5 (4725),-0.0433370161308272
ATF7 (11016),-0.04332603050002568
CDC123 (8872),-0.043298157902763874
FIGNL1 (63979),-0.04328276271782593
PAWR (5074),-0.043256048816880714
FLOT2 (2319),-0.04324921676095013
MSRB3 (253827),-0.04324551787814982
ZKSCAN5 (23660),-0.04320317811637498
TRAF7 (84231),-0.043178583815978354
DOHH (83475),-0.043156899091887455
BRCA1 (672),-0.04314125432994286
PADI4 (23569),-0.04313953847056707
NSA2 (10412),-0.04313627568240025
PTPRR (5801),-0.04313157396037311
MAPRE1 (22919),-0.043091327017294415
MRPL51 (51258),-0.043081888923624155
ZCCHC9 (84240),-0.043069328618256054
POLR3E (55718),-0.04306737427022274
IMP3 (55272),-0.04306647978281247
RPA3 (6119),-0.04302933705982431
TANGO6 (79613),-0.04302341414078742
TPM4 (7171),-0.042981973420580424
TMEM107 (84314),-0.042973389944902234
KRT84 (3890),-0.042972816067227956
SSR4 (6748),-0.04294343802401136
HCCS (3052),-0.042909921871649034
TEKT1 (83659),-0.042882836898561164
CEP68 (23177),-0.042873477191966144
REN (5972),-0.0428549011118477
OR5D16 (390144),-0.04285300165997998
COL6A2 (1292),-0.042840003148515965
NDUFB6 (4712),-0.042832682606457215
OR4C13 (283092),-0.04281597763661466
FOXO3 (2309),-0.04280671009546529
SBSN (374897),-0.04279251947150465
ZNF655 (79027),-0.04279035902988709
NIPAL3 (57185),-0.042784367651034355
KCND1 (3750),-0.042777079292539176
UQCC6 (728568),-0.042762266389212746
EXOC4 (60412),-0.04273496429051074
KRTAP13-4 (284827),-0.04272109518048166
NAT14 (57106),-0.042689258017455135
HERC3 (8916),-0.04265918265712115
SMIM1 (388588),-0.04264941260935629
USP17L10 (100287144),-0.04263933745591863
DUSP26 (78986),-0.042638324314740704
SLC26A6 (65010),-0.04263677564431117
PLD2 (5338),-0.04262803537373633
TMEM150A (129303),-0.04261192862313446
MRAP (56246),-0.04259813801777394
ABCC10 (89845),-0.042590872637970754
ZMYM5 (9205),-0.04257430230293966
PYCR3 (65263),-0.04255766116745737
PTGIS (5740),-0.04250498812283548
ANHX (647589),-0.04249400795659998
FOXC1 (2296),-0.042466806470048024
TIMM29 (90580),-0.042445502165798316
PKMYT1 (9088),-0.04241353653198952
ARL2BP (23568),-0.042398115242564725
CCDC87 (55231),-0.04239717847656302
SDHAF4 (135154),-0.04238006373275583
GMEB1 (10691),-0.042365354422443886
KGD4 (92259),-0.042358030030824334
RNF121 (55298),-0.04234156508200028
FTH1 (2495),-0.042339417326918025
SLC13A2 (9058),-0.04233756930946341
PLEKHG4B (153478),-0.042322471170855795
THAP4 (51078),-0.04223968040074019
UQCC3 (790955),-0.04221385798212933
GBP3 (2635),-0.04218983486534039
TMEM252 (169693),-0.042149272105064875
FANCM (57697),-0.0421343570677198
PI4KA (5297),-0.042122140120445795
IFITM5 (387733),-0.04211339369022491
VTN (7448),-0.042108039428887925
MDGA1 (266727),-0.04210536436200222
SEMA4C (54910),-0.0421009299970903
DCAF11 (80344),-0.04209061474506424
PNCK (139728),-0.042027591642945644
ZBTB20 (26137),-0.04199418377802737
ACRBP (84519),-0.04198560539338301
MYBPHL (343263),-0.04197961982098103
WDR25 (79446),-0.04196870147641372
OPRL1 (4987),-0.04195715499177105
TAF9 (6880),-0.04192084048473579
SORCS1 (114815),-0.041886050699051595
KIAA0513 (9764),-0.04187905581167698
BRI3 (25798),-0.04186581140316691
SYNCRIP (10492),-0.04183259380367081
SPI1 (6688),-0.04182115159429619
KCNH6 (81033),-0.04181045043592291
KRT85 (3891),-0.0418067247191131
VAMP5 (10791),-0.04178289906065432
PIN1 (5300),-0.04177891879627668
SLC25A5 (292),-0.04175981847057919
PSPC1 (55269),-0.041754230514976655
MTF1 (4520),-0.04175395495123563
CAPS (828),-0.04174308386689981
UTP6 (55813),-0.04170846331998125
ADGRG1 (9289),-0.041669499433623323
MFSD14A (64645),-0.04160094131294167
XRCC4 (7518),-0.04158810395146466
ZNHIT1 (10467),-0.041568141377793875
KRTAP8-1 (337879),-0.0415503976868842
IGFBP1 (3484),-0.04154689433020714
JMY (133746),-0.0414843394337877
ARHGAP33 (115703),-0.041471210716512615
MTO1 (25821),-0.04147091895755926
VPS39 (23339),-0.04146920681160813
TCHHL1 (126637),-0.04146403109936217
CILP2 (148113),-0.04145753478355348
ODF2 (4957),-0.04144764123271104
ZNF22 (7570),-0.04143300496067593
BCAS2 (10286),-0.04142970825310934
KCNA10 (3744),-0.04141577589268639
NDUFA10 (4705),-0.04139749041772204
SUMF2 (25870),-0.041376734029560464
ZNF705B (100132396),-0.04137534068649122
HOMER2 (9455),-0.041317924432342445
RPL14 (9045),-0.041302979841297376
IER3IP1 (51124),-0.04128417916722406
CHERP (10523),-0.04128062826989955
TJAP1 (93643),-0.04127886421435763
DNLZ (728489),-0.0412777727321971
CCDC59 (29080),-0.04127582739084206
SUSD3 (203328),-0.04127183702782832
MT1G (4495),-0.04127175699054547
SPATA31A3 (727830),-0.04126622066338141
CMTR2 (55783),-0.04126201792487417
FRMPD2 (143162),-0.041248661858210876
GABRR2 (2570),-0.041216060872812384
SH2D5 (400745),-0.04119365727084938
COQ10A (93058),-0.04119287772213899
NDUFB2 (4708),-0.041177124583546915
HDDC3 (374659),-0.04114569701262549
ELP3 (55140),-0.04114258322752367
SFRP2 (6423),-0.04112032215609583
DAZAP2 (9802),-0.04111090590878394
CINP (51550),-0.0410802794962442
KPNA3 (3839),-0.04107407167994231
COX6B1 (1340),-0.04105795948625002
RPUSD4 (84881),-0.04103633690572661
C1orf43 (25912),-0.04101531563347147
RAB26 (25837),-0.04101100851842436
RAP1B (5908),-0.04097636964104608
MBD3 (53615),-0.040942065505264795
CTBS (1486),-0.04091226793419122
PRDM2 (7799),-0.040907407096593934
TMEM177 (80775),-0.04087346881940164
FCRL2 (79368),-0.04079643769842396
HES2 (54626),-0.04077563158893504
LASP1 (3927),-0.04077366050470471
PPM1M (132160),-0.04076240459459392
KLF12 (11278),-0.0407109914581977
WDR20 (91833),-0.0406890379039996
OR13F1 (138805),-0.040645614133454105
RPS19BP1 (91582),-0.04063190357884971
ILKAP (80895),-0.040629287773498654
BUD13 (84811),-0.04062419314614927
SGPL1 (8879),-0.04060360943174107
ADPRH (141),-0.04058798291078852
ACTL6B (51412),-0.04058369442594235
MTX3 (345778),-0.04057857921309282
FANCD2OS (115795),-0.04057087075980676
NDUFS4 (4724),-0.040570266790952485
PIK3R4 (30849),-0.04051071037213237
L3MBTL3 (84456),-0.0405084457109041
XAGE3 (170626),-0.04050336058000606
RNASEH2A (10535),-0.040471463749554605
RND1 (27289),-0.040461070513144834
AMBN (258),-0.04044088859381292
CSF2 (1437),-0.040426839785526275
USP10 (9100),-0.04041308483777145
PSIP1 (11168),-0.04041019203966522
URM1 (81605),-0.0404054789887428
SLC1A2 (6506),-0.04039848126506808
FCRL3 (115352),-0.0403946055924615
TMEM216 (51259),-0.04039107927646196
SCARB2 (950),-0.04037650586483327
TNKS (8658),-0.04037461119133099
MARCHF8 (220972),-0.04036258249925092
ATP6V1G2 (534),-0.04035066345895664
EXOC3L1 (283849),-0.040338983446921474
CFAP92 (57501),-0.04032621647100727
BRF1 (2972),-0.04032046281171584
IER2 (9592),-0.040255561069058636
GARIN5A (112703),-0.04024803733759223
NLE1 (54475),-0.04024183737075244
DLGAP3 (58512),-0.0402413878974388
MAPK1IP1L (93487),-0.04022892849784475
COA6 (388753),-0.040190644098514555
SLC10A6 (345274),-0.04018961834440052
PRKCI (5584),-0.04014908761055616
FCN3 (8547),-0.040146489240356575
IPO9 (55705),-0.040095170396618064
FAM161B (145483),-0.04008470664531238
RSRC1 (51319),-0.0400729936371401
DKKL1 (27120),-0.04005657954671833
CLEC4D (338339),-0.0400525294572359
APOC1 (341),-0.040044146640986884
DPCD (25911),-0.040039307113183355
HAGH (3029),-0.04001838658457298
WRAP73 (49856),-0.040009441461667586
TBL3 (10607),-0.039998483353773456
HMGN1 (3150),-0.03992027250562129
BLK (640),-0.0399197088648557
SHMT1 (6470),-0.03989468604540675
PIK3R1 (5295),-0.03989383478835396
SPARCL1 (8404),-0.039885549159195455
AIMP2 (7965),-0.03986758492162405
GATAD2A (54815),-0.03984744929484695
PREX2 (80243),-0.03980853853553908
FAM219A (203259),-0.03980567844683796
ZNF581 (51545),-0.03979427064335863
PPP2R3C (55012),-0.03978748724452839
METTL14 (57721),-0.039779048727989104
HP1BP3 (50809),-0.039769172863880854
SLAMF7 (57823),-0.039768463883062335
NFKB2 (4791),-0.03976611887214477
SSBP3 (23648),-0.03972912570018963
SERHL2 (253190),-0.039721531582052605
CMA1 (1215),-0.039714700034470904
TBC1D30 (23329),-0.03969120734164959
UROS (7390),-0.03968702056603411
H2BW2 (286436),-0.03968631935658026
GUSB (2990),-0.03968249157891957
RPS29 (6235),-0.03967979705657392
MAP1A (4130),-0.039668499869943856
ZNF250 (58500),-0.03965397972999127
PUM2 (23369),-0.03962963918032998
ENTPD6 (955),-0.039611556747022734
HNRNPU (3192),-0.03960575697343372
ZFP57 (346171),-0.03959912448333314
NR1I3 (9970),-0.03957232820705911
CENPU (79682),-0.03956709740443316
INS (3630),-0.03955804335207165
GSS (2937),-0.03954459402147042
NOS1AP (9722),-0.039541582464026004
AQP10 (89872),-0.03953535766017495
MIF4GD (57409),-0.03953223471011341
HAMP (57817),-0.03952993601358649
TMEM233 (387890),-0.03952468207808003
PLA2G12A (81579),-0.03951703099101961
GATA6 (2627),-0.039510318546542605
VWA1 (64856),-0.03948767537097825
SERP2 (387923),-0.03947983587597409
GARIN1A (346653),-0.03947256591634892
PSPH (5723),-0.0394696742293511
TMEM37 (140738),-0.0394270622413001
ZNF492 (57615),-0.03941899399833945
OR2T35 (403244),-0.03941070904601784
NIP7 (51388),-0.03938205206814956
DYDC1 (143241),-0.03937901013690084
APBB3 (10307),-0.03936434950186985
SNX7 (51375),-0.039355950648441725
CCDC121 (79635),-0.03934854570263947
IFITM1 (8519),-0.03934360884044938
PAQR7 (164091),-0.03933927096915079
MTIF3 (219402),-0.039335547987779294
TSEN15 (116461),-0.03933480925648402
BTC (685),-0.039332410833171426
GJB5 (2709),-0.03931785529427747
CSDC2 (27254),-0.03926684760612925
ZBTB39 (9880),-0.03924579390673913
NOB1 (28987),-0.03924311087963894
TUBA3C (7278),-0.039240615908859765
SLC38A1 (81539),-0.03922168843472392
COBL (23242),-0.03919817443811062
KRTAP5-1 (387264),-0.03918661518987957
WDR87 (83889),-0.03916945409546527
LNP1 (348801),-0.03914171123246713
OTOP1 (133060),-0.039126249827973476
CCDC74B (91409),-0.039110139216068006
CYP8B1 (1582),-0.03908430883759276
GGTLC1 (92086),-0.03906217883874271
NOL12 (79159),-0.039060350725817
CWC25 (54883),-0.03904771100435149
NEO1 (4756),-0.039029367174931676
RAC2 (5880),-0.03902339700481357
LSG1 (55341),-0.03900697170853087
BICD2 (23299),-0.03899263115733317
KLHDC8A (55220),-0.03898684585144662
WBP1L (54838),-0.03896981560524043
STRN3 (29966),-0.0389653090889886
GJA1 (2697),-0.0389208755177311
ANKRD16 (54522),-0.03891981755627666
ARFGEF2 (10564),-0.038893776108166064
TBX6 (6911),-0.03889354192043487
MAGEA8 (4107),-0.038892729454127764
RFXANK (8625),-0.03886636378154061
EIF4H (7458),-0.03886384834028759
MAP3K19 (80122),-0.03886187903485726
C8orf33 (65265),-0.03884661413132188
GEMIN2 (8487),-0.03884134971060558
R3HDM2 (22864),-0.03882319729765905
FANCF (2188),-0.0388008186559484
LRRC75B (388886),-0.038783946658795664
PPM1B (5495),-0.038780106024903456
SART3 (9733),-0.038777214864931756
TULP1 (7287),-0.038765674602346624
DBR1 (51163),-0.038760449060597287
DDN (23109),-0.038758947118807854
SCAF11 (9169),-0.038758709272649246
ADORA2B (136),-0.03873105217080171
TLCD1 (116238),-0.038723865771727664
RNF170 (81790),-0.038716033811232384
MTX1 (4580),-0.03870605950862265
ZFAND6 (54469),-0.038686049674392285
ATRIP (84126),-0.0386762758965152
CTBP2 (1488),-0.03867434728723739
RBM26 (64062),-0.03866606531103738
CFAP97D1 (284067),-0.038659340364060234
TRMT1 (55621),-0.03864566464592442
MAGEE1 (57692),-0.03864474826975652
RTP1 (132112),-0.03863862634577352
NACC1 (112939),-0.0386306047340921
NDUFA3 (4696),-0.0386276918699525
SLC29A2 (3177),-0.038609595663929075
ASB16 (92591),-0.038598842800352855
KAT6B (23522),-0.03859736273124123
GCM1 (8521),-0.03856558952499271
BHLHA15 (168620),-0.03856461820760481
SHISA5 (51246),-0.03855978357931248
LRRC32 (2615),-0.03854366662503343
FDX2 (112812),-0.038506158728093945
BAK1 (578),-0.0384784304818181
GDPGP1 (390637),-0.038472419736983676
C14orf119 (55017),-0.03845085698274573
CCSAP (126731),-0.03843131005174556
BCOR (54880),-0.038424295137131345
PAF1 (54623),-0.03840411247996624
KRT72 (140807),-0.03839932524696946
DBT (1629),-0.038388040871035416
PDLIM1 (9124),-0.03838663007736238
FAS (355),-0.03836025202580431
CD163L1 (283316),-0.038356095024022936
SCAF4 (57466),-0.038343988411268015
PNKP (11284),-0.03834049957710064
SEZ6 (124925),-0.038337187908771476
ADAMTS14 (140766),-0.038322489753425976
MRPS18B (28973),-0.03831728859152364
SLC9A2 (6549),-0.03831450146777911
QPCTL (54814),-0.038309841749863995
CUTA (51596),-0.03828048868565577
RHBDD2 (57414),-0.038279692259389694
UCN3 (114131),-0.038268099666699806
VPS26A (9559),-0.03826485334759153
FNIP1 (96459),-0.038250200265595634
FSIP2 (401024),-0.038226122383130334
ZNF574 (64763),-0.03822032644032399
CFAP299 (255119),-0.03820810148028798
PCDH7 (5099),-0.038206011626307455
CPNE7 (27132),-0.038191215549372284
HCRTR1 (3061),-0.038180473537956235
DIP2A (23181),-0.03817830903538127
OR1E2 (8388),-0.03814960889901908
FYN (2534),-0.038096312532963174
KRT23 (25984),-0.03808087739198224
GOT2 (2806),-0.0380671350057644
RTL8C (8933),-0.038055053251113906
CFAP119 (90835),-0.03804466971369898
KPNA7 (402569),-0.038037719408347194
BEX1 (55859),-0.03802146922563423
HSP90AB1 (3326),-0.038015275463407716
RNF34 (80196),-0.03801293678854959
DSE (29940),-0.037999922507611264
ZNF226 (7769),-0.03799964679313958
DNAJB6 (10049),-0.03797620038761022
TSPAN17 (26262),-0.03796251130546299
ORC3 (23595),-0.037943553790386164
SUGP1 (57794),-0.03792505697226588
CRACDL (343990),-0.03791881876633874
HPF1 (54969),-0.037883826833844635
CMTM5 (116173),-0.037883725296154
CLYBL (171425),-0.037855624704418084
ATP5MC2 (517),-0.037852809163129206
BLID (414899),-0.03784422428018368
SLC6A12 (6539),-0.03784271065318248
CDX2 (1045),-0.03784108276997545
TIMM8B (26521),-0.037839666174893795
FOXS1 (2307),-0.03781810567346977
CNFN (84518),-0.037800157945914015
PRB2 (653247),-0.03780012626375666
SPIDR (23514),-0.03779292328857152
TMEM130 (222865),-0.037778147202920456
EVI2A (2123),-0.037765974117434306
CREB3L3 (84699),-0.03776137725414625
NDUFAF3 (25915),-0.03776108868792904
SH2D3C (10044),-0.037755041332080956
LARGE2 (120071),-0.03775481524262965
SMAD6 (4091),-0.037728830477281664
SMAD4 (4089),-0.03772365006610336
RERG (85004),-0.03767779312098702
CHST10 (9486),-0.03765157788660589
HMCES (56941),-0.037642384151631327
NCR3 (259197),-0.03764031686382813
PDZK1 (5174),-0.03763252904739895
NET1 (10276),-0.03759984839633046
ATP5F1E (514),-0.03759899159933352
MCAT (27349),-0.03759448452314236
USF2 (7392),-0.03756626103459067
PRR30 (339779),-0.03755959177486908
AADACL4 (343066),-0.0375505429301656
PLEKHB2 (55041),-0.03755048137778477
CTIF (9811),-0.03753451224745169
NTF4 (4909),-0.03753278593179243
HLCS (3141),-0.03752934233779508
CAMK2B (816),-0.037516703872471614
ARHGEF7 (8874),-0.037507237936456835
GRAMD2A (196996),-0.037502717730441275
FRG2B (441581),-0.0374995975680308
NT5E (4907),-0.03749836420281989
DMRTC2 (63946),-0.03749355977131732
RAD51B (5890),-0.03749008419857615
CLPSL2 (389383),-0.03746445241182632
EEIG2 (284611),-0.03744981145834839
RNASE10 (338879),-0.03740471852119667
ACOT7 (11332),-0.03739424036122793
COIL (8161),-0.03738949269807661
FMO1 (2326),-0.0373630084876796
CATSPER4 (378807),-0.03734068313029482
MLLT10 (8028),-0.037336298856744915
NFE2 (4778),-0.037328908528442666
KLK12 (43849),-0.03731983541196016
TUBGCP3 (10426),-0.037309934053542125
TAAR5 (9038),-0.03730985550247605
CLIC2 (1193),-0.037304412521805504
CCT8L2 (150160),-0.03729904323340347
IFT140 (9742),-0.03728120504676456
SLC66A1 (54896),-0.03726224377747165
SMG7 (9887),-0.03725612323013377
CLPTM1 (1209),-0.03725554679444703
RHNO1 (83695),-0.03722853025608524
G3BP2 (9908),-0.03722432626510214
ADH6 (130),-0.03722334024468527
DDIT4 (54541),-0.037215933268096475
C11orf54 (28970),-0.03720415060987493
SDCBP (6386),-0.037180188739753865
MYLIP (29116),-0.03716455062790624
FBN1 (2200),-0.03716297344660038
LCE4A (199834),-0.03714713198506959
IPMK (253430),-0.03713923274119719
PEAR1 (375033),-0.03713265720870757
BCKDHB (594),-0.03710313689396154
RTN4IP1 (84816),-0.037092648343414296
CNNM4 (26504),-0.03706126947399945
MTSS2 (92154),-0.03704617318272528
LENEP (55891),-0.03702758377236278
AIFM3 (150209),-0.0370243446008051
SEPTIN8 (23176),-0.03701523814072522
SLC6A7 (6534),-0.03701291936332602
TECPR1 (25851),-0.037002344760164285
YAE1 (57002),-0.03697166781778876
CYBA (1535),-0.03696088706895
B4GALNT3 (283358),-0.036954625398962236
ZNF836 (162962),-0.03693357268911583
HSPA4 (3308),-0.03688098402163904
SETD9 (133383),-0.03687563941621888
IL18BP (10068),-0.03686318762087644
RNASEH1 (246243),-0.036832435009281676
GORASP1 (64689),-0.03682522535611636
RRAS2 (22800),-0.0368249097192994
PHF13 (148479),-0.03681972245820573
CLPS (1208),-0.03680648371923452
SLC30A9 (10463),-0.036774405769538075
TPK1 (27010),-0.036771040429717884
UBASH3B (84959),-0.03676206140135545
C2CD4C (126567),-0.036760591229158236
KHDRBS3 (10656),-0.036751890574340404
C2CD3 (26005),-0.036751558651778725
SKIC2 (6499),-0.03674848801125069
ZNF619 (285267),-0.036741810498724214
ZSCAN22 (342945),-0.03674035632636129
MTFR1L (56181),-0.03674007452701862
NAA80 (24142),-0.03673651468519968
FTMT (94033),-0.03673107499538042
NMT1 (4836),-0.03671091655453115
DENND1B (163486),-0.03670777304848688
TCF25 (22980),-0.03669817309358036
GNRHR (2798),-0.0366965290881497
FGD3 (89846),-0.03668941787676836
CLDN4 (1364),-0.03668747102510643
NCMAP (400746),-0.03667745705221748
GTPBP2 (54676),-0.03666006221265656
ALDH1L1 (10840),-0.03665475923684069
PAK3 (5063),-0.03665077252588228
ZNF479 (90827),-0.03664966772647674
ZNF397 (84307),-0.036649041514621554
KSR1 (8844),-0.03663949908400785
PNPLA3 (80339),-0.03663902746228693
P2RY1 (5028),-0.03663083702539245
PIANP (196500),-0.036620814787194665
TMEM18 (129787),-0.0366035067795483
PTP4A1 (7803),-0.03659047577390507
ZBTB12 (221527),-0.03658560096205745
TM6SF1 (53346),-0.036581585483571454
ATP5PF (522),-0.03657630778832471
TMEM88B (643965),-0.03656269777414736
LRFN2 (57497),-0.0365549032345021
VDAC1 (7416),-0.03654738583735256
GOLGA3 (2802),-0.03654452256802162
NUCB1 (4924),-0.036539116281027566
PARD6G (84552),-0.03653223495510736
PRRG2 (5639),-0.03653220694728634
SLC16A1 (6566),-0.036508132327441434
SNX14 (57231),-0.036483734831783333
RNF181 (51255),-0.03645985214596731
DHFR2 (200895),-0.0364458883736618
CRHBP (1393),-0.03644347970879541
UIMC1 (51720),-0.03642076189425595
ATF6B (1388),-0.03638054661280255
DARS1 (1615),-0.03638002172014827
CNTF (1270),-0.03636381133486143
NUP155 (9631),-0.036340603543739
PRDM11 (56981),-0.036335629053226445
OR2M7 (391196),-0.03633031930813362
KLHL30 (377007),-0.036324740654335164
CLCA4 (22802),-0.036316807879837
FOXH1 (8928),-0.03630751851745011
NIT1 (4817),-0.03629711576964703
TRUB2 (26995),-0.03629274255000162
XCR1 (2829),-0.036282769459627724
RASGRP1 (10125),-0.03626821516153273
GNA13 (10672),-0.03626445935947816
COMT (1312),-0.036264263134410925
MRPL42 (28977),-0.036260072166087724
KIRREL1 (55243),-0.03625491272878838
RBBP4 (5928),-0.036250506232185085
INPP5K (51763),-0.03621881571691782
IL12RB1 (3594),-0.03619624732324912
ILDR1 (286676),-0.036193764651045596
SH3BP5L (80851),-0.036180195987535045
GAREM1 (64762),-0.036145479098117696
MOGS (7841),-0.036133778477426166
KCNIP3 (30818),-0.03612259408061927
DENND10 (404636),-0.036103402106362495
TCP10L (140290),-0.03607657439449539
TBC1D19 (55296),-0.03607115448595907
VPS37B (79720),-0.036062417072988746
C21orf58 (54058),-0.036047775521061
IPPK (64768),-0.0360323254165475
TRPM2 (7226),-0.03601860462795987
ZDHHC22 (283576),-0.03601155198745866
DGKZ (8525),-0.035993824601442174
POPDC3 (64208),-0.035991702200547517
HCFC1R1 (54985),-0.03598820023028839
AURKB (9212),-0.03594084669279845
SH3GL1 (6455),-0.035913082269039505
PTGES3 (10728),-0.03591121637184124
NDUFC1 (4717),-0.035909963881394946
OTUD4 (54726),-0.03589563257758741
FBXO33 (254170),-0.03589361605849054
SYT11 (23208),-0.03588963835546151
CRYBB3 (1417),-0.0358853995612066
MAPKAPK3 (7867),-0.03587745842501383
VTCN1 (79679),-0.03587520427862543
SPATA25 (128497),-0.03587315758355603
CASP7 (840),-0.03587001634282052
CIAO1 (9391),-0.03586816094230192
C19orf73 (55150),-0.035867141763597475
XKR6 (286046),-0.03584819050098844
S100A1 (6271),-0.035835620389507924
EXOC7 (23265),-0.03582244538604678
BNC1 (646),-0.035817447546085145
OR10K2 (391107),-0.03579872436552765
ANP32A (8125),-0.03579590889302171
EIF4G1 (1981),-0.03578415925291193
EPX (8288),-0.03578332071619115
ZAR1L (646799),-0.03578300804309977
PROZ (8858),-0.035781853878619325
KRTAP26-1 (388818),-0.03577363190486055
EIF3D (8664),-0.03576398247169587
CCSER1 (401145),-0.035763308906662614
TBX5 (6910),-0.03574825537869631
PEF1 (553115),-0.035731892075615855
SPATA21 (374955),-0.035714530503135083
YBEY (54059),-0.03570656400801198
PGLS (25796),-0.03566033952896177
EIF2AK2 (5610),-0.035641224231490305
TSPYL2 (64061),-0.03561002483036685
FZD8 (8325),-0.03560856152670714
ENO3 (2027),-0.03560696621280351
SUMO1 (7341),-0.03559700894700158
RBM23 (55147),-0.03559091662306247
HSPB3 (8988),-0.03558929403408622
NRBF2 (29982),-0.035582980694925215
CWH43 (80157),-0.03558297697041075
NDUFAF4 (29078),-0.03558017446817041
TMEM174 (134288),-0.03556421973931079
HNRNPM (4670),-0.03556064918076703
SNX18 (112574),-0.035557295087392145
OTUD7B (56957),-0.03553050778817558
ABHD12 (26090),-0.03549690041083435
LY6G6C (80740),-0.03549575266400514
YIPF5 (81555),-0.03549275235965755
MPPE1 (65258),-0.035484886553403504
UCP3 (7352),-0.03548051541854457
UBE2Z (65264),-0.03543972637841417
HCRTR2 (3062),-0.035401800008612906
FCRLA (84824),-0.03538628819324716
FA2H (79152),-0.03535653051271709
AGAP9 (642517),-0.03535274139460999
ITLN2 (142683),-0.03535133196970093
SEC23IP (11196),-0.03533615725549512
POLRMT (5442),-0.03533333446143059
TUBGCP5 (114791),-0.035318292005430775
IL4I1 (259307),-0.035312452450931606
PCDH1 (5097),-0.03529588075616437
NSRP1 (84081),-0.03529370796527856
TP53RK (112858),-0.03527424419166388
DNAJC2 (27000),-0.03525944786341838
CDK5R1 (8851),-0.035254591516085426
GLE1 (2733),-0.035189447065919525
PKIB (5570),-0.03518545572394601
RAB24 (53917),-0.03518101776756944
SCGB1D2 (10647),-0.035180130098726725
PRPF4 (9128),-0.03517785979996103
IGFBP6 (3489),-0.035151253242196194
ARNT (405),-0.03511542028907329
ZNF337 (26152),-0.03510169800268026
NUP85 (79902),-0.03508779502611557
NDUFAF2 (91942),-0.035086418931130244
SLC8A3 (6547),-0.03508427376570511
NDUFS3 (4722),-0.03508036438787273
CABP2 (51475),-0.03507165373940353
LDB1 (8861),-0.03506057043482953
CBY1 (25776),-0.03503112958235676
WIPI1 (55062),-0.035014249070311296
TCIM (56892),-0.03501312382775155
ENTPD3 (956),-0.03500053050448631
PNPLA2 (57104),-0.03498477304601648
TM6SF2 (53345),-0.03497503893536823
CST9 (128822),-0.03497261980499224
NPAP1 (23742),-0.034962913814781144
UBA3 (9039),-0.034956876661408884
ZNF70 (7621),-0.034956239349335526
FBXO16 (157574),-0.034952551105038754
UCN2 (90226),-0.034948659039400004
SIK3 (23387),-0.0349183319242236
DAXX (1616),-0.03491434091576521
TIMM9 (26520),-0.03490606774605185
PLPP5 (84513),-0.034895061484072565
STK19 (8859),-0.03489214528018615
VAMP8 (8673),-0.03488688745204579
FBXL5 (26234),-0.03488616426686139
PRG3 (10394),-0.034873026745585955
RBM27 (54439),-0.034872183914918586
DUSP15 (128853),-0.034857375869394
SUCNR1 (56670),-0.03485480046186412
LSM1 (27257),-0.03485342741031067
ZNF792 (126375),-0.03482857623559259
EPS15L1 (58513),-0.034824899173209085
FOXRED1 (55572),-0.03481911445527272
SLC22A11 (55867),-0.03480395040760955
IL19 (29949),-0.0347937583195601
TNFRSF14 (8764),-0.03477446817520145
TENT2 (167153),-0.0347723822478779
FAHD2B (151313),-0.03474501817520022
ELP1 (8518),-0.034723378121821656
STX1B (112755),-0.03470819849248157
CCL5 (6352),-0.03470408154945056
CDK10 (8558),-0.03470097748432021
MYL6 (4637),-0.03469360531291544
SMUG1 (23583),-0.03467817384568679
PPIH (10465),-0.03465654574101757
ISYNA1 (51477),-0.03463222489453333
CMTM2 (146225),-0.034631847337543646
PIPOX (51268),-0.034624132701040596
FBL (2091),-0.03460675239379281
CHD7 (55636),-0.03460399724517435
ICE1 (23379),-0.03456314501994262
IQCD (115811),-0.03456074233984592
PARP9 (83666),-0.034553862744592004
XPO6 (23214),-0.03455262678528249
ODAD1 (93233),-0.0345385376697009
ATP5F1A (498),-0.034516842389996895
COL7A1 (1294),-0.03451087318864135
GHRHR (2692),-0.03451020787397476
MARCHF3 (115123),-0.0345098232204582
RORB (6096),-0.03450963481784348
KREMEN1 (83999),-0.034505454042098475
NTRK2 (4915),-0.03449133147119733
TRIM41 (90933),-0.03448368786586856
MYH11 (4629),-0.03448305761503532
PRSS36 (146547),-0.03448124648302155
MIIP (60672),-0.034470531743045464
RAB40C (57799),-0.034460166569035416
ZAR1 (326340),-0.03445884486523492
NAT9 (26151),-0.0344541291394293
FGFR2 (2263),-0.03444913894698801
AKT1 (207),-0.03444521060381011
LYG1 (129530),-0.03444260207538963
MTIF2 (4528),-0.034442437826163214
HNF1A (6927),-0.034432525799732695
FAM149B1 (317662),-0.03441472806966535
UNC80 (285175),-0.03440113334069728
RPH3A (22895),-0.03439754258847322
NECTIN2 (5819),-0.03439191319998803
GTF3C4 (9329),-0.034382062235053634
KCNK3 (3777),-0.03437849556595281
PRRC2A (7916),-0.03437610739290941
DBNDD1 (79007),-0.03434688907793344
FNBP4 (23360),-0.034332181622404305
VOPP1 (81552),-0.034320944701911535
PALM3 (342979),-0.03432025133822917
TNFAIP8L3 (388121),-0.034314623788518614
SPACA4 (171169),-0.034311729905285186
BLOC1S4 (55330),-0.034307169099598675
SCGB3A2 (117156),-0.034306807602241036
SPRY4 (81848),-0.034296520154806075
APOC2 (344),-0.034288717613903265
MATCAP1 (653319),-0.03428734178830219
GDF11 (10220),-0.034275237513705085
WDR41 (55255),-0.034253182985294124
GCKR (2646),-0.03423520691471684
ARL13B (200894),-0.03421628441583192
ARAF (369),-0.034205170877775824
TMEM238 (388564),-0.034171099382437814
FAM135A (57579),-0.03416809719209089
FAAP100 (80233),-0.034157223306168084
CNTRL (11064),-0.034152254436351
ZFYVE16 (9765),-0.034152026081168005
VGLL3 (389136),-0.03414781849202115
MSMB (4477),-0.03413545467184873
ARHGAP9 (64333),-0.034133694035747564
FRS3 (10817),-0.034127690575482726
ATP5PB (515),-0.03412645683068664
ZNF658 (26149),-0.03410198557510733
OR1D2 (4991),-0.03409972731233604
FGF5 (2250),-0.034099555171565224
ZMIZ2 (83637),-0.034094378571347006
IDE (3416),-0.03409034660864471
AVEN (57099),-0.0340818319215776
PDE1C (5137),-0.03408030174806702
IFNE (338376),-0.03407714573952998
NUBP2 (10101),-0.03407395012481818
ADPRHL1 (113622),-0.03405814569952437
ARHGAP21 (57584),-0.03404883428652374
ESS2 (8220),-0.03402218082958915
SIGLEC12 (89858),-0.03402127328964165
TBCC (6903),-0.034012198393000966
IKZF1 (10320),-0.03400942804602435
PLAGL1 (5325),-0.034007164395514114
EIF3J (8669),-0.034005494552998165
AGXT2 (64902),-0.03400254843407559
ADAMTSL2 (9719),-0.03399612331978137
OR2B6 (26212),-0.03397258016871915
TACO1 (51204),-0.033959806170364086
ARHGAP23 (57636),-0.033951103991610346
PUSL1 (126789),-0.033936813822388404
AMBP (259),-0.03393556793035461
LCP1 (3936),-0.033891622992019955
TRAPPC12 (51112),-0.03389138645829809
DDX43 (55510),-0.03388939308030289
MRPL37 (51253),-0.033888510270592476
PTPRU (10076),-0.03388659847561868
MFSD13A (79847),-0.03387473864990383
DCST1 (149095),-0.033874052822259255
ALDH4A1 (8659),-0.033872371272886045
DDIT3 (1649),-0.03383915690632663
SERINC4 (619189),-0.03382604486080152
CERS6 (253782),-0.03381619792895008
AUTS2 (26053),-0.0337948136698998
C4orf19 (55286),-0.03375577715665663
AMY2A (279),-0.033751355445006084
UQCC4 (283951),-0.033744378493485126
EDAR (10913),-0.033723347822871376
RETREG3 (162427),-0.03369085760392953
TCERG1 (10915),-0.033680539429853294
PLEKHM2 (23207),-0.03366477339516978
CLVS1 (157807),-0.03366149809304407
NMNAT3 (349565),-0.03365793973501629
OR1D5 (8386),-0.0336534061290502
SLC20A2 (6575),-0.033652983777042886
PRKAB2 (5565),-0.033649130040738835
SERPING1 (710),-0.03362064801579665
MCFD2 (90411),-0.03359837336339145
GRM8 (2918),-0.033566912153037066
ADGRG6 (57211),-0.03356397002075545
ADCY4 (196883),-0.03353878697295301
HSPA14 (51182),-0.03352368195703069
HR (55806),-0.03351317113565285
FAM98C (147965),-0.03349411063941142
SFR1 (119392),-0.033485186536279125
TMEM87B (84910),-0.03348512355012112
AMZ1 (155185),-0.03348431128722428
TAFA2 (338811),-0.033466586252252
NEK3 (4752),-0.03345115798317992
LRRC37B (114659),-0.033444034830937365
IGFBP4 (3487),-0.0334287073254988
SLC26A1 (10861),-0.033422732656198315
FAR2 (55711),-0.03340683195007974
SLC25A38 (54977),-0.033392245015306465
CDPF1 (150383),-0.033384437919295074
SCHIP1 (29970),-0.03337309831847677
ABRAXAS1 (84142),-0.033354617944544675
CUX2 (23316),-0.03335195275309146
MRPL52 (122704),-0.0333391859009384
CCNE1 (898),-0.03329551692970974
SPATA13 (221178),-0.03328799248527266
MCOLN2 (255231),-0.03327565627686533
ROBO1 (6091),-0.033229636206927864
ITPKA (3706),-0.033228149525522874
CTSG (1511),-0.03320545326101514
ENTPD8 (377841),-0.03319263697466922
POLQ (10721),-0.033185970419269434
ZC3H12B (340554),-0.0331828271279089
ANKRD36 (375248),-0.03315025642072288
SZRD1 (26099),-0.03314773717082584
TUBA3E (112714),-0.033145756598643314
THG1L (54974),-0.03314277046070102
MS4A10 (341116),-0.03313608356060247
NEU2 (4759),-0.03312537435893874
NUDT11 (55190),-0.03312469261938608
RARS1 (5917),-0.03311412898713191
ASIC3 (9311),-0.03311093302859648
TFAP2D (83741),-0.033110589012067426
SEC14L5 (9717),-0.033102886434185824
A1BG (1),-0.033093574564418644
RNASE1 (6035),-0.03309155176620316
KLLN (100144748),-0.03307019409198368
LUC7L (55692),-0.03305109703871732
RBCK1 (10616),-0.03304404977889643
DTWD2 (285605),-0.03304000279840013
ERCC2 (2068),-0.033019484741611094
ALOX15 (246),-0.03300690388598272
LGR4 (55366),-0.03299398225591787
ODAPH (152816),-0.03298189338888311
COMMD9 (29099),-0.03297342579241094
RPS25 (6230),-0.03295213380207538
BCL9L (283149),-0.03294459228560803
MMP14 (4323),-0.03292204996402456
BTBD1 (53339),-0.03290871806405809
TMEM208 (29100),-0.03290269298541814
RENBP (5973),-0.03289290779025258
GABRB1 (2560),-0.03288608708832372
GFPT2 (9945),-0.03288065159666508
FUZ (80199),-0.03285021413086135
SORT1 (6272),-0.03284227663743963
DAO (1610),-0.032842032793074016
KRTAP5-6 (440023),-0.03282731356793663
AFP (174),-0.03280569295492358
CLBA1 (122616),-0.0328047877086934
TMCO5A (145942),-0.032797358126892655
DAP3 (7818),-0.03279134952468855
FBXW9 (84261),-0.03278274389901479
BFSP2 (8419),-0.03277862010591693
MRPS17 (51373),-0.03277302921111424
PSORS1C2 (170680),-0.03276709541220917
STBD1 (8987),-0.03274862235494332
PRKG2 (5593),-0.03274434701296011
B3GNT3 (10331),-0.03274194759437651
DNALI1 (7802),-0.03272317971546911
TRIM52 (84851),-0.03271017414902264
MGRN1 (23295),-0.03270671153025139
VAMP1 (6843),-0.03270638260446548
IRX6 (79190),-0.032687974765720614
TBCD (6904),-0.03268721727557309
KDM4C (23081),-0.032683829571826147
LRCH1 (23143),-0.03268260053249816
FIGN (55137),-0.03267845319101942
RTL3 (203430),-0.032677360582771764
ASIP (434),-0.03267628957027169
NRK (203447),-0.032666241144641645
SFSWAP (6433),-0.03266537548929126
KRT10 (3858),-0.032663277917104654
ARL15 (54622),-0.0326605887838235
CBY3 (646019),-0.0326507869451015
PLA2G4E (123745),-0.03264499660651359
FLT3 (2322),-0.032642497542777094
GCLC (2729),-0.03262667385783947
KCNA7 (3743),-0.0326021281025724
MCM3AP (8888),-0.03260114166154553
RGS10 (6001),-0.03260043348893686
ESF1 (51575),-0.032600285118709736
PLIN3 (10226),-0.032586044840320794
SERPINA12 (145264),-0.03256730622174054
GALNTL5 (168391),-0.03256596696615334
JSRP1 (126306),-0.032562723462147634
MAF1 (84232),-0.03255143154456742
GSTA4 (2941),-0.03254953061074969
ETNK1 (55500),-0.03254590916578393
SURF2 (6835),-0.03253891682797416
UGGT1 (56886),-0.03251144710890077
CCDC180 (100499483),-0.03251022820547646
SPPL3 (121665),-0.03249574028627233
IGLON5 (402665),-0.032492855836446934
HACL1 (26061),-0.032481634770777625
MITD1 (129531),-0.03247518719106765
CEMP1 (752014),-0.0324583537134519
PON2 (5445),-0.0324569853998151
PRAG1 (157285),-0.03245475972297764
VSIG10L (147645),-0.03245265366233486
KIF19 (124602),-0.03243366835389976
ANKRD49 (54851),-0.032424147761426
SCO1 (6341),-0.03242201109812186
GLRX (2745),-0.03241611261795651
PBXIP1 (57326),-0.03239993807020417
ZNF627 (199692),-0.032382756593609584
PHYH (5264),-0.03236493858882194
PRR29 (92340),-0.03236229088465003
SLC30A1 (7779),-0.03232987047487123
GPR141 (353345),-0.032317788647542825
GJB4 (127534),-0.03231758244382656
RBX1 (9978),-0.032310824878262735
TTC1 (7265),-0.032307743274130295
PHETA2 (150368),-0.032290292181381165
DTD1 (92675),-0.03226755100211754
PRG2 (5553),-0.032242392112806544
SPAG17 (200162),-0.03223798091618779
STIM1 (6786),-0.032234550823906916
SCG5 (6447),-0.032226323344106564
GEMIN4 (50628),-0.03221817658216208
DHX16 (8449),-0.03221269585928173
TXNDC17 (84817),-0.032208602664642524
SNRNP40 (9410),-0.032206952646308566
OR14A16 (284532),-0.032198626417450596
SLC4A5 (57835),-0.03218513068906414
SLC47A1 (55244),-0.03218240331069074
FMO4 (2329),-0.032156162954706566
RAD23A (5886),-0.03215466854228974
ZNHIT6 (54680),-0.03213568277188688
EPHA7 (2045),-0.03213484331200636
EXOG (9941),-0.032129039330840874
SLC10A4 (201780),-0.03211977699949443
RPP14 (11102),-0.032116553969023576
HSPB7 (27129),-0.03210975329913047
NDUFA4L2 (56901),-0.03209382536229103
PEX12 (5193),-0.032082991988341504
SLC7A6 (9057),-0.03207649762511715
MCCD1 (401250),-0.0320702287184271
ACSBG2 (81616),-0.03205963046795616
PIGT (51604),-0.03205907444425124
MEGF10 (84466),-0.032049638581888584
CIMAP1D (284451),-0.032047334620089574
POLH (5429),-0.03202977781572876
WARS2 (10352),-0.03202156556805382
SPICE1 (152185),-0.03201898649128133
RELL1 (768211),-0.032015586404998686
TMED9 (54732),-0.03201367716017861
FAM181A (90050),-0.03199908703659775
MRPL54 (116541),-0.03198783663587732
PLOD2 (5352),-0.031986960470426255
SPIRE1 (56907),-0.03194718636669608
MRPS15 (64960),-0.03193483341906905
KRTAP4-8 (728224),-0.031933905426162146
CARS2 (79587),-0.03193182152105909
ATPAF2 (91647),-0.031925464733415135
ETV3 (2117),-0.031925101867652794
DZIP1L (199221),-0.031912796553871234
RBPJL (11317),-0.031903750795256106
TMEM127 (55654),-0.03189855283232558
DNMT3B (1789),-0.03187056918286327
TRIM11 (81559),-0.031853816157618446
APEH (327),-0.03184840926317924
C11orf52 (91894),-0.03183041454579869
PPIB (5479),-0.03182941074407953
KHNYN (23351),-0.03182141428851499
SMS (6611),-0.03181339009046665
IL1R1 (3554),-0.03180854896200397
LAT2 (7462),-0.03180633151194668
SSBP2 (23635),-0.03180299398368228
TREML1 (340205),-0.03179774968329372
SESN2 (83667),-0.03178557065966229
TAF3 (83860),-0.03178402458557796
SLURP1 (57152),-0.031755290782036
TNIP1 (10318),-0.031746268538659396
DND1 (373863),-0.031734556294360505
HOXD3 (3232),-0.031715923048178524
TCEAL5 (340543),-0.03170682936995176
PLEKHM3 (389072),-0.03169299117991715
LILRA5 (353514),-0.0316817011167144
MCEMP1 (199675),-0.031671598396476666
ACADM (34),-0.031643539514186525
NOSIP (51070),-0.03163557279272282
LEO1 (123169),-0.031632530955928204
CCDC12 (151903),-0.03163069313544526
TSPAN18 (90139),-0.03161477095036789
DNAJB9 (4189),-0.031593209104690774
CXCR4 (7852),-0.03158942838143951
ARGFX (503582),-0.031582659926560674
USHBP1 (83878),-0.03157872528996039
KIFC2 (90990),-0.0315783762686444
HOXD13 (3239),-0.03157836941176578
PSMB10 (5699),-0.03156929531203847
CAMP (820),-0.03156250321028637
OR1K1 (392392),-0.03155615576364389
ELL3 (80237),-0.03154551041727552
ZNF311 (282890),-0.031544981145795396
CCDC138 (165055),-0.031533082791742786
NCR2 (9436),-0.03151602228832268
RALGAPA1 (253959),-0.03150119046873318
CHRNA6 (8973),-0.03149912067489732
POU1F1 (5449),-0.0314872985312998
ETFDH (2110),-0.03148354910460982
ZFP37 (7539),-0.03148100313357974
ECHDC3 (79746),-0.03147643389561121
FOXB1 (27023),-0.03146961234683947
NANS (54187),-0.03146488757537975
PAGE1 (8712),-0.03145871709486085
MEMO1 (51072),-0.03142969978773509
MDK (4192),-0.03141509074876324
ZNF672 (79894),-0.0314132922432683
MCU (90550),-0.031410897512658534
TTI2 (80185),-0.03139563829680037
OSM (5008),-0.03139476116649388
NPM3 (10360),-0.031369327120854974
ATP5MC1 (516),-0.03136665314399068
LIMA1 (51474),-0.031329317008268374
TOMM20 (9804),-0.0313246419361889
CADM1 (23705),-0.03130734032291361
KRT25 (147183),-0.0312973969358152
GNB1L (54584),-0.03128655216351962
ZMYM3 (9203),-0.03128052366464793
BTF3L4 (91408),-0.0312768513220984
PDE6G (5148),-0.031272352762950255
PARK7 (11315),-0.0312588929335511
ITIH4 (3700),-0.031245816321812312
SHARPIN (81858),-0.031223381411823285
PPP1R13B (23368),-0.031221131944637347
FAAP20 (199990),-0.031217892133687152
HLA-DOB (3112),-0.031197202849315594
METTL25B (51093),-0.031194165059865078
IL20RB (53833),-0.031186510445912606
SVIP (258010),-0.031182183992613015
CEACAM16 (388551),-0.031171085437617846
SLC22A16 (85413),-0.031154468493004753
H2AC15 (8330),-0.031147162294779727
ANKRD22 (118932),-0.03112767498413065
PLRG1 (5356),-0.031120124998187566
BHLHE40 (8553),-0.03111660413286865
ANAPC16 (119504),-0.03111211515065353
UTP18 (51096),-0.031109624372382936
FITM1 (161247),-0.031087003945294227
ADAMTSL5 (339366),-0.031082054275757654
BBS5 (129880),-0.03107095229737789
CFC1 (55997),-0.031070040378994933
SMAP1 (60682),-0.031056196441391754
TUT7 (79670),-0.03103887511079737
PPP3CA (5530),-0.031026156027835518
PHF1 (5252),-0.031021075541575478
SFTA2 (389376),-0.031013064983237196
GALNS (2588),-0.03101213745457992
MAPK7 (5598),-0.031009264688783896
OR2Z1 (284383),-0.030982723911913784
TOR1AIP2 (163590),-0.030949446973359048
DNAJC19 (131118),-0.030948394249537724
FGF23 (8074),-0.03094274235800507
RNF103 (7844),-0.030939414781594538
C8G (733),-0.030935341920999008
LPCAT4 (254531),-0.03092058579248891
P2RX7 (5027),-0.03092023179582743
FTSJ1 (24140),-0.030914194442035123
VSIG10 (54621),-0.030907221827924648
C18orf32 (497661),-0.03089898577708106
EPHA2 (1969),-0.030894915174917627
COPRS (55352),-0.030884896345361103
ITPA (3704),-0.030882234830530233
ZNF292 (23036),-0.030881311417646443
CAV3 (859),-0.0308778369361478
NIM1K (167359),-0.030872900632263223
NEUROG2 (63973),-0.030867972492285404
TOLLIP (54472),-0.03085037113400958
FXYD1 (5348),-0.03084316145658672
MATK (4145),-0.030841216854551535
TDRD12 (91646),-0.030835240176667878
ACTL9 (284382),-0.03082832127684762
RASL10A (10633),-0.03082812874040993
FOXR1 (283150),-0.030789872354361467
PARM1 (25849),-0.03078983817803198
SLC22A15 (55356),-0.03078653667204154
ZDHHC20 (253832),-0.030785131602438006
MAPK8IP3 (23162),-0.030781354583014852
SYNGR4 (23546),-0.0307774137072376
SYAP1 (94056),-0.030753387370165742
PRLR (5618),-0.03072237983555384
TTN (7273),-0.030717257613860304
AMBRA1 (55626),-0.030714302819582363
IL17A (3605),-0.030703745007744376
ANKRD6 (22881),-0.0306984720455085
KRTAP19-8 (728299),-0.030692543591299703
ATP10D (57205),-0.030688053453453403
STRN4 (29888),-0.03068065964782973
PIAS3 (10401),-0.030669650574951378
GNGT2 (2793),-0.030658870403701546
C1orf216 (127703),-0.03063536731843992
OR5B17 (219965),-0.030616875964387478
TMEM131 (23505),-0.03060955568778488
HYDIN (54768),-0.030607301771541858
DHDH (27294),-0.030581863488343294
RXRB (6257),-0.030581346473474828
NOL8 (55035),-0.030579697962421427
COQ4 (51117),-0.03057849165992178
ZFYVE26 (23503),-0.03057421007123997
OR2AG2 (338755),-0.030565667852760846
SEPTIN14 (346288),-0.03054656097709671
TREM2 (54209),-0.030511241309669375
PPM1J (333926),-0.030501463650440055
RB1CC1 (9821),-0.030500977450246155
CD300C (10871),-0.030476518367951115
MLX (6945),-0.030466812911401474
GALT (2592),-0.0304492888063784
OR2T2 (401992),-0.030447403020060347
OR6P1 (128366),-0.030441952550210642
RNF168 (165918),-0.030426634376266404
SHISA7 (729956),-0.030423581731045413
DUSP13B (51207),-0.030420081856229762
PCTP (58488),-0.0304143895076469
BEND7 (222389),-0.030408267175443277
CACNA1I (8911),-0.03039143018603752
MRRF (92399),-0.030381860503929225
DEFB118 (117285),-0.03036767915419331
NME8 (51314),-0.030348666200572295
CUZD1 (50624),-0.03034835709933805
GGT6 (124975),-0.03034077567478687
WHRN (25861),-0.030339668299741166
AANAT (15),-0.030335098264244388
IFNA6 (3443),-0.03033077101258743
GAS2L2 (246176),-0.030328443240763038
DDX19B (11269),-0.030312422462429548
NME3 (4832),-0.03031204753357359
RAB40B (10966),-0.030310909712083882
GOLGB1 (2804),-0.030289228776103027
S1PR2 (9294),-0.03028323192397211
FAM170B (170370),-0.03027170644618202
SOCS4 (122809),-0.03025420038900997
EPS8L3 (79574),-0.030250437721337422
FAM133B (257415),-0.030224492324525506
BSPRY (54836),-0.030214549512528173
TRPM1 (4308),-0.030201597272686898
AK1 (203),-0.030190972726937014
ABL2 (27),-0.030181849119553572
CLDN6 (9074),-0.030177679373881473
RNF8 (9025),-0.030167523583467117
SCAMP4 (113178),-0.03016228607452625
SLC28A3 (64078),-0.030158535410186985
FSCN1 (6624),-0.030154619622152035
DUOXA2 (405753),-0.030149592627403094
FAM76A (199870),-0.03014029491217813
MCEE (84693),-0.03013900196802813
LHFPL6 (10186),-0.030126655909264385
MAGEA10 (4109),-0.030123056323226677
SENP6 (26054),-0.030078332367276972
ITLN1 (55600),-0.030071792710031485
DUSP22 (56940),-0.030068280410648712
PMFBP1 (83449),-0.030058962055527466
PHF8 (23133),-0.030054622595044985
IL18R1 (8809),-0.03005029671133059
CRX (1406),-0.030047901199880656
MCRIP2 (84331),-0.030037702887656937
LAGE3 (8270),-0.030034571450326817
NOD1 (10392),-0.030031541809038602
TSHR (7253),-0.030019602151299337
SEC24D (9871),-0.030009524448862523
CCNF (899),-0.03000693784591479
DENND11 (57189),-0.030001363919392295
FTCD (10841),-0.030001112410682883
PACS2 (23241),-0.029993530213397478
CCDC61 (729440),-0.029956058867356986
ZNF133 (7692),-0.029951488184092788
LRRC59 (55379),-0.02994659153344601
CEP63 (80254),-0.029938421298293164
VSIG8 (391123),-0.029937734483063937
CNOT4 (4850),-0.029932153961594692
PLXNA1 (5361),-0.029920427250245307
HDHD5 (27440),-0.029916307919056112
IP6K2 (51447),-0.02991584159261557
PPP4R1 (9989),-0.029877740793242548
INF2 (64423),-0.02987418392219751
GTPBP10 (85865),-0.029873441514039766
ACBD5 (91452),-0.029863010728683116
EXPH5 (23086),-0.029858996489726185
FRMD1 (79981),-0.0298586306924038
EML2 (24139),-0.029845597640790148
CHMP4C (92421),-0.029838879716675048
CSTL1 (128817),-0.029834253874330415
LNX1 (84708),-0.0298300477270075
SUN5 (140732),-0.029825114621107263
PPARGC1B (133522),-0.02982063593409873
TPD52L2 (7165),-0.029820462912536348
ALK (238),-0.029819418337003484
HBQ1 (3049),-0.02979824471870953
MAP4K1 (11184),-0.029794891232656707
PTMA (5757),-0.029787933316469117
SLC25A31 (83447),-0.029786838943586535
MCM8 (84515),-0.029759615267261518
SLC25A44 (9673),-0.029754428597276776
PRDM4 (11108),-0.029743351957974732
PLEKHA1 (59338),-0.02972818780568919
CDIN1 (84529),-0.029716368784686916
TSC22D3 (1831),-0.029715252632418095
CNTN5 (53942),-0.029704406039869152
PYCARD (29108),-0.029696867744125853
YWHAB (7529),-0.02969463129806217
OLA1 (29789),-0.029687528883946566
CRYL1 (51084),-0.02968122785323446
AP3S1 (1176),-0.02967931217265349
TSSK6 (83983),-0.02967855527401949
RND3 (390),-0.029674008741438485
HDAC1 (3065),-0.02966968520744546
AMELY (266),-0.029664822929815687
CDHR1 (92211),-0.029651639309739932
PARP4 (143),-0.029646529038555677
FAM13B (51306),-0.02964601584871714
FXR1 (8087),-0.02964557652459211
RRP1 (8568),-0.02963986376287462
MAOA (4128),-0.029638957709985356
OR4K2 (390431),-0.02963307780258203
GPRIN3 (285513),-0.02962119715579597
NUDT13 (25961),-0.029615347985460453
RGCC (28984),-0.029605035334498372
REG4 (83998),-0.02959554677766375
AQP9 (366),-0.029594223942654395
RAB39B (116442),-0.029581224303647513
FAM120C (54954),-0.029577972439977233
PTPN2 (5771),-0.02957652573131268
SV2A (9900),-0.029570849690611387
TPSAB1 (7177),-0.02956970705928636
MORN3 (283385),-0.029567211797243368
SH2D4B (387694),-0.029547839543130183
DLG5 (9231),-0.0295414801117237
ITGA2B (3674),-0.029539504956879084
ADGRA1 (84435),-0.029532580870118837
INKA1 (389119),-0.029530520937286947
ZDHHC17 (23390),-0.029530300140454876
EXD3 (54932),-0.029522504515678887
RASL12 (51285),-0.029519424798352872
HIP1 (3092),-0.02950651359101485
TP53I3 (9540),-0.0295034916359639
ZNF80 (7634),-0.029491540363040546
FAAP24 (91442),-0.029485704962003586
KCTD21 (283219),-0.02948518490778276
TCF4 (6925),-0.029477143923925125
MECR (51102),-0.029465016177777473
TMEM52B (120939),-0.029455235306386236
WFDC11 (259239),-0.029448823038906825
RNF43 (54894),-0.029444518201461052
PYY (5697),-0.029439082386134845
TMOD1 (7111),-0.029431042535450272
SYNDIG1L (646658),-0.029404815614701426
HNRNPR (10236),-0.029404755403219688
TMC8 (147138),-0.029400942774787383
CD3D (915),-0.02940000068126272
COX20 (116228),-0.029396093851751275
MMACHC (25974),-0.02939313593893387
SLC35D1 (23169),-0.029392209473817897
RCHY1 (25898),-0.029379104075492622
DSG2 (1829),-0.029352684006565478
BIRC5 (332),-0.029350138988155677
OBP2A (29991),-0.029342870770385093
GNPDA1 (10007),-0.029321677844577374
ZNF318 (24149),-0.02930052744364211
TANC2 (26115),-0.029284420045548657
IFRD1 (3475),-0.029278773973215683
PTGER2 (5732),-0.02927836834672662
MUS81 (80198),-0.029276504023776274
TMEM94 (9772),-0.02927192325967867
CIBAR2 (339145),-0.0292653987940021
HSD17B13 (345275),-0.029260174188975654
CDH16 (1014),-0.02925239166751107
NUDT15 (55270),-0.029249659874506034
CELF1 (10658),-0.029236428248911792
USP37 (57695),-0.029235559069859588
DECR2 (26063),-0.029233913986394692
PRUNE1 (58497),-0.02922949843556726
CAND2 (23066),-0.029228986077176344
NOS2 (4843),-0.029228229906483078
CCNP (79935),-0.02922713149666144
POU5F1B (5462),-0.02922417399108178
GOLGA6B (55889),-0.029209913484697057
GANAB (23193),-0.029204063108920788
PROB1 (389333),-0.029203454801306077
RELT (84957),-0.029200750275973884
ENG (2022),-0.02919516998311639
ST14 (6768),-0.02919196690774992
NME6 (10201),-0.029188049182081573
DGKE (8526),-0.02918668292081619
LMBR1L (55716),-0.029185425005440035
EVL (51466),-0.029177226482322037
OR5B21 (219968),-0.029166269699084826
KDM5D (8284),-0.02916269396758162
ATP5PO (539),-0.029159911755163304
MEPE (56955),-0.029152801601161023
CLN8 (2055),-0.029145349852989125
OR10K1 (391109),-0.02913476131300293
C1orf226 (400793),-0.02912961283853947
FAM168A (23201),-0.029125390562740903
TMT1B (196410),-0.029123197621512522
RET (5979),-0.02911849258390807
CARMIL3 (90668),-0.02909178368146486
HYCC2 (285172),-0.029085594054144227
DIAPH2 (1730),-0.029085477454269454
CD1B (910),-0.02908422113320498
OSER1 (51526),-0.029082267952151342
FBP2 (8789),-0.029064962874071235
KIF5B (3799),-0.02904157327895554
ZBTB6 (10773),-0.029027526296462432
FRMD5 (84978),-0.029026863162126732
PAGR1 (79447),-0.02902211259790122
FNDC8 (54752),-0.0290217343846663
FNDC3A (22862),-0.02901716693948948
MAVS (57506),-0.029011545553085338
IGF2 (3481),-0.029005181613531484
DACT3 (147906),-0.028998573888895905
ACOT13 (55856),-0.028985513631991297
CIT (11113),-0.028977643016248524
PROP1 (5626),-0.02893709422858255
CARTPT (9607),-0.028934416472250618
TMEM249 (340393),-0.0289049839771309
SYT6 (148281),-0.028895562376116263
FGD1 (2245),-0.02888025176338412
NLN (57486),-0.028867492543397145
NINL (22981),-0.028867033946987322
CGRRF1 (10668),-0.028850319966624814
SOWAHC (65124),-0.02884102352691764
ARHGAP18 (93663),-0.028834305940521176
GPR31 (2853),-0.028825885607125176
STARD3NL (83930),-0.028820796735184007
RFX5 (5993),-0.02881990768165892
SMIM22 (440335),-0.02881543769211665
PLEC (5339),-0.028774300141776888
ANKRD39 (51239),-0.028765514223174686
THNSL2 (55258),-0.028759379816962728
SIN3A (25942),-0.028746777766007734
KCNJ10 (3766),-0.028739055772853093
DDX28 (55794),-0.02871729182585286
COMP (1311),-0.02871434188179843
TCF19 (6941),-0.028709928128055794
HOXA2 (3199),-0.028707579320787862
HCST (10870),-0.028703189640243505
CCNI2 (645121),-0.028681242758179452
RXFP2 (122042),-0.028674043713863052
WDCP (80304),-0.028665360920579266
ZNF180 (7733),-0.028662172078152023
USP18 (11274),-0.02866187778068314
CHRNA7 (1139),-0.02865918985017209
CRYZL1 (9946),-0.02864859710177181
SLC30A2 (7780),-0.028645601276896034
DDHD2 (23259),-0.02864506540185227
LAT (27040),-0.028642329018905118
KRTAP6-1 (337966),-0.028639820965920115
SQOR (58472),-0.028639365055278584
MAP3K7CL (56911),-0.028610604277727155
SPATS1 (221409),-0.028608401160564522
C19orf84 (147646),-0.028599733807799923
AURKAIP1 (54998),-0.02856369047289995
SPMAP2 (51298),-0.02855797253443134
C2orf69 (205327),-0.02855380085941577
SLC30A5 (64924),-0.028541852653193932
GPR137C (283554),-0.028538720967608306
CCL7 (6354),-0.028538531668979142
PDIA4 (9601),-0.028530932208225387
C1orf87 (127795),-0.028525753615270977
HNRNPUL1 (11100),-0.02851120264241368
OR5B2 (390190),-0.02849365083565148
MKRN3 (7681),-0.028491920216101932
MELK (9833),-0.028489378133914656
TRIP13 (9319),-0.028469800858211155
PLD3 (23646),-0.028442404002983864
COX7A2L (9167),-0.028438026152412053
MYH15 (22989),-0.028437887690355605
RNF113A (7737),-0.028433140101399773
DDR2 (4921),-0.028416224491402874
RCN1 (5954),-0.028407126989130123
POU6F2 (11281),-0.028397629666001897
NUDCD3 (23386),-0.028396600443880753
DNASE2 (1777),-0.02839482310053847
THRA (7067),-0.028390887316677393
ELOVL3 (83401),-0.02838600219510828
MMGT1 (93380),-0.028382449854978918
H2BC5 (3017),-0.028369737883560377
CHTF8 (54921),-0.02836168389221151
LYSMD1 (388695),-0.028356986506129625
MAZ (4150),-0.0283530153041939
FAM171A2 (284069),-0.028350795172176077
SH3BP1 (23616),-0.028340909722424864
KIAA0319L (79932),-0.0283360899575326
FADS3 (3995),-0.02832198624963084
GDF9 (2661),-0.02831053235730301
FAM229B (619208),-0.02830006412349446
KLC4 (89953),-0.028295217046804468
CLRN3 (119467),-0.028282446334575863
CYP2U1 (113612),-0.028243287337673152
C15orf39 (56905),-0.028226404608012033
UPRT (139596),-0.028221469167078857
SLC25A35 (399512),-0.02821747697379019
MBOAT4 (619373),-0.028204306830608497
GPR157 (80045),-0.028195336332712193
ECM2 (1842),-0.02819348811440567
KRTAP13-2 (337959),-0.028192754893594293
SLC22A8 (9376),-0.028173487097856338
ACTG2 (72),-0.02817333047553956
DEFB132 (400830),-0.028155302944630856
RBMXL1 (494115),-0.028151019446555785
BRWD3 (254065),-0.028148750896903926
HEPACAM (220296),-0.028146284807971014
NFKBIE (4794),-0.028145162940578516
OR10H5 (284433),-0.028141710084560033
C17orf78 (284099),-0.02812268163668145
DNAI3 (126820),-0.028109723311491995
PODN (127435),-0.02810652084957879
XKR8 (55113),-0.028100820583575638
SLC27A3 (11000),-0.028098735667517524
SPOCK1 (6695),-0.028077246038765654
PLP2 (5355),-0.028051255335512667
DLL3 (10683),-0.028044365872811606
CD1D (912),-0.02802586610648272
ZMYM6 (9204),-0.028022085510456617
C6orf163 (206412),-0.02801333580484374
CSNK2A3 (283106),-0.028011074418902715
RFPL3 (10738),-0.02800542528334599
HEPHL1 (341208),-0.02799861624582951
NPFF (8620),-0.027989523495718344
PSD (5662),-0.027984546897649346
ELF4 (2000),-0.027982765598935044
SHC4 (399694),-0.027980607994124693
TMEM255B (348013),-0.027980118643631657
ZNF511 (118472),-0.027971644851935037
HPCA (3208),-0.027966602198735084
TXLNA (200081),-0.027960142587215787
TAOK1 (57551),-0.027946222695538477
FANCL (55120),-0.027942645524716047
APBA3 (9546),-0.02791771860976252
SPRY1 (10252),-0.027911990803391983
DIO1 (1733),-0.0279031937221469
CHAC1 (79094),-0.027886709395075503
SLC30A4 (7782),-0.027878785084049028
FDXACB1 (91893),-0.027859620091776695
STYXL2 (92235),-0.027842579647190183
IL17F (112744),-0.027840746232496594
CDC42EP3 (10602),-0.027836691183895056
THEM5 (284486),-0.027825840932417516
THOC7 (80145),-0.02782368351478266
NHLRC4 (283948),-0.027822570877707554
CCNO (10309),-0.027809660755519803
FKBPL (63943),-0.02780500005857311
CENPV (201161),-0.027796934300425492
DNAJA2 (10294),-0.027787079429711817
CFAP53 (220136),-0.027778710276689805
TXLNG (55787),-0.027768312765266832
ATP5MGL (267020),-0.0277635018678569
APOL6 (80830),-0.027745236481416535
KRT71 (112802),-0.027723968048217477
KHDC1 (80759),-0.027714133119183252
ACTR1B (10120),-0.02771301017222067
IRAK1BP1 (134728),-0.027703017676058622
USP42 (84132),-0.027693198267220685
C2orf42 (54980),-0.027689695955018797
HCFC2 (29915),-0.02768749399609686
NELFCD (51497),-0.027676486911375843
KLK11 (11012),-0.02767451904952107
DCDC2B (149069),-0.0276708001930242
TRMT2A (27037),-0.027668955162194562
APC2 (10297),-0.02765872465823156
GLRX5 (51218),-0.027654393949873946
PRSS55 (203074),-0.027643448839653507
ENOPH1 (58478),-0.027637732921523762
CEP290 (80184),-0.02763739240463541
LAMP5 (24141),-0.027626950950052756
MMRN1 (22915),-0.02762381316990995
DNM1 (1759),-0.027623185147058388
ADAP2 (55803),-0.027622318312151697
ZBTB45 (84878),-0.027621689931931565
PRR9 (574414),-0.027615211475123802
A4GNT (51146),-0.02759193484209516
KCNE2 (9992),-0.027580747174855223
GAS6 (2621),-0.02758064925371298
DCUN1D4 (23142),-0.027555422512276953
KATNBL1 (79768),-0.027544664531949616
DNAH2 (146754),-0.027540402935164954
CYRIB (51571),-0.027540286346893553
OAZ3 (51686),-0.027530887197116966
GPR45 (11250),-0.02752769208821741
PDCD6 (10016),-0.027525021280900792
DSCC1 (79075),-0.027515005346621962
CAMTA1 (23261),-0.027511657493957887
PACS1 (55690),-0.027510233156488324
DNAJC21 (134218),-0.027502465774571428
ACTR6 (64431),-0.027500827163852798
HEPH (9843),-0.02748124007202541
PLTP (5360),-0.02747231338792195
IFI35 (3430),-0.027419640633381422
TPGS1 (91978),-0.027406177822544987
SMIM7 (79086),-0.02738524927056475
ZNF827 (152485),-0.027359512554455057
ZP1 (22917),-0.027344951159812825
PGAP4 (84302),-0.02734450726914844
BRWD1 (54014),-0.02733788944561017
HS3ST1 (9957),-0.027332785752667347
BECN1 (8678),-0.0273268854653928
WT1 (7490),-0.027318904875974968
AGFG2 (3268),-0.027309420769296787
TRAPPC3 (27095),-0.027308471170908236
FBXO41 (150726),-0.02730775953835002
GABARAP (11337),-0.027301045465375925
DUOXA1 (90527),-0.02730024966529736
CELF5 (60680),-0.027283392168965692
CLRN2 (645104),-0.027267188315822803
CREG1 (8804),-0.027256380732805823
CDC42SE1 (56882),-0.02724429906500666
MRPL23 (6150),-0.027243569356618497
SPRY3 (10251),-0.027241187968397317
GSDMB (55876),-0.027240584727253242
MXD1 (4084),-0.02723890045207904
TMEM69 (51249),-0.027221468650973572
FAM110C (642273),-0.027192826510272636
CIAO2A (84191),-0.02718575141569191
CRCT1 (54544),-0.02718190108246319
CD164 (8763),-0.02716185815009264
GPR179 (440435),-0.02716049316789637
ATG16L2 (89849),-0.027157969517036886
PGR (5241),-0.027157103130639446
IFT80 (57560),-0.027155286610680996
PHYHIPL (84457),-0.027144693089794617
GBP5 (115362),-0.02714365155553338
DDR1 (780),-0.027135542759443777
WDR24 (84219),-0.02711785282277806
RABGGTA (5875),-0.02711286112383883
TACR1 (6869),-0.027109191227629493
ZNF716 (441234),-0.027090058962815352
ZMIZ1 (57178),-0.027090057648445545
TAS1R1 (80835),-0.027088936597637062
ADGRF5 (221395),-0.027081117253515096
TMEM140 (55281),-0.027074416272437882
KIDINS220 (57498),-0.02706937482459042
MICB (4277),-0.027066818301336847
HNRNPA3 (220988),-0.027066188165862193
GOT1L1 (137362),-0.027055218329723314
PRPF31 (26121),-0.02702962700172315
SERPINF2 (5345),-0.027025555378561238
IRAK4 (51135),-0.027024831921673823
ZCCHC13 (389874),-0.02701262149174111
PAQR6 (79957),-0.027005760910039946
WNT5B (81029),-0.027005283115111904
APOA2 (336),-0.027000618610093067
RUFY3 (22902),-0.026955821679977825
EIF4EBP2 (1979),-0.026954004824283916
TMEM40 (55287),-0.026950267809498458
MYH9 (4627),-0.026947475549530923
C1QTNF4 (114900),-0.026943749108184006
TMEM160 (54958),-0.026941730567674883
TMEM106C (79022),-0.026935716641623454
MSX2 (4488),-0.026912332018422778
CMPK2 (129607),-0.026888962095996116
CALY (50632),-0.02688370018211307
HTR2A (3356),-0.026879506146609066
NEPRO (25871),-0.026873173334791677
FOXN1 (8456),-0.026863758070202245
SCMH1 (22955),-0.026841755943514692
IRF9 (10379),-0.026836821872368515
HMGCL (3155),-0.02683623764674301
PAX4 (5078),-0.026835367485244385
KCNQ1 (3784),-0.026824556019210057
RBBP8NL (140893),-0.026815902815542483
GRN (2896),-0.026808456391823842
PDCL2 (132954),-0.026798010144186354
ZNF335 (63925),-0.02679671145979199
IL1RL1 (9173),-0.02677252298793641
TMEM41B (440026),-0.02676549273935263
AJM1 (389813),-0.026756478240861893
VANGL2 (57216),-0.026753096091614133
EFNA4 (1945),-0.026744699775428652
SATB2 (23314),-0.026744042510076758
TMEM236 (653567),-0.026742675558376998
ASTL (431705),-0.026741445206655483
CREB3 (10488),-0.026741259156214503
TMEM185A (84548),-0.026741160126629807
OFD1 (8481),-0.026735121251603065
LURAP1L (286343),-0.02671848635697793
MMP9 (4318),-0.02671838483452228
PRKD1 (5587),-0.026716629676570885
SLC25A15 (10166),-0.026715837514931635
ABHD6 (57406),-0.026713304186129286
SP3 (6670),-0.026696272360566365
PLAC8 (51316),-0.02668966703693635
TMEFF2 (23671),-0.026681273398345137
MRPL19 (9801),-0.02667473074146001
ARHGEF9 (23229),-0.02666615222056613
DBNL (28988),-0.026652642302205633
DMAC1 (90871),-0.026651142939001747
LRRC28 (123355),-0.026647774787111233
PKD1L1 (168507),-0.02664554581218728
PALS1 (64398),-0.026643728119290402
CYS1 (192668),-0.026639202645253064
SH3BGRL3 (83442),-0.026629289286150406
RNF149 (284996),-0.02662383762643428
XIRP1 (165904),-0.026612998972385327
AICDA (57379),-0.026584050475935803
GJD4 (219770),-0.0265752372913616
SYP (6855),-0.0265636822596549
NCOA6 (23054),-0.02656140723774701
INSIG2 (51141),-0.026552977498899347
NPL (80896),-0.026548571701314735
KCNRG (283518),-0.02653295340708923
ERAL1 (26284),-0.026532944349064752
CYB5R4 (51167),-0.02653046361526373
IL1A (3552),-0.026523902949850103
CCL27 (10850),-0.026521787570515844
GPC6 (10082),-0.02651156280411373
TTC21A (199223),-0.026509441892808242
FAM221A (340277),-0.026507719939180073
HES6 (55502),-0.02650728353645727
CARD6 (84674),-0.02649453442083501
SPANXN2 (494119),-0.026489697135041755
PNN (5411),-0.026481583176097313
KLF17 (128209),-0.02646421714544083
ACAD9 (28976),-0.02646070671652829
SNAPIN (23557),-0.026449457142475298
TASP1 (55617),-0.026447094951109182
SNF8 (11267),-0.026439258550092944
OAF (220323),-0.02643056771311514
IMMP2L (83943),-0.02643051554658868
SNCG (6623),-0.026427301181947867
ORC2 (4999),-0.026426720551130534
PNP (4860),-0.026418925470186132
HS1BP3 (64342),-0.02640960253627574
ITGA2 (3673),-0.026400188662856466
PROSER2 (254427),-0.026362131434512416
ENY2 (56943),-0.02636129103149738
CPT1B (1375),-0.02636039378902075
C2CD4A (145741),-0.02635610660517747
RNF5 (6048),-0.026352866427287455
SLC12A4 (6560),-0.02634493326930547
CTPS2 (56474),-0.026343328392073304
MYOZ1 (58529),-0.026343321769205494
ZNF169 (169841),-0.02634263872980027
PYDC1 (260434),-0.02633203524340593
TNFRSF12A (51330),-0.026323867838249373
UPK3A (7380),-0.02631642496846344
OAS2 (4939),-0.026314158366818562
NAPSA (9476),-0.02630651297727245
RNASE11 (122651),-0.026304566922379903
DLGAP5 (9787),-0.02630236100250774
PF4V1 (5197),-0.02628046301822543
RFPL2 (10739),-0.026280383617131232
MEI1 (150365),-0.026259119058918683
OR2M2 (391194),-0.02625534765030327
USP12 (219333),-0.02624232365813989
RUNX2 (860),-0.0262299899404222
CA11 (770),-0.026229714603478817
PTPRO (5800),-0.02622954676584909
TEF (7008),-0.026215781674428913
GALNT5 (11227),-0.02621527750156753
TNFSF4 (7292),-0.026210687734383377
AKAP9 (10142),-0.026209767497802485
CFP (5199),-0.026200884995626166
SLC4A1 (6521),-0.026191937444587685
ADAM29 (11086),-0.026191064883287166
MAST3 (23031),-0.026173764115996503
HIVEP2 (3097),-0.026169665372902884
GORASP2 (26003),-0.02616962926772658
DOK2 (9046),-0.026167871808241427
PDE4DIP (9659),-0.026167508118733817
RASA1 (5921),-0.02616354756842807
GOLM2 (113201),-0.02615827659188585
ZC3H3 (23144),-0.026157663962597322
AFAP1L2 (84632),-0.02615171624843937
GLRX3 (10539),-0.02613339852403355
TMCO3 (55002),-0.026123614136242538
TMEM51 (55092),-0.02612351347894676
DRG1 (4733),-0.026117704560236297
NME4 (4833),-0.026115755679626
SLC30A3 (7781),-0.026109101995492746
RASAL2 (9462),-0.026102660029410002
GEMIN6 (79833),-0.026102248275776733
OSTM1 (28962),-0.02609846889583387
ZNF789 (285989),-0.026096220631560318
PARP6 (56965),-0.026094043527225566
ZEB1 (6935),-0.026093057969885765
IRF2BP1 (26145),-0.026092266730727075
ARHGEF40 (55701),-0.026092060543540952
PTCD3 (55037),-0.026086424371734338
KLHL34 (257240),-0.026086236958207505
HCN1 (348980),-0.02608352596900368
SLC6A13 (6540),-0.026082737676677372
SLC25A47 (283600),-0.026079348264418746
SIGLEC9 (27180),-0.0260621977570133
NDE1 (54820),-0.02605238514112387
SLC9A1 (6548),-0.026047494525509363
PYGL (5836),-0.026044751301121116
STEAP3 (55240),-0.02603920131017067
ABCG5 (64240),-0.02603671068859487
CASTOR2 (729438),-0.026028829683627516
PRXL2B (127281),-0.026024019765477885
ADAMTSL4 (54507),-0.02602381301689273
LMTK2 (22853),-0.025993849372208156
AJAP1 (55966),-0.025992443182805663
SIT1 (27240),-0.025990619515384925
RNF166 (115992),-0.025964276289572333
ZDHHC23 (254887),-0.025963985268299926
PHF23 (79142),-0.025956452621391818
TRIR (79002),-0.025944574725541594
FGF4 (2249),-0.02593539187684351
PMF1 (11243),-0.02593397221465201
VWA3B (200403),-0.025932579053383732
IDH1 (3417),-0.02592717146027296
STOML2 (30968),-0.025903166109308182
ZNF569 (148266),-0.025887470596434748
TAC3 (6866),-0.025883979887677284
ATP12A (479),-0.02588076384576231
KRTAP23-1 (337963),-0.025876875292475957
UCHL3 (7347),-0.025853429322983044
DENND4C (55667),-0.0258395965581094
NKAIN2 (154215),-0.025830227731872504
TMIGD3 (57413),-0.02582004588372555
NLRP9 (338321),-0.025814348030564458
LCA5L (150082),-0.025808375723296688
SCNM1 (79005),-0.025806294767171382
PRDM1 (639),-0.02579452949829875
CD1E (913),-0.02579112952321421
TRIM29 (23650),-0.02578632059680572
WNT9A (7483),-0.025773484983167335
P2RY10 (27334),-0.025769902784310374
RARRES1 (5918),-0.025766303462315118
AMER3 (205147),-0.025754805534177454
ARHGAP30 (257106),-0.02575011060715381
ZNF425 (155054),-0.025746703262213472
ALPK2 (115701),-0.025730512883098664
PGLYRP3 (114771),-0.025729375611174922
F11R (50848),-0.025723108118031877
SPOPL (339745),-0.02571161279811184
LRIT3 (345193),-0.025711427581366436
LITAF (9516),-0.025700786143513704
PARD6B (84612),-0.02569657813953775
ARL8A (127829),-0.02569645437440603
BICRAL (23506),-0.025695606346298035
SLC39A14 (23516),-0.025678712489263185
MTRF1L (54516),-0.025671894064849377
NDUFAF8 (284184),-0.025667290540843306
DENND2C (163259),-0.0256553639328529
DHX57 (90957),-0.02565186074103869
APOBEC3G (60489),-0.02564914135725349
CD48 (962),-0.025642623434821443
KIF21A (55605),-0.02563338812851763
ARHGAP36 (158763),-0.02563155239373257
OR2AE1 (81392),-0.025622680836098123
CFAP161 (161502),-0.02561440559359248
HOXA1 (3198),-0.025604335878687184
SLC18A2 (6571),-0.025600193665725843
PATE3 (100169851),-0.02559946654118158
CFAP141 (388701),-0.025598476752966365
SYN1 (6853),-0.02559618323561613
RAMP1 (10267),-0.02559030714820237
MTRFR (91574),-0.02558980450841649
ZSCAN5B (342933),-0.025587980547508847
USP11 (8237),-0.025586585131398564
WDR13 (64743),-0.025562939383628646
ETV7 (51513),-0.025544202709960644
IQCF5 (389124),-0.025544042531281647
ISOC2 (79763),-0.025525715061282414
LDLRAD4 (753),-0.025524658409396116
COX8C (341947),-0.025517845448947953
WFDC3 (140686),-0.025516841617728308
SLC6A16 (28968),-0.02551099083311338
SHISA3 (152573),-0.025505994461750815
RPL30 (6156),-0.025504692198393103
PGAM5 (192111),-0.025501842987349737
TMEM258 (746),-0.025499731270037795
LCE6A (448835),-0.025490995500561286
OR6K2 (81448),-0.02548334789400198
IL31RA (133396),-0.025476286597579955
TXNL1 (9352),-0.02545411650553713
GP9 (2815),-0.025453856935043956
SLC16A12 (387700),-0.025422676038165833
STARD9 (57519),-0.025421762267138312
PTGS1 (5742),-0.025415197423993147
CDCA4 (55038),-0.025400918778499332
C2orf80 (389073),-0.025392389013895397
SYNDIG1 (79953),-0.02539170720681303
CNNM2 (54805),-0.02538140275827118
TRARG1 (286753),-0.025377476265243983
VILL (50853),-0.025375673741065505
CMSS1 (84319),-0.025367931777774324
LGALS9 (3965),-0.025361536340444246
MLXIPL (51085),-0.025319248022780863
TRMT61A (115708),-0.025317722855029298
LGALS1 (3956),-0.025313302211514482
PODXL (5420),-0.025313190129352417
PNMA3 (29944),-0.025308699058378622
ZNF367 (195828),-0.025303896847902844
EZH1 (2145),-0.02529865761225878
COPS8 (10920),-0.025295566785017518
C15orf48 (84419),-0.025291499548793454
RBL1 (5933),-0.025284652787032635
ANAPC15 (25906),-0.02526981667609689
MEGF11 (84465),-0.025267399827177052
EGR4 (1961),-0.025265896303622797
GIP (2695),-0.025256776778275192
CFAP91 (89876),-0.02525439118056686
GUCY1A2 (2977),-0.025251245832350163
CHPT1 (56994),-0.025250782752112094
RBM3 (5935),-0.025249892548118318
ISCA2 (122961),-0.02523852428635598
PSTPIP2 (9050),-0.025228026567328744
CDC37L1 (55664),-0.025218027669430033
C1QTNF3 (114899),-0.02520730871602645
RTN4RL1 (146760),-0.025197684454165824
PABIR2 (159090),-0.025192790252182545
ARL10 (285598),-0.025158502019669834
MBOAT1 (154141),-0.025152086254876214
NMU (10874),-0.025150780797622018
ALDH1A3 (220),-0.02514960982318401
MRPL47 (57129),-0.025145931801549264
LEF1 (51176),-0.025138625579479303
GAMT (2593),-0.02512586346584315
LRRC43 (254050),-0.025125141224788518
ATP8B4 (79895),-0.025105882771367726
EXO1 (9156),-0.025104434806962943
COL13A1 (1305),-0.025093081847777525
TMPRSS13 (84000),-0.025085278060003907
SARNP (84324),-0.0250749806777687
LCAT (3931),-0.025069839775097406
ACOT8 (10005),-0.025058547456102597
SCAND1 (51282),-0.025057451424905196
SLC6A6 (6533),-0.025057326174405172
BORA (79866),-0.02505475628912868
MPST (4357),-0.025053312572367637
RAPSN (5913),-0.02505168320419157
DESI1 (27351),-0.025041698083104722
BAX (581),-0.025029446945741562
RNF146 (81847),-0.025007255352447185
GRIN2C (2905),-0.025004326609345623
CYSRT1 (375791),-0.024981542007363584
TECRL (253017),-0.024980719285122466
SLC40A1 (30061),-0.024976383859727735
LIPF (8513),-0.024965779599823067
NRM (11270),-0.024960153674527096
CCBE1 (147372),-0.024956541393748893
FKRP (79147),-0.02495594413924762
MVB12A (93343),-0.024938759220340934
CCDC190 (339512),-0.024937438160695845
SLC39A1 (27173),-0.024935240775916346
TXNDC9 (10190),-0.024926259001936926
OR2G6 (391211),-0.024925944055638975
PAIP1 (10605),-0.024919838066928702
MTRES1 (51250),-0.024910373406526402
CHSY3 (337876),-0.024902804570704692
SLC2A2 (6514),-0.02489589549751012
CSRP2 (1466),-0.02489021744099794
PPP1R1B (84152),-0.024887742995145404
SH3RF2 (153769),-0.02488279033500745
CSF1 (1435),-0.0248795679841281
CPB2 (1361),-0.02487485823074009
CKS1B (1163),-0.02487342421332658
USP39 (10713),-0.024868933520716275
TCEAL9 (51186),-0.024864378376051675
ZBED4 (9889),-0.024858942043606835
TIFAB (497189),-0.024829930553889525
JPH4 (84502),-0.024823082905872894
FABP4 (2167),-0.024821463160907054
RHOH (399),-0.02481931400311688
CGGBP1 (8545),-0.02481627672258888
SHFL (55337),-0.024815635452767663
CCDC71 (64925),-0.02480794208066513
TYR (7299),-0.024806696031122105
UROC1 (131669),-0.024794673337376665
AGER (177),-0.024788759705372976
ETAA1 (54465),-0.024775914260208802
GLRA1 (2741),-0.02477536988164677
RNF26 (79102),-0.024769799719897533
LAMA3 (3909),-0.02476359859155852
HDAC3 (8841),-0.024763465788402026
TEX22 (647310),-0.024760206157224213
C2CD2 (25966),-0.024756960127623285
TGM6 (343641),-0.02474859306019388
PCSK5 (5125),-0.02474486391196467
KDM3B (51780),-0.024744385615855992
GYS1 (2997),-0.02473770473193157
OR52W1 (120787),-0.024725702178476854
GLYATL2 (219970),-0.024704088579493
CAPRIN2 (65981),-0.024702243776388334
C12orf56 (115749),-0.024690288503464882
IKBKB (3551),-0.024680538976038665
KLHDC8B (200942),-0.02467798473680898
IREB2 (3658),-0.024674905581098704
TPRG1L (127262),-0.024672251653771553
SUPT6H (6830),-0.02466968864893551
NANOS3 (342977),-0.024656016710898575
KBTBD3 (143879),-0.02465312506072497
BBS9 (27241),-0.024649438606451312
BPIFB6 (128859),-0.02464761233914867
TMEM70 (54968),-0.024642792112261197
CDKN2C (1031),-0.024626492119382896
ETFB (2109),-0.02461698381454965
PAX9 (5083),-0.02461525533723332
SYNPO2L (79933),-0.02459554565087934
IL13 (3596),-0.024593893629758164
OAZ1 (4946),-0.024584370195590854
THOC6 (79228),-0.024581802771407334
ALMS1 (7840),-0.024576873732187036
DEFA5 (1670),-0.02457317643301266
TRAPPC3L (100128327),-0.024527854189830892
MTCP1 (4515),-0.024501234921976974
MME (4311),-0.02449361553645552
OR2A5 (393046),-0.024489424735637727
VN1R4 (317703),-0.024485256887826125
FNDC5 (252995),-0.024480290934570357
RASEF (158158),-0.024478722734837026
KRT19 (3880),-0.024475208653426055
C10orf88 (80007),-0.02446290137588764
SIAH2 (6478),-0.024456624493057817
FGFR3 (2261),-0.024444266797969013
ADGRG4 (139378),-0.02443445482963551
MAGEA12 (4111),-0.024425366949166537
TBC1D22A (25771),-0.02442502774429891
MFSD9 (84804),-0.02442392337471707
C16orf87 (388272),-0.02441628383925531
EVI5L (115704),-0.02441340632964813
ZNF470 (388566),-0.024413154984362254
NICN1 (84276),-0.02441054734164918
ADAT3 (113179),-0.024406950968610456
OXCT1 (5019),-0.024402602031309395
UCK2 (7371),-0.024382806988252462
P2RX2 (22953),-0.02437529465561703
KRTAP10-11 (386678),-0.02436755338285639
FANCE (2178),-0.02436135982462697
PNLDC1 (154197),-0.024356388538667787
IKBKG (8517),-0.02433604734204375
CCNDBP1 (23582),-0.02432605953627969
A1CF (29974),-0.024309048201274597
H3-4 (8290),-0.02430233268287886
GPR17 (2840),-0.024299453124261575
CYP2S1 (29785),-0.0242986200013628
LCN10 (414332),-0.024275037195322684
NUPR1 (26471),-0.02425957343231549
NCOA7 (135112),-0.024258216586215384
TMEM35B (100506144),-0.02425135069057718
RHOT1 (55288),-0.024243103260998017
CAMK2G (818),-0.024236926687610384
MAPT (4137),-0.024204857900351328
ATP6V1B1 (525),-0.02419705910397288
LENG9 (94059),-0.024190437707761487
TMEM60 (85025),-0.024189414826439996
STAR (6770),-0.024189088761052226
ADAM11 (4185),-0.024178652970165703
ADRA1A (148),-0.024177536550413964
CCDC13 (152206),-0.024163021349955505
TAS1R2 (80834),-0.02415840562208332
LSMEM2 (132228),-0.02414434246244263
TOR3A (64222),-0.024140434496295108
ANKS3 (124401),-0.024138646512501267
TMEM270 (135886),-0.024109481099996756
VPS9D1 (9605),-0.02409233206860817
GABRA3 (2556),-0.02408472291712998
PIAS2 (9063),-0.024084189891109126
PDILT (204474),-0.02407963324289718
DEFB126 (81623),-0.024078084412562935
HYAL3 (8372),-0.024061970056905805
ETFA (2108),-0.02406163453975454
SPCS2 (9789),-0.024059912661774586
RICTOR (253260),-0.024055469694486787
KDELR1 (10945),-0.02405490691962986
OGT (8473),-0.02404579093810844
TMEM145 (284339),-0.024037822643027153
XK (7504),-0.02402521256557148
MRPS12 (6183),-0.02401342614915277
TMEM184A (202915),-0.024010910667820674
MIA (8190),-0.023991665567505906
ITPR1 (3708),-0.02397768865136069
RIPK3 (11035),-0.023961977233812142
OCA2 (4948),-0.02395913173210825
PHYHD1 (254295),-0.023951984468951387
SKIDA1 (387640),-0.023935456680622323
PLAC9 (219348),-0.02393226079461966
ST3GAL1 (6482),-0.02392926230946302
ZNF512B (57473),-0.02392771350351143
KRTAP22-1 (337979),-0.02392215252529029
DNMT1 (1786),-0.0239197145927534
GRAMD4 (23151),-0.023917266602844628
MUC15 (143662),-0.023909704186115245
PVALB (5816),-0.02390883968619647
KRT3 (3850),-0.023904487273394722
RPL38 (6169),-0.023901571523151383
HTR1E (3354),-0.02389319193368119
SFTPD (6441),-0.023889033159670087
REXO2 (25996),-0.023880902451640807
ACBD4 (79777),-0.02387530459126803
IMPG2 (50939),-0.023873407529908023
CCDC14 (64770),-0.023870276263217815
GFAP (2670),-0.023862467342827525
SFTPB (6439),-0.023845844709354864
DDX55 (57696),-0.02384188797446498
SDC3 (9672),-0.023840939675922535
GCH1 (2643),-0.023840269825973228
CIB2 (10518),-0.02383187707532047
STX6 (10228),-0.023808339053407918
ATG10 (83734),-0.023808168838198297
NDUFA9 (4704),-0.023804162043565044
APOF (319),-0.02380074920415932
RNF169 (254225),-0.023798373906994203
OCLN (100506658),-0.023792861987954494
VPS29 (51699),-0.02378771591296913
ITPRIP (85450),-0.023786777338414448
ARL9 (132946),-0.023776141350225974
CEBPE (1053),-0.02377516345835019
CEP126 (57562),-0.023763281182045758
PYROXD1 (79912),-0.02375584384256603
RGS9 (8787),-0.023755804229855727
ESAM (90952),-0.02374673467043926
TWF1 (5756),-0.0237382980946401
CDH23 (64072),-0.023730579345357654
C17orf58 (284018),-0.023727312367275162
ARL3 (403),-0.023722908777991044
PYGO2 (90780),-0.023720701150862767
ALKAL2 (285016),-0.023720202510020754
DNAH12 (201625),-0.023717536108244033
OR7C2 (26658),-0.023709329066227067
PPY (5539),-0.023706674468963008
GOLGA5 (9950),-0.023705076603777804
SGMS1 (259230),-0.023703503477925606
CARD19 (84270),-0.023700758371063533
SPRR4 (163778),-0.023695576368294953
NEURL1 (9148),-0.023682683113579846
RLN3 (117579),-0.023667249771082685
DVL2 (1856),-0.02366715010257903
SPZ1 (84654),-0.0236645475771317
SERPINC1 (462),-0.023662159860066465
PPP1R37 (284352),-0.023656812935009517
CYP2C8 (1558),-0.023653550020328474
ANGPTL7 (10218),-0.023651680687691613
CKAP4 (10970),-0.023650877539892513
GPS1 (2873),-0.02363770106102623
SPATA31E1 (286234),-0.023615910745644165
RETN (56729),-0.023606298171903482
TMED1 (11018),-0.023603433180366718
ACTRT1 (139741),-0.023590842591462716
ANGEL1 (23357),-0.023587767204332494
NIPA2 (81614),-0.023579708516542217
UQCR11 (10975),-0.02357846953768879
KLC3 (147700),-0.02356596339676171
PRX (57716),-0.023564994052463865
WNT7A (7476),-0.023564752523915534
SNAPC5 (10302),-0.023562409785015476
CD37 (951),-0.02356224039980515
NOX4 (50507),-0.023551745755671906
LRRTM3 (347731),-0.023519180738245705
PPDPFL (492307),-0.02351150898300235
MNDA (4332),-0.02349191575788897
TMPRSS2 (7113),-0.023488341981431377
FIP1L1 (81608),-0.02348741113166411
TNFAIP8L1 (126282),-0.023471856035594405
MEIS3 (56917),-0.023466083666879044
GPR19 (2842),-0.02346459059872059
NSUN2 (54888),-0.02346205691297391
CD33 (945),-0.0234477510254755
KRT83 (3889),-0.02344677477703041
AMOTL1 (154810),-0.023446289544717062
FASTKD1 (79675),-0.02343723021932208
DHX34 (9704),-0.02342439846724863
PLVAP (83483),-0.023423201311109233
SPATA22 (84690),-0.023416060219568772
C17orf49 (124944),-0.023410178333331984
RAB5IF (55969),-0.02340656343984772
C12orf54 (121273),-0.023398381700590436
ZNF692 (55657),-0.023394068262172673
PTGES2 (80142),-0.023390498196047996
CENPQ (55166),-0.023390399590710688
HHIPL1 (84439),-0.023386707057523402
MORC3 (23515),-0.023384385064740176
EIF4EBP3 (8637),-0.023370833215168318
MRPS21 (54460),-0.02336210939652312
SLC22A14 (9389),-0.023359811847495544
SLIT3 (6586),-0.023358995929262022
SMKR1 (100287482),-0.023354191834494286
TEAD2 (8463),-0.023349224352461503
TCTA (6988),-0.023345036779473527
NOTCH4 (4855),-0.023342216130531522
MYCBP (26292),-0.023339978598842206
ACADSB (36),-0.023331806523365136
MRPS28 (28957),-0.023321543620596685
ARF5 (381),-0.023315344735200284
ATF1 (466),-0.023311121424445306
SMIM12 (113444),-0.02330353508781534
MGAT5B (146664),-0.023276235454896235
FAM174A (345757),-0.023273113672674883
TCF7L2 (6934),-0.0232700498953399
SYNE4 (163183),-0.023266395070632308
WBP2 (23558),-0.023263645458706045
PURG (29942),-0.023263317034322075
SLC5A6 (8884),-0.02325786677906924
SLC5A8 (160728),-0.02325289217059688
DYTN (391475),-0.023252654450736054
S1PR3 (1903),-0.023246822701872293
DGAT2L6 (347516),-0.023241852968936737
TMEM35A (59353),-0.02324169199896517
SHCBP1 (79801),-0.02323319663300827
CHD9 (80205),-0.023232107931155772
REC8 (9985),-0.023229212470226
MRFAP1L1 (114932),-0.023228447440107748
UNK (85451),-0.023226716470097615
LRRIQ4 (344657),-0.023217875499832032
SERTM1 (400120),-0.023215380267087075
PSMD9 (5715),-0.023212152578862687
TIGD7 (91151),-0.023206557606982103
CYSLTR1 (10800),-0.0232064259755138
LMNTD2 (256329),-0.02320476449185317
KCNK12 (56660),-0.023191206830281415
TNFRSF10B (8795),-0.023190183349495342
MB (4151),-0.023183592843161155
MYOD1 (4654),-0.02318033894572655
FOXP3 (50943),-0.023177789040571512
APRT (353),-0.023171388054634454
ZNF710 (374655),-0.02317126057661669
CORO2B (10391),-0.023168974352440645
CBL (867),-0.023168805685626827
SLC4A4 (8671),-0.02316321920638617
TNFRSF1B (7133),-0.023162659801143737
TTC9B (148014),-0.02314384920374666
CABLES1 (91768),-0.02313582657047086
LARP6 (55323),-0.02312982007252182
VEGFB (7423),-0.02312886903964243
VGLL4 (9686),-0.023128213943227012
ATG4D (84971),-0.02312649561866962
ZNF7 (7553),-0.023122478245944548
SLC2A13 (114134),-0.023118649069723825
POTEG (404785),-0.023116884290535888
ZNF506 (440515),-0.02310198858890063
GNG12 (55970),-0.023100362623297243
OMD (4958),-0.023091068200598402
FBF1 (85302),-0.02307231637857041
C17orf50 (146853),-0.023071019243021688
FBXO40 (51725),-0.023063980504864582
ZNF860 (344787),-0.02306078456594931
IL17RE (132014),-0.023058233624803363
UPK2 (7379),-0.023054136267477692
G6PC1 (2538),-0.02304442416326201
SPPL2C (162540),-0.023030367731331314
ZNF417 (147687),-0.023026897393584426
STK3 (6788),-0.0230268611536797
ZG16 (653808),-0.023024427743146773
TTC4 (7268),-0.023018419150610276
CUBN (8029),-0.023017639851129878
SLC52A2 (79581),-0.02301473590674505
MSANTD3 (91283),-0.023002688857158404
GPRIN2 (9721),-0.023001490841970413
CIMIP2B (730112),-0.022989395791485928
KLHL10 (317719),-0.022979417487890227
ZDBF2 (57683),-0.02297464341563878
PITPNM1 (9600),-0.022966569340467664
XPO5 (57510),-0.02296503531126617
XKRX (402415),-0.022959991637693123
LAX1 (54900),-0.022954064836028708
PYGB (5834),-0.022938538364463183
ZNF689 (115509),-0.022938100632195035
CCL24 (6369),-0.022931302097136955
CDH5 (1003),-0.02293109088757926
KRTCAP3 (200634),-0.022929824981937658
PID1 (55022),-0.02291857366255498
STX8 (9482),-0.02290904909396026
CXXC1 (30827),-0.022908107612019585
CDHR3 (222256),-0.022888669187245428
SLC43A3 (29015),-0.022886526073444942
VSIG4 (11326),-0.02288579251632447
TSSK3 (81629),-0.022882941432401886
RNF19B (127544),-0.022877767080831855
HSD3B7 (80270),-0.022874143446905356
FAM151B (167555),-0.02286738775799117
TSPAN6 (7105),-0.022858317443895253
GGA3 (23163),-0.022858103607486257
LBP (3929),-0.022858098615631973
LOXL2 (4017),-0.022850390377521172
SNX30 (401548),-0.02284523745628295
RIPOR2 (9750),-0.022843922882765683
RAB4A (5867),-0.02282412341751589
HOXB13 (10481),-0.022819699820077727
PLAAT1 (57110),-0.022818940316313964
CCDC9B (388115),-0.0228122162015737
ACCS (84680),-0.02280324035631519
GJB2 (2706),-0.022798522669591592
PDE4B (5142),-0.022793552543076422
HSPBAP1 (79663),-0.022789699717314163
CD180 (4064),-0.022786537478532515
APOC3 (345),-0.022784044688539302
BRIP1 (83990),-0.022783368915551997
PWP2 (5822),-0.02276873831945236
RSRC2 (65117),-0.02276735803673599
SECISBP2L (9728),-0.022766879492808357
IL25 (64806),-0.022763970771423087
RIMS2 (9699),-0.022761580403204588
CAPZA1 (829),-0.022755958083353844
ARHGAP22 (58504),-0.022754933058440806
LHX4 (89884),-0.02275226819287382
TFDP2 (7029),-0.022749709438508244
TNFSF13B (10673),-0.022748541393950942
ATXN7L1 (222255),-0.02274231363310931
PUS3 (83480),-0.022741171928078393
CKS2 (1164),-0.022741060954535174
GBE1 (2632),-0.022730746431313283
TSN (7247),-0.022730529822423108
NUDT19 (390916),-0.022725913809686825
PTK2B (2185),-0.022724622769944646
ARRDC5 (645432),-0.02272277539763247
PCDH18 (54510),-0.02271891726630298
CST3 (1471),-0.02271790860293823
PACSIN3 (29763),-0.022708749487008514
LRCH2 (57631),-0.022708219168579985
FXR2 (9513),-0.02270467613638795
POGLUT1 (56983),-0.02269745652258607
AIFM2 (84883),-0.022693421713921844
SPOUT1 (51490),-0.022686893052654346
TDG (6996),-0.022685077305725377
MAP7 (9053),-0.0226830852811127
PAIP2B (400961),-0.02268163418831881
POLR1D (51082),-0.022680572581963165
ZNF17 (7565),-0.02267827202634693
CFB (629),-0.022669652952424218
SNX5 (27131),-0.022659485972144632
PI4K2B (55300),-0.022658767328127154
USP3 (9960),-0.022655548246352977
KIF3C (3797),-0.022652398639414744
STAC (6769),-0.022640230665870505
STXBP4 (252983),-0.022636908378773437
PRSS21 (10942),-0.022631914725931374
MKNK2 (2872),-0.022623340402461434
DPEP2 (64174),-0.022618019119806283
SPIN4 (139886),-0.022616371733834243
FAM174B (400451),-0.022606697857248902
NEIL2 (252969),-0.02260389695752191
GGA2 (23062),-0.022595514376104825
MAGEA6 (4105),-0.022588677355076175
XPNPEP2 (7512),-0.02258016329687397
AVPR1B (553),-0.02257266218710923
BAZ1B (9031),-0.022570612242525052
CYB561D2 (11068),-0.022567060707939596
TMEM61 (199964),-0.0225600873839063
EXOC8 (149371),-0.022549709883943968
POLM (27434),-0.02254701609942021
VASH2 (79805),-0.022528668158907
FRMD6 (122786),-0.022522876736762933
GPX7 (2882),-0.022516161387166844
CALR (811),-0.022513289866496776
TTC24 (164118),-0.02250925256673948
SAMD7 (344658),-0.022499897415553374
CLUL1 (27098),-0.022497631306479554
BCAM (4059),-0.022497068584893688
ZCCHC18 (644353),-0.02249306363964069
MYL12A (10627),-0.022491865379000348
FGF6 (2251),-0.022490327454696864
ALDH1B1 (219),-0.022485890533400863
TMEM253 (643382),-0.022484626020254406
CDC25A (993),-0.02246994762146948
TMEM229B (161145),-0.022443312052708712
MFSD4B (91749),-0.022438037056197166
MYD88 (4615),-0.02243308987135204
ZNF664 (144348),-0.022422615885815848
TMEM91 (641649),-0.02241828014222977
EIF3I (8668),-0.022408373473044103
C3AR1 (719),-0.022405206362900255
POLR3C (10623),-0.022400859737928096
ZGRF1 (55345),-0.02239827781467205
KCNK6 (9424),-0.022392488018116174
H1-7 (341567),-0.02239191595673686
NSUN3 (63899),-0.022383012283706757
TMEM150C (441027),-0.02237185695775158
OR5B3 (441608),-0.022368486955078874
ERV3-1 (2086),-0.022366432701389743
ZGPAT (84619),-0.022359780736129334
SYT7 (9066),-0.022349914995690206
PDZK1IP1 (10158),-0.0223459730016368
CDC14A (8556),-0.0223318139130706
CELSR3 (1951),-0.022328050135833156
PIGC (5279),-0.02232636920586163
SLC44A1 (23446),-0.022321874617211863
KLK7 (5650),-0.022314882577707626
BBLN (79095),-0.022283666986396226
SLC2A6 (11182),-0.022283388710722697
RCAN1 (1827),-0.02227545329531724
MGA (23269),-0.02227206662976281
ESR1 (2099),-0.022266477242672278
BCL2L11 (10018),-0.022262343385744933
ZGLP1 (100125288),-0.022253686872380857
KRTAP15-1 (254950),-0.022234388070828427
SLC7A10 (56301),-0.02223257182734009
ANKRD17 (26057),-0.0222270498303193
EGF (1950),-0.02222286735086342
EEF1AKMT2 (399818),-0.022219148920439028
MYBPH (4608),-0.022218028977863194
CENPJ (55835),-0.02221417708004468
DHH (50846),-0.022212756617988744
CFI (3426),-0.022205063149905335
DUSP21 (63904),-0.022204177071936164
CPLX3 (594855),-0.022199212348052885
BICRA (29998),-0.022195788500610877
ZNF343 (79175),-0.022194349217769083
ABHD16A (7920),-0.022183397660079002
CSNK2A1 (1457),-0.022167858179493058
GNS (2799),-0.022167386331009696
USP9Y (8287),-0.022145976536841826
PITPNM3 (83394),-0.02214471083515435
RFX6 (222546),-0.02212467837734953
CASTOR1 (652968),-0.022114382793313816
NDUFA13 (51079),-0.02211415427219977
HTR3E (285242),-0.022090494458237582
ADCY5 (111),-0.022088532793869388
OR4D10 (390197),-0.022085111039658545
MCTP1 (79772),-0.0220736283916144
CRIP1 (1396),-0.0220647077020046
RAB13 (5872),-0.02206079267728643
OR6F1 (343169),-0.022060285567751737
DPH1 (1801),-0.02205877673705371
KDF1 (126695),-0.02205025895496355
KLHDC2 (23588),-0.022048036991866218
RPTN (126638),-0.022047452327679386
YY1 (7528),-0.02204443776756371
MKNK1 (8569),-0.022043779855294043
TOGARAM2 (165186),-0.022039369566782242
C6orf141 (135398),-0.022038444516331017
SLC25A41 (284427),-0.0220358070528598
ANKRD7 (56311),-0.02202859419947201
NUSAP1 (51203),-0.02202643623475527
DLG4 (1742),-0.02202506056100509
C14orf28 (122525),-0.02201630056288813
GALNT8 (26290),-0.02201363625413728
DEPP1 (11067),-0.02200087206620799
IL17C (27189),-0.0219996956018122
GPX8 (493869),-0.021985261706364743
HLF (3131),-0.02197903025579854
STIP1 (10963),-0.02197621252542469
TMSB15A (11013),-0.021962277005377496
LHFPL2 (10184),-0.021957880517175496
STK25 (10494),-0.021955710057276537
EPHA3 (2042),-0.021939953056672266
TDRD3 (81550),-0.021927716480796392
CISD3 (284106),-0.021927221973436738
NEDD9 (4739),-0.02192364798429305
ZNF500 (26048),-0.021922681947297074
SETD1A (9739),-0.02191425193531195
YWHAQ (10971),-0.021913326875139694
MBD6 (114785),-0.02191328267898571
TSR1 (55720),-0.02191092437208122
C9orf43 (257169),-0.02190940030373096
SIX4 (51804),-0.021867295727496707
SH3BP2 (6452),-0.0218659243355865
DPH6 (89978),-0.021861313994175468
FITM2 (128486),-0.021850115283952542
OR8H1 (219469),-0.021848069786073374
SIX3 (6496),-0.02184016008498659
EVA1C (59271),-0.021839285155750354
PRR19 (284338),-0.021836341067058167
VIT (5212),-0.02182955965736219
TSPAN14 (81619),-0.021822999162754896
DRC3 (83450),-0.021807347489862006
MFSD3 (113655),-0.021807085656105993
TACC1 (6867),-0.02180038995745015
SLC38A4 (55089),-0.0217956660708765
CHRND (1144),-0.02179158919401226
KCNC2 (3747),-0.021786839564258344
UBE2C (11065),-0.021782094599623773
JPH2 (57158),-0.021775325769627017
ANKRD65 (441869),-0.021771230775461857
TIGD1 (200765),-0.02176724599143794
UPK1B (7348),-0.02176456502829137
ETV3L (440695),-0.0217630774522819
GDAP1 (54332),-0.02175802088631128
SENP7 (57337),-0.021746110586333984
ZNF222 (7673),-0.02174349173949996
GOLGA7 (51125),-0.021738404455920332
FAM124A (220108),-0.021736753290738663
ART3 (419),-0.021733736816291954
SLC47A2 (146802),-0.021733302419892485
NDUFAF5 (79133),-0.02172346835394766
PILRB (29990),-0.02169666505344969
PAEP (5047),-0.021696611662019704
HSBP1 (3281),-0.021689164942110966
SLC22A7 (10864),-0.021684997364363554
IQCH (64799),-0.02168038695742703
ENTPD5 (957),-0.02167629285487666
ARMC8 (25852),-0.021673178776980394
DHTKD1 (55526),-0.02166245270686238
GJB6 (10804),-0.021646683794496722
CRLF3 (51379),-0.021644810552474757
NPSR1 (387129),-0.02164424549953255
GNG8 (94235),-0.021642604465111487
TENT5B (115572),-0.021641043156591787
ABCB11 (8647),-0.021618368788874603
PDP2 (57546),-0.021611460118477414
RBM17 (84991),-0.02160749453592155
CLDN5 (7122),-0.021594643634693572
MBP (4155),-0.02158839123980089
C5AR2 (27202),-0.02158585243952469
TMEM205 (374882),-0.021583015839100547
DNAJC1 (64215),-0.02158232317709265
ABHD4 (63874),-0.02157652667524601
RAI2 (10742),-0.021573653441094333
ADRB3 (155),-0.02157285408211564
MAGEB1 (4112),-0.0215720652488984
POLL (27343),-0.021570880530054355
TSACC (128229),-0.021565248015107102
RIT2 (6014),-0.021564079608291233
LRRCC1 (85444),-0.02156347487735998
CYP1A1 (1543),-0.021561449263895294
MRPL30 (51263),-0.021558835691810253
CALML5 (51806),-0.02155436293074409
SYT17 (51760),-0.021551146134301473
CCDC88B (283234),-0.021549941853047597
PTGDR (5729),-0.021546606250291395
ADGRF3 (165082),-0.021540136780335967
CFAP418 (157657),-0.02153742725431338
AK2 (204),-0.021528051811043832
JAKMIP1 (152789),-0.02152059681327379
KIAA1328 (57536),-0.0215200356921545
PRR5L (79899),-0.021507917951592383
GALNT9 (50614),-0.021498379194724148
SLAMF8 (56833),-0.021493884771895223
MAS1L (116511),-0.021486125898238485
CHRM4 (1132),-0.021477515157577814
ASGR2 (433),-0.02145648246119281
TOMM5 (401505),-0.02145537320345826
MT2A (4502),-0.021439414175378257
TRIM16 (10626),-0.021438139704565012
DAPL1 (92196),-0.02143428175163257
HOXA7 (3204),-0.021430204122879694
FABP7 (2173),-0.02142743569659436
NFATC3 (4775),-0.021424595868443027
CSNK2A2 (1459),-0.021413465191285532
RNF152 (220441),-0.021412937014772614
BID (637),-0.021411730530907135
TMEM72 (643236),-0.02140478450907395
HES7 (84667),-0.021401537477806976
IER5L (389792),-0.02139602904649765
COL24A1 (255631),-0.021388212904589227
TRMT9B (57604),-0.021386321333869703
NAALAD2 (10003),-0.02138213792324436
OMG (4974),-0.021381817772568566
EXTL1 (2134),-0.021367422262458826
PRKAA1 (5562),-0.021361157396151714
ZG16B (124220),-0.02135707865761682
ZCCHC2 (54877),-0.02135621688436089
IMMT (10989),-0.02135416677326047
LRRC73 (221424),-0.021353477278628918
UBXN11 (91544),-0.021351748913603415
POLE3 (54107),-0.02134283758481096
CXCL1 (2919),-0.021341901016034635
CDH24 (64403),-0.021340611441083405
RESP18 (389075),-0.021339771135965052
GALNT13 (114805),-0.021339202484655893
EEF1D (1936),-0.02133686132182856
MOV10L1 (54456),-0.02132724230891095
CCDC82 (79780),-0.021326194437439373
LRP1B (53353),-0.02132039598182273
ACTL8 (81569),-0.021309021227345036
TBC1D32 (221322),-0.021306779043962335
WDR3 (10885),-0.02130586116739698
RFTN2 (130132),-0.02130311207590273
STMND1 (401236),-0.02129132832960488
SGCZ (137868),-0.02128777592137797
EFS (10278),-0.021287306691724187
NTRK1 (4914),-0.02128059000544328
SOCS5 (9655),-0.021275571121419007
MS4A8 (83661),-0.021263573523831694
MLLT11 (10962),-0.021255773497068097
ULBP3 (79465),-0.021248607254742598
LRRC46 (90506),-0.021241511974352076
CPZ (8532),-0.02122447618362685
UNC5D (137970),-0.021212618998909975
AQP4 (361),-0.021210686314207684
CRTAM (56253),-0.021190035431964075
RCVRN (5957),-0.02118856426845398
PLAC8L1 (153770),-0.021185612585663424
CTNS (1497),-0.02118325710325226
GALR1 (2587),-0.02117081714907357
WDR5B (54554),-0.02115730683523473
AOX1 (316),-0.0211521294090759
IL6R (3570),-0.021142193541079914
BATF (10538),-0.021128418500642874
ZNF174 (7727),-0.021119841416273002
CCN5 (8839),-0.02111833633846828
OXER1 (165140),-0.021117794106725377
H2BW1 (158983),-0.021117222838594695
SLC17A9 (63910),-0.021111827578688173
GIPC1 (10755),-0.021111235513631983
GIMAP5 (55340),-0.021107726764015018
PGGHG (80162),-0.021102159233237494
ZNF497 (162968),-0.021100683576661835
RAP2C (57826),-0.021092717381814476
CYP4B1 (1580),-0.021089674720115456
PHF3 (23469),-0.02108244935450495
ADNP2 (22850),-0.021082161803999258
ZNF622 (90441),-0.02107423361187851
LTBP2 (4053),-0.021071455576314384
HAUS1 (115106),-0.021071014079811427
ASIC2 (40),-0.02106814647769539
GLP1R (2740),-0.02106154798442782
MMP19 (4327),-0.02105194772266297
PAX2 (5076),-0.021037516891136875
GNA15 (2769),-0.021031532107837075
CRYGC (1420),-0.021029942473073694
LTA (4049),-0.021027347237588787
FREM1 (158326),-0.02102602736548324
CCNB1IP1 (57820),-0.021006473148250195
OSCAR (126014),-0.021000864434361288
PRODH2 (58510),-0.02099643522684616
CYBRD1 (79901),-0.020989956612933628
ZNF783 (100289678),-0.020986177195804357
TMTC3 (160418),-0.02096908632634538
NPC1L1 (29881),-0.020958193325363802
MST1R (4486),-0.020946392454720325
MKLN1 (4289),-0.02094603670455875
BMAL2 (56938),-0.020941870267149415
POU2AF3 (120376),-0.0209410975211054
TLE4 (7091),-0.020926153144408023
RAB20 (55647),-0.02091880792816613
C12orf57 (113246),-0.02091408703348572
PRSS33 (260429),-0.020904096276312883
PSAP (5660),-0.020902903304922504
RFXAP (5994),-0.020899514739865212
FILIP1L (11259),-0.020891855540252115
PATL1 (219988),-0.020878141228409478
SMG6 (23293),-0.020876652685626104
NRL (4901),-0.020861556484113416
CDKN1C (1028),-0.020857518954648744
UBE2V1 (7335),-0.020853577533682027
CHD3 (1107),-0.020844835569592653
ARID3A (1820),-0.02083800494229668
P2RY11 (5032),-0.020834500645879644
STRA6 (64220),-0.020833230669563583
MT1A (4489),-0.020831421222290262
EGLN2 (112398),-0.020809738863422637
BAMBI (25805),-0.020798647618130498
PLEKHO2 (80301),-0.02079520039134502
KRTAP13-3 (337960),-0.02079367095166217
MEST (4232),-0.020787248132103864
SPIN1 (10927),-0.020786718689125377
MATCAP2 (23366),-0.02078019725054298
KRBOX5 (124411),-0.020778582741833935
HLA-DRA (3122),-0.020775019247669297
TREM1 (54210),-0.02076202087138232
CCDC142 (84865),-0.020757086573453133
SLC16A14 (151473),-0.020748819376331627
FAM20B (9917),-0.020747799218797724
SPATA6L (55064),-0.02074653239248177
GLB1 (2720),-0.020744507834146407
GATD1 (347862),-0.020744198524326823
GALC (2581),-0.02074241988337443
MARCKS (4082),-0.02073945168339613
GPRC5A (9052),-0.02073748822065292
TPH2 (121278),-0.020736666896541755
HTR1B (3351),-0.02073632438291861
TMED2 (10959),-0.020732099268184995
CENPC (1060),-0.020722113422469834
IL12B (3593),-0.0207169598211498
OR14C36 (127066),-0.020714192750831487
CD68 (968),-0.020706903541330802
MINK1 (50488),-0.02070473727447838
UQCC1 (55245),-0.020704516246213476
CELF2 (10659),-0.020702537534691905
ENTREP3 (10712),-0.02068573523631386
PRL (5617),-0.020684432134882975
DUOX1 (53905),-0.02068429013201112
RNF222 (643904),-0.02068353272852026
SLC16A2 (6567),-0.020679045904364136
DNAAF1 (123872),-0.02067472108065563
HCN2 (610),-0.020669245036232936
ENOX1 (55068),-0.020665368021256472
BAZ1A (11177),-0.020661846473504164
N6AMT1 (29104),-0.020661457338196437
NONO (4841),-0.02064164336955659
SLIT2 (9353),-0.020638906970667507
CYTH2 (9266),-0.02063574395522097
CEP20 (123811),-0.02063505426955248
DDX24 (57062),-0.02063447853675278
INPP4B (8821),-0.02062882915102675
EPHA8 (2046),-0.020625628898217948
OR5H2 (79310),-0.02062055477391131
EMP2 (2013),-0.020620393667177526
CIB3 (117286),-0.020616534215300308
FREY1 (143678),-0.0206127557766349
IGLL1 (3543),-0.02061091546326218
PARP10 (84875),-0.020595899802211312
PIGU (128869),-0.0205843863625398
HADHB (3032),-0.020572194432454463
DNAJB14 (79982),-0.020567280879712865
MS4A2 (2206),-0.02056450863073151
C16orf90 (646174),-0.020561270779535713
CAPN3 (825),-0.020560618931232972
SYT3 (84258),-0.020560513378351065
SUCLG2 (8801),-0.020560355134089964
SELENOH (280636),-0.020560212854727606
CCDC127 (133957),-0.020551503063929343
MFSD12 (126321),-0.02054798593076365
TNK2 (10188),-0.020546500560307445
MYBL2 (4605),-0.020545862316432816
SPSB2 (84727),-0.020517521653703522
CTRB1 (1504),-0.02051327824848403
BSG (682),-0.020500407787380725
C8orf58 (541565),-0.02049986345020247
C11orf58 (10944),-0.020492182610087787
GGCT (79017),-0.020490708155079227
RAB3GAP1 (22930),-0.02048988969374673
KIAA0319 (9856),-0.02048799439238194
CXCR1 (3577),-0.020480899130912566
HSD17B3 (3293),-0.020467612722766385
GTPBP3 (84705),-0.020464802145430328
FBXW12 (285231),-0.020462215126701967
CIP2A (57650),-0.020445468191056648
STX19 (415117),-0.020441851692877818
LETM2 (137994),-0.020438327724345985
SLC12A6 (9990),-0.02043263277766829
RXFP4 (339403),-0.020424997007875922
NXPH2 (11249),-0.02041193152971026
PHF19 (26147),-0.020410549978316338
PCDHGC3 (5098),-0.02040843030665785
MINDY1 (55793),-0.020406271890044392
SPMIP4 (136895),-0.02040598564344442
ZFP41 (286128),-0.02040568971978371
KCNU1 (157855),-0.020400812924374335
CLPB (81570),-0.020400386585807482
BSX (390259),-0.020390276066852925
SFRP4 (6424),-0.020386204176441335
CEP78 (84131),-0.020379122006462077
RHOXF2 (84528),-0.020360315885744856
KCNQ2 (3785),-0.020356009913936518
SIRPB1 (10326),-0.020355879875631647
GZMM (3004),-0.02035487959742602
PBX3 (5090),-0.020352377548062715
FAH (2184),-0.020347296289700226
ATXN1L (342371),-0.020345511559711472
GKN1 (56287),-0.02034099289833122
BLM (641),-0.02033964354197847
TMOD3 (29766),-0.020339312494902208
CIDEB (27141),-0.02033337652296642
OR9G1 (390174),-0.02033024554403135
MARK4 (57787),-0.02031749592626558
MSH5 (4439),-0.02031545359406829
SLC25A24 (29957),-0.020312589551600025
CHCHD5 (84269),-0.020287646396325635
RASA2 (5922),-0.020286503799338728
GPR84 (53831),-0.020275167783724873
MACIR (90355),-0.020258695991978135
AP3M2 (10947),-0.020255921909770075
KLHL3 (26249),-0.02025532929721908
KLHL12 (59349),-0.020251195842449922
TMEM202 (338949),-0.02025014345702157
GIT1 (28964),-0.02024885386235083
TGFA (7039),-0.020247990305916792
OR11H4 (390442),-0.020241055063939986
UFD1 (7353),-0.020236009444316944
TTLL1 (25809),-0.0202335142218166
BBC3 (27113),-0.02022748632769382
ALDH6A1 (4329),-0.020223049846195412
COL19A1 (1310),-0.02021976257293746
NUPR2 (389493),-0.020208479822713704
PKIA (5569),-0.020207764931985398
ARID4B (51742),-0.020202781639730064
RNFT2 (84900),-0.02020174700445354
POU5F2 (134187),-0.02020164462395456
SNX21 (90203),-0.020198886253709917
ATP6V1C2 (245973),-0.020180863266066714
CD320 (51293),-0.020176094473525686
OR10H2 (26538),-0.020174420117834133
PNPT1 (87178),-0.020168878429930714
IQSEC3 (440073),-0.020164587463057552
ANXA1 (301),-0.02016176635244339
ZDHHC5 (25921),-0.020160402700435325
EEPD1 (80820),-0.02015003971127351
FSTL4 (23105),-0.02014551436939735
ANKRD55 (79722),-0.020143066599558734
DHRS7 (51635),-0.02013285581161944
LAMTOR1 (55004),-0.02012735764445391
OR6Q1 (219952),-0.020125334752490207
NR1H2 (7376),-0.02010651821726334
CBR4 (84869),-0.020099834164288007
PNMA8A (55228),-0.02009983375753409
SCML1 (6322),-0.020098872960973232
TCF24 (100129654),-0.02009817217558571
SYCE1 (93426),-0.020097776079940347
LONRF1 (91694),-0.020097754707685937
CXCR5 (643),-0.020096956306159857
SLC13A4 (26266),-0.020095105876417562
PRICKLE3 (4007),-0.020089095784614527
PBRM1 (55193),-0.02008440695332515
PPIG (9360),-0.020084256661411254
CLEC2L (154790),-0.020079692861670034
REPS2 (9185),-0.020073170144981767
GLIPR1L2 (144321),-0.02007129657920191
PNISR (25957),-0.02006849663281967
KRTAP10-1 (386677),-0.02006494787295529
FOXJ2 (55810),-0.020064773250958522
IFNA5 (3442),-0.020064628825941663
CAPN13 (92291),-0.020050304333417587
PFKFB1 (5207),-0.020044847593431663
SNED1 (25992),-0.020028590297790836
MEI4 (101928601),-0.02002210712847254
TSPAN4 (7106),-0.019995293873198757
NDUFB8 (4714),-0.01999074516726497
EFEMP2 (30008),-0.01998908202894369
OR10V1 (390201),-0.01998421533439284
SGPP2 (130367),-0.0199566124389705
SYNGR2 (9144),-0.019940893155485508
SCGB2A1 (4246),-0.0199381255505325
CCDC106 (29903),-0.0199328688143778
NDNF (79625),-0.019927488447811722
SPRN (503542),-0.019923259118109934
MRM2 (29960),-0.01992218855197725
CCDC34 (91057),-0.01992137760220653
DHX35 (60625),-0.019906784342676082
PMEL (6490),-0.01990585213109338
CBY2 (220082),-0.019905611311181865
SPATA31A6 (389730),-0.019903932622808533
SLC35D3 (340146),-0.019899787348960793
PTPRZ1 (5803),-0.019887235839619464
TEAD4 (7004),-0.019886310554397938
RAB37 (326624),-0.019881916438863452
SLC25A20 (788),-0.0198778760709096
C20orf202 (400831),-0.019868519128856888
OSBPL11 (114885),-0.01986139963538156
ZNF674 (641339),-0.01985491706156284
C16orf78 (123970),-0.019849998223260213
SMAD1 (4086),-0.019843635412939604
STARD3 (10948),-0.01984357499476561
CHCHD2 (51142),-0.019842796599282276
SPMIP8 (374739),-0.019842057526538264
SLC25A30 (253512),-0.019829974252071093
INSM2 (84684),-0.019822320303344545
TRMU (55687),-0.019816506019808576
ADGRG5 (221188),-0.019792722507976687
PDGFC (56034),-0.01979070041393849
MTFR1 (9650),-0.019786893399617488
ZDHHC7 (55625),-0.019781655891327014
N4BP2L1 (90634),-0.019775649797093724
SCO2 (9997),-0.019772824338299366
TLDC2 (140711),-0.019760761773094236
PSPN (5623),-0.01975330859916814
HEXIM2 (124790),-0.01975318555161222
PROC (5624),-0.019734319881575264
BMPR2 (659),-0.01973263670863354
SMC6 (79677),-0.019732573563737078
CORO7 (79585),-0.019731787187681676
SNX2 (6643),-0.019729143633898338
GEM (2669),-0.019728448329315158
PHLPP1 (23239),-0.019727348447297243
MFSD2B (388931),-0.019723706520958596
PHACTR3 (116154),-0.01972318350091962
WNT3 (7473),-0.019717681509556956
NUFIP2 (57532),-0.019714996032822996
NEMP2 (100131211),-0.01971063461643438
EIF2B5 (8893),-0.0197098970987065
PTPMT1 (114971),-0.01970901372822828
FOXO1 (2308),-0.01970656895413202
EBP (10682),-0.019703075045069535
XDH (7498),-0.019697263579287323
CABLES2 (81928),-0.019696674441309046
CFAP44 (55779),-0.01969425821791843
CERS4 (79603),-0.01969373861300136
TMEM97 (27346),-0.01969168916922375
BLVRA (644),-0.01968892759226123
FGF9 (2254),-0.019687764530463944
TAP1 (6890),-0.019687659295679873
AIRE (326),-0.019674610193290462
CXCL8 (3576),-0.019670344905772054
ZBED3 (84327),-0.01966580744595409
RNASE13 (440163),-0.019664040303923408
NDRG2 (57447),-0.01965803619977103
SLC1A3 (6507),-0.019635394975793693
MFSD6 (54842),-0.01963387638451115
ARMT1 (79624),-0.019623277480158106
DHDDS (79947),-0.019597925317182123
ATXN7L3B (552889),-0.019590816287222316
CXCL9 (4283),-0.019578622401149343
TNNI1 (7135),-0.019576499500392374
HMGN3 (9324),-0.019573439258944548
CFAP95 (138255),-0.019566171958977977
MS4A1 (931),-0.019553373643420503
YAP1 (10413),-0.019552649761496975
ANXA8L1 (728113),-0.01955222261787576
CCDC198 (55195),-0.019550298074987087
AIM2 (9447),-0.019545637242774336
ASTE1 (28990),-0.019534814981738088
PANX1 (24145),-0.01953439897785306
ARSI (340075),-0.019523869372280976
PHF24 (23349),-0.01950813697017546
CCDC137 (339230),-0.019507906372791258
IBA57 (200205),-0.01950664973066523
ROBO3 (64221),-0.0195061886330702
GUCD1 (83606),-0.019503141263056075
NAF1 (92345),-0.019499545290776847
PSTPIP1 (9051),-0.019499505600434636
CFC1B (653275),-0.01949862321856034
VSTM5 (387804),-0.019497256561831898
MOB3A (126308),-0.019496025231673878
ABRA (137735),-0.019495081137615576
YIF1B (90522),-0.019487820242525156
SCYL2 (55681),-0.019483667895223652
VPS16 (64601),-0.019480923023832718
UBE2G2 (7327),-0.019478521623038043
BRDT (676),-0.019471692062332048
QNG1 (84267),-0.019467933048629503
NLRC5 (84166),-0.01944935414804341
SPMIP7 (100130988),-0.019438916614403286
LRRC71 (149499),-0.019435940279320003
HTR2C (3358),-0.019435180044276686
RDH16 (8608),-0.019432933581536593
HIPK1 (204851),-0.01942585209930612
FUCA1 (2517),-0.01942237635681094
DVL3 (1857),-0.019412898997279406
OPTN (10133),-0.01940958701752246
ROBO4 (54538),-0.019394464993243946
MKS1 (54903),-0.019387740215227448
BHMT (635),-0.019384233416556457
FAM168B (130074),-0.019382012882982105
TRIM39 (56658),-0.019371423934244018
LIMD2 (80774),-0.01936163591341249
ORC1 (4998),-0.019359775695942633
CASQ1 (844),-0.019358300773056742
TRIM17 (51127),-0.019353702557739702
GPR39 (2863),-0.019352216127181642
LRIT2 (340745),-0.019349787252682705
FOXI1 (2299),-0.01934046325111616
EGR1 (1958),-0.019338706765845533
RPRM (56475),-0.019335982086247535
GAST (2520),-0.01932751994668039
TAS2R16 (50833),-0.01931572197289417
ITPRIPL1 (150771),-0.019306248911184577
MOGAT3 (346606),-0.01928585947571456
PTH2 (113091),-0.019273353564136685
DENR (8562),-0.019269405980812913
PLPPR3 (79948),-0.01926839013801709
AGAP3 (116988),-0.019267378953059976
GPR15 (2838),-0.019255802416569472
RASGEF1C (255426),-0.019248211173243813
BCDIN3D (144233),-0.019242661118677448
CAPG (822),-0.019238452592919196
PSMB11 (122706),-0.019237266512429903
OR6C68 (403284),-0.019232816576159245
TMEM263 (90488),-0.019228260085649512
CDKN2A (1029),-0.019205875574823127
UNC5CL (222643),-0.019197402582498347
BLCAP (10904),-0.01919625642095574
PKM (5315),-0.019191686831452563
TRIP12 (9320),-0.01919165189606752
LGI4 (163175),-0.019189832083891845
ADAMTS4 (9507),-0.019188345177086404
ARK2C (494470),-0.019185710502628513
C5orf24 (134553),-0.01918302551469478
SNCA (6622),-0.01918282153938027
CYP1A2 (1544),-0.0191814520817783
MLN (4295),-0.01916923090927544
FSCN3 (29999),-0.01916890645485565
ASB13 (79754),-0.01916510991796025
GPR108 (56927),-0.01916462016357077
LSM10 (84967),-0.019162714091211626
ATP5MC3 (518),-0.019152548562984623
SPRED1 (161742),-0.019148422563358417
GPBP1 (65056),-0.019141211538778156
CCDC66 (285331),-0.019135972027239215
ARHGAP12 (94134),-0.019132847930237434
CSTA (1475),-0.019128474343387384
HIGD1B (51751),-0.019128289389028073
FAM162A (26355),-0.019125822113756272
HLA-C (3107),-0.019125387296925065
GFRA3 (2676),-0.019124090906570797
RANBP3L (202151),-0.01912276490810926
RNF39 (80352),-0.019120327823855986
NIPAL1 (152519),-0.01911685048580941
IFT43 (112752),-0.0191132155292911
DUXA (503835),-0.019112044374160315
IL1F10 (84639),-0.01910141563521186
S100A13 (6284),-0.01909544285955324
INTU (27152),-0.01907327858514444
SULT2A1 (6822),-0.019072221337528943
FBXO4 (26272),-0.01907117777444645
ALS2 (57679),-0.019049260173705007
ATP2B1 (490),-0.019048852090770868
SP6 (80320),-0.019044978560156668
ACVR1 (90),-0.01903299955719878
CASP14 (23581),-0.019032047916282494
PEX19 (5824),-0.01902023649847383
ECPAS (23392),-0.019017212651750073
SEMA6A (57556),-0.019015307068890396
ATP1B2 (482),-0.01901344126914048
GLIS2 (84662),-0.01901218812069173
AKR1E2 (83592),-0.019011644922512033
FIBIN (387758),-0.019010727230158946
ACD (65057),-0.0190102296312309
GPC3 (2719),-0.01900307678326627
CALB2 (794),-0.019000678352741145
FAF2 (23197),-0.0189978780476389
SLIT1 (6585),-0.018994717770724093
TNC (3371),-0.0189886644886988
FRMPD1 (22844),-0.0189870688667431
GOLPH3 (64083),-0.01898490008396753
GATA3 (2625),-0.01898403580170519
CALD1 (800),-0.018973575613723825
PLEKHF1 (79156),-0.018968010576106375
CD109 (135228),-0.0189668556358494
ARMCX4 (100131755),-0.01895379828321174
GABRQ (55879),-0.018949156532247803
DTNB (1838),-0.018945758761951606
AMPD1 (270),-0.01894549996357207
FRZB (2487),-0.018942092691260796
TMEM221 (100130519),-0.018938199163516734
MARCKSL1 (65108),-0.018937954533256505
TRAPPC6A (79090),-0.018936502524287014
SMPD4 (55627),-0.01892489518036052
ZNF398 (57541),-0.018905033282185936
PLA2G3 (50487),-0.018902839877496257
RAB42 (115273),-0.018892513264149032
POLR2B (5431),-0.018888874600280364
PRAMEF12 (390999),-0.018887482927649024
KCTD1 (284252),-0.018886069767249804
ABCC9 (10060),-0.0188798297306277
SEC14L6 (730005),-0.01887881382363309
PDGFRA (5156),-0.018877603654515362
ATM (472),-0.018865999160275735
TMED8 (283578),-0.018864708549442614
IKBKE (9641),-0.018861047779182807
IGSF21 (84966),-0.018859414367890515
FYB2 (199920),-0.01885745704858429
SEC23B (10483),-0.018842901693926408
KCNS3 (3790),-0.018841977413697822
BORCS6 (54785),-0.01884011329004629
E2F8 (79733),-0.01883575563747581
ERCC8 (1161),-0.018821827391849864
COL1A2 (1278),-0.018819187943089268
PDE4C (5143),-0.018817612020410407
PPFIBP2 (8495),-0.018808037929486605
OR4N2 (390429),-0.018797136308415226
CRYBG1 (202),-0.018774606025213667
ARMC5 (79798),-0.018768086752219977
PLAAT4 (5920),-0.01876685270846626
STRN (6801),-0.018756693384973096
TEX261 (113419),-0.01875596229730367
OR2Y1 (134083),-0.018752352815006278
LRRC3C (100505591),-0.018750923557468435
SLC2A3 (6515),-0.018749100549942742
M1AP (130951),-0.018741036804389946
NTNG2 (84628),-0.018733183755230802
VDR (7421),-0.018716280860821843
ANKRD13B (124930),-0.018699914321708196
HES5 (388585),-0.01869900635951943
ABHD14B (84836),-0.01869784127458935
PCDHAC2 (56134),-0.018694157013192367
ZDHHC24 (254359),-0.01869220506447444
D2HGDH (728294),-0.01868564478927104
MAGEB4 (4115),-0.018684920001411306
EXOC1 (55763),-0.018678027577094313
L1CAM (3897),-0.018673021843928408
PYROXD2 (84795),-0.018651188325919298
HBP1 (26959),-0.018647971861645362
MICALL1 (85377),-0.018647953709767413
ITSN2 (50618),-0.018642982379505103
ZNF649 (65251),-0.018638718132772986
IFT172 (26160),-0.01863563364012434
VPS37C (55048),-0.01862286817111054
C20orf173 (140873),-0.018622273987364178
AMOTL2 (51421),-0.01861157391136706
TMEM79 (84283),-0.01860274263312702
TLCD5 (219902),-0.018602684518212342
LAMTOR3 (8649),-0.018601257324208188
MAGEB2 (4113),-0.018601158915753466
ZNF395 (55893),-0.01859704281981017
PRRG4 (79056),-0.018592585345975816
EWSR1 (2130),-0.018589467477130667
ST8SIA1 (6489),-0.01858298133119237
CHI3L2 (1117),-0.018581883139591783
EML5 (161436),-0.018579499597401093
NPR1 (4881),-0.01857918909741978
HTR3D (200909),-0.018572742916104647
RMND1 (55005),-0.01856980970776337
C1QTNF5 (114902),-0.018567057107620816
VWCE (220001),-0.018556122555537003
KANK3 (256949),-0.01855591405655952
PLEKHA7 (144100),-0.018552429646784
ZNF79 (7633),-0.018546887605274117
DMRT1 (1761),-0.018544005163808427
DUS2 (54920),-0.018541184021789038
ADGRA3 (166647),-0.018539323383475942
BAZ2A (11176),-0.018538804104798228
HPS5 (11234),-0.01853868176603512
NIPA1 (123606),-0.018536955825766817
FCRL5 (83416),-0.018536621653219308
OTOF (9381),-0.0185285374373024
OXLD1 (339229),-0.01851154960849674
IQCF3 (401067),-0.018511262543601595
GSAP (54103),-0.018508073356893064
ABHD8 (79575),-0.018507564660362078
TAS1R3 (83756),-0.01849733634602528
SRP68 (6730),-0.018495946923462153
VPS13C (54832),-0.018495470095172984
CLDN20 (49861),-0.018488780492516472
APOA1 (335),-0.018487259156565097
GMPR2 (51292),-0.01848603449910861
GPR61 (83873),-0.018483155003606356
CATSPERD (257062),-0.018482173496591255
GLP2R (9340),-0.01847891701523595
ZNF350 (59348),-0.01847442867138673
ACP2 (53),-0.018473591979524445
SMPD3 (55512),-0.01847283511525064
NGF (4803),-0.018456989835074152
KCNJ2 (3759),-0.01845377007467823
EPB42 (2038),-0.018449767033515224
BCAS1 (8537),-0.01844754025635098
AHNAK2 (113146),-0.018440370888361507
HSPA2 (3306),-0.01843988138291783
DAP (1611),-0.018437770886749614
CHDH (55349),-0.018426585899429124
OLFML3 (56944),-0.018412558637937063
BMERB1 (89927),-0.01840089965511685
ADD1 (118),-0.01839907771584617
CDK16 (5127),-0.01839367254200947
HERC5 (51191),-0.018392302767040177
PRDM8 (56978),-0.0183875447408127
RND2 (8153),-0.01838632098009101
MDH2 (4191),-0.01837929512828279
LTC4S (4056),-0.01837497759616353
CT55 (54967),-0.01837327104194929
SPMIP5 (143379),-0.018368294164808893
CCDC125 (202243),-0.0183562423818322
FKBP8 (23770),-0.0183500631466004
TNFSF8 (944),-0.01834469963508137
PPM1E (22843),-0.018336819033171244
CYP26A1 (1592),-0.018335531093606555
PDIA3 (2923),-0.0183285588986306
PIH1D1 (55011),-0.0183245426426557
EGR3 (1960),-0.018320358748721944
ART5 (116969),-0.018304139467049677
PDX1 (3651),-0.018303586045627228
SCN8A (6334),-0.018300655655576002
BEX5 (340542),-0.01829709179535457
TYMP (1890),-0.018296930142678133
C20orf144 (128864),-0.018294805822409516
AKAP10 (11216),-0.01829203073013743
NAT2 (10),-0.018289737145207274
PHEX (5251),-0.018288915034049204
DDX31 (64794),-0.01828524828716282
PPM1G (5496),-0.018272759382623335
KCNN4 (3783),-0.018271936294027236
REM1 (28954),-0.018267944673832553
IFT20 (90410),-0.018267689091158574
IL17D (53342),-0.018262713450212905
C15orf40 (123207),-0.018257531694606956
ZNF546 (339327),-0.01825390661870513
SPRR3 (6707),-0.018250127889184228
TRIM14 (9830),-0.018245002977704424
STRA8 (346673),-0.018242780249928054
DHRS11 (79154),-0.01823864264188296
NTAN1 (123803),-0.018236544529764392
CNTNAP3B (728577),-0.018236306615325944
TCTN1 (79600),-0.018235550295916992
RAB3IL1 (5866),-0.018235132693124993
CDR2 (1039),-0.018227286404428687
ARSA (410),-0.018220762668047293
NBR1 (4077),-0.01821977392452514
GBP1 (2633),-0.0182046449500985
STK32B (55351),-0.018202037311234407
PAN2 (9924),-0.018201055824692457
BAG6 (7917),-0.018199417035976512
DEPDC4 (120863),-0.01819488807934406
MORC2 (22880),-0.018189815667777078
SLC25A29 (123096),-0.018188982521760107
HMGN4 (10473),-0.018188701338402436
HACD4 (401494),-0.018179697900194615
ARRDC1 (92714),-0.018178075895455673
CCDC47 (57003),-0.018175545294044974
GDPD1 (284161),-0.01817282314954676
MEF2A (4205),-0.018169883638861857
ZDHHC16 (84287),-0.0181685672764815
ADORA1 (134),-0.018165927189255065
YPEL3 (83719),-0.018158472491536147
IRF1 (3659),-0.018152692845917362
GRAMD1A (57655),-0.018149182862420475
SRSF12 (135295),-0.01814612965989318
OR5AP2 (338675),-0.018125628793427388
ABCD4 (5826),-0.018115603558353167
NLGN4X (57502),-0.01810601199678964
RASGRP2 (10235),-0.018104474775404684
FHIP2B (64760),-0.018097514868813884
PLAT (5327),-0.018088957022509254
OR52N5 (390075),-0.01808590284043989
FZD4 (8322),-0.01808217437006671
HINT1 (3094),-0.018081150239314843
SPATA4 (132851),-0.018080842603215092
CRB3 (92359),-0.018080083751931212
TGM1 (7051),-0.01807990747054127
RPN2 (6185),-0.01807492586100831
PARN (5073),-0.018070530187765735
KLF7 (8609),-0.018069854290791307
PRR7 (80758),-0.018056679660505243
RABAC1 (10567),-0.018055493366045193
TMEM210 (100505993),-0.01805476251068658
C4orf3 (401152),-0.018052678406418315
EIF4E (1977),-0.018051964046567042
IFFO2 (126917),-0.018039800720478266
SLC9A4 (389015),-0.018035274420565607
CD46 (4179),-0.018034837902298272
TH (7054),-0.018031272468637952
APCDD1L (164284),-0.01802970900731495
ZNF449 (203523),-0.018025428755963815
SYTL5 (94122),-0.01802283501005988
CCL3L3 (414062),-0.018021544703577228
ZNF629 (23361),-0.018001750902811718
LRRC20 (55222),-0.017989462056892756
NCR3LG1 (374383),-0.01798905719674298
DQX1 (165545),-0.01798815680077982
DPRX (503834),-0.01797875582241355
CUL7 (9820),-0.01797871197843908
MRPS18A (55168),-0.017977758914804198
SCRN2 (90507),-0.017970016523212225
ZFR2 (23217),-0.017969277073651285
LRRC24 (441381),-0.017963980207872488
PCSK7 (9159),-0.017960502884746262
CD302 (9936),-0.01796026917567292
DCP1B (196513),-0.01794910869440383
ENTHD1 (150350),-0.017939467036837454
TEX2 (55852),-0.017936130367372363
ASIC5 (51802),-0.017932759060602856
ZSCAN30 (100101467),-0.01792943704724903
HOMEZ (57594),-0.017929041612304956
B3GNT6 (192134),-0.017928085844780714
OR9Q2 (219957),-0.017927888936502764
FNDC9 (408263),-0.017919127893836043
OLFML2B (25903),-0.017916132827184253
COX6A2 (1339),-0.017903332625468938
SPACA3 (124912),-0.01790077112361964
ZMAT1 (84460),-0.017898341123030112
GPR68 (8111),-0.017896593196147
BCL7A (605),-0.01789605030157675
AGAP6 (414189),-0.01788992600728483
SEMA3G (56920),-0.017881662650896916
ZNF695 (57116),-0.017877534472672096
NR1D2 (9975),-0.017854341226272136
SETBP1 (26040),-0.017852647948543802
MEDAG (84935),-0.017851749634733495
TACC3 (10460),-0.017850681882390095
TMEM175 (84286),-0.017850478721775937
INSYN2B (100131897),-0.017847730204282774
GADD45GIP1 (90480),-0.017846031280729657
NECTIN1 (5818),-0.017839461802304807
ARSG (22901),-0.01783837936467078
IRF2BP2 (359948),-0.017836687405678685
GJA3 (2700),-0.01782832910238833
RECQL5 (9400),-0.017819694242322465
DLEU7 (220107),-0.01781855473615405
PTGER3 (5733),-0.017813291399108852
PER2 (8864),-0.017811993969390046
HADHA (3030),-0.017794118818968283
IGSF3 (3321),-0.017787390199282747
GAPDHS (26330),-0.01778676204933887
H1-10 (8971),-0.01778650333033764
CRY2 (1408),-0.017770690165403908
OGDHL (55753),-0.01776207052573802
LRRN4 (164312),-0.017751284424413954
CAMK1 (8536),-0.017746579205677505
RNF17 (56163),-0.01774395246296509
ZNF541 (84215),-0.017731287352795527
FAM186A (121006),-0.01772498500520398
SALL2 (6297),-0.01769752590714746
MIS12 (79003),-0.017692476641893936
SYT10 (341359),-0.017670150534548484
GCC2 (9648),-0.01766407540497433
MUC4 (4585),-0.017660964637197473
MEFV (4210),-0.01765576414270506
ASIC1 (41),-0.017638066772968922
IFFO1 (25900),-0.017635548898665802
NANOG (79923),-0.017634238487647263
DYNC2I2 (89891),-0.01762491623269183
SLC25A42 (284439),-0.017620452274727944
ZNF804B (219578),-0.017613053820617806
FOXL2NB (401089),-0.017608679766944985
KIAA1217 (56243),-0.01757062414739404
GATA2 (2624),-0.01756848753583953
WDR27 (253769),-0.017568479686445804
GMCL1 (64395),-0.017562356408552
SHISAL2B (100132916),-0.01754869346707833
TPST1 (8460),-0.017545317473750745
RCAN3 (11123),-0.017541219923713543
PTCRA (171558),-0.017540447560781568
LRRC38 (126755),-0.017536633080127362
TMED4 (222068),-0.017534189684729036
RBFOX3 (146713),-0.017526794448183388
PRSS48 (345062),-0.017525898803200917
H2AZ2 (94239),-0.01752326426229166
AQR (9716),-0.017520530710776794
CTXN1 (404217),-0.01752034052477853
TOP3A (7156),-0.01751901415789884
CKM (1158),-0.017513491481862407
RGMA (56963),-0.01751240813316622
TTC16 (158248),-0.017502747085075664
ZBTB43 (23099),-0.017492611052536595
DHRS1 (115817),-0.01748725134505803
OPALIN (93377),-0.017485899397054507
WFDC10B (280664),-0.01748350738203723
DOT1L (84444),-0.01747517125227236
TFIP11 (24144),-0.017473661210189936
KRT24 (192666),-0.017465856286414515
MYO1C (4641),-0.017451215184206618
RAB11B (9230),-0.01744464938656504
OCSTAMP (128506),-0.017443618427090437
TRPM6 (140803),-0.017441477533689416
SPTSSB (165679),-0.017441194825071508
FAM184B (27146),-0.017440413412162528
SYCE3 (644186),-0.01742818797505239
IL27 (246778),-0.01742540403613636
HPS1 (3257),-0.01741619364642773
PIEZO1 (9780),-0.017414325108179862
H2AC20 (8338),-0.01741414535748675
ASPG (374569),-0.01741132286220562
RGS7BP (401190),-0.01740844657194683
C1orf159 (54991),-0.017401658798290576
WIF1 (11197),-0.01738970471117001
SHISA4 (149345),-0.01738376630109983
MYT1L (23040),-0.017372430795336413
TMEM44 (93109),-0.017372372839163538
CACNB4 (785),-0.01736305647490814
ATG13 (9776),-0.017362089317055983
FUNDC1 (139341),-0.01736110473812452
DNAJB4 (11080),-0.017359958280153503
BRINP1 (1620),-0.01735940127008953
SLC5A7 (60482),-0.017358183838602114
MMAB (326625),-0.017353873069781065
CHST2 (9435),-0.01734665440461178
IRF3 (3661),-0.01734605479369509
AMPD2 (271),-0.01734332133666332
AEN (64782),-0.01734207989224051
MRPS35 (60488),-0.01733723169299022
IDNK (414328),-0.0173352514960821
LZTR1 (8216),-0.017329601988561462
DDX6 (1656),-0.01730754794753285
HYAL1 (3373),-0.01730716043411303
OR5K3 (403277),-0.017306112306064828
ACSS1 (84532),-0.017305961179443937
MOSPD2 (158747),-0.017304393011389776
AMN1 (196394),-0.017301602074611202
FAXDC2 (10826),-0.017297924894253004
MAT1A (4143),-0.0172923382553131
IL17REL (400935),-0.017283190592285846
ANXA9 (8416),-0.017271952943546047
DIABLO (56616),-0.01727173163863061
IMPG1 (3617),-0.01726759778188648
MARVELD2 (153562),-0.017266304947889947
C16orf96 (342346),-0.017259144618834463
APLP1 (333),-0.017252675277425515
HES3 (390992),-0.017250622614334958
MTHFR (4524),-0.01724526501535691
PTPN18 (26469),-0.017235884380059286
KRTAP5-10 (387273),-0.017229022356563553
OR51D1 (390038),-0.017224585114049895
ZNG1B (150472),-0.01721288959993136
DAPK3 (1613),-0.017210361068178817
SEC63 (11231),-0.017206379631656343
ARIH2 (10425),-0.01720299777351585
SRGN (5552),-0.017200823128092
ARHGDIB (397),-0.01719838091190894
LMBRD1 (55788),-0.0171981732647494
SOWAHD (347454),-0.017182532177936284
PDE7B (27115),-0.01718052614270139
C8orf34 (116328),-0.01717638077290985
DNM3 (26052),-0.017174325670948044
CIPC (85457),-0.017171899095981272
OR5H6 (79295),-0.01716845333483427
GSC2 (2928),-0.017166818368969487
UGDH (7358),-0.017163049880311726
KRT36 (8689),-0.01716261199519847
GJB1 (2705),-0.01716109452982962
SLC2A8 (29988),-0.017158780725576233
HEYL (26508),-0.01715843238973699
FBN2 (2201),-0.0171514997402449
C2orf78 (388960),-0.01713908189883488
NOS3 (4846),-0.01713873146790575
LRRN4CL (221091),-0.017135935401128958
XRRA1 (143570),-0.01713434450195594
MYBPC2 (4606),-0.017132539047806206
TIAM1 (7074),-0.01713006958927126
FOXRED2 (80020),-0.017129449956404842
MYOM1 (8736),-0.017125729718944993
GZMA (3001),-0.01711848463672646
FOXD4L5 (653427),-0.017107743330165712
EMILIN2 (84034),-0.017104484673234575
SERPINA3 (12),-0.01710444353855756
INAFM1 (255783),-0.01710103535087029
GSDME (1687),-0.017095974102322668
PRF1 (5551),-0.01709280091715101
C11orf68 (83638),-0.017086461026929657
ABTB2 (25841),-0.01707873445267861
BAAT (570),-0.01707808554143263
EMD (2010),-0.017071959489636586
SKI (6497),-0.017065936153567912
BCL2L10 (10017),-0.017054334515815287
IGFL2 (147920),-0.017046908510526825
CD200R1L (344807),-0.01704321000689837
CRADD (8738),-0.017036520469924307
FN3K (64122),-0.017011517980240077
RHOD (29984),-0.01699354101743567
EMX1 (2016),-0.016981875721303077
STAC2 (342667),-0.01698182110251159
GNA12 (2768),-0.01697558113125587
BCAR3 (8412),-0.016973294346266807
KCNB2 (9312),-0.016950844429149212
ODF4 (146852),-0.016950451845682103
RAB31 (11031),-0.016943108984438834
ABHD5 (51099),-0.016936982050930798
SMIM18 (100507341),-0.01692263884731328
ATP6V0D1 (9114),-0.016922219715143204
TMEM14B (81853),-0.01691300056059217
MRPS33 (51650),-0.01691292328827464
TSPO2 (222642),-0.016904795170925017
PLA2G4F (255189),-0.016904715277055272
BLMH (642),-0.016902458342954
MRPL16 (54948),-0.01690189169145351
GPR55 (9290),-0.016894128930645465
SLC25A16 (8034),-0.01688939564679546
SAFB2 (9667),-0.016884687399650905
DNMBP (23268),-0.016884085855650995
KRT13 (3860),-0.016882969792354152
SYT2 (127833),-0.016880771931146933
RDH13 (112724),-0.016876998711232348
ZNF684 (127396),-0.016874830232306567
ADGRG7 (84873),-0.0168609336663087
EMP3 (2014),-0.01686000324571746
REG3G (130120),-0.01685739633696336
TBC1D28 (254272),-0.016855661833563094
GOLGA2 (2801),-0.01685042664036953
GCSH (2653),-0.0168503579799549
RGS5 (8490),-0.016847891096604957
CLIP2 (7461),-0.016837844241334582
MCAM (4162),-0.01682794005433965
TVP23A (780776),-0.016827055136671338
ASPA (443),-0.01682412954833173
ZNF787 (126208),-0.01680936335091624
IGFL1 (374918),-0.0168035695393223
EEF1A2 (1917),-0.01680341142903213
C12orf43 (64897),-0.016801825815093274
EIF3B (8662),-0.016792605490523
VDAC3 (7419),-0.016782531606423002
OR5M3 (219482),-0.01678106926666178
AXDND1 (126859),-0.0167768745638718
RIPOR3 (140876),-0.016775412360427174
RAB34 (83871),-0.016775147266375058
SRF (6722),-0.016773268633192513
LDLRAD1 (388633),-0.016763619508104833
AASDH (132949),-0.016749172373172867
FAHD2A (51011),-0.016742767346756976
KRTAP24-1 (643803),-0.016741937573784352
PPP1R13L (10848),-0.016741180686274927
RAP1A (5906),-0.016734418901225193
STAT2 (6773),-0.016727077912809522
DRD3 (1814),-0.016726329670881467
OCIAD2 (132299),-0.01672181381803242
IFIT1B (439996),-0.01671395250818795
OR10AD1 (121275),-0.016706262980947965
COLEC12 (81035),-0.01669113474165818
GNPNAT1 (64841),-0.016679642410357343
GPR142 (350383),-0.01667901661115853
ZNF224 (7767),-0.016677748079954466
PLPP1 (8611),-0.01666376013904345
NUP210L (91181),-0.01665734764414
TBRG4 (9238),-0.0166554503819094
RESF1 (55196),-0.016639913761167354
RBBP9 (10741),-0.016633851826562233
LIX1 (167410),-0.016629010158044476
RPA4 (29935),-0.01662159666127345
TAX1BP3 (30851),-0.016615250481042697
PUS1 (80324),-0.01661488339840257
DLL1 (28514),-0.01661371225609914
TMEM273 (170371),-0.016613031170596274
H2BC26 (128312),-0.01661247474241144
GSG1 (83445),-0.0166117859371595
MEX3A (92312),-0.016610310377895367
VMP1 (81671),-0.016609850935852405
BCAP31 (10134),-0.016609290684341516
FAM83F (113828),-0.016608286660911534
PRELP (5549),-0.016607118312910313
LHFPL5 (222662),-0.016601469414337756
LDLRAP1 (26119),-0.01660095950242349
FAM53C (51307),-0.016598999351669107
NPAS4 (266743),-0.016574301431651367
APOD (347),-0.016573998174807713
ACOD1 (730249),-0.016573164484391698
LCE3C (353144),-0.016565984918948003
SLC35E2B (728661),-0.016555120692722868
LRIT1 (26103),-0.016542806652933367
SLC25A13 (10165),-0.016542634084695217
MOSMO (730094),-0.016525445302219204
PTGS2 (5743),-0.01652246076701485
HPX (3263),-0.01651287409302889
CPA1 (1357),-0.016511296600365055
CIMIP2C (339778),-0.016507458316180286
RBM28 (55131),-0.016504592088555255
ZBTB3 (79842),-0.016502774822918086
SLC25A17 (10478),-0.016498923019972626
KCNJ3 (3760),-0.016497101523276502
SHMT2 (6472),-0.016485807194808882
TMEM82 (388595),-0.016484716675779058
YKT6 (10652),-0.01646875057678877
OSGIN1 (29948),-0.016453372875784827
ERCC1 (2067),-0.016440240101656508
TIMP4 (7079),-0.01644018212603406
MMP1 (4312),-0.016438309536584383
SWI5 (375757),-0.016433646563706057
MRAP2 (112609),-0.01642344442658247
S100P (6286),-0.016411190388865276
TULP3 (7289),-0.016410218839621443
MOG (4340),-0.016408098333010455
BRD1 (23774),-0.016399593670308788
ITK (3702),-0.016396984002840134
DNTTIP2 (30836),-0.01639089471077664
SLC49A3 (84179),-0.016389404070360852
ACKR4 (51554),-0.01638691800318148
DUSP7 (1849),-0.016384224687025647
SLC25A37 (51312),-0.016382583670563156
GRK7 (131890),-0.016375574532341584
KCNK18 (338567),-0.016365379513463597
PEBP1 (5037),-0.016361771858337093
ZNF544 (27300),-0.01635599847661263
LGALS4 (3960),-0.016354969896131246
GGN (199720),-0.01634735802231932
UBE3C (9690),-0.01634610541888918
CRABP1 (1381),-0.016340460788761547
TSPAN8 (7103),-0.01632541083980289
ABCA2 (20),-0.016324771745873178
DNAH10 (196385),-0.016318211031416792
ZFP36L1 (677),-0.01631491705975442
EMID1 (129080),-0.016307862175313274
ID2 (3398),-0.01629658668372011
OR2AG1 (144125),-0.01629562271110835
DCC (1630),-0.01628465891560585
ZNF253 (56242),-0.01628109872185049
EBF4 (57593),-0.016275075594568297
PIAS4 (51588),-0.016274767843821782
SULF1 (23213),-0.016273700974537376
IMPA1 (3612),-0.01627108420332553
LMAN2 (10960),-0.0162655370867459
CCNL2 (81669),-0.016258306418771736
CCDC158 (339965),-0.016257031240318298
ARPIN (348110),-0.016243670410866065
GRHPR (9380),-0.016242435530067073
SLC17A8 (246213),-0.016235574906932206
GRINA (2907),-0.01623366595134043
PLAUR (5329),-0.016227948180730506
TAFA4 (151647),-0.016221758907568162
NPTXR (23467),-0.01620997584600829
CHCHD6 (84303),-0.016207801821113418
RIC8A (60626),-0.016200347105857743
AIP (9049),-0.016200323075096976
CLEC6A (93978),-0.016199045082495818
MTHFD1L (25902),-0.01619751737497787
PLEKHA3 (65977),-0.01619621523957331
MMAA (166785),-0.01617025992203663
NOA1 (84273),-0.016169556999467538
ADRA2C (152),-0.016161505780277436
FAM110B (90362),-0.016149307210470223
VEZT (55591),-0.016140478414730663
COBLL1 (22837),-0.01613907138872749
ERMARD (55780),-0.016134322662476906
TBC1D8 (11138),-0.01613307078242707
DCX (1641),-0.016127574011867384
MRPL11 (65003),-0.01611359318080871
TRIM21 (6737),-0.016111144354442497
FXYD7 (53822),-0.016111001694943162
SPACDR (402573),-0.016106217341661372
PROSER1 (80209),-0.01610522427009302
DIO3 (1735),-0.01610254126190024
NAB1 (4664),-0.01609968309046824
RNF186 (54546),-0.01609628483575929
BOLA1 (51027),-0.016095266640755036
ZNF750 (79755),-0.016081301459355535
KRTAP19-1 (337882),-0.016075094435165437
GTPBP8 (29083),-0.016070413715723323
TMEM203 (94107),-0.016069480135456473
ATMIN (23300),-0.016068145510710685
ZNF503 (84858),-0.016067407727925004
TMEM30A (55754),-0.016063964414111582
UBN1 (29855),-0.016056515925230556
CD52 (1043),-0.01605167126314156
SINHCAF (58516),-0.016051631042113445
TNNC1 (7134),-0.016050635088638666
APOL1 (8542),-0.0160498608499369
PMP22 (5376),-0.01604447743729281
SRD5A1 (6715),-0.016044448435446678
ACADS (35),-0.016043025658543746
NEK11 (79858),-0.016041950646484848
CCDC71L (168455),-0.01603537736649275
COX17 (10063),-0.01603097679308034
HSD11B1L (374875),-0.01602907518191874
SYNPO2 (171024),-0.016020079870040945
LRWD1 (222229),-0.01600715985507631
ELOVL4 (6785),-0.016004192788982737
ARHGEF28 (64283),-0.01599972912986639
BTLA (151888),-0.015997084345182
AKT2 (208),-0.01599668897684581
S100B (6285),-0.015995926342292764
SS18 (6760),-0.015994280187380285
LAP3 (51056),-0.015993975486695133
ATOH7 (220202),-0.01599244130706149
TRABD2B (388630),-0.01598233868198796
MTMR12 (54545),-0.015980707359897994
LRMDA (83938),-0.015980436660029598
H3-3B (3021),-0.015978381394649615
TMEM63B (55362),-0.015976188418930785
THBS4 (7060),-0.015969610523698975
SH3D19 (152503),-0.015964355615827555
SRXN1 (140809),-0.01595946754585134
ZNF878 (729747),-0.015950367243001966
LRRC66 (339977),-0.015942247833341444
LY6G5C (80741),-0.01593912612595527
ELANE (1991),-0.01593451539970376
MYO3B (140469),-0.015932701716024036
CCDC160 (347475),-0.015923187748558876
GNL1 (2794),-0.01591949644561681
NTN5 (126147),-0.015916162242478583
MSS51 (118490),-0.015915302564028067
CMAS (55907),-0.01590024321551911
IFITM2 (10581),-0.01589994702476643
FAM76B (143684),-0.015891681629666154
MADCAM1 (8174),-0.015876049432003582
CMKLR2 (2825),-0.015873216546795025
PHACTR2 (9749),-0.015862371641979903
TRPM5 (29850),-0.01585613877997387
LRRC49 (54839),-0.01585611104735109
CBARP (255057),-0.015848520973874645
NIPSNAP1 (8508),-0.015844250755338803
PRLH (51052),-0.01583972497044802
STAMBPL1 (57559),-0.015835924835778458
SERPINH1 (871),-0.01583057320750433
FERMT1 (55612),-0.0158246375496898
TTLL11 (158135),-0.015822430951554507
TSPAN5 (10098),-0.015822049182093685
FNDC10 (643988),-0.01581380467323649
ATXN2L (11273),-0.01581330068225826
TSEN34 (79042),-0.01581194687348865
HSF4 (3299),-0.015809691023925262
ZNF521 (25925),-0.0158083533302963
RBPJ (3516),-0.015808138399080716
DMRT2 (10655),-0.015805669810303017
CYP19A1 (1588),-0.01580367191334723
SOBP (55084),-0.01580275089148703
CRISPLD2 (83716),-0.015795296680359366
GPAT4 (137964),-0.015794241018339757
CLCN7 (1186),-0.01579423380309461
MTSS1 (9788),-0.015791597873854306
PHF7 (51533),-0.015791527664011065
ERBIN (55914),-0.015785709522991232
CNPY3 (10695),-0.015785629580438276
LPIN3 (64900),-0.01576479716790405
GALNT10 (55568),-0.01576438679932443
HESX1 (8820),-0.015754284822758122
SIL1 (64374),-0.01575132713495344
ZBTB40 (9923),-0.01574674164493506
C5orf34 (375444),-0.015743391663094054
SLAMF9 (89886),-0.015729123957448313
CDKN1A (1026),-0.015723167630304593
SNX31 (169166),-0.015722135204537125
SCARA3 (51435),-0.01572082147681705
ADIPOQ (9370),-0.015718412702282573
TMPRSS11E (28983),-0.01571804261738405
PDS5B (23047),-0.015717012700134533
PLXNA2 (5362),-0.015715484901025784
ADAM10 (102),-0.015711422163166636
BMP15 (9210),-0.015700713881668167
SULT1E1 (6783),-0.01569737462733468
SERPINA1 (5265),-0.015691811385412327
APPL1 (26060),-0.015678602598226413
POC1A (25886),-0.015678486921906664
HELQ (113510),-0.015676708203300558
TOMM40L (84134),-0.015670245629507404
OR4C15 (81309),-0.015669572405729124
KLHL25 (64410),-0.015669177053354966
REXO4 (57109),-0.01566716393742132
DDI1 (414301),-0.015659783873548102
TMPRSS11B (132724),-0.01565858170903632
C12orf75 (387882),-0.015656884164712684
RGS20 (8601),-0.015651891346427086
CIDEC (63924),-0.01564373839211491
ARFIP1 (27236),-0.015642703145989405
PRDM6 (93166),-0.015639872306579566
TCEA3 (6920),-0.015635729027321632
OR1M1 (125963),-0.015630296457684142
VAV1 (7409),-0.01562689366012307
C10orf71 (118461),-0.015621430366665431
ASH1L (55870),-0.015619187049823527
SNX10 (29887),-0.0155932654062962
SLC25A32 (81034),-0.0155848761810971
IFT122 (55764),-0.015582805761754194
PHTF2 (57157),-0.015572159982963822
KIAA1549L (25758),-0.015571925090808836
UNC13B (10497),-0.015570729610563782
STXBP5L (9515),-0.01556965054068498
SUSD6 (9766),-0.015568848171702088
ANXA7 (310),-0.015567090337847785
POMGNT2 (84892),-0.015562087150327572
MAL (4118),-0.015557581083090324
SRRM1 (10250),-0.015555426925846981
CLIP1 (6249),-0.01555263611792664
ARID5B (84159),-0.015549046547798335
IFNA17 (3451),-0.01554053291026814
SLC37A2 (219855),-0.015536244274127827
WFDC10A (140832),-0.015535712571502899
MPV17L (255027),-0.015533804193115553
EGFL8 (80864),-0.015531997568375026
STON2 (85439),-0.015530311071836493
NR1I2 (8856),-0.015526876220500776
PDE4A (5141),-0.015524385356655122
KLRD1 (3824),-0.015524254640735436
AKR1C3 (8644),-0.015522945717796473
PIGY (84992),-0.015518852909244285
CFAP276 (127003),-0.015518658818210622
AKIRIN2 (55122),-0.015517800282003735
GPATCH3 (63906),-0.015515194647704407
ACY1 (95),-0.015515072122962973
LOXHD1 (125336),-0.015511635473041489
CYLC1 (1538),-0.015507209647194825
CEP170 (9859),-0.015501727026865994
STK10 (6793),-0.015488017000076858
IGSF9 (57549),-0.01548790078275236
CCR3 (1232),-0.015486593138862194
CAMKV (79012),-0.015462875308009933
GRIA4 (2893),-0.015460840343704978
EDEM2 (55741),-0.015455018449938785
C1QTNF9B (387911),-0.015445941674220805
PGLYRP4 (57115),-0.01544535559756982
MATR3 (9782),-0.015444724642349675
SLURP2 (432355),-0.01542794103340731
EDC4 (23644),-0.015424864534928737
BTBD9 (114781),-0.015422859100953461
DNMT3L (29947),-0.015422569798231485
CBX1 (10951),-0.015422279542061
PRRG1 (5638),-0.015418230022566714
PPP1R3E (90673),-0.015418069708674395
ANKRD29 (147463),-0.01541290832965444
VWA7 (80737),-0.015396060611452668
DYM (54808),-0.015392079905199018
KIAA1549 (57670),-0.015387633177869122
SPEG (10290),-0.015384564822358653
CHUK (1147),-0.015381828313191263
RAMP3 (10268),-0.015378456876499828
METTL23 (124512),-0.015377781833427884
PTPRN (5798),-0.015371257444883275
DOK1 (1796),-0.01537115485416435
SLC5A10 (125206),-0.015367759616138666
RUFY2 (55680),-0.015366295780505017
AAMP (14),-0.015365581260660264
ATG12 (9140),-0.015364826388826141
CDC16 (8881),-0.01535370236171415
SLFN5 (162394),-0.015352415714545849
FOXP1 (27086),-0.01534584062996265
ZNF550 (162972),-0.015343690846709277
RCC2 (55920),-0.01534145702761563
AAK1 (22848),-0.015341391668449486
GJD3 (125111),-0.015340346114737599
PLAU (5328),-0.015332147098231575
NKX2-3 (159296),-0.015328321291648487
NHS (4810),-0.01532672439845773
SLC15A2 (6565),-0.015326049996974815
LRRC4B (94030),-0.015322043612499147
PLXDC1 (57125),-0.015321866946963187
PLPP3 (8613),-0.015310554523462343
LNX2 (222484),-0.015306330213175137
TMEM204 (79652),-0.015302992000218273
GALNT1 (2589),-0.015301003282896956
SECISBP2 (79048),-0.015295291405896133
ERICH5 (203111),-0.015291474758056544
HTR6 (3362),-0.015290300702504618
MEX3C (51320),-0.015287951048596
MAP1LC3A (84557),-0.015281349207248673
FAP (2191),-0.015272124520533783
ADAM18 (8749),-0.015268933751625264
ELAPOR2 (222223),-0.015265083987246375
KRT26 (353288),-0.015263931395468333
TLR2 (7097),-0.01525997395791323
PPP1R1A (5502),-0.01525776203863113
ICAM2 (3384),-0.015245580553153644
ARK2N (147339),-0.015244018688587447
CLEC4C (170482),-0.015231615681923537
CHCHD1 (118487),-0.015228945549701792
PAGE4 (9506),-0.015228883214202677
ZSCAN29 (146050),-0.015226231998222102
MEOX1 (4222),-0.015216181663309156
NAP1L3 (4675),-0.015212365654070508
TTC3 (7267),-0.015209461446824323
AWAT2 (158835),-0.015200462518600404
SH3BGRL2 (83699),-0.015191328608559927
SPINT2 (10653),-0.01519036208375878
USP15 (9958),-0.01518842794980976
GJD2 (57369),-0.015186616912899154
CRNN (49860),-0.015184104863214051
ZNF239 (8187),-0.015184031410916139
KLHDC7A (127707),-0.01516400076237059
NABP2 (79035),-0.015153899918801032
NDUFA6 (4700),-0.015149366727724682
PKD2L2 (27039),-0.015141698527884983
USP24 (23358),-0.015133206216555584
CDSN (1041),-0.01513298338882038
SOWAHB (345079),-0.015125702977336156
SVIL (6840),-0.015119713286528365
LRTM2 (654429),-0.015119456665161752
CYP4F12 (66002),-0.015110416051980404
ELP4 (26610),-0.015092215851098401
KLHL9 (55958),-0.01508952473812244
CLDN8 (9073),-0.015087190791001326
NOXA1 (10811),-0.01508648032250617
RIMKLB (57494),-0.015083136509104682
KRT74 (121391),-0.015081824671488577
COX4I2 (84701),-0.015081484500590776
TBX20 (57057),-0.01507516387273974
ADCK5 (203054),-0.015072394134472134
GATM (2628),-0.01507214289433455
ZCCHC12 (170261),-0.01507154414270499
PTPDC1 (138639),-0.015071192104442575
ANGPTL8 (55908),-0.015069684064387866
GPC2 (221914),-0.01506720635244946
LARP1 (23367),-0.015066195365693844
CPNE4 (131034),-0.01504751054471922
SCGB1D4 (404552),-0.015041456361829188
IGFN1 (91156),-0.015040260239327929
COL4A4 (1286),-0.01503741147597513
ERF (2077),-0.015033859610297845
SCN10A (6336),-0.015012675225264732
ALDOB (229),-0.015007204501525083
TRPC1 (7220),-0.01500298151147577
MRPS27 (23107),-0.015000508503169484
OR1N1 (138883),-0.014994509132154317
RGS18 (64407),-0.014987938131608716
USP48 (84196),-0.014987147351369325
CTSB (1508),-0.014982325060645644
PPP1R17 (10842),-0.014981218516396609
ELOVL7 (79993),-0.014975852890182053
HOXC5 (3222),-0.01497499341128797
BBS4 (585),-0.014968779219034145
PEBP4 (157310),-0.014951792433339198
MMRN2 (79812),-0.014947773133946456
HNRNPDL (9987),-0.014947317495589979
ZNF589 (51385),-0.014938272112124574
CHTF18 (63922),-0.014922277507331294
NGRN (51335),-0.014920013001954608
IL32 (9235),-0.01490950428344695
STAB2 (55576),-0.014907058159282784
ELAVL2 (1993),-0.014904199115464544
PON1 (5444),-0.014903296709011532
SLC11A2 (4891),-0.014899187057103976
BEX4 (56271),-0.014897001234916761
YPEL1 (29799),-0.014896715168699066
WAC (51322),-0.014894699159823457
ZNF577 (84765),-0.014892878915333118
MYO5A (4644),-0.014891881306009958
CDCP2 (200008),-0.014879809713481308
EXOC6 (54536),-0.014879692069908284
RUSC1 (23623),-0.014870482035718946
SCN9A (6335),-0.014863603675854709
MGAT3 (4248),-0.014857361100657766
CYP2W1 (54905),-0.014851936636588478
ZNF385A (25946),-0.014848767662098732
OR4A16 (81327),-0.014846246341846643
NHLH2 (4808),-0.014842981442496222
ZNF524 (147807),-0.014841020296450009
KRT73 (319101),-0.014821076428600581
OAT (4942),-0.014818424041259515
PEX26 (55670),-0.01481320316823338
FBXO2 (26232),-0.01481180698209352
CD4 (920),-0.014810679607918233
CSAG1 (158511),-0.014801315548788207
BNC2 (54796),-0.014792623610996777
UNC13C (440279),-0.01479206442162923
CCL2 (6347),-0.01477756036517004
LLPH (84298),-0.01477724382391167
ATP8B2 (57198),-0.014773493029043079
EOGT (285203),-0.014770780544622603
PELI2 (57161),-0.014761906129390824
ZNF668 (79759),-0.014760880769663217
SP140 (11262),-0.014756350340435369
CXorf58 (254158),-0.014754881320004987
AGRP (181),-0.014754759913230131
OR10G3 (26533),-0.014750344451295971
RNF13 (11342),-0.01474448235777464
ASB5 (140458),-0.014744241711375726
ATP6V0A4 (50617),-0.01474281369858912
LIMK2 (3985),-0.014729506408485601
FZD1 (8321),-0.014721099030453082
ZNF71 (58491),-0.014711051245526055
ARL5C (390790),-0.014703590689154625
B3GAT3 (26229),-0.014693694147818437
PKP3 (11187),-0.014673901016063246
AOC2 (314),-0.0146738081082119
MAN2B1 (4125),-0.014673616723630158
TET1 (80312),-0.014665715946265626
SUSD4 (55061),-0.01466498345462488
TMEM213 (155006),-0.014650682994224716
PKNOX2 (63876),-0.01464801097141891
ZMYND10 (51364),-0.014645842715461582
ZNF263 (10127),-0.01464533375016436
ANKRD53 (79998),-0.01464239640622913
CYP2A13 (1553),-0.014638702547889034
NDUFV3 (4731),-0.014635904355344002
TPRKB (51002),-0.014631477866584778
SLC5A5 (6528),-0.014631178086240626
IDH2 (3418),-0.014625296605920941
PPP1R16B (26051),-0.01462243931426962
HMGA2 (8091),-0.01462218468961657
REEP6 (92840),-0.014614010676427628
BDNF (627),-0.014611121059458592
UGT2B4 (7363),-0.014608162527415869
CCDC149 (91050),-0.01460537257358364
GLIS1 (148979),-0.014602614310775667
NTRK3 (4916),-0.014602351879969507
C22orf15 (150248),-0.014595464758330054
OR8U1 (219417),-0.014593592365715446
WDR45 (11152),-0.014587335617613922
TTLL6 (284076),-0.01458458085596899
UBA7 (7318),-0.014578902135753333
PDLIM2 (64236),-0.014577162681083881
FASLG (356),-0.014575847291165185
STX18 (53407),-0.014571117496099073
SLC6A1 (6529),-0.014570639923520002
HSD11B2 (3291),-0.014568801213090654
CST7 (8530),-0.014567960057846503
PLEK (5341),-0.014566632483815975
RTN4RL2 (349667),-0.014566430279915513
PTPRG (5793),-0.014565709664693305
TXNDC8 (255220),-0.014561904090491221
CACNB3 (784),-0.014559511100989643
DNAI2 (64446),-0.014552407453781396
POLR2C (5432),-0.014550606898940659
RASGRF2 (5924),-0.014539776033425685
STRIP2 (57464),-0.014539098763211529
EPHX1 (2052),-0.014538425713895057
P2RY2 (5029),-0.014529257609108403
NSG1 (27065),-0.014523714939766938
C2orf49 (79074),-0.014492975018558141
PPP6R2 (9701),-0.01449091099131139
TNIP2 (79155),-0.014485327207476511
HM13 (81502),-0.014483816121260836
EZR (7430),-0.014482090788820248
KLHDC4 (54758),-0.01448122215121381
CLDN14 (23562),-0.01446947785251526
COL10A1 (1300),-0.014468232124785608
SOSTDC1 (25928),-0.014450059143196999
SLC16A13 (201232),-0.01444812164347723
HEG1 (57493),-0.014447951203259668
TRA2B (6434),-0.014446781550934151
IL4 (3565),-0.014441501233635067
COL1A1 (1277),-0.014437002472646591
GPX1 (2876),-0.014432853265312654
RCBTB2 (1102),-0.014427365742899967
CYP46A1 (10858),-0.014417650562180582
WWC1 (23286),-0.014406264144293406
SFXN5 (94097),-0.014406049517741173
RBFOX2 (23543),-0.014392671873698231
ZNF513 (130557),-0.01439065101331733
ATP5MG (10632),-0.014389968054823071
KLK8 (11202),-0.014388805735585528
P2RY12 (64805),-0.014376005290428725
LCOR (84458),-0.014356819869680066
OR10C1 (442194),-0.014356389781894005
MAP3K2 (10746),-0.014355289595139153
DZIP3 (9666),-0.014352200183438493
SLC7A8 (23428),-0.014351696446753636
RPF2 (84154),-0.014348987342440224
C3orf70 (285382),-0.014340323018794843
GCNT1 (2650),-0.014337715642480493
B4GALNT1 (2583),-0.014330246331578544
CENPP (401541),-0.014329029116246528
MKI67 (4288),-0.014324778196692844
NXPE1 (120400),-0.014320675183222472
DRD4 (1815),-0.014317467596309648
CASP10 (843),-0.014314837589250593
NEIL1 (79661),-0.014308861914158451
RAB3C (115827),-0.014302783442871244
PROK1 (84432),-0.014284902800844235
SUOX (6821),-0.014274540722361314
IFIT1 (3434),-0.014271269221846484
FHOD3 (80206),-0.014267540908066628
FMR1NB (158521),-0.014266825407030937
WDR37 (22884),-0.014265287496326889
ANO7 (50636),-0.014261383418192903
GAPT (202309),-0.014259690600326872
SLC17A5 (26503),-0.014259493841232897
MAPK4 (5596),-0.014239358934234671
TST (7263),-0.014229363556407623
CTDSP2 (10106),-0.014224107941792581
MLNR (2862),-0.014220417663596557
OR5AN1 (390195),-0.014219158310955713
SH3BGRL (6451),-0.01421143004598391
FCGR2A (2212),-0.014211047530520734
KDM4B (23030),-0.014200959227169628
HMX3 (340784),-0.014192535412499294
SAMD12 (401474),-0.014189264605332463
LMO1 (4004),-0.01418031582170947
UNC93A (54346),-0.014171468544052079
SLC51B (123264),-0.014170776727750418
RHBDD3 (25807),-0.014155155858991304
ST18 (9705),-0.01415430594453752
INO80C (125476),-0.014148163504761392
GPHN (10243),-0.01414512892256663
F13A1 (2162),-0.01414120464190689
TREML2 (79865),-0.014141145943342134
SIPA1L1 (26037),-0.014140260289316075
DKK1 (22943),-0.014136895144836861
POTEC (388468),-0.014129890894560954
TRIM45 (80263),-0.014127844685578735
IER5 (51278),-0.014124588225752677
GPR12 (2835),-0.01412065301121683
CDH12 (1010),-0.014113635414916552
PPP2R1B (5519),-0.014106740928225689
NADK (65220),-0.014102209031496818
VWC2 (375567),-0.014099349597907863
CENPI (2491),-0.014099239677437633
FKBP14 (55033),-0.014099083785154736
HOXA6 (3203),-0.014097335292153079
SERINC2 (347735),-0.014093316959797238
COA3 (28958),-0.014082398272375543
PRSS53 (339105),-0.014080673920737936
ADRB1 (153),-0.014076821220453943
TMUB1 (83590),-0.014074227492763158
PRICKLE4 (29964),-0.014073812372320676
ARHGEF37 (389337),-0.014072461735900729
MAEL (84944),-0.01406578074300402
CFHR1 (3078),-0.014060747276071942
BYSL (705),-0.014056824645122533
ANG (283),-0.014056638756907514
VAT1L (57687),-0.014043245950324967
ZNF138 (7697),-0.014042535314066596
FUT10 (84750),-0.014042332873375321
RNFT1 (51136),-0.014034893090431697
SALL4 (57167),-0.014030831635910568
ZC3H4 (23211),-0.014025079807780807
FETUB (26998),-0.014015469878256836
COMMD7 (149951),-0.014012249974383922
MAGEB3 (4114),-0.014009366274134424
GPR35 (2859),-0.014002470214657465
SARDH (1757),-0.014001199748562008
COA8 (84334),-0.013999052444037484
DNAJB13 (374407),-0.013989935209998283
OCM (654231),-0.013982620984733633
BRCC3 (79184),-0.01397349851573871
AGBL3 (340351),-0.013969928804973053
IAH1 (285148),-0.013969632246156894
KRI1 (65095),-0.013968522260176348
THAP6 (152815),-0.013964071101074565
NMRK1 (54981),-0.013954417573890493
TTLL7 (79739),-0.01395248512069149
ACTC1 (70),-0.013946398673090936
CENPO (79172),-0.013945665431697321
CLOCK (9575),-0.013943408020362272
TRHR (7201),-0.013942240930996762
ERP27 (121506),-0.013939146702541642
NPY5R (4889),-0.013936087237871438
FDX1 (2230),-0.013934052962338165
OR8K1 (390157),-0.013933867434268514
FAM24B (196792),-0.013918575229961191
EID1 (23741),-0.013910687678965169
UGP2 (7360),-0.013910330856884954
SERPINA7 (6906),-0.013906438880197484
PRR32 (100130613),-0.013901256635223241
KRT86 (3892),-0.01390028745758804
MPV17 (4358),-0.013894434785321987
RNF183 (138065),-0.013892701968295255
ORAI2 (80228),-0.013890814177948064
TOMM70 (9868),-0.013880560477007592
SMTN (6525),-0.01387896411681328
ANXA11 (311),-0.013870542541534026
CCN2 (1490),-0.01386038761795381
EMC9 (51016),-0.013855589612763322
PNKD (25953),-0.01385524572327976
IL36B (27177),-0.01385329602405172
SYNGR1 (9145),-0.013848210869680144
ACOXL (55289),-0.013847770194099204
MPDZ (8777),-0.013842944643393437
PWWP3A (84939),-0.01384267297207752
TFB2M (64216),-0.013841901172151134
CEACAM19 (56971),-0.01384166295562593
NFAT5 (10725),-0.013832762266706907
RNF31 (55072),-0.013831718389445958
KRT14 (3861),-0.013826892026827124
SLC25A36 (55186),-0.01381485220625812
COQ10B (80219),-0.013804337006257881
ZNF10 (7556),-0.013802537925505082
CRYM (1428),-0.013791359370375412
MOS (4342),-0.013787723104994888
CBLN1 (869),-0.013781387238127578
TERF2IP (54386),-0.013780580951476462
ANOS1 (3730),-0.013780573631351777
PDZD11 (51248),-0.013776985900876644
ADCY8 (114),-0.01377272084434644
SMG9 (56006),-0.013771011746121553
HOXB5 (3215),-0.013768790979605509
RNF213 (57674),-0.01376723162850506
NDUFS7 (374291),-0.01375685885139798
HIBCH (26275),-0.013749629222923856
ACOT12 (134526),-0.013748233310005272
BRMS1L (84312),-0.01374738031337662
GNA14 (9630),-0.013744463410182588
OR51I2 (390064),-0.013742276313996146
GAGE12H (729442),-0.013736455431428457
PNRC2 (55629),-0.013735097984213707
NR4A3 (8013),-0.013733448574450744
CDC25C (995),-0.013730968233878786
KRTAP20-2 (337976),-0.013727156829982951
HOMER3 (9454),-0.013724522925006033
ARHGAP4 (393),-0.013719638592612066
ANKK1 (255239),-0.013715753216375328
CCNH (902),-0.013714826685537529
OR5H15 (403274),-0.01371179931834171
PCDH9 (5101),-0.01370747963013642
LKAAEAR1 (198437),-0.013702454879581136
KCTD15 (79047),-0.013700519454743081
PLG (5340),-0.013693849500889784
OR8B4 (283162),-0.013691574841435704
FBXO38 (81545),-0.013686548682622477
ASTN2 (23245),-0.013680116601971538
TTC7B (145567),-0.01367838525041564
CD2BP2 (10421),-0.013674845540637451
CENPL (91687),-0.013673865420461857
TSPAN7 (7102),-0.013671444129038922
SET (6418),-0.01366769840472321
PPP1R3F (89801),-0.013658538109145914
KDELR3 (11015),-0.013649114308637857
MEIS2 (4212),-0.013639117529420515
FAM151A (338094),-0.013626882478557319
CKMT2 (1160),-0.013619245333041114
RPTOR (57521),-0.013616719849025086
ATPAF1 (64756),-0.01361534421508396
ZNF510 (22869),-0.013607705112501638
ANKRA2 (57763),-0.01359943129696119
TRIP10 (9322),-0.013596514596603455
ABHD3 (171586),-0.013583447846201049
ANKRD27 (84079),-0.013582570432003139
SLC35F2 (54733),-0.013582291629714428
TTC19 (54902),-0.013580335600187135
OGFRL1 (79627),-0.013575959755661967
SOX12 (6666),-0.013571354867330711
GMPPB (29925),-0.013567896083233244
CST5 (1473),-0.013567713630151185
TTL (150465),-0.013562963886059846
C22orf23 (84645),-0.013542957657864937
IL10RA (3587),-0.013542030574518176
MMP10 (4319),-0.013541361497947496
LRRC47 (57470),-0.013536160369383357
SCGB2B2 (284402),-0.013530306804502956
MX2 (4600),-0.013527081968217171
CST9L (128821),-0.01352487119179368
ARL6IP6 (151188),-0.013519754281143012
HOXC11 (3227),-0.01351854312278175
TAGLN2 (8407),-0.01351766461158694
CBLC (23624),-0.013505464356450723
GLTP (51228),-0.013496210388570054
CD34 (947),-0.013491225134854378
RNF212B (100507650),-0.013489918494060161
CCR6 (1235),-0.01347687268845218
MXD3 (83463),-0.013467005170951823
ZNF98 (148198),-0.013462440034294346
CTDSPL2 (51496),-0.013456473515977242
C5 (727),-0.013453624964776032
EEF1E1 (9521),-0.013439302786973664
ECH1 (1891),-0.013428517362992599
OAZ2 (4947),-0.013423964448517943
GALNT16 (57452),-0.013422062061897734
BTAF1 (9044),-0.013413984347656427
WFDC12 (128488),-0.013412571001980166
PPIF (10105),-0.013405585674719526
CNDP2 (55748),-0.01340181900407957
ZNF200 (7752),-0.01339805165502795
CHRM5 (1133),-0.013394339319810962
C16orf46 (123775),-0.013378391848609943
SH2D6 (284948),-0.01336985552067857
C1orf146 (388649),-0.013367146759812666
KCNG4 (93107),-0.013364122526708483
FUCA2 (2519),-0.013350090559744024
SLC12A9 (56996),-0.013345472535822496
KIF26A (26153),-0.013343986852286523
OR4K5 (79317),-0.013337424053147754
OSBPL2 (9885),-0.013333964874117378
THOC3 (84321),-0.013328107838673473
ZNF326 (284695),-0.013325625445508997
ARPP19 (10776),-0.013322705854776549
LCT (3938),-0.01332037517918616
C16orf92 (146378),-0.01331614222819011
NPW (283869),-0.01331523041152392
FGF10 (2255),-0.013314935557728278
SLC16A9 (220963),-0.01330633458704732
ZNF3 (7551),-0.013304985932779316
STK17A (9263),-0.013300633120429365
TPM3 (7170),-0.013293538170390645
INTS5 (80789),-0.013293220753152262
TMED3 (23423),-0.013287608918896509
TMEM50B (757),-0.013274477424196036
SMARCE1 (6605),-0.013270053578156806
CYP20A1 (57404),-0.01326858839170558
TCEANC (170082),-0.013265315226941405
CENPH (64946),-0.013263850870334494
NNMT (4837),-0.013259417834895936
STH (246744),-0.013258086540673878
LTO1 (220064),-0.013250957477512907
FAM200A (221786),-0.013248457842110877
TMEM126B (55863),-0.013246882676777089
GARNL3 (84253),-0.013245466376792579
PHGDH (26227),-0.013239786673203462
SYT1 (6857),-0.013237561301527059
PTH (5741),-0.013232150579043256
GABRR1 (2569),-0.013225124252681275
OR14J1 (442191),-0.013221283636491603
ZBTB7B (51043),-0.013208933562466744
ZNF594 (84622),-0.013202384461930684
DAB1 (1600),-0.013197986712958002
KLHDC10 (23008),-0.013197241333350034
HSD3B1 (3283),-0.0131961829164194
S100A16 (140576),-0.013193179040247251
LRRC10 (376132),-0.013190215321088975
OSBPL9 (114883),-0.013186698956738697
CBLL1 (79872),-0.01317906498415059
MAGEC3 (139081),-0.013163001598985398
ARMCX2 (9823),-0.013150766605676325
XAB2 (56949),-0.01313814765225595
PTGER4 (5734),-0.013137031873001236
EIF4E3 (317649),-0.01313672618260683
UQCRQ (27089),-0.013135502136981047
ARMC12 (221481),-0.013130039458153702
IFRD2 (7866),-0.01312293289411126
TMEM89 (440955),-0.013117834472498991
TSPAN9 (10867),-0.013115045301107204
EAF2 (55840),-0.013111232363616988
RHOXF2B (727940),-0.013106060966022851
OR6B3 (150681),-0.013103601847922027
ASPRV1 (151516),-0.013096867424628513
BLOC1S6 (26258),-0.01309499634784568
GPER1 (2852),-0.01309255593288007
C1GALT1C1 (29071),-0.01308166155261626
NCCRP1 (342897),-0.013074109810194067
ERGIC2 (51290),-0.01307212163941774
PRAF2 (11230),-0.013068660605033927
LDB2 (9079),-0.013058511961540916
BLVRB (645),-0.013054309939901166
HROB (78995),-0.013054287009043614
DUS3L (56931),-0.013052175984569734
FRY (10129),-0.013052077549659449
GPRC5B (51704),-0.01304698540311
NMUR2 (56923),-0.013043570694746941
KIF1C (10749),-0.013036510505923148
SMAGP (57228),-0.01303446193398749
ANGPTL3 (27329),-0.013033920243043434
HYCC1 (84668),-0.013016747605501904
PEPD (5184),-0.013005359592285649
DPPA5 (340168),-0.01300481386498878
AUH (549),-0.013002881928483447
PNMA5 (114824),-0.012998423901418229
PHLDA2 (7262),-0.012991677452612727
CDCA8 (55143),-0.012991398513687415
SNX3 (8724),-0.012990981061287191
ATRN (8455),-0.01299013456568554
DEPDC5 (9681),-0.012984742755038185
PSMA8 (143471),-0.012983944040974528
DACT2 (168002),-0.012978405473401781
ELMO1 (9844),-0.012978038700317515
TAB1 (10454),-0.012976811721024181
KRTAP19-5 (337972),-0.012968155571046722
MYOZ3 (91977),-0.012961436792495272
SLPI (6590),-0.012952926088457247
ARMCX1 (51309),-0.012950092964190172
TMEM74B (55321),-0.012947270379807498
C1orf131 (128061),-0.01293983587609174
CYP3A43 (64816),-0.012929947834211716
ACSM1 (116285),-0.012929242506611921
TMEM38A (79041),-0.012928607688849705
RBMS2 (5939),-0.012925317338678367
OTUB1 (55611),-0.012923379973074332
SPX (80763),-0.012916637391416918
IL9 (3578),-0.012915599285207186
ZIC2 (7546),-0.012913926394424095
EMC4 (51234),-0.012912821607180458
TRUB1 (142940),-0.012909583247648584
B4GALT3 (8703),-0.012906557153533268
CDIP1 (29965),-0.012903432994406851
RAB30 (27314),-0.01290210179972886
B3GAT2 (135152),-0.012898645852922752
HGS (9146),-0.012896420788651072
SPNS3 (201305),-0.012896059714859447
ZNF730 (100129543),-0.012889572296863943
ZNF736 (728927),-0.01288310204172245
B4GALNT2 (124872),-0.012870527075226913
NAP1L5 (266812),-0.012869062236048298
MAN1A2 (10905),-0.012867633670172764
PCBD1 (5092),-0.012866371128974565
SAC3D1 (29901),-0.01285655050948319
KAT14 (57325),-0.012851203041789619
FOLH1 (2346),-0.012850396764694216
SOX17 (64321),-0.012844203670327667
TOM1 (10043),-0.012835134285863579
ZFP91 (80829),-0.012834764104088526
ONECUT1 (3175),-0.01283366147349112
TAPBP (6892),-0.0128310884356524
HOGA1 (112817),-0.012828390918775395
ZNF526 (116115),-0.012828237513073947
MEF2B (100271849),-0.012824536687115891
PRSS23 (11098),-0.012824214368820547
CCDC78 (124093),-0.012821609346103015
PLS1 (5357),-0.012820707801966752
GRHL3 (57822),-0.012817378467417293
CACNB1 (782),-0.012809309791595048
GNG4 (2786),-0.012808471432881267
PCCB (5096),-0.012807479481670435
GNRH2 (2797),-0.01279502794591485
ZNF362 (149076),-0.012791777411056303
HOXD10 (3236),-0.012788020482160257
SSC4D (136853),-0.012778114796649413
HSD17B6 (8630),-0.012761161154413683
AKAIN1 (642597),-0.012759321226760885
OTOS (150677),-0.012755597714694904
EFNB1 (1947),-0.012752523983502186
KCNN3 (3782),-0.012751487132395557
TTLL12 (23170),-0.012751095334633044
ZCCHC17 (51538),-0.012749271179037076
SIRPG (55423),-0.012745437514241289
MIGA1 (374986),-0.012736314991360737
CLCN5 (1184),-0.012733688609393373
DES (1674),-0.012722895520824304
SLC24A1 (9187),-0.012719835112449476
APLN (8862),-0.012718030575819285
C6orf226 (441150),-0.012717356302408956
F2RL1 (2150),-0.012709978906920112
CNKSR2 (22866),-0.012708120962759669
NT5C3B (115024),-0.012706937780227173
PPP1R14C (81706),-0.01269848803338519
PLA2G15 (23659),-0.012698335174871716
RALBP1 (10928),-0.0126949106808709
TRMT10A (93587),-0.01268816243355607
IMPACT (55364),-0.012686052742128
MLKL (197259),-0.012663521040452572
SIAH3 (283514),-0.01266290778874393
DCLK1 (9201),-0.012654588478648136
RNASE9 (390443),-0.0126474719977417
MAST4 (375449),-0.012644829473026045
CHCHD7 (79145),-0.01264018625840883
DDX42 (11325),-0.012639734923592414
YOD1 (55432),-0.012624656013345139
TRIM71 (131405),-0.012624272955981352
NTNG1 (22854),-0.01261722708185108
HORMAD2 (150280),-0.012613773391928823
EPHX3 (79852),-0.012598484293249205
POFUT1 (23509),-0.012590434042794942
RNF40 (9810),-0.012590111143264374
PDGFRL (5157),-0.012586254301194817
NIF3L1 (60491),-0.012585782716023673
MFSD2A (84879),-0.012584660783612922
C6orf89 (221477),-0.012582171263913254
IFNGR1 (3459),-0.012572148694623166
ANKRD24 (170961),-0.012566926377677434
TBL2 (26608),-0.012559779177398223
CLHC1 (130162),-0.01255535629195974
GNB5 (10681),-0.012549478465234168
LIM2 (3982),-0.012547270375774085
EMCN (51705),-0.012536372774952627
S100A5 (6276),-0.012534851026383685
IGSF23 (147710),-0.012534707218473317
TEP1 (7011),-0.01253177215508322
APAF1 (317),-0.012531499916072034
H2AC25 (92815),-0.012525455141381944
GNAT1 (2779),-0.01252330726003053
OR2T10 (127069),-0.012522181587959891
THY1 (7070),-0.012520506884088733
HLA-DMA (3108),-0.012520182085794083
OSBP2 (23762),-0.01251963785680273
HAP1 (9001),-0.012516187666392193
TRAM1L1 (133022),-0.01251584883602043
MPPED1 (758),-0.012494044700394606
HNMT (3176),-0.012491789199845721
EIF4B (1975),-0.012489038119086155
SETD4 (54093),-0.012487085342005754
MGME1 (92667),-0.012485810446030766
ZNF276 (92822),-0.012476284138229755
ACOT6 (641372),-0.012475407307176778
STOM (2040),-0.012474231024251133
ATAT1 (79969),-0.01246811901879995
TMPRSS9 (360200),-0.012467747803603737
KRT77 (374454),-0.012465439609045255
HDAC5 (10014),-0.012462237879316046
GJC1 (10052),-0.01245831670763735
SIRT2 (22933),-0.012456123094379885
PLEKHG3 (26030),-0.012454196833066243
SASH3 (54440),-0.012447038382966747
ASCL5 (647219),-0.012441171750689428
NAA11 (84779),-0.01244087508284916
CCDC172 (374355),-0.012440309481928253
DYRK4 (8798),-0.012429298109805517
PELI3 (246330),-0.01242029460927703
CORT (1325),-0.012419916139084922
CTNNA2 (1496),-0.012418623214546138
TTBK1 (84630),-0.012415420616652177
TAFA3 (284467),-0.012412457299357632
OR6C75 (390323),-0.012405419223890504
PHF11 (51131),-0.012403856564499018
SERPINI1 (5274),-0.012400837381422338
STK38 (11329),-0.01240037794453538
BACE1 (23621),-0.012400359026191009
CCDC73 (493860),-0.012399985999553336
REC114 (283677),-0.012397245170978795
FUOM (282969),-0.012386630186875488
TMEM132B (114795),-0.01238625437509976
KCNC3 (3748),-0.012382293036583466
TBX19 (9095),-0.012378808925083067
DENND1C (79958),-0.012375210226346382
ADAMTS16 (170690),-0.012363484324126362
TRIOBP (11078),-0.012361539797594984
TMEM242 (729515),-0.01236011840451111
TMC4 (147798),-0.012359792370944167
DPEP3 (64180),-0.012359228045668852
BANP (54971),-0.012341462589128568
NIPAL4 (348938),-0.01233928269535023
LIG1 (3978),-0.01233154964652074
TMEM143 (55260),-0.012330412188046216
DNASE1L3 (1776),-0.012325896424560352
DNAH9 (1770),-0.012315751208837229
ANXA6 (309),-0.012307618201128299
GMPPA (29926),-0.012306887063075398
TRIM55 (84675),-0.012304893320743417
USP38 (84640),-0.012297615801959275
C5orf15 (56951),-0.012296044755733765
CCL1 (6346),-0.012291979876031091
STAB1 (23166),-0.012285696965435862
CRABP2 (1382),-0.012277475575338587
CCER2 (643669),-0.01227226242433021
XRCC1 (7515),-0.012272034625615477
CYREN (78996),-0.012271708710980581
TROAP (10024),-0.012271118049668609
NTMT2 (149281),-0.01226284723976442
CASS4 (57091),-0.01226100062999219
PDXK (8566),-0.01225064087980479
KCNN2 (3781),-0.012238914942499358
TEX15 (56154),-0.012234859170574573
FGFBP2 (83888),-0.012233228298526128
CRELD1 (78987),-0.012231734715225933
ORMDL2 (29095),-0.012231190086408543
CXXC4 (80319),-0.012227934552428618
CAP2 (10486),-0.012209761742211537
TRIM61 (391712),-0.012207178483280982
ATXN7 (6314),-0.012206123100647783
EPS8L2 (64787),-0.012205036395161071
BTG3 (10950),-0.012202787798570857
IL21R (50615),-0.01220258029389253
ZBTB34 (403341),-0.012201352797215693
PCMTD2 (55251),-0.012195128671805283
OXR1 (55074),-0.012193997892016237
TXNRD2 (10587),-0.012191573384871443
PRSS38 (339501),-0.012190046232325698
SCRT2 (85508),-0.012187272555708568
ATAD2B (54454),-0.012183653833419269
WDR38 (401551),-0.012181019981458712
SCUBE1 (80274),-0.012177248963486766
ANK2 (287),-0.012173440058021618
EVA1B (55194),-0.0121697699212817
KCTD19 (146212),-0.012167553549902928
KCNN1 (3780),-0.012162500613606774
MTPAP (55149),-0.012157441598789594
MMP17 (4326),-0.012152523985200453
FAM187B (148109),-0.0121497080301755
SEMA3E (9723),-0.012127265691370183
HOOK3 (84376),-0.01212186502963022
SLC11A1 (6556),-0.012105065085104753
PSORS1C1 (170679),-0.01210495287406565
PLK5 (126520),-0.012102164927444216
NOXRED1 (122945),-0.012101991330607027
SAMD15 (161394),-0.012088961374918335
KLHL4 (56062),-0.012084239179841794
MRPL39 (54148),-0.012082705388425138
ASH2L (9070),-0.01208214889760231
CA14 (23632),-0.01208033030295892
GNE (10020),-0.012075996868203147
HECW1 (23072),-0.01207362047119921
STAM2 (10254),-0.012070947000208521
OR1C1 (26188),-0.012069478082969369
IL1RN (3557),-0.012065971251368029
OR4D5 (219875),-0.012065437694295519
SAMD9L (219285),-0.012065349602038714
WSB1 (26118),-0.012063445765154914
TRAM1 (23471),-0.01206212268922111
TSGA10 (80705),-0.012050781265811305
ALOX5AP (241),-0.012045937754125135
ARHGEF4 (50649),-0.012041776024098023
CD93 (22918),-0.012040280859403604
FMO5 (2330),-0.01203771569078772
CHODL (140578),-0.01203207581003568
FGL1 (2267),-0.012031783603508062
RAB35 (11021),-0.012025305020867872
GSTP1 (2950),-0.01201185052103999
GIMAP6 (474344),-0.012009706291313168
IFNL1 (282618),-0.012009598412180179
SERINC3 (10955),-0.012004904194013713
PGM5 (5239),-0.01200457375681014
GNG10 (2790),-0.012003483800997077
FOXE1 (2304),-0.011999763845664153
CDCA7 (83879),-0.011991997789549111
FABP6 (2172),-0.011985016442494395
FREM2 (341640),-0.01198281807740336
CDC14B (8555),-0.011980882896007907
MYO9A (4649),-0.011980534637558365
TEX55 (152405),-0.01198032118614637
GLIPR2 (152007),-0.011978395526005024
GRK6 (2870),-0.011973826679298107
MTHFD2 (10797),-0.011967973348695813
CD81 (975),-0.011966489381152723
MCHR2 (84539),-0.011945147489316927
TNFRSF10A (8797),-0.01194353016675004
CEP250 (11190),-0.011943119517206063
PRPF40A (55660),-0.011941755514787888
UBQLN4 (56893),-0.01194065833317402
HTRA4 (203100),-0.011932368693688444
FGD4 (121512),-0.011923444021472674
MAP3K21 (84451),-0.011916695282701738
SPRYD4 (283377),-0.011912336103222992
NODAL (4838),-0.011909514880913673
GSDMA (284110),-0.011901176397758575
FRAS1 (80144),-0.011900313365109912
SERPINB7 (8710),-0.011896912691914983
DLX4 (1748),-0.011895167094742875
ITGB6 (3694),-0.011894756717994486
PREP (5550),-0.011893117632667767
ASPM (259266),-0.01189072810793785
PGAM2 (5224),-0.011883332552016379
PLCD1 (5333),-0.011881350434367801
NUDT5 (11164),-0.011876987476378983
NECTIN3 (25945),-0.011874934784558809
KRT76 (51350),-0.011871805606585706
LARS1 (51520),-0.011861429368596379
B3GNTL1 (146712),-0.011860830251876772
CA8 (767),-0.011858650721590333
TNF (7124),-0.011857566170044354
RASSF2 (9770),-0.011853586679037851
WWP1 (11059),-0.011852516973044557
OR1F1 (4992),-0.011852343969094887
RDH14 (57665),-0.011849512027181108
PES1 (23481),-0.011846358140032672
MEGF9 (1955),-0.011844131265938126
ERICH4 (100170765),-0.011841983184910186
CEP44 (80817),-0.011841223479121385
RING1 (6015),-0.011821381591572578
OR51B4 (79339),-0.011814958857835614
ZNF283 (284349),-0.011814695549509343
TM7SF3 (51768),-0.011806668540979675
EDRF1 (26098),-0.011806363497293476
DET1 (55070),-0.011805837737815907
FRAT1 (10023),-0.011798451987099983
THSD1 (55901),-0.01177809416709795
HIC2 (23119),-0.011771935694424751
FAM163A (148753),-0.011758974306809333
CCL19 (6363),-0.01175585740924449
STXBP6 (29091),-0.01175537756976381
TGM4 (7047),-0.011754234062754663
MPND (84954),-0.011753997560255006
PDIA5 (10954),-0.01174705065253024
STX10 (8677),-0.011745343454436978
KIAA0753 (9851),-0.011744595227214551
GJA10 (84694),-0.011741345328328023
AGRN (375790),-0.011740845817067547
RADIL (55698),-0.011726809089492491
TMEM50A (23585),-0.011725292193470554
BRD7 (29117),-0.011716405499258214
NECTIN4 (81607),-0.011716282036455255
AP1G2 (8906),-0.011713993839114645
MAGED1 (9500),-0.011713750883251219
IFNA8 (3445),-0.011696103259613937
LINGO3 (645191),-0.011695300481987705
IGF1 (3479),-0.011691027069801227
LHX2 (9355),-0.011682186294922063
MOSPD1 (56180),-0.011679886554147065
DNAJC7 (7266),-0.011668666641584119
AP4E1 (23431),-0.011664185638580344
UCP1 (7350),-0.011663097565018946
ITM2A (9452),-0.011653350079494943
CALHM3 (119395),-0.011651927478519515
GCHFR (2644),-0.01164793608860375
LGALS9C (654346),-0.011644376514074939
NFIB (4781),-0.011640746463839753
SUGCT (79783),-0.01163367924954557
SCARF2 (91179),-0.011622126853118055
MYO1H (283446),-0.01161566435883365
DELE1 (9812),-0.01161005177382219
PRKCH (5583),-0.011609029161785505
MEOX2 (4223),-0.011607793198584928
PAFAH1B3 (5050),-0.011603681229138617
TSPAN11 (441631),-0.01160162026762466
OR8D1 (283159),-0.011600944462411441
TWF2 (11344),-0.011598616098243468
PRTN3 (5657),-0.011596195153872033
OR6C2 (341416),-0.011594276830044934
QDPR (5860),-0.011584147152274344
ZFP92 (139735),-0.011580123110609582
ADGRG2 (10149),-0.011573838231187333
HPCAL1 (3241),-0.011570580854701806
GREM1 (26585),-0.011568244496912971
JADE1 (79960),-0.011568191766318068
U2AF1L4 (199746),-0.011563292023235403
TENM1 (10178),-0.011558508673583162
ZNF592 (9640),-0.011555814918880622
TMEM47 (83604),-0.01155186896939479
FNDC7 (163479),-0.011550680667160801
IL23A (51561),-0.011546010046317983
ATCAY (85300),-0.011544775331543695
GALNT15 (117248),-0.011535024047401131
RTP4 (64108),-0.011533732850496872
SSU72 (29101),-0.01153355089611004
DLAT (1737),-0.011531785765792415
SAPCD2 (89958),-0.011529929125185648
TXNDC12 (51060),-0.011522223543964403
BEGAIN (57596),-0.01152009177843688
EDIL3 (10085),-0.01151939451218404
HOXA3 (3200),-0.011511995184072346
CNGA4 (1262),-0.011509655425242538
TTR (7276),-0.011505132598006897
TMEM178B (100507421),-0.01150324502484586
C10orf105 (414152),-0.011502524894929084
DIP2C (22982),-0.011501653327987292
FOXR2 (139628),-0.011497246320162482
TRIM40 (135644),-0.011483064636372903
FANCB (2187),-0.01147914558562105
MAGEA1 (4100),-0.01147868203633576
CYSTM1 (84418),-0.01146801113610345
ENPEP (2028),-0.011466364209281169
PROKR1 (10887),-0.011462661836878187
PHACTR4 (65979),-0.011456333717071153
TATDN2 (9797),-0.011451225727660918
PTPN13 (5783),-0.011450279250092758
REV3L (5980),-0.011449877458936091
GPR6 (2830),-0.011449651920526322
CDK20 (23552),-0.011449007139587884
SPANXN5 (494197),-0.011444255707828473
STMN2 (11075),-0.011443587845261938
ZFC3H1 (196441),-0.011438298257713371
RIF1 (55183),-0.011427046694791899
TARBP1 (6894),-0.011423729387262462
C4orf17 (84103),-0.011414103567513089
KCNF1 (3754),-0.011409560268434203
MPZL1 (9019),-0.011409436809162959
C19orf33 (64073),-0.01140371130850883
CALML3 (810),-0.011392669531408928
LCE2B (26239),-0.011388722374828594
SACM1L (22908),-0.011388332250504256
CYB5R3 (1727),-0.011388233016778264
CHST3 (9469),-0.01138610355539238
GIMAP8 (155038),-0.011384129991217516
C1orf54 (79630),-0.011382155392615908
ITGA5 (3678),-0.0113783381111832
RBM7 (10179),-0.011377413262508951
SULF2 (55959),-0.011376793924961336
NOM1 (64434),-0.011376160966447712
RBL2 (5934),-0.011369870380232882
NR1H4 (9971),-0.011369833830336185
CNOT10 (25904),-0.011368565934432522
TMEM45A (55076),-0.011368298641231832
PMAIP1 (5366),-0.011367410923332938
EMC8 (10328),-0.011359313210067055
LARP4B (23185),-0.011355270576686536
UHMK1 (127933),-0.01134486816818767
OTUD5 (55593),-0.011342227311630202
ZFX (7543),-0.011336476526521434
TMF1 (7110),-0.011333712020488284
SLC38A11 (151258),-0.011331519723320704
SMIM8 (57150),-0.011329892040667982
S100A8 (6279),-0.011320193538851626
CHRD (8646),-0.011316735378738525
RGS2 (5997),-0.011299877382709501
REEP5 (7905),-0.011294236557258827
SKA3 (221150),-0.011293922517734544
IGSF22 (283284),-0.01128298401091057
CFAP126 (257177),-0.011281214719717608
WNT7B (7477),-0.01128091091514633
PPBP (5473),-0.01128061210274937
H2AC4 (8335),-0.011276822776069924
SLC35F6 (54978),-0.011275462893787225
CPNE8 (144402),-0.011273784783271125
PLXNB3 (5365),-0.011262438916482424
RFTN1 (23180),-0.0112598742633815
ARHGAP25 (9938),-0.011259106199637593
PHLPP2 (23035),-0.011251366057947342
PTRH2 (51651),-0.011250500312789366
HBZ (3050),-0.011249392602161649
MSX1 (4487),-0.011248055048202218
UQCC5 (440957),-0.011247157005388397
SSX5 (6758),-0.011243130019104177
GGACT (87769),-0.01123472887239722
C2orf73 (129852),-0.011226998964119864
ZSCAN2 (54993),-0.011222621384722034
FABP3 (2170),-0.011218573256806919
SERINC1 (57515),-0.011217145380529541
PRICKLE1 (144165),-0.011213810561082256
CYP27C1 (339761),-0.011211897315003248
C3orf22 (152065),-0.011207586887836794
SGPP1 (81537),-0.011205555290906338
HAVCR2 (84868),-0.011201672783291408
UCMA (221044),-0.011195816436077376
TMEM115 (11070),-0.011190501069142713
CLCN2 (1181),-0.011189942489745214
IFITM10 (402778),-0.011184784671930957
MEAK7 (57707),-0.01117954675130293
AGTRAP (57085),-0.011174639781396226
ADAMTSL1 (92949),-0.011173339651016904
STMN3 (50861),-0.011172715515601858
DUSP14 (11072),-0.011171480177456068
TMEM71 (137835),-0.01116443946591431
PNMT (5409),-0.011163905376409752
ANKRD12 (23253),-0.011161877207082737
TPMT (7172),-0.01115682452747778
KIAA0930 (23313),-0.01115618550051761
USP40 (55230),-0.01115435815099859
ITFG1 (81533),-0.01115424694317578
CEP120 (153241),-0.011151934316837878
SSBP4 (170463),-0.011143532377976604
MYL10 (93408),-0.011143181071841503
NEK10 (152110),-0.01113876365607665
COL4A6 (1288),-0.011136308492153017
KCNG1 (3755),-0.011129556380507048
C6orf120 (387263),-0.011125355518417653
CA7 (766),-0.011123399621051471
AGT (183),-0.011121744590402735
SDR39U1 (56948),-0.011107666395276907
ASTN1 (460),-0.011105181745692397
LIPT2 (387787),-0.011104261791769692
IL1RAPL1 (11141),-0.011101603498907885
KLHL18 (23276),-0.011097952253630078
ZNF124 (7678),-0.011096365778776979
CFAP107 (93190),-0.011089731149411012
DGKD (8527),-0.01107069908643117
DCLK3 (85443),-0.011056242605506904
KCNA6 (3742),-0.01105355306228054
SCN5A (6331),-0.011050337547907987
DHX36 (170506),-0.01104340764994791
TRMT13 (54482),-0.011036097821641467
KNG1 (3827),-0.011035069030679889
MRPL9 (65005),-0.011030113956132858
TNFAIP6 (7130),-0.01102950552230829
ARHGDIA (396),-0.011028403611558544
ABCC11 (85320),-0.011025303183306061
FAM227B (196951),-0.011024929103810397
RPUSD2 (27079),-0.01100828818926202
S100Z (170591),-0.011005715443389227
SRMS (6725),-0.010992693397735353
MFSD11 (79157),-0.010988730376166328
HSPB9 (94086),-0.010987834839807776
SFRP5 (6425),-0.010987097439328826
POLDIP3 (84271),-0.010985527756292591
HCK (3055),-0.010978295742559386
KLF8 (11279),-0.010977825884362427
ABHD14A (25864),-0.01097460759999976
SLCO2A1 (6578),-0.010969644635694104
CDHR5 (53841),-0.01096802435606173
RELN (5649),-0.010965508611280107
NCF2 (4688),-0.010952722390645753
SSUH2 (51066),-0.010946200455155068
TTC22 (55001),-0.010945276469476609
GZMB (3002),-0.010934226360413683
MTMR4 (9110),-0.010926527645782825
NCDN (23154),-0.010923415045255439
NKX6-1 (4825),-0.010922318217380197
TGM2 (7052),-0.010922163139560466
FXYD3 (5349),-0.01092115730393958
KRTAP10-3 (386682),-0.010917521849835429
GATA4 (2626),-0.010911831291449965
KCNT1 (57582),-0.010911412893830132
SLC10A5 (347051),-0.010908114257394989
SCUBE2 (57758),-0.01090420562622134
MYH8 (4626),-0.010904129957478104
DEDD (9191),-0.010901745240353485
KLHL38 (340359),-0.01089597766868415
CD163 (9332),-0.010892012325164267
ARL6 (84100),-0.01088369590698504
CFAP251 (144406),-0.010863972964192442
NEDD4L (23327),-0.01085904980244325
NIBAN2 (64855),-0.010855040801810642
NIPBL (25836),-0.010847581877947644
ZC3H12C (85463),-0.010844138071509019
FBXL16 (146330),-0.010839932910396336
SEL1L2 (80343),-0.010833738841215254
TEX10 (54881),-0.01082110825182016
FBXL19 (54620),-0.010813003104365709
TCEA2 (6919),-0.010810090261420794
WSCD2 (9671),-0.010807835063762745
DAGLA (747),-0.010806324159942614
RAB2B (84932),-0.010795351532118715
ATP1B4 (23439),-0.010787651666110856
BEST3 (144453),-0.010785425327800037
PHF20 (51230),-0.010784274921198206
VSTM2L (128434),-0.010782351945550798
OR4K15 (81127),-0.010781241676539656
MYDGF (56005),-0.010781059021966044
PRKX (5613),-0.010777633447843547
AK3 (50808),-0.010775650395627308
CRYAB (1410),-0.01077019610076472
RFX8 (731220),-0.010759901726703467
KANSL2 (54934),-0.01075448882991725
TAL2 (6887),-0.010750295785289738
FAM83C (128876),-0.010744555480141645
RBFA (79863),-0.010743174726193109
GYS2 (2998),-0.010736645725984791
CAPZA2 (830),-0.010736490417165581
MFSD14B (84641),-0.01073493892194854
ANKRD31 (256006),-0.010734638993348476
PTPN9 (5780),-0.010717281449544647
OR2K2 (26248),-0.010714283934727458
CFAP45 (25790),-0.010713517263527577
PCBP3 (54039),-0.010709438551670385
KRT12 (3859),-0.010709197151329791
ADISSP (54976),-0.010707957714648653
FBXL15 (79176),-0.010707567209907261
GNG7 (2788),-0.010706358548161302
LCN12 (286256),-0.010706052977018288
PRKAR2B (5577),-0.010699806458274383
CATSPERE (257044),-0.010698829279621125
PLEKHG1 (57480),-0.01069555140055438
AVIL (10677),-0.010692452075429147
ARSL (415),-0.010685867974365248
ATG4C (84938),-0.010680242642283917
PTMS (5763),-0.010676544718098988
MAGEB16 (139604),-0.010671710037237114
TCF21 (6943),-0.010669082541626055
LRRC15 (131578),-0.010668748403550568
GPRASP1 (9737),-0.010667151540748659
FUT8 (2530),-0.010665812862072662
PTCH1 (5727),-0.010663191727250318
LSP1 (4046),-0.010661910908618786
CASQ2 (845),-0.010657772156965473
CD79B (974),-0.010656583943820476
IPO4 (79711),-0.010656348484685624
C4orf33 (132321),-0.010651202481416587
ZSCAN1 (284312),-0.010646099640558687
LBX2 (85474),-0.010641220910280575
DNAJC17 (55192),-0.01063785517127389
JMJD6 (23210),-0.01063014231400084
CD200R1 (131450),-0.010627886348502463
PCDHGA6 (56109),-0.010626768068505876
BAIAP3 (8938),-0.010618403436848311
SLC41A3 (54946),-0.010610771616466952
OR10G9 (219870),-0.010592730884234795
C15orf62 (643338),-0.010590161776586848
RNF157 (114804),-0.010588812608287465
F12 (2161),-0.010587818786676431
MYH7 (4625),-0.010586139148622616
SSR1 (6745),-0.01058184201255752
SHPK (23729),-0.010580393292231203
DPPA3 (359787),-0.010573467885881916
ERC2 (26059),-0.010557295956403279
UGT2A3 (79799),-0.01055227667474382
COL25A1 (84570),-0.010548543268830774
RSAD2 (91543),-0.010547608192839819
CDKL2 (8999),-0.010543821094801365
NTPCR (84284),-0.010541202509488843
HJURP (55355),-0.010536818256164962
WLS (79971),-0.010522922003670537
CHST9 (83539),-0.010521681215418816
NPEPL1 (79716),-0.010519549052498313
ZNF418 (147686),-0.010516492400522322
BIN2 (51411),-0.010516450100779147
ZNF774 (342132),-0.0105073581647514
SLC14A1 (6563),-0.010506138384834433
NRP2 (8828),-0.010505005352627968
ITGB7 (3695),-0.010504108991260539
PTPN7 (5778),-0.01049894592554651
APOBEC2 (10930),-0.010492617399015705
NLRC4 (58484),-0.010491496986306388
TOP1MT (116447),-0.010487728936818966
AGGF1 (55109),-0.0104875990680177
FGF8 (2253),-0.010483702625308488
SLC39A2 (29986),-0.010483559292385612
CD27 (939),-0.010478558704866015
QRFP (347148),-0.010471716942945885
SCN4A (6329),-0.010467216430317483
LRRC8A (56262),-0.010457714087691911
CDO1 (1036),-0.010455491993340045
DHX8 (1659),-0.010445825683796223
SERTAD2 (9792),-0.010445107442536994
EDNRA (1909),-0.010442549566608344
CHP1 (11261),-0.010438081461877297
ACYP2 (98),-0.01043600049427483
ADM5 (199800),-0.01043221552505153
IL17B (27190),-0.010429627679042796
FANCG (2189),-0.010428323918802251
ELF2 (1998),-0.0104266898821294
SEMA5B (54437),-0.010422201730557011
PRR15 (222171),-0.010411979169244913
SLC39A13 (91252),-0.010411923053739147
MUC7 (4589),-0.01040995841131785
RS1 (6247),-0.010409419117016682
NLRP4 (147945),-0.01040826359284679
AAMDC (28971),-0.010407054074751539
RPH3AL (9501),-0.010404451335212178
LDB3 (11155),-0.010399722422478865
FRMPD4 (9758),-0.010386836585676565
CXCR2 (3579),-0.010386298610743689
C5orf63 (401207),-0.010383845775065017
CCDC83 (220047),-0.010383641009471539
TYSND1 (219743),-0.010379736957743522
RNLS (55328),-0.010377182764806021
C2 (717),-0.010376614741159324
PSMD4 (5710),-0.0103747937339163
MINDY2 (54629),-0.01037231972764227
MAP3K12 (7786),-0.010370328670230342
OLR1 (4973),-0.010369859235889086
CEP83 (51134),-0.010357932662079105
RNF214 (257160),-0.010355136009088068
TCAIM (285343),-0.0103544390827448
KRT79 (338785),-0.010353704691630604
SLC38A2 (54407),-0.010351397720581426
GPR152 (390212),-0.010348492213214348
NELL2 (4753),-0.010347966818318163
CPAMD8 (27151),-0.010347517206455322
CDH18 (1016),-0.010344552800181716
CPSF7 (79869),-0.010340230553455761
LTBR (4055),-0.010332237979578166
NUDT22 (84304),-0.010329940036219443
TJP1 (7082),-0.010328044062408295
FAM131C (348487),-0.010320938896024286
PITX2 (5308),-0.010317763757383677
SPATA46 (284680),-0.010310409590377408
GRID2 (2895),-0.010310072283550692
KRTDAP (388533),-0.010306471269082641
VPS33A (65082),-0.010305137446327913
SAV1 (60485),-0.010303468179707677
TAOK2 (9344),-0.010300032516931627
SLC46A2 (57864),-0.010298837395081823
GALNT17 (64409),-0.010297298432054413
ZC2HC1A (51101),-0.01029336492108793
RGS3 (5998),-0.01029289129684734
METAP2 (10988),-0.010292770246519601
SPART (23111),-0.010281975653334097
MAP1B (4131),-0.010281239240477682
OR56B4 (196335),-0.010280711248271157
OPN5 (221391),-0.010278155215655173
FBXO7 (25793),-0.010274849881468711
SLC1A1 (6505),-0.010270676493796595
RHD (6007),-0.010267139599382236
ACSF3 (197322),-0.010257491352840448
BUD23 (114049),-0.010253165134591768
ZNF566 (84924),-0.01025180355895881
SIK2 (23235),-0.010250395471924576
RAMP2 (10266),-0.010244791395042118
SPDEF (25803),-0.01024474789446296
HOXC4 (3221),-0.010239417908705197
KCNJ1 (3758),-0.010237437654673179
PRDX6 (9588),-0.010236798005044378
SULT1C4 (27233),-0.010235807218096082
MACO1 (55219),-0.010235112999098453
ATG9A (79065),-0.010230312719625679
KLHL29 (114818),-0.010226694350240494
GGT5 (2687),-0.010224772783587677
MIOX (55586),-0.010223673780438538
CASP4 (837),-0.010222397441971504
CCR4 (1233),-0.010220744816883075
ANKRD66 (100287718),-0.010218341645739924
MAGOHB (55110),-0.010211295434476983
DYNLT1 (6993),-0.010201587274265001
SALL1 (6299),-0.010200960620025365
SLC7A3 (84889),-0.010195948866752177
VEGFA (7422),-0.010194141206972748
IL12A (3592),-0.01019201464573436
INTS1 (26173),-0.01019058776758544
SELENON (57190),-0.010184677000498106
SLC43A2 (124935),-0.010183264742524999
CYB5R2 (51700),-0.010180707057084576
CRIP2 (1397),-0.010178181449464543
HDGF (3068),-0.010175856776595962
GCSAM (257144),-0.010169665031123874
CATSPERG (57828),-0.010165706894411413
HMGXB4 (10042),-0.01016462020554849
CARD8 (22900),-0.010150073700872331
SIRT4 (23409),-0.010148018505396861
TTC34 (100287898),-0.010147969955493788
RHOG (391),-0.01014775618089792
CMTM4 (146223),-0.01014657184369947
TRIM46 (80128),-0.010144899150338492
XYLT1 (64131),-0.010144273668296861
IFTAP (119710),-0.01014330318930858
TSPYL4 (23270),-0.010142339608998104
SDAD1 (55153),-0.010139058171648422
CETP (1071),-0.010138657257273566
GGA1 (26088),-0.010137876715847996
KATNB1 (10300),-0.010134542219427879
TUBA4A (7277),-0.010132575957386907
HGD (3081),-0.01012926777732601
SERPINI2 (5276),-0.010125240959536737
ACKR1 (2532),-0.010124351662442995
BLZF1 (8548),-0.01012323745615661
TMEM9B (56674),-0.010121979736448516
OSTN (344901),-0.010119725486667409
NALF2 (27112),-0.010114326664786748
MTUS2 (23281),-0.01011320999285667
BVES (11149),-0.01010932207185463
RAB33A (9363),-0.010107175809933484
PCBD2 (84105),-0.010105705486131019
HIPK4 (147746),-0.010105239543788034
PRKRIP1 (79706),-0.010093332291890668
KCNJ14 (3770),-0.01009329585089627
ALX3 (257),-0.010092080447170845
TUBB2B (347733),-0.01007901414523682
TBC1D7 (51256),-0.010076476070364783
EIF4EBP1 (1978),-0.01007447713463244
PI4K2A (55361),-0.01007145237774366
ATP5F1C (509),-0.010071207982284152
PCSK4 (54760),-0.010065931447609564
DPF3 (8110),-0.010061667674392927
RNASE12 (493901),-0.010061154561952352
CAMTA2 (23125),-0.010057848077056538
EHD2 (30846),-0.010053804328752943
ACSM6 (142827),-0.010052447824948829
EPHA5 (2044),-0.010049470565391775
STYK1 (55359),-0.010042525929610425
SLC4A2 (6522),-0.0100398361958158
TOR2A (27433),-0.010033179355289508
SLC13A3 (64849),-0.01003014789106588
CTNNAL1 (8727),-0.010029235225218956
DBN1 (1627),-0.010022455012129736
SFXN2 (118980),-0.010018247604789367
TRPT1 (83707),-0.010017043797175754
SLC5A4 (6527),-0.010015265942767205
KATNAL1 (84056),-0.010008650054199889
CCDC22 (28952),-0.0100071532968343
ARHGAP29 (9411),-0.010007085047030632
KRTAP19-3 (337970),-0.010003359590773035
STING1 (340061),-0.009999922860643906
SLC12A2 (6558),-0.009999731929090228
SLC12A1 (6557),-0.009999520225647865
FAM174C (55009),-0.0099964707553822
HEMGN (55363),-0.00999633098384672
RBM34 (23029),-0.009990856700891629
SYCP3 (50511),-0.009989352986697059
LRRC14B (389257),-0.009987777236784416
IPO5 (3843),-0.009984552078436307
HYOU1 (10525),-0.009971488702150921
INTS7 (25896),-0.009964860825216231
MLIP (90523),-0.009961745288171576
ARTN (9048),-0.009960417109071753
PLA2G2A (5320),-0.009957191233473411
CFAP36 (112942),-0.009950954433572565
ZNF273 (10793),-0.009938393271726428
MASP1 (5648),-0.009937503650349266
EFNB3 (1949),-0.00993447489355659
RAP1GAP2 (23108),-0.009925358534357243
PLEKHA5 (54477),-0.009924428639209042
B4GALT2 (8704),-0.009921067441196923
PINLYP (390940),-0.009920488870355142
RABEP1 (9135),-0.009903672904817428
COA1 (55744),-0.009899238850748747
CADM4 (199731),-0.00989918612461652
PPP3R1 (5534),-0.009894727436396777
UMOD (7369),-0.00989236673217572
CERS5 (91012),-0.009889316374970427
YY1AP1 (55249),-0.009886625273643144
PTGR1 (22949),-0.009883356860839274
SBSPON (157869),-0.00987484128104461
CPLANE2 (79363),-0.009871827146534149
CCL13 (6357),-0.009870692428842193
MGST1 (4257),-0.009854951432766877
RIMOC1 (285636),-0.009850889504860764
CCDC116 (164592),-0.009836285539385776
ABCA9 (10350),-0.00983119733989304
DHRS13 (147015),-0.009830936484219295
TMIE (259236),-0.009830269653797805
WNT10A (80326),-0.009827936330017228
MINPP1 (9562),-0.009822670886079346
SH3PXD2A (9644),-0.009821514071425935
PLA2G6 (8398),-0.009819102302372299
GDF1 (2657),-0.009815956061897465
RIPPLY1 (92129),-0.009811026922934282
APOL3 (80833),-0.009807622093888375
AREG (374),-0.00980525741898276
ORMDL1 (94101),-0.009803560820888913
TMPRSS15 (5651),-0.009803035873336762
CRYGA (1418),-0.00979767781698385
APLF (200558),-0.009797515269109245
TAB2 (23118),-0.009797113686134755
KCNIP2 (30819),-0.009795179817834355
CACNA1B (774),-0.009786945934523781
ANKDD1B (728780),-0.00978471791710572
C2CD4B (388125),-0.009782756831727432
SYNPO (11346),-0.009779435892605827
AKR1C4 (1109),-0.00977794855373749
LHPP (64077),-0.009775219549086377
ASAH2 (56624),-0.00976700809213215
LY75 (4065),-0.009761515922219199
SPATC1L (84221),-0.009758161738473712
MOB3C (148932),-0.009754519109210187
PLA2G12B (84647),-0.00975096544569391
F2 (2147),-0.009744564385699334
AMDHD2 (51005),-0.00974160565065548
PAQR4 (124222),-0.009739289271027017
ZBTB7C (201501),-0.009736952648639174
CAP1 (10487),-0.009731645547919717
NUP58 (9818),-0.009729697221826426
ARMS2 (387715),-0.009702915322464936
APPBP2 (10513),-0.009698745046628276
GPR27 (2850),-0.0096948013931504
ENHO (375704),-0.009688907556802061
EID3 (493861),-0.009686561280197748
USP34 (9736),-0.00968190590187165
FPR1 (2357),-0.009679384774997277
ATE1 (11101),-0.009667518719792947
FAM162B (221303),-0.009666584387565933
UXT (8409),-0.009665801227993992
PIM3 (415116),-0.009665064646494317
BMPER (168667),-0.009658717770971827
COX7A1 (1346),-0.009652881177862723
CXCL17 (284340),-0.009652811791310088
BGN (633),-0.009652530584929616
BGLAP (632),-0.009650157243261624
PKHD1 (5314),-0.009647680579479383
SRSF9 (8683),-0.009647265011874183
HJV (148738),-0.009644815277613798
DCDC1 (341019),-0.00963947081049922
JTB (10899),-0.00963003890729633
RAET1E (135250),-0.009627777312714962
TUBAL3 (79861),-0.009626303696012934
PRKACB (5567),-0.009623342661078562
SPARC (6678),-0.009621839349539696
DDHD1 (80821),-0.009615712159610637
SPO11 (23626),-0.009613309694758878
CALCR (799),-0.009612630160862539
GDF5 (8200),-0.009610547697150895
LYZL4 (131375),-0.00960716962476566
KCNA1 (3736),-0.00960649344963529
ZFY (7544),-0.009606193002861722
FAM136A (84908),-0.009602280848286208
CHST13 (166012),-0.009602227246643908
SNRPA (6626),-0.009598686812512181
IGSF10 (285313),-0.009592963119191182
NXN (64359),-0.009589254820704787
CYP7A1 (1581),-0.009588024945071164
TMEM222 (84065),-0.00958608341661837
ZNF683 (257101),-0.00958521214979284
SRPK2 (6733),-0.009581669387548232
BACH1 (571),-0.009581630548137267
SLC2A7 (155184),-0.009579158002022392
MROH1 (727957),-0.009577891182329884
RUBCNL (80183),-0.009572488358985274
TIAM2 (26230),-0.00957104529140855
UPP2 (151531),-0.00956983421146541
HELT (391723),-0.009564039696145782
PIM2 (11040),-0.009564032106149615
MT1H (4496),-0.009556652983003514
CCDC54 (84692),-0.009556335825029787
TOX4 (9878),-0.009554195895703558
NFS1 (9054),-0.009552264939023695
EGFL7 (51162),-0.009541719004388364
DDX19A (55308),-0.009541260751269839
ERCC6 (2074),-0.009539926288661543
GJA4 (2701),-0.009534291888491423
PHKA1 (5255),-0.009527547057653907
SAMD11 (148398),-0.009518316908505917
KCTD14 (65987),-0.009513891004714515
PFKFB4 (5210),-0.009509438533580583
FEM1A (55527),-0.009507229636433492
RERE (473),-0.009502103545612218
DLX5 (1749),-0.009501459966056582
C8orf82 (414919),-0.009501214742943737
ALDOA (226),-0.009500330104649722
LFNG (3955),-0.00949809732505681
WNT16 (51384),-0.009495729772274012
FXN (2395),-0.009493524583463506
ITGB1BP2 (26548),-0.009491271588304066
SULT2B1 (6820),-0.009490448523375793
EIF2A (83939),-0.009486546719152736
HLA-DOA (3111),-0.009486160039872299
ERMP1 (79956),-0.009484784825851788
LRFN4 (78999),-0.009480537764123415
CARD18 (59082),-0.009478248673174787
SLX9 (85395),-0.00947676739043535
OR6N1 (128372),-0.009474350858212001
APOA5 (116519),-0.00946340093870245
HCN4 (10021),-0.009457443073831246
ZNF680 (340252),-0.009457414589612622
ANAPC13 (25847),-0.00944831490949865
OR6B1 (135946),-0.009447903186385179
DOP1A (23033),-0.009443561982853167
CAMK1G (57172),-0.009438722070860566
CARD10 (29775),-0.009436540683878437
CPEB3 (22849),-0.009436155966523488
NECAP2 (55707),-0.009434006313247398
ADRA1B (147),-0.009432050077423352
HFM1 (164045),-0.009431013392377298
ANKH (56172),-0.009429361038700667
MCC (4163),-0.009420478390852288
TOM1L2 (146691),-0.009413620174353458
ASL (435),-0.009409799989264292
RNF180 (285671),-0.009409412751041188
CTSA (5476),-0.009407850149646051
EGFLAM (133584),-0.00940479409811017
TRAP1 (10131),-0.009395676373157604
ETNPPL (64850),-0.009391595046255573
NBN (4683),-0.009386000281866083
GIPC3 (126326),-0.00937921108266254
ACSM5 (54988),-0.009375705320671644
DEFB125 (245938),-0.009366381516673844
TDRD1 (56165),-0.009366271279740766
QSER1 (79832),-0.009364867634195102
CLDN18 (51208),-0.009361854706882803
TGS1 (96764),-0.009359471836114002
JRKL (8690),-0.00935703528014392
ZFP30 (22835),-0.009354200336609197
CDC34 (997),-0.009352863699589901
SELE (6401),-0.009351565005935716
FCHSD1 (89848),-0.009347945365163089
TMEM95 (339168),-0.009345610696763467
TRIM34 (53840),-0.00933789129200491
UBQLN3 (50613),-0.009337149552171247
MALT1 (10892),-0.009336231072777616
OR5A1 (219982),-0.009327274641034305
R3HDML (140902),-0.009324026879552312
TRPM8 (79054),-0.009315903653462377
SNX11 (29916),-0.009315208728952466
PARP15 (165631),-0.00931227375713929
DGKH (160851),-0.00931028510727631
MEPCE (56257),-0.009304789184040154
KRT35 (3886),-0.009301232640145051
LUZP2 (338645),-0.009301102695507204
FLVCR2 (55640),-0.009296958095798388
PPP4R3A (55671),-0.00929512074906726
TSPAN31 (6302),-0.0092876626914555
JPT1 (51155),-0.00928108313520086
LRFN3 (79414),-0.009262516290213563
GCK (2645),-0.009258202210062919
LLCFC1 (135927),-0.009256418873726168
OR13C8 (138802),-0.0092517810074475
SGTA (6449),-0.009248349532819018
LRRC2 (79442),-0.009244553439085689
MSRB2 (22921),-0.0092442004180261
GGCX (2677),-0.009243694034217738
MAST1 (22983),-0.00924209359164067
CSN2 (1447),-0.009241970832226672
TGFB1 (7040),-0.009238410468810453
CCDC69 (26112),-0.00923613999334095
AGR2 (10551),-0.009235769280067875
CHKB (1120),-0.009233459611460285
S100A2 (6273),-0.009228805213818294
ZNF106 (64397),-0.00922594246171289
ALX1 (8092),-0.009216817657713736
C3orf80 (401097),-0.009213792693044258
RTKN2 (219790),-0.009207026647357125
ENAM (10117),-0.009197704610440395
SNRNP70 (6625),-0.009188106819674266
NR3C2 (4306),-0.009181442874725885
PRRX1 (5396),-0.009175900077631416
KLK14 (43847),-0.00917458407534131
SPIRE2 (84501),-0.009171299375229001
ZRANB3 (84083),-0.009161984462159992
CRTAP (10491),-0.009160510775739124
MS4A15 (219995),-0.009159902987843095
MTERF3 (51001),-0.009155419827902923
HSD17B11 (51170),-0.009153989905902485
NUTM1 (256646),-0.009151796406922427
SMLR1 (100507203),-0.009143971994753874
STAC3 (246329),-0.009140342676338052
FNBP1 (23048),-0.009140011282917332
SLC25A12 (8604),-0.009137569729941189
ADAM30 (11085),-0.009128607918532141
TMUB2 (79089),-0.009126132143007398
ASB14 (142686),-0.009119434746097287
CD59 (966),-0.009109681622244426
TBC1D17 (79735),-0.009101429755917986
TRABD (80305),-0.0091002112481596
PCBP4 (57060),-0.00909986042715831
IRAK1 (3654),-0.009094236117430533
CDHR4 (389118),-0.0090851624591392
RAB27B (5874),-0.009083794121905665
PTPN22 (26191),-0.009073730280938464
TAF4B (6875),-0.009072105431342514
SGCA (6442),-0.009071130948467128
SAYSD1 (55776),-0.009069714602500495
PYM1 (84305),-0.009068214646485401
ZFP3 (124961),-0.009064916257138716
SDSL (113675),-0.009059992889671487
RDH12 (145226),-0.009053733420597357
PARP3 (10039),-0.009045363760604514
CLEC2B (9976),-0.009041846146938336
OR6X1 (390260),-0.009041228848163885
PLAGL2 (5326),-0.00904062311228187
GTSF1L (149699),-0.009037549372802732
TRIM56 (81844),-0.009024151498364308
ZNF25 (219749),-0.00902382887931216
AGO1 (26523),-0.009022377438803129
THRSP (7069),-0.009021947615499695
MPZL3 (196264),-0.009014100217154037
NMRAL1 (57407),-0.00901140817452548
NRCAM (4897),-0.009009737546597561
PRR15L (79170),-0.009008957665979138
HGSNAT (138050),-0.009008244779602048
GPS2 (2874),-0.009007455059575495
ZNF212 (7988),-0.009006941015451159
ATN1 (1822),-0.008997287407195242
HTR1F (3355),-0.008995941903368342
ZMYM2 (7750),-0.008993274975395081
COMMD8 (54951),-0.008982005037598797
MYO3A (53904),-0.00898008318846623
PHYHIP (9796),-0.008976178436461164
MBD3L1 (85509),-0.008975081006554532
HBE1 (3046),-0.008970801422530645
STPG2 (285555),-0.008968013941796695
CTRL (1506),-0.008964365201507772
CLEC11A (6320),-0.00896407584362779
TTC39B (158219),-0.008954086309309854
CCDC185 (164127),-0.008942225654049169
NWD2 (57495),-0.008933307056561562
MYO18B (84700),-0.008922692529245822
HNRNPLL (92906),-0.00892165642382174
SHISA2 (387914),-0.008921320902732037
ARHGEF16 (27237),-0.008917237996229602
NLRP10 (338322),-0.008916177302214537
SFTPA1 (653509),-0.008905918710080438
VWF (7450),-0.008905555516410573
MAIP1 (79568),-0.008904842226482176
TEFM (79736),-0.008898939185077902
PROM2 (150696),-0.008898797998273743
ACVRL1 (94),-0.00889773035619497
SLC26A8 (116369),-0.008893550217522979
GRIPAP1 (56850),-0.008892435045382199
SCD5 (79966),-0.00889242525946398
IPO8 (10526),-0.00888896645289367
CHRNA9 (55584),-0.008883546226942986
SERPIND1 (3053),-0.008877283582648962
ZNF780A (284323),-0.008877036612842787
AFAP1L1 (134265),-0.008877029138763315
SCAMP2 (10066),-0.00887373422119298
KLHL20 (27252),-0.008873261267356982
DEFB119 (245932),-0.008872057534847065
NQO1 (1728),-0.008871083085083345
CRACD (57482),-0.00886073724317075
RAB33B (83452),-0.008858401520545041
FBLN7 (129804),-0.008854854510306893
LY9 (4063),-0.008849007840933662
ADORA2A (135),-0.008848205852281939
NOTUM (147111),-0.008846943083003172
LIN7B (64130),-0.00884324814004704
RCAN2 (10231),-0.008826642636415662
RHPN1 (114822),-0.008826006487237244
S1PR4 (8698),-0.008824735412509862
GPR160 (26996),-0.008823873319390047
IL5 (3567),-0.008819895181638376
PTPN14 (5784),-0.008819368094032446
SH3YL1 (26751),-0.008813796770780487
RNF224 (643596),-0.00881178960558628
KLF11 (8462),-0.008811382945305965
LYPLA1 (10434),-0.008810812690813009
CALM3 (808),-0.00880867840959492
DOCK6 (57572),-0.008801325150058792
SAR1A (56681),-0.008784308348588298
SPAG7 (9552),-0.00878414377279997
USP6NL (9712),-0.008782093788700304
ABRAXAS2 (23172),-0.008777522941992867
TNFRSF13C (115650),-0.008774734191492292
ANKRD54 (129138),-0.008771550436913429
OR52D1 (390066),-0.008755960018339122
CCDC85C (317762),-0.00875472582706192
SOX3 (6658),-0.008746354453968623
TRPC6 (7225),-0.008730701082827107
LYN (4067),-0.008728068689666158
SLFN12L (100506736),-0.008728005814872559
TMEM181 (57583),-0.008719197179741917
ADH1B (125),-0.00871195700657417
ZNF624 (57547),-0.008708708011415437
MAPKAP1 (79109),-0.008708578159656219
NEXMIF (340533),-0.00870805870955935
LMOD2 (442721),-0.00870588636765343
ARHGAP10 (79658),-0.00870528117885449
OR1N2 (138882),-0.008702188287888477
USH1G (124590),-0.008695183267733683
TMIGD2 (126259),-0.008693491498833604
CR2 (1380),-0.008692356567115544
ITPKC (80271),-0.008684946354069951
MTCL1 (23255),-0.008670608457323165
CLDN7 (1366),-0.0086682754356863
BAG5 (9529),-0.008665150185289535
CDK8 (1024),-0.008656732439318329
CBR3 (874),-0.008654800761270717
SPEN (23013),-0.008652709819814272
ITGB2 (3689),-0.00864226569071771
SYT8 (90019),-0.008634744897437542
EEF2KMT (196483),-0.008627117967900118
RNF215 (200312),-0.00862208021337747
RMI2 (116028),-0.008617237710684754
ICOSLG (23308),-0.008616073215802735
PJA2 (9867),-0.008613449967941375
XPNPEP1 (7511),-0.008611519402516235
CACHD1 (57685),-0.008609748438151125
OR1Q1 (158131),-0.008602722047976146
TLE5 (166),-0.008601729529005663
CCDC136 (64753),-0.00859720549450051
SLC36A4 (120103),-0.008595123163680414
SLC9A6 (10479),-0.008594260826807672
THBS2 (7058),-0.00859238427885684
PARP2 (10038),-0.00858949247215271
DNAI4 (79819),-0.008585070605680895
NHEJ1 (79840),-0.008578408669047105
ZNF114 (163071),-0.008577811122616975
FAM32A (26017),-0.008574751563166104
GARIN4 (149647),-0.008565597141026452
SELENOW (6415),-0.008564886748270746
CORO1A (11151),-0.008555828673006057
SAMD14 (201191),-0.008554394135940818
PLEKHS1 (79949),-0.008553531108933837
CPA5 (93979),-0.00854391214913562
GALM (130589),-0.008543341652043993
DUSP6 (1848),-0.008541944952214593
SRRM4 (84530),-0.008540982766028911
FBXL20 (84961),-0.00853707657740097
SESN3 (143686),-0.00853703416173715
LHX3 (8022),-0.008526826606745766
NXPE3 (91775),-0.008526523691792328
FGF22 (27006),-0.008526246245871373
LRRK1 (79705),-0.008523976202333477
ST8SIA3 (51046),-0.008522211883072844
KLF6 (1316),-0.008521403855412623
KRTAP5-9 (3846),-0.008515019760109963
KRTAP12-3 (386683),-0.008510138747502113
CLEC4M (10332),-0.008509145960670561
OTOA (146183),-0.008508446269343403
TMEM31 (203562),-0.008508065783536346
BTBD16 (118663),-0.008503570955869955
FTSJ3 (117246),-0.008496037747173325
PDK1 (5163),-0.00849570048103438
NENF (29937),-0.008494084067698847
ACSL1 (2180),-0.008490723448389682
CTRB2 (440387),-0.008484278857176937
NUP153 (9972),-0.008473734439497737
ARL13A (392509),-0.008472603579466697
CANT1 (124583),-0.00847214010878688
C17orf107 (100130311),-0.008469536044461818
CUX1 (1523),-0.008468685813237549
ZMYND11 (10771),-0.008468177534175536
E2F4 (1874),-0.008466845160983241
ALPI (248),-0.008465665552862335
WWP2 (11060),-0.008463924664884857
OR2L5 (81466),-0.008463420411728963
ANGPTL4 (51129),-0.008453820949508941
CRMP1 (1400),-0.008445843270138831
CASP9 (842),-0.008445024252452991
KATNIP (23247),-0.008437866063254017
ZDHHC15 (158866),-0.008437610923831548
MAPK8 (5599),-0.008437558136140222
MFF (56947),-0.008436595014668771
CD72 (971),-0.008434951171794026
TRIM62 (55223),-0.008429526644496428
BCKDHA (593),-0.00840889962702056
DPEP1 (1800),-0.008401116552994832
COL15A1 (1306),-0.008398586855957827
TEX9 (374618),-0.008395652353829967
BMPR1A (657),-0.008394749395280504
SOHLH2 (54937),-0.008391620632972399
GUCY2F (2986),-0.008382906543283263
FXYD6 (53826),-0.00837470231167916
BEND3 (57673),-0.008369803167214836
CACNB2 (783),-0.00835977673824772
THRAP3 (9967),-0.008357769495372066
C9orf152 (401546),-0.008355637036072986
NOP2 (4839),-0.008348205714255154
PLSCR2 (57047),-0.008346179528497935
MPG (4350),-0.008343719152133897
SHD (56961),-0.008342964027249055
CSTF2T (23283),-0.00833620071761088
BIK (638),-0.008333978100545808
NAB2 (4665),-0.008331379841673854
BMP2 (650),-0.008323983048128827
AADAC (13),-0.008323827326054549
LYG2 (254773),-0.008309121907561867
CALM2 (805),-0.008308233841600465
TNXB (7148),-0.008298556240341188
C1QB (713),-0.008296683306760803
PPEF2 (5470),-0.008294078501940165
VRK3 (51231),-0.00829363449803508
GHRH (2691),-0.008290317464451517
ADA2 (51816),-0.008286649183443578
SPRED2 (200734),-0.00828347870611382
MRPS5 (64969),-0.008271191604429845
MMP20 (9313),-0.00827065624273443
OAS1 (4938),-0.008268743500086861
CDKN2AIPNL (91368),-0.00826004402761344
ACTL6A (86),-0.008257930128447498
SS18L1 (26039),-0.008251614830838905
TIPIN (54962),-0.008248083102459757
WASF1 (8936),-0.008247685100325584
FAM47A (158724),-0.008243878673182272
TCHP (84260),-0.008236963952406036
BOD1 (91272),-0.008233260777403842
OGA (10724),-0.00823306582970747
CHAT (1103),-0.008231020293676028
CEBPD (1052),-0.008229199139635613
APH1B (83464),-0.008226031315349353
DGKG (1608),-0.008220462730220479
MAP3K9 (4293),-0.008213945512116176
ST3GAL3 (6487),-0.008201687512739987
A2M (2),-0.008198484467177492
TES (26136),-0.008194958436292638
FBXO21 (23014),-0.008194820638555249
SLC16A8 (23539),-0.00819442860140414
APMAP (57136),-0.008193987720313713
TMEM260 (54916),-0.008192543191608479
NPRL2 (10641),-0.00818835890643902
LHX1 (3975),-0.008179565301447056
ZNF691 (51058),-0.008179451773193848
NARS2 (79731),-0.00817901316912228
FGF13 (2258),-0.008177923482723354
KCNC1 (3746),-0.008176476893368161
CABCOCO1 (219621),-0.00817615178779768
SELENBP1 (8991),-0.008172366963807345
FHOD1 (29109),-0.00817059809454214
CCKAR (886),-0.008170458790095174
C11orf65 (160140),-0.008165395843140326
CPED1 (79974),-0.008163606414208076
HOPX (84525),-0.008158923324256273
TRIM69 (140691),-0.008158922756923244
SLC25A10 (1468),-0.008157170006626677
IRAK3 (11213),-0.008155511454811828
IFT74 (80173),-0.008155060616678138
TMEM200A (114801),-0.00815313276420159
SLC20A1 (6574),-0.008151380379497725
OR1L8 (138881),-0.008143641409256042
MMD2 (221938),-0.008142133207062911
MTFMT (123263),-0.008140835463436604
NPFFR1 (64106),-0.008134118498223611
TRAFD1 (10906),-0.008132726399039211
SCAMP3 (10067),-0.008130253077171275
TRAF5 (7188),-0.008129040789832427
PDE6A (5145),-0.008116368677087307
C6 (729),-0.008114641452407376
SMARCA5 (8467),-0.00811336062378013
TMEM132E (124842),-0.00811144887044889
OR52B2 (255725),-0.008110436301957645
KRT32 (3882),-0.008106567843569642
ZNF853 (54753),-0.008098369739761522
ZNF33A (7581),-0.008097540447732206
SPRY2 (10253),-0.00809200097796149
ARHGEF15 (22899),-0.00809122194863095
ZNF280C (55609),-0.008085768992664515
C16orf89 (146556),-0.00808294226591196
MAP2 (4133),-0.008080768183962974
NPHS1 (4868),-0.008078348796367417
SERPINA5 (5104),-0.008078312207076775
ST8SIA5 (29906),-0.008073254910813196
VWA3A (146177),-0.008072642652047915
KCNMA1 (3778),-0.00804876023152343
CAMKK2 (10645),-0.008047097243951268
TEX101 (83639),-0.00804582867244839
VENTX (27287),-0.008040890561525307
ADCYAP1R1 (117),-0.008039813249378363
LRCH4 (4034),-0.008037781952369526
CYP17A1 (1586),-0.008036658586301834
NEU1 (4758),-0.008036300568627815
BEST4 (266675),-0.00803505719660953
SLC33A1 (9197),-0.00803313957163288
TET2 (54790),-0.008030052106930441
ARHGEF6 (9459),-0.008026810366816404
ARPC1B (10095),-0.008025920402250789
IFI6 (2537),-0.008021607564719306
ADAMTS12 (81792),-0.008019068609589104
TNNI2 (7136),-0.00801729855846716
CNTFR (1271),-0.008016592397028973
RMND5B (64777),-0.008016139407078867
LDHC (3948),-0.0080150557039104
PXDN (7837),-0.008005139068411686
C17orf99 (100141515),-0.00800333772244191
PRRT4 (401399),-0.007994317017501435
KLF13 (51621),-0.007985854970812655
EFNA5 (1946),-0.00798578605306374
MLANA (2315),-0.007971958664824166
MSH2 (4436),-0.007955606371997858
SBK2 (646643),-0.00795228183107237
RNF141 (50862),-0.007948747228743329
SPTA1 (6708),-0.007945733168738261
PIGZ (80235),-0.007945655315683092
CHPF2 (54480),-0.007943340035456891
S100G (795),-0.007929218466190763
SSTR1 (6751),-0.007929211062658257
MARCHF7 (64844),-0.007929183060472836
KLHL22 (84861),-0.007924685321002654
RSPH14 (27156),-0.007922300353552259
XPO4 (64328),-0.007920946777726607
KDM5A (5927),-0.007920307221141804
CHST8 (64377),-0.007919252887308392
ZC3H13 (23091),-0.007915821174814647
AK7 (122481),-0.00791580608904169
ADARB2 (105),-0.007914115166851575
IRF5 (3663),-0.007911522284326488
NME1 (4830),-0.007901826302809665
TSNAXIP1 (55815),-0.007894400685203432
COL11A1 (1301),-0.00789428988157605
ALOXE3 (59344),-0.007889948509932451
NUMB (8650),-0.007888727062469325
SANBR (84542),-0.007887629952650573
CANX (821),-0.007879084699280156
MRFAP1 (93621),-0.00787889612623721
OARD1 (221443),-0.007878778371530382
MAGT1 (84061),-0.0078778778063074
NAPRT (93100),-0.007873387075169757
PRMT3 (10196),-0.00787098939425832
HES4 (57801),-0.007858317105753737
CXCL11 (6373),-0.007856184482399284
FXYD2 (486),-0.00785505881052324
GFI1 (2672),-0.007853198243370217
RGL3 (57139),-0.007852969689598348
B3GALNT1 (8706),-0.007845975283689898
RHBDD1 (84236),-0.007845544783424849
TRIM68 (55128),-0.007840300604310117
ACACB (32),-0.007837699791042796
BLOC1S1 (2647),-0.007835775219113767
MAPK10 (5602),-0.00783242407845012
LAMTOR4 (389541),-0.007831636343724835
PCGF3 (10336),-0.007831400802820479
DDX25 (29118),-0.00782857024642365
SH3D21 (79729),-0.007823966555397946
ATP2B2 (491),-0.007817462592897782
ST6GALNAC6 (30815),-0.007812578544038124
BCL2L15 (440603),-0.0078061577954735804
TBXT (6862),-0.007797890571067224
ACSL3 (2181),-0.007788088750678041
PPP1R16A (84988),-0.007785037258137759
PLA2G4D (283748),-0.007776501464106156
YDJC (150223),-0.007768155624640017
AGO2 (27161),-0.00776345456368925
APOL5 (80831),-0.007762686723642896
SMPD1 (6609),-0.007755849724612016
TIMMDC1 (51300),-0.007755805405818922
SRSF4 (6429),-0.007754435380650246
TPGS2 (25941),-0.007754050067368423
GSTO1 (9446),-0.00775173789599418
PPCS (79717),-0.007744009997551826
CFAP61 (26074),-0.007735182961523407
RWDD1 (51389),-0.00773365335294378
NECAB1 (64168),-0.007728782033889241
GBF1 (8729),-0.007723875538371015
RSPH3 (83861),-0.007720618270105631
FBXO9 (26268),-0.007719956218040517
AKNAD1 (254268),-0.007718672965276231
MED13 (9969),-0.007717254672393574
EEF2K (29904),-0.007711617474984944
AS3MT (57412),-0.007710092374364938
NSUN4 (387338),-0.007710089350856974
ISCA1 (81689),-0.007709307792982805
ATP8B3 (148229),-0.007704384952811995
TMA16 (55319),-0.007702581021459238
PCCA (5095),-0.007701390827478677
RAB6B (51560),-0.007688928908290707
TNFAIP1 (7126),-0.0076886222925993146
LGI3 (203190),-0.007682431662922525
PAOX (196743),-0.007680241675454127
ELOVL6 (79071),-0.007674439315861266
TMEM132A (54972),-0.007666895270169382
PLA2G4B (100137049),-0.0076654808286186794
FGFBP1 (9982),-0.007645988293282594
FGF14 (2259),-0.007643334357115312
AK8 (158067),-0.007639533513427286
ZFP14 (57677),-0.007623973853503548
ARHGAP39 (80728),-0.007622790642269921
OTUD3 (23252),-0.0076210067216349875
CAVIN4 (347273),-0.007614303205514786
NRN1L (123904),-0.007607370214835894
TEKT5 (146279),-0.00760321314320093
MANSC4 (100287284),-0.007600137335414681
ABCB10 (23456),-0.007599409898178734
METTL25 (84190),-0.007597077063274745
ZNF18 (7566),-0.007594253635231548
PSKH2 (85481),-0.007593170494478626
CCNYL1 (151195),-0.007590388825272233
SIGIRR (59307),-0.007580732951627005
DCTD (1635),-0.007578881750708476
PACC1 (55248),-0.0075785886698766175
P2RY13 (53829),-0.007578470574375467
PCDH12 (51294),-0.007572276246499128
NME2 (4831),-0.007568540535656011
COL14A1 (7373),-0.007567156652806479
HLA-F (3134),-0.007562770819233849
SLMAP (7871),-0.007561070995947525
LRRTM2 (26045),-0.007559757482468969
TATDN3 (128387),-0.007559419353332843
FAM177B (400823),-0.0075590078940225135
ZNF385D (79750),-0.007551331763093494
MYOM3 (127294),-0.007544081185647792
SPAG6 (9576),-0.00753884882119569
BPIFB3 (359710),-0.00753838688793956
SLC26A7 (115111),-0.007536806767567807
USP20 (10868),-0.007530630356784051
SEMA4D (10507),-0.007527495872728634
PLCB2 (5330),-0.007523147076127496
KCNV2 (169522),-0.007520470782236859
CD5 (921),-0.007519363672163478
FBXO47 (494188),-0.007519052720564125
LURAP1 (541468),-0.007511302529545553
LMNB2 (84823),-0.007508059448630082
USP16 (10600),-0.007504870590788713
SLC10A1 (6554),-0.007501067396624051
SERINC5 (256987),-0.0074988577547576004
MYO1G (64005),-0.007493074506709559
ZNF641 (121274),-0.007490775651412107
FBXO30 (84085),-0.0074825008489021435
MRPS26 (64949),-0.007479508777076549
SCT (6343),-0.007478033424637743
KCNK2 (3776),-0.0074774683873523136
DBP (1628),-0.007476885117147486
PCDH15 (65217),-0.007476191040765015
TMEM276 (84773),-0.007476060680102244
TMEM123 (114908),-0.007467387675647023
CACNA1C (775),-0.007465507960526573
FAHD1 (81889),-0.007463178790445529
MYO19 (80179),-0.007456430451214823
SLC17A3 (10786),-0.0074539360587769065
BSCL2 (26580),-0.007452606658432057
RASL11B (65997),-0.007451627091473173
ENKD1 (84080),-0.007450489860274129
ZNF646 (9726),-0.007445308166991599
SAXO1 (158297),-0.007441349822145899
DMTN (2039),-0.007433166362397251
METTL1 (4234),-0.007431619990619654
RNF44 (22838),-0.007431086600544412
TP53AIP1 (63970),-0.007430834472485775
HTT (3064),-0.007429804317888883
SULT1C2 (6819),-0.007428657421013192
PDLIM5 (10611),-0.007425443745507678
LRRC31 (79782),-0.007424491288703399
ZKSCAN3 (80317),-0.007422051295110535
SPMAP2L (100506564),-0.0074158610035576725
SLC39A4 (55630),-0.007406431129113381
ADGRF1 (266977),-0.007402530625316631
QSOX1 (5768),-0.007397354792874976
SHISAL1 (85352),-0.007396700918885486
AR (367),-0.007396425374631619
RTP5 (285093),-0.007394802918664156
YWHAH (7533),-0.007381380859923137
ANK1 (286),-0.007379942820559336
SYNRG (11276),-0.007371031972611384
FLYWCH1 (84256),-0.00736791708402967
CCDC25 (55246),-0.007367916608453961
DGLUCY (80017),-0.007359745779821019
SRCAP (10847),-0.007350510273446995
ZNF749 (388567),-0.007346218100839125
SMC5 (23137),-0.007345051061515164
OTOG (340990),-0.007343506888174854
WFIKKN2 (124857),-0.007335589889313086
FOCAD (54914),-0.007326550414780425
MOB1A (55233),-0.007324576718069519
CGA (1081),-0.00732127598481802
RCBTB1 (55213),-0.0073203371769397455
FAM78B (149297),-0.007318989645353603
GABARAPL1 (23710),-0.007318009186491934
ADAMTS15 (170689),-0.007317523962054821
ZNF2 (7549),-0.007306229385976602
MAP4K3 (8491),-0.007304906346938398
ZNF793 (390927),-0.00730146610363445
ACTN4 (81),-0.00730000581885871
C10orf90 (118611),-0.007294738367769198
NPAS2 (4862),-0.007293983351078331
ZNF416 (55659),-0.007288129619439036
UBE2J1 (51465),-0.007285577278279301
ZBED6 (100381270),-0.007265699350733917
BCL2L14 (79370),-0.007263322454282456
CALHM4 (221301),-0.007263116472538506
STMN4 (81551),-0.0072495486384048305
ZBTB22 (9278),-0.007248278178365288
PTPRD (5789),-0.007247648910895994
CCAR1 (55749),-0.007247601477612556
AOC1 (26),-0.007238898384993552
REEP2 (51308),-0.007238410263694304
KCNH4 (23415),-0.007236802617988219
VRTN (55237),-0.007229066724737006
IL27RA (9466),-0.007212285091803852
DROSHA (29102),-0.007212067079874083
NUDT6 (11162),-0.007202149721261265
ALDH8A1 (64577),-0.00719929713479149
FLYWCH2 (114984),-0.007195379532492219
CILK1 (22858),-0.007193763785933388
PFDN2 (5202),-0.007190064685474818
FUT2 (2524),-0.007186024609875105
NPC1 (4864),-0.007183360747481808
PTAFR (5724),-0.007181996057712093
LRRC23 (10233),-0.0071819281041130495
TMEM86B (255043),-0.007180571843580968
CDRT15 (146822),-0.007178407356825438
CKB (1152),-0.007176984507719842
SLC9B2 (133308),-0.0071767058735802145
HTR3A (3359),-0.007175081545746298
REM2 (161253),-0.007164980809562501
APOA4 (337),-0.00716282341109199
LRRC75A (388341),-0.00715710786696008
ACTRT2 (140625),-0.007156711252904618
DUOX2 (50506),-0.007151135276095957
DPYSL3 (1809),-0.0071477155377103994
RMI1 (80010),-0.007141719839513857
OR10G7 (390265),-0.007140843928473174
LSAMP (4045),-0.007137601076681128
LVRN (206338),-0.007119046417305278
SNX27 (81609),-0.007114742174993768
HNRNPH2 (3188),-0.007112167711290514
DHRS2 (10202),-0.007109235921462453
RHOB (388),-0.007108157238984919
OSTF1 (26578),-0.007105453210810279
GASK1A (729085),-0.0070995133514008355
PRKAB1 (5564),-0.007097223734253641
HPGD (3248),-0.007092588610862847
KCNT2 (343450),-0.007091985671702757
SPATA3 (130560),-0.0070898618904240455
PNLIPRP3 (119548),-0.007089525382242214
DMKN (93099),-0.007087820944025745
CCDC77 (84318),-0.007086282030067681
GMFB (2764),-0.007086256383262311
TMEM200C (645369),-0.0070802265653654994
HPS6 (79803),-0.007076849813832365
SNX13 (23161),-0.007064948665948657
SNAI1 (6615),-0.007056602997631202
PPIL3 (53938),-0.0070439678117578215
FGF2 (2247),-0.00703174015124595
PBX2 (5089),-0.007030807142647181
DMWD (1762),-0.007010941069161838
ABCC12 (94160),-0.007010575289648068
VCPKMT (79609),-0.007008491231148898
LEAP2 (116842),-0.007003750356227479
PAXX (286257),-0.00699508516309264
SI (6476),-0.006993024107551201
SSH2 (85464),-0.0069923923712210114
ZNF843 (283933),-0.006988823146806297
MAP6D1 (79929),-0.006987280602650921
OR2T12 (127064),-0.006982022900969264
SLC17A2 (10246),-0.006977720837299741
AVPR2 (554),-0.006976177220019367
ABCA3 (21),-0.006972568869235915
DEFB121 (245934),-0.006967240237589879
OR5T1 (390155),-0.0069599318056602
CCL8 (6355),-0.006958424311545061
DUSP2 (1844),-0.006956722411967793
RHOJ (57381),-0.006947272523082535
TPRX1 (284355),-0.006938334157710177
PSMC4 (5704),-0.006938197652756017
TTLL10 (254173),-0.006937224213676645
KCNG3 (170850),-0.006935301691713962
MKRN2 (23609),-0.0069352252994906985
NT5DC1 (221294),-0.0069295657877917255
ZKSCAN7 (55888),-0.0069294592166428345
FANK1 (92565),-0.006929101295902795
RSRP1 (57035),-0.006927132907637095
SELENOK (58515),-0.006918844583020297
EFHD1 (80303),-0.006916481454686458
RAVER1 (125950),-0.006914269812040924
IL5RA (3568),-0.006910872584509181
SPOCD1 (90853),-0.006909321047462896
PIGW (284098),-0.006905115576218904
C17orf67 (339210),-0.006902025821807856
OR8B12 (219858),-0.006901463962724971
RSPH1 (89765),-0.006900406689439913
FBXO27 (126433),-0.00689865479295127
OR13A1 (79290),-0.006887856170505076
MFHAS1 (9258),-0.006887374619198099
TMEM243 (79161),-0.006883803049435613
PADI3 (51702),-0.006880416094350016
ABHD10 (55347),-0.006880220857164742
LRRC39 (127495),-0.006878391459481782
PCP4L1 (654790),-0.006873229152402285
MARCHF9 (92979),-0.006872319582886585
FAM193B (54540),-0.006870705296114171
ZNF277 (11179),-0.0068576568458009095
LAPTM4A (9741),-0.006857422619524187
METTL2A (339175),-0.006854842303415554
PRICKLE2 (166336),-0.00685310511684048
STARD5 (80765),-0.006852577897521319
C11orf87 (399947),-0.006844163608974676
FNDC11 (79025),-0.006833730095301231
STKLD1 (169436),-0.006832742006580047
ASXL1 (171023),-0.0068293590429383474
ASB11 (140456),-0.006825960482310921
URGCP (55665),-0.006821456784414456
MPZ (4359),-0.00682072206018472
MCUB (55013),-0.006813381897825687
UBQLNL (143630),-0.006807655797173398
MYO7A (4647),-0.006805249145917088
RHOU (58480),-0.006802352817843541
GSX1 (219409),-0.006801608051422878
SLC44A5 (204962),-0.006793723224140301
BRI3BP (140707),-0.0067934113255160525
CSAD (51380),-0.006785015498250335
CHRFAM7A (89832),-0.0067797704387821955
FKBP2 (2286),-0.006777069424998185
XAGE2 (9502),-0.0067725186762869274
ZNF519 (162655),-0.006769837935514007
CD63 (967),-0.006766342316267721
KLF9 (687),-0.006764569502979573
KIAA1755 (85449),-0.006759143294911402
SOX7 (83595),-0.006757478937223565
BATF3 (55509),-0.006756615337777802
ST3GAL5 (8869),-0.006756387363160579
CHD5 (26038),-0.006755246583635262
TYRO3 (7301),-0.006750998411549306
COL4A3 (1285),-0.006749836375435274
KLHL17 (339451),-0.006749506860765324
MYO18A (399687),-0.006745382004265757
SQSTM1 (8878),-0.006737394924327657
TTC36 (143941),-0.0067370665645811335
TNFRSF6B (8771),-0.006736046932529457
ZNF41 (7592),-0.006732214907360633
TRIM77 (390231),-0.006727213126339393
CSGALNACT2 (55454),-0.006725662794020445
SYTL3 (94120),-0.006724227597857585
TMC1 (117531),-0.006723738672441958
PRRC2C (23215),-0.006722124356079018
PCDH11X (27328),-0.006710470250474873
SCG3 (29106),-0.00670633609113535
PRUNE2 (158471),-0.006701841821655227
MLLT1 (4298),-0.0067003740866866356
FOXB2 (442425),-0.00669388879966316
LRRC18 (474354),-0.0066932136472046206
FLCN (201163),-0.006692921557325822
TSKU (25987),-0.006691197195764148
C1orf116 (79098),-0.006691122937172929
FSCB (84075),-0.006687919428967563
HCLS1 (3059),-0.006686451395646991
SLC8A2 (6543),-0.006684956765777288
DNASE1L2 (1775),-0.006682919031883443
HPSE (10855),-0.00667143765378422
AKIP1 (56672),-0.006670588941284707
PGRMC1 (10857),-0.006667675130318518
AMPH (273),-0.006666913384228102
P2RX3 (5024),-0.006664003077116649
RALGAPB (57148),-0.006662417665926174
CNIH4 (29097),-0.006661179456243578
FAM83D (81610),-0.006659102123959544
IGIP (492311),-0.0066556185578751405
PERP (64065),-0.006650075638326841
KRTAP5-2 (440021),-0.006649820718772599
MAGEB5 (347541),-0.0066472707870247625
ANKMY1 (51281),-0.006645899981655073
PLSCR4 (57088),-0.006642811413175872
OXT (5020),-0.006636787899717544
CD274 (29126),-0.0066352151153985205
FMC1 (154791),-0.0066328716443019905
GAS8 (2622),-0.006627193701595007
PDIK1L (149420),-0.006621095551292882
ALDH1A1 (216),-0.006619048098437728
DCAF12L1 (139170),-0.006615012092230165
HTR3C (170572),-0.006611434092105329
RAB11FIP3 (9727),-0.006610407511911679
LBHD1 (79081),-0.0066065388245664155
B9D1 (27077),-0.006604690781571325
DENND2A (27147),-0.006603920376648855
ISLR (3671),-0.006597674755023382
OR4E2 (26686),-0.006595227628803039
NRAS (4893),-0.0065756627064428915
AMER1 (139285),-0.006575170601643819
JOSD1 (9929),-0.006572214665189292
CIMAP2 (163747),-0.006569834015001413
TBC1D10A (83874),-0.006561000150221069
TSSC4 (10078),-0.0065571689905153056
C2orf66 (401027),-0.0065548509740380265
LYL1 (4066),-0.006553580454924413
PLEKHG5 (57449),-0.006537329481590992
PARVA (55742),-0.006536152482625499
GPR52 (9293),-0.006533864809278145
DEFB127 (140850),-0.006533094470938311
KRTAP4-6 (81871),-0.006526953826553133
OR7G3 (390883),-0.006525428764207483
TMEM59L (25789),-0.006522674931472511
SH3TC1 (54436),-0.006516268208422266
ZNF90 (7643),-0.006516166634702275
IRX4 (50805),-0.006515087780304092
TEX36 (387718),-0.006512512040925833
SLC35C1 (55343),-0.006510336235354149
LMO3 (55885),-0.006507074199224243
ZMAT4 (79698),-0.006500685533411643
SCLY (51540),-0.006496392920581764
VAV3 (10451),-0.006495799837145507
SELPLG (6404),-0.006494473396434675
MASP2 (10747),-0.006488595713034645
FAM163B (642968),-0.006472538572573883
KRTAP4-4 (84616),-0.006470061948248239
TECTB (6975),-0.006469888943735841
KIF16B (55614),-0.006467171734855649
TSPAN2 (10100),-0.006466527218675978
C2orf88 (84281),-0.006454827024206677
HERC6 (55008),-0.006454438117620051
EIF3L (51386),-0.006446504409742211
DYNC1I1 (1780),-0.006444087990978837
PLSCR5 (389158),-0.006436933932770152
LMF1 (64788),-0.006434592777658569
RHOXF1 (158800),-0.006434094070293095
OR4S2 (219431),-0.006432700390360883
ARMC2 (84071),-0.006428195972555885
WFDC9 (259240),-0.006427242679595361
TAC1 (6863),-0.006426402895676916
JAK3 (3718),-0.006426142792891823
AP1M2 (10053),-0.006424854999971009
MID1IP1 (58526),-0.006422119434459472
GFM2 (84340),-0.006422082409096567
CHST15 (51363),-0.006420156242800297
STK16 (8576),-0.006418216852646208
SLC4A10 (57282),-0.006415979617037751
ADAMTS2 (9509),-0.006415012244093995
RPGRIP1 (57096),-0.0064113495228859405
CNOT8 (9337),-0.006408276502968074
POU2F1 (5451),-0.006399111518360212
UBL4B (164153),-0.0063833788590043905
OR6M1 (390261),-0.006379259176063308
HAUS8 (93323),-0.006372996358348015
ZNF652 (22834),-0.00637271073853396
NECAB2 (54550),-0.006371626076978039
SPNS2 (124976),-0.006366637201908124
ADPRS (54936),-0.006366326962565613
ERMN (57471),-0.006364870553313468
NFYB (4801),-0.006353450731611149
TNFRSF25 (8718),-0.006352703783778929
PTK7 (5754),-0.006352405740078842
RLBP1 (6017),-0.006345869856805269
FOXJ1 (2302),-0.006344251000716061
SLC35A1 (10559),-0.006339216043148104
AKAP6 (9472),-0.006338036956985328
OR51S1 (119692),-0.006337043258466814
C11orf16 (56673),-0.006332379170316821
FCN2 (2220),-0.006325500113866893
SMYD4 (114826),-0.006322649468620345
AHCYL2 (23382),-0.0063162989873170525
TMEM256 (254863),-0.0063146090549113295
ZNF225 (7768),-0.006314251380775562
JMJD7 (100137047),-0.006312982382223261
SLC35F3 (148641),-0.006307951141884174
CORO1B (57175),-0.006304701247814956
AQP12B (653437),-0.0063043854728213325
CYRIA (81553),-0.006303374392944754
AKTIP (64400),-0.006296931793272801
MORN5 (254956),-0.0062933769272473334
FZD9 (8326),-0.006285081690168488
MBD5 (55777),-0.006284795615264876
PROK2 (60675),-0.0062692918533096605
PIWIL4 (143689),-0.0062692077242741005
USP53 (54532),-0.006267339648914294
ERGIC1 (57222),-0.006266730877155634
SRARP (149563),-0.00626156720080666
POFUT2 (23275),-0.006257407229182817
TRHDE (29953),-0.006252259553089984
ENOX2 (10495),-0.006251007784739587
PPP3CB (5532),-0.006242538935388746
EME1 (146956),-0.006237449525730511
SAP30 (8819),-0.00623479081070189
RTBDN (83546),-0.006229716765516632
RPS6KA1 (6195),-0.006229290654070487
TM4SF19 (116211),-0.006223788127173654
GLYCTK (132158),-0.0062213739184791466
OR8H3 (390152),-0.006216014864285982
SPACA7 (122258),-0.006215928166594356
PABPC1L (80336),-0.006214689626062118
TRIM42 (287015),-0.006208331952684045
PHF2 (5253),-0.006204962324036578
HSP90AA1 (3320),-0.006201793941665266
MOGAT2 (80168),-0.006200756441537934
TRIM49D1 (399939),-0.006198694434747347
ATG16L1 (55054),-0.0061985906203490485
MTCL2 (140710),-0.006195174604057774
GLMP (112770),-0.006185893945027376
CA1 (759),-0.006185250798646149
TM7SF2 (7108),-0.006183667494340442
P4HTM (54681),-0.006182154657359816
MRO (83876),-0.006177244998739049
CYGB (114757),-0.006176497761053693
PREB (10113),-0.006175172879783736
ZNF121 (7675),-0.0061734576783669705
ERICH3 (127254),-0.006173207246649819
GFRAL (389400),-0.006170168847599737
VCAM1 (7412),-0.006167028611919661
FOXJ3 (22887),-0.006161178347674145
NTN4 (59277),-0.006159817311856506
AMFR (267),-0.006150728080516214
PRR14L (253143),-0.006144048117509044
AMHR2 (269),-0.006140163108872492
ZER1 (10444),-0.006129941926332397
IKZF5 (64376),-0.0061284139540780285
LRIF1 (55791),-0.006124157753703384
HACD2 (201562),-0.00612302436033073
CPE (1363),-0.006117770725409256
SOD3 (6649),-0.006117350310595728
MCHR1 (2847),-0.006105092458675511
TREML4 (285852),-0.006104336546284158
ZNF568 (374900),-0.006087819434709077
NXPH4 (11247),-0.006082549996011517
PCYOX1L (78991),-0.006079871226205957
ALAS2 (212),-0.006079675702510603
OR56A3 (390083),-0.006079400411876598
FCGR3A (2214),-0.006079060000554081
KLF4 (9314),-0.006077753975201146
UPF2 (26019),-0.006075856223274146
NPM2 (10361),-0.0060751601292674175
CRYGD (1421),-0.006074093747529844
GNRH1 (2796),-0.006063984929649762
CLEC4E (26253),-0.006047878675510734
MPZL2 (10205),-0.006046955771837012
LRP1 (4035),-0.006045918600123345
TECTA (7007),-0.006029368517501491
UPB1 (51733),-0.0060279436368938935
GLT6D1 (360203),-0.006027097109406247
NSD1 (64324),-0.00601940119841935
GABRB3 (2562),-0.00601745212369749
MYO16 (23026),-0.006016077715514183
KLK1 (3816),-0.006014366541735048
CD79A (973),-0.006008189573849089
LRP4 (4038),-0.006007805695705965
TNNT1 (7138),-0.00600392785810202
BLOC1S3 (388552),-0.005999945412716791
MSMP (692094),-0.005997662802650022
TSPYL6 (388951),-0.005993521099134647
BAD (572),-0.0059913447777824565
SOAT1 (6646),-0.005991308224581657
TESK2 (10420),-0.005987354065966695
HKDC1 (80201),-0.005982829931570258
VPS41 (27072),-0.00598177217034905
UBXN2B (137886),-0.005981336972999985
CUEDC1 (404093),-0.005977765852855523
GHR (2690),-0.005975875454932587
IVD (3712),-0.00597192997583427
SPTBN5 (51332),-0.005968806280275126
GOLGA1 (2800),-0.0059634821578135825
GLI2 (2736),-0.005961465985611431
ADAMTS19 (171019),-0.005958064281788873
PCDHA13 (56136),-0.0059555724051015115
CTBP1 (1487),-0.00595514684056048
APP (351),-0.0059540382927233525
CNGA2 (1260),-0.005953302425615906
SLC34A3 (142680),-0.005945977648453345
VSTM2A (222008),-0.005940835024923707
TLR9 (54106),-0.0059389379294255105
COPS2 (9318),-0.005938579741317007
ZFP64 (55734),-0.00593342168141991
ZNF768 (79724),-0.005933256186178988
LRG1 (116844),-0.005930632706479822
TRPV6 (55503),-0.005928790449394903
OSBPL7 (114881),-0.005925082605838553
CFAP210 (129881),-0.005915758435607084
ULBP1 (80329),-0.005914514961198507
SF3B2 (10992),-0.005908231262227467
CDC42EP1 (11135),-0.005907196295068201
SNX6 (58533),-0.0059049040983685215
TBC1D10C (374403),-0.005895087419631264
CEP170B (283638),-0.005894363788741109
INSIG1 (3638),-0.005889528397732167
P4HB (5034),-0.005888261066786805
GABRA5 (2558),-0.0058847660846716105
OGFOD2 (79676),-0.00588436762973872
MEGF8 (1954),-0.005878368510738863
CPNE1 (8904),-0.005872588931879583
LCE3B (353143),-0.0058719674043822565
MYBPC1 (4604),-0.005871186445788067
CORIN (10699),-0.005868579780673143
CMTM1 (113540),-0.0058680162696500525
HLA-DPB1 (3115),-0.005865510926654725
BLTP1 (84162),-0.005861554691795856
UBB (7314),-0.005859404958538486
NFIA (4774),-0.005857626885776942
VARS2 (57176),-0.00585622260636036
COLGALT1 (79709),-0.005853599560450994
AKT1S1 (84335),-0.005852331408820895
ANKRD44 (91526),-0.0058481946935219145
NAGA (4668),-0.005847600056286558
KCTD11 (147040),-0.005843948292521285
STPG4 (285051),-0.005835818072386228
TBX10 (347853),-0.005834836522018506
OGFOD3 (79701),-0.005831971883703874
PARP14 (54625),-0.005819936338864822
SUCLA2 (8803),-0.0058198996502890135
FBXO10 (26267),-0.005819786732139158
LRRC42 (115353),-0.005819381259044612
RITA1 (84934),-0.005813722671974268
SECTM1 (6398),-0.0058087840596812304
EIF1B (10289),-0.005806063637795794
CNDP1 (84735),-0.005805117852244144
ETV2 (2116),-0.005804299583479556
FUT5 (2527),-0.005803346110536719
PPP5C (5536),-0.005801660245579524
C4orf36 (132989),-0.0058015645355533165
ENTREP2 (23359),-0.005793662531982597
CRB2 (286204),-0.005793357834921178
WIPF3 (644150),-0.005792721616819053
HMX2 (3167),-0.00579261622655862
TMEM167B (56900),-0.005787615225043187
AGK (55750),-0.005787235408888542
CXCR6 (10663),-0.005786627234606606
SNRK (54861),-0.005785757474203056
DSCAML1 (57453),-0.005783926483697244
TAC4 (255061),-0.005778812354131051
NSMAF (8439),-0.005777310878467799
PATE1 (160065),-0.0057740407817222835
PARD6A (50855),-0.0057684344086252
KIAA1614 (57710),-0.005765679800506921
RBP1 (5947),-0.005761692855091137
SLC25A48 (153328),-0.005758703062611601
TMEM179B (374395),-0.005758016329126672
LECT2 (3950),-0.005748823585498398
SYNC (81493),-0.005748631939725088
UBR7 (55148),-0.005748330610991667
FER (2241),-0.005747829143780753
ZHX2 (22882),-0.0057446212745932085
H4C16 (121504),-0.005738532973440513
CLIC4 (25932),-0.005737003432134688
ZNF784 (147808),-0.005736683945389272
OTP (23440),-0.00573529570425449
BTK (695),-0.005728244657589648
CES3 (23491),-0.005727065106289051
CRK (1398),-0.005726154088498398
EVC2 (132884),-0.005718834281602986
TKT (7086),-0.005713979572679001
TMPRSS7 (344805),-0.005709173717495587
SAP130 (79595),-0.005709168203806248
TBC1D4 (9882),-0.005708878921145672
RAB9A (9367),-0.005705076087545822
CLPTM1L (81037),-0.005700926164895026
UBR2 (23304),-0.005696857315800246
NKG7 (4818),-0.00568556064703844
EPN1 (29924),-0.005684297509465827
TOX (9760),-0.0056837048581559555
OR8J3 (81168),-0.005683367565444682
ETS1 (2113),-0.005677501687168978
DPT (1805),-0.005676867898882182
MKRN1 (23608),-0.005670140413220919
ATXN3L (92552),-0.005669856931991151
C1GALT1 (56913),-0.005667613204834597
GALNT7 (51809),-0.005656772384862945
PALMD (54873),-0.005655921536858485
TET3 (200424),-0.005654118170135351
TCN1 (6947),-0.005653414697900088
XAF1 (54739),-0.00565114005340841
PAH (5053),-0.005650272592217028
OR7G1 (125962),-0.005649043177056207
PCDHB4 (56131),-0.005644607400830675
TKTL1 (8277),-0.005640820289817779
SORL1 (6653),-0.005639546266788183
DOK3 (79930),-0.005636338528194963
ITGA6 (3655),-0.0056341680329976985
MEP1A (4224),-0.0056323530886030595
MYT1 (4661),-0.005627477848949273
LCN1 (3933),-0.005626438886437577
TNFRSF21 (27242),-0.0056194892611862775
UBALD1 (124402),-0.005616686569026122
CGREF1 (10669),-0.005614135044951127
APOC4 (346),-0.0056121220116599315
TRPA1 (8989),-0.0056083600136973555
TESMIN (9633),-0.00560742031400252
TMEM9 (252839),-0.005606913341687983
GPRC5C (55890),-0.005602550236703074
NUDT12 (83594),-0.005602514860300972
ULK3 (25989),-0.005602412649772612
COLEC10 (10584),-0.005600501426514393
NLGN1 (22871),-0.005596743567967519
ESD (2098),-0.005595720179282856
CYP2E1 (1571),-0.005592110913330682
LETMD1 (25875),-0.0055908960630076075
B4GALT4 (8702),-0.0055862751966222176
URAD (646625),-0.005573755605742625
CIMIP4 (339669),-0.005566272827563054
SHB (6461),-0.005564093787924937
HRH3 (11255),-0.005558964438485245
RTL6 (84247),-0.005556482454059369
TNFSF12 (8742),-0.005556108385422367
C19orf12 (83636),-0.005554426829328683
FGGY (55277),-0.005553767114275755
SMPD2 (6610),-0.005541818706853055
STC1 (6781),-0.0055264069443171394
C6orf47 (57827),-0.005525483851694103
PODXL2 (50512),-0.005525251413934229
CRLF1 (9244),-0.00552471944429931
INSL4 (3641),-0.005523783265144571
NPPC (4880),-0.005521834661003839
SHISAL2A (348378),-0.005515065092831173
RNF182 (221687),-0.005513125590901463
GPR78 (27201),-0.0055001646943562185
LOXL3 (84695),-0.0054961084453051525
GRID1 (2894),-0.005493893355483253
SPATA18 (132671),-0.005492857282098268
FBXO46 (23403),-0.005488485478378658
ZNF284 (342909),-0.005479405860432122
TAS2R1 (50834),-0.00546515561689599
OR2A2 (442361),-0.005462419221417281
VIPAS39 (63894),-0.005462402064151045
TRABD2A (129293),-0.005457785156317016
MPHOSPH10 (10199),-0.005454703461237348
SRM (6723),-0.0054539512507993755
PTPRN2 (5799),-0.0054538549054252
PCDHB7 (56129),-0.005445147428708323
PAG1 (55824),-0.005439846010782339
MSR1 (4481),-0.005437170983233778
ANKS4B (257629),-0.005436857618933752
LARP1B (55132),-0.0054367403108276854
HOMER1 (9456),-0.005436659993111968
TAL1 (6886),-0.005422680115181519
PSMD5 (5711),-0.005422019973843541
IFNA2 (3440),-0.00541933496414803
HYKK (123688),-0.005417788429461729
TUBG1 (7283),-0.005408549562357194
B4GALT6 (9331),-0.0054040702912991475
RTCA (8634),-0.005402360114793348
C1orf115 (79762),-0.0054017221468664585
RAD54L2 (23132),-0.005398673690357778
MAX (4149),-0.0053973762523600215
ASB10 (136371),-0.00539548217645696
PPP2R3A (5523),-0.0053917783979091265
KRT78 (196374),-0.005391009522578149
IFNW1 (3467),-0.005389711305305224
LPGAT1 (9926),-0.005379363912650729
RAX2 (84839),-0.005372000913322712
PNMA2 (10687),-0.005369786230875494
ZNF616 (90317),-0.005366498570692616
CDH7 (1005),-0.0053628391971133685
SMYD1 (150572),-0.005362365136269364
CAMK2A (815),-0.005357741209440189
HTR1D (3352),-0.005354355219247934
MCRS1 (10445),-0.0053528368597530115
LSM11 (134353),-0.005352028627800839
TANC1 (85461),-0.00534856050957254
INHA (3623),-0.005346226398321166
RASSF7 (8045),-0.005343917024952733
TCTN3 (26123),-0.005343343094996878
MSLN (10232),-0.005340948491047484
TENM3 (55714),-0.005336431435925628
SCN2B (6327),-0.005328714047445254
TPPP2 (122664),-0.005325961754748773
GLG1 (2734),-0.0053257801606031805
MARCHF1 (55016),-0.00531733617359227
COL9A1 (1297),-0.005307481170469436
BTBD18 (643376),-0.005306340765585264
TMPRSS3 (64699),-0.005304578256761925
OXGR1 (27199),-0.005300290573917917
NYNRIN (57523),-0.005299169862927029
B3GALT4 (8705),-0.005299044571530883
AFF3 (3899),-0.005298396457914425
BRSK1 (84446),-0.005295296059727921
CCAR2 (57805),-0.005294389397868517
GRB10 (2887),-0.00529342269474823
F11 (2160),-0.005290605234412302
SLC35A2 (7355),-0.005267270705273471
ECHDC1 (55862),-0.005263058725075924
TLR8 (51311),-0.005258962329287414
CLIC1 (1192),-0.005257135435156604
AP1S1 (1174),-0.005254418652276346
CDKN3 (1033),-0.005248347089279524
HPDL (84842),-0.005242909254194417
FGF21 (26291),-0.005238365002192079
FER1L6 (654463),-0.0052327572571246985
NAT1 (9),-0.005227598869739333
PMS1 (5378),-0.005226572665081022
CHST11 (50515),-0.005219260170154185
ARMC3 (219681),-0.005218185918328508
PRCD (768206),-0.0052123988632845585
TLCD2 (727910),-0.005204003953283246
ASB18 (401036),-0.005200350788269363
E2F7 (144455),-0.005195714135080478
PHPT1 (29085),-0.005192948103656514
GOLGA4 (2803),-0.005190131929784339
GPBAR1 (151306),-0.005187604719563226
EMILIN3 (90187),-0.005182868944274631
CLGN (1047),-0.005174082580882564
ABCC4 (10257),-0.00516180994100404
STARD8 (9754),-0.005160614530682657
H2BC17 (8348),-0.0051597717673659985
MIGA2 (84895),-0.0051580846346575724
CNPY4 (245812),-0.0051580028843165385
H2BC13 (8340),-0.005156585893067988
MAGOH (4116),-0.005142676911950789
VN1R2 (317701),-0.0051364553787421555
RPRML (388394),-0.005128525299745265
GC (2638),-0.005125485933931833
FAM204A (63877),-0.0051250662050201625
NSL1 (25936),-0.005122618752725886
RHO (6010),-0.005122146689921112
SLX4IP (128710),-0.005113992034934206
PRELID2 (153768),-0.0051139153061001705
SCGB2A2 (4250),-0.005110633330797172
FBXL3 (26224),-0.00511024390991003
SLC29A1 (2030),-0.005107782592996778
GRIN3B (116444),-0.005104246691352792
ZNF232 (7775),-0.005103558844012235
SH3GL2 (6456),-0.005097992800000855
DCBLD1 (285761),-0.005092282962390316
TEX46 (729059),-0.005091861157644904
RHOC (389),-0.005091670158985359
RASSF1 (11186),-0.005083070109209728
FAM170A (340069),-0.00508197138006184
FHDC1 (85462),-0.00508159200021927
EYA1 (2138),-0.0050725190264912885
PLPP2 (8612),-0.005069272549878598
FAM114A1 (92689),-0.005067500025693844
MAGEC2 (51438),-0.0050647598180586575
SHBG (6462),-0.005064744981826204
PDYN (5173),-0.0050604629271705035
CERS3 (204219),-0.0050563280111147
ZNF548 (147694),-0.005052133984245704
GADL1 (339896),-0.005045759936714472
ITGA7 (3679),-0.005045132314339295
ROR2 (4920),-0.005044721534606266
OR5M9 (390162),-0.005043968989416657
KRT39 (390792),-0.005043968114773521
TMC7 (79905),-0.005042304969119254
NDP (4693),-0.005035712514823813
PARL (55486),-0.005035421578485507
ALDH1A2 (8854),-0.005033476070893156
MRM1 (79922),-0.005032845502403104
LCE5A (254910),-0.005031810482914514
ACTR5 (79913),-0.005022720593180211
SUN2 (25777),-0.005015735704867609
TMEM234 (56063),-0.005013380151348714
AZGP1 (563),-0.005012919113078856
TMEM266 (123591),-0.0050105516469759245
LSR (51599),-0.0050099075647060025
KDM6B (23135),-0.005008045892500668
POU2F3 (25833),-0.005001962381940934
NSD2 (7468),-0.004995583628318273
TMC2 (117532),-0.004983465276330353
SCCPDH (51097),-0.004975803885065179
CEBPG (1054),-0.004973132327712774
CIDEA (1149),-0.0049720963917354345
SMPDL3B (27293),-0.00496954917619118
DNPH1 (10591),-0.004963086521904513
RNF144A (9781),-0.0049597755008484665
FBXO24 (26261),-0.004958297266552663
SYNE2 (23224),-0.004955406108537838
SLC39A11 (201266),-0.004938383091897432
OR5C1 (392391),-0.004935894653856392
TTC29 (83894),-0.004930219310344341
AP3S2 (10239),-0.004928360443673269
TNKS1BP1 (85456),-0.004927851217435373
DHX37 (57647),-0.004922051089093537
XAGE5 (170627),-0.004919222165936653
TDRD10 (126668),-0.004918221882820463
BCAT1 (586),-0.004915796783004834
ELAC1 (55520),-0.00491223504204932
CXCL2 (2920),-0.00491049252577499
WAS (7454),-0.004907461357560336
EDA2R (60401),-0.004905578477246914
SLC22A4 (6583),-0.004904144397113487
FADS6 (283985),-0.004901066135425217
ENTPD4 (9583),-0.004901033758504275
SLC35A4 (113829),-0.004897520517691523
TMEM98 (26022),-0.004896159651403097
POLE4 (56655),-0.004896075865951339
PPP1R14D (54866),-0.004895450740201356
LRRC17 (10234),-0.004887936100480532
PTGDS (5730),-0.004882465358351329
SLC38A8 (146167),-0.004881493213174476
B3GLCT (145173),-0.0048748510015997485
ZNF248 (57209),-0.004872864401058021
ENC1 (8507),-0.0048707509989919275
CEP55 (55165),-0.004848619414164333
SCNN1B (6338),-0.004847555383663391
UBXN6 (80700),-0.00484642999040368
GARRE1 (9710),-0.004842051179532604
RNF38 (152006),-0.004837943568767578
ZMYND15 (84225),-0.004837655931238885
EVPL (2125),-0.004835045398380657
PLCZ1 (89869),-0.004834240367445733
NAXE (128240),-0.0048325199497282105
ITGA8 (8516),-0.004831659653709264
SFTPC (6440),-0.004827392935366235
CFAP65 (255101),-0.0048265896438824205
NUGGC (389643),-0.004818421042952603
COL6A1 (1291),-0.0048171180789874
CD276 (80381),-0.004814679858032343
AAAS (8086),-0.004813742496447748
PGF (5228),-0.004805050022855696
SEC24C (9632),-0.004802579204939247
ZBTB26 (57684),-0.0048004054996787695
SLC6A20 (54716),-0.00479734184951412
OR11H6 (122748),-0.0047953947244488565
ITGA3 (3675),-0.00478710333013539
LAYN (143903),-0.0047855902055444575
CD2AP (23607),-0.004784599218513164
CYP4V2 (285440),-0.004781774024663804
ZNF264 (9422),-0.00478117159703205
NUDT9 (53343),-0.004780647042893996
CAMK2N1 (55450),-0.004779695090648863
HHIP (64399),-0.004778774595650099
DHPS (1725),-0.0047784613438597925
SPRING1 (79794),-0.004775962111700033
PPP2R5E (5529),-0.004775385246837084
ORMDL3 (94103),-0.004775285112555597
ACP6 (51205),-0.004771203703522539
GOSR1 (9527),-0.004770708011680882
CLCA1 (1179),-0.0047675467666427815
SMIM24 (284422),-0.004765735082601561
FGF3 (2248),-0.0047629431748169755
ANGPT2 (285),-0.004756475107338086
FAM221B (392307),-0.004751581506011876
CUL1 (8454),-0.004744460554835387
BMP7 (655),-0.0047416339601439655
GDPD3 (79153),-0.00474024987564112
HSD17B14 (51171),-0.004732901369364474
ABAT (18),-0.004729953059402216
MBNL2 (10150),-0.004728806787878064
MMUT (4594),-0.004728356329665628
CD53 (963),-0.004727766383470722
TBXA2R (6915),-0.004726394764811127
SDF2 (6388),-0.004718965775212084
FILIP1 (27145),-0.004716246405311835
SLC66A3 (130814),-0.004702242790554717
KHK (3795),-0.004702208471144526
OR9I1 (219954),-0.004702040018350979
HMGB3 (3149),-0.004701101300832834
ERCC3 (2071),-0.004700753477484727
TF (7018),-0.004687785274078133
B3GNT8 (374907),-0.004683511804064127
ZNF235 (9310),-0.00468349041132634
DOCK3 (1795),-0.004682799030478345
WDR31 (114987),-0.004679061924423281
CDK18 (5129),-0.004678081155845275
PSMD2 (5708),-0.004677750734418494
TOMM7 (54543),-0.0046716256218157625
MAMDC2 (256691),-0.004665744896752417
ADPGK (83440),-0.004656282491832349
PDE6D (5147),-0.004653007745208103
NEU4 (129807),-0.004652425288751744
JHY (79864),-0.0046500934790604355
FBXO34 (55030),-0.004646698130005526
NETO2 (81831),-0.004643711397292126
KSR2 (283455),-0.004640463465399924
LEPROTL1 (23484),-0.004636153934459299
HCN3 (57657),-0.00463327005918072
FPR3 (2359),-0.00462799832502353
NAA40 (79829),-0.004627754325590936
BZW1 (9689),-0.004625448075669918
PTPN5 (84867),-0.004623469892914645
MYCBPAP (84073),-0.004621287913155253
SRPX (8406),-0.0046170314661585134
RAX (30062),-0.004616935345836449
SPACA1 (81833),-0.004615888121220815
NXPH1 (30010),-0.004614035120579639
SHOC1 (158401),-0.004612897709473305
CHCHD4 (131474),-0.004612861805719715
OR5J2 (282775),-0.004608988735666221
KRT28 (162605),-0.004608645528789864
CCNY (219771),-0.004607006453934263
HIBADH (11112),-0.004600957209469766
NCSTN (23385),-0.004593886613771911
SFI1 (9814),-0.004589892188702852
LEFTY2 (7044),-0.0045894094570151185
ACAD11 (84129),-0.004586790942537866
COCH (1690),-0.004581269399047051
COL9A2 (1298),-0.004576996126246207
LIME1 (54923),-0.004576759386413725
HMGCR (3156),-0.004576079305304107
KRT5 (3852),-0.004575016522177932
CXorf66 (347487),-0.004571169665256533
NEUROG3 (50674),-0.004570520997361118
C19orf44 (84167),-0.0045695171006533515
AQP7 (364),-0.00456831246995268
ZPLD1 (131368),-0.0045681645737222255
DOK7 (285489),-0.0045559922670631555
UCHL1 (7345),-0.004547518055761595
BAIAP2 (10458),-0.004542039526374519
CPNE2 (221184),-0.004541583409827702
STAM (8027),-0.004539205017112542
BACE2 (25825),-0.004538333356052816
OR1A1 (8383),-0.004538021433089264
PDZD7 (79955),-0.004537927425051022
WDR62 (284403),-0.00453358640991995
HIVEP1 (3096),-0.004529974828765892
MAPRE3 (22924),-0.0045245532733167145
AGAP2 (116986),-0.004523467336042946
UVRAG (7405),-0.004521234071242898
SNTB1 (6641),-0.004515484874965832
DLGAP1 (9229),-0.004513075814046371
PI3 (5266),-0.004508435046211937
PDIA2 (64714),-0.004506958712810689
TFAP2E (339488),-0.004501853170563103
DPY19L4 (286148),-0.004499163221225328
ANKRD62 (342850),-0.004495405631975831
DCBLD2 (131566),-0.00449471617516275
AEBP1 (165),-0.004493013836445795
LMOD1 (25802),-0.004490103987495441
GATA5 (140628),-0.0044877902792615125
ZDHHC19 (131540),-0.004486122103117594
SYNGAP1 (8831),-0.004484670496245271
UCK1 (83549),-0.0044836378896427
ZNF821 (55565),-0.004479341746516883
DENND3 (22898),-0.004473885723521634
CES4A (283848),-0.004464896571762865
FCHSD2 (9873),-0.004464410690004333
C6orf132 (647024),-0.004457025375496955
TMEM171 (134285),-0.004451609301799707
ANKFN1 (162282),-0.004449048696093129
ADGRL3 (23284),-0.004448418657842077
FCER1G (2207),-0.004444882331508123
ZNF268 (10795),-0.0044406851898272206
NOP10 (55505),-0.0044374378236179835
HRNR (388697),-0.004430613182199901
RHOQ (23433),-0.004429635143668314
C1RL (51279),-0.004428337628330336
DRAXIN (374946),-0.004426303772394531
AMMECR1 (9949),-0.0044261214526347195
C1QTNF7 (114905),-0.004416617732773523
PABPC5 (140886),-0.00441550932721817
GPM6A (2823),-0.0044149892213222715
CC2D1B (200014),-0.004409188640664882
TMEM229A (730130),-0.004406074314301289
MFAP4 (4239),-0.004406059525116153
DNAJC6 (9829),-0.004402784937015707
C16orf54 (283897),-0.004395265298866661
SOHLH1 (402381),-0.004394843796230064
SERPINE1 (5054),-0.004392579148537522
PRRT1 (80863),-0.004387050701167862
DRC1 (92749),-0.004386181277380747
SPATA12 (353324),-0.004372578871284688
TP53TG5 (27296),-0.004371716081405683
BBS1 (582),-0.004371054589069693
ARPP21 (10777),-0.004370958439549198
R3HCC1 (203069),-0.004369474550972611
ACKR3 (57007),-0.00436902196958568
AIF1L (83543),-0.004368330730171945
NRDE2 (55051),-0.004368119224757738
SLC51A (200931),-0.0043627587696973965
CCL16 (6360),-0.004358426516974844
CREM (1390),-0.004351432208690238
APOM (55937),-0.004349783999617535
SNX19 (399979),-0.004339208128701066
SYNGR3 (9143),-0.004337654430763857
KLF14 (136259),-0.004331371385655135
CPSF4L (642843),-0.00433056697873894
GJB7 (375519),-0.004329115744935943
RPEL1 (729020),-0.0043267176832202745
SEMA4G (57715),-0.004310525050376537
INVS (27130),-0.0043041122261833435
TMED7 (51014),-0.004302466053390215
OR6C6 (283365),-0.004294999755744561
NINJ2 (4815),-0.00428661253789124
FMR1 (2332),-0.004282063749924212
ALDH3B2 (222),-0.0042793934995629295
CLEC12A (160364),-0.004279240128898172
CNTD1 (124817),-0.0042777345683052805
DCAF8L1 (139425),-0.004274423444517475
FRMD4B (23150),-0.0042741890093893585
KIF13A (63971),-0.004273705631585023
HFE (3077),-0.004272091273385908
HSD17B2 (3294),-0.00427180789386257
TRIM38 (10475),-0.0042709949271415885
MKKS (8195),-0.004269679520143239
C12orf71 (728858),-0.004264735145877482
INSRR (3645),-0.004251204085792147
NEDD4 (4734),-0.0042489809341909384
ACADVL (37),-0.00424726327023306
SRPX2 (27286),-0.0042439956141188066
METTL4 (64863),-0.004241544099646788
TRMT10B (158234),-0.004240408476122676
TAFA1 (407738),-0.004237355539320664
CACNG5 (27091),-0.004234199895248336
CHSY1 (22856),-0.0042308591006588875
ZNF667 (63934),-0.004228428415013767
ABCD3 (5825),-0.004219693574170106
TRIM44 (54765),-0.004219529431151358
KRT2 (3849),-0.004217590255610419
PEX11G (92960),-0.00421148442104371
RAB3A (5864),-0.004211147211711046
GNB2 (2783),-0.004205339978758225
VWA2 (340706),-0.004203286761043309
TPCN1 (53373),-0.00419697804839399
IFNB1 (3456),-0.0041876731512828095
CYP4F2 (8529),-0.004186431492210662
ZSWIM1 (90204),-0.004183939277779984
FERD3L (222894),-0.004173986973543566
PDCD6IP (10015),-0.004171000866530642
HAO2 (51179),-0.004170279607110756
CMTR1 (23070),-0.004164103310546621
SESTD1 (91404),-0.004156079347409846
TLR6 (10333),-0.004151049585844097
NABP1 (64859),-0.004140952130271835
NTSR2 (23620),-0.004131735396276603
LY6G5B (58496),-0.004127211368988904
EHF (26298),-0.004123557609907629
PDK4 (5166),-0.004121004646111975
PSRC1 (84722),-0.004120333648723109
LRRC30 (339291),-0.00411991521127298
KIFAP3 (22920),-0.004117338646936037
CPN2 (1370),-0.004111742858976121
MTRF1 (9617),-0.004099925011261511
TMEM241 (85019),-0.00409969865235449
COL12A1 (1303),-0.004096289185420812
TCN2 (6948),-0.004094767599186792
ARL5A (26225),-0.004092780457803259
RPL3L (6123),-0.004092476720487062
ADGRD1 (283383),-0.004088570837607188
CCR8 (1237),-0.004079828213402447
SPATA17 (128153),-0.004078706311961496
DNAJC14 (85406),-0.004075241491127042
CCN4 (8840),-0.004070756730541397
USP54 (159195),-0.004067061745304592
CFHR2 (3080),-0.004066681646541522
KATNAL2 (83473),-0.004064411588477708
DUSP12 (11266),-0.004054130644001541
CACNA1F (778),-0.004046027060783693
PDE6H (5149),-0.00404502272635707
ERAP1 (51752),-0.004035496831568075
GPR171 (29909),-0.004034301359820425
TAS2R3 (50831),-0.00403408800989733
NANOGNB (360030),-0.004020018294252267
ZSCAN25 (221785),-0.004015038247198971
ANAPC1 (64682),-0.004009831016374757
DCUN1D3 (123879),-0.0040090637654012495
REEP4 (80346),-0.004006815914862461
CREB3L2 (64764),-0.004006535300962135
CEP57L1 (285753),-0.0040039513694268255
CCHCR1 (54535),-0.004001462488221598
OR4D6 (219983),-0.003999156609073474
NTMT1 (28989),-0.003991802146481432
SLFN12 (55106),-0.003991193572285153
CCDC167 (154467),-0.0039859142048251014
TNMD (64102),-0.003979594950524803
TESPA1 (9840),-0.003972722431667842
LRRC8D (55144),-0.003969728623725497
CAPN6 (827),-0.003968174494637934
PTCHD1 (139411),-0.003959284120665337
INSL3 (3640),-0.003959047135064289
MAPK13 (5603),-0.003955186285333009
SPATA24 (202051),-0.003954802073860575
EML6 (400954),-0.003952819763260042
NOTCH2 (4853),-0.003947400453168269
SCAMP5 (192683),-0.00394314119748869
SPG21 (51324),-0.003941279602461354
BCL2L13 (23786),-0.0039388708488304796
H2AP (25763),-0.003938248859598098
LY86 (9450),-0.0039355701206981635
MCCC2 (64087),-0.003934112440676839
ZUP1 (221302),-0.003932662580298591
ATP13A3 (79572),-0.003931650133274603
CFAP300 (85016),-0.00393127154264543
TMEM165 (55858),-0.003930076065055334
LRRFIP1 (9208),-0.003929490343668045
SH2D7 (646892),-0.003929426070223023
PYCR1 (5831),-0.003920676160988088
CLEC7A (64581),-0.003920294643830492
DLX6 (1750),-0.003919417319819589
FNDC1 (84624),-0.003918137703506948
ASPH (444),-0.0039039155070639247
COL4A5 (1287),-0.003902595676343863
ZBTB18 (10472),-0.003897665156493603
RGS19 (10287),-0.0038971999022971303
NNAT (4826),-0.0038958857334566058
KICS2 (144577),-0.0038917322536712582
CDKL1 (8814),-0.003891518207890541
FABP12 (646486),-0.0038903693365519745
CD80 (941),-0.003888719849127473
RGS17 (26575),-0.0038844816678080987
RHBDL2 (54933),-0.00388399964932088
ITIH1 (3697),-0.0038835482144168616
OPRK1 (4986),-0.003867220065570294
CA6 (765),-0.003851490786977391
KCNC4 (3749),-0.003846856218771286
TAGLN (6876),-0.0038409886780966145
FMN1 (342184),-0.0038400947134818128
ZNF536 (9745),-0.00383800474449851
MYO1F (4542),-0.003837612831083916
SLC2A12 (154091),-0.003830431470825368
IGHMBP2 (3508),-0.0038301990919424466
OR5W2 (390148),-0.0038285551435612675
STX7 (8417),-0.0038241648630365217
ZNF444 (55311),-0.0038236231553451312
SLTM (79811),-0.003822336498887723
ARL11 (115761),-0.003818573420548266
RBIS (401466),-0.00381808781245991
YPEL4 (219539),-0.0038156311897482175
RABEPK (10244),-0.003809930097753972
TBC1D2 (55357),-0.0038083727418732373
RIPPLY3 (53820),-0.003808337885133159
TSGA13 (114960),-0.003807868155447676
TMEM104 (54868),-0.0037926259964982654
CHRNB3 (1142),-0.0037911733166758194
MEX3B (84206),-0.003788129695123995
KREMEN2 (79412),-0.003787196767562459
SSTR2 (6752),-0.003779637655252992
ERBB2 (2064),-0.0037790044503330524
MAP3K7 (6885),-0.0037688170663358733
MYL5 (4636),-0.0037650982431528244
ITGA9 (3680),-0.0037602224110005076
NIPAL2 (79815),-0.0037560722315773663
TMEM62 (80021),-0.003755493408610043
PIGF (5281),-0.0037522927342198394
ANTXR2 (118429),-0.003749284561269558
DNASE1 (1773),-0.0037486539662151754
NPAS3 (64067),-0.0037479592199409855
IRF6 (3664),-0.003746196488620119
PPM1K (152926),-0.0037459341465932608
C1QA (712),-0.003743476090891085
SEC24B (10427),-0.0037383837697483723
FAM124B (79843),-0.0037359302179136946
ACTA1 (58),-0.0037332248133745776
MAP2K6 (5608),-0.0037298775734211755
UBE2D4 (51619),-0.0037232790115046847
ERLEC1 (27248),-0.0037229705197412495
PI15 (51050),-0.0037222328672104122
EMC1 (23065),-0.0037197683759296546
CAPN14 (440854),-0.003718696104751181
ACP5 (54),-0.0037131790947963843
OR52E8 (390079),-0.003712972514262658
CLEC16A (23274),-0.0037061271990625672
BLTP2 (9703),-0.0037050725009013046
LTK (4058),-0.003696084841130726
CDK13 (8621),-0.0036924825063881506
NINJ1 (4814),-0.0036907680677855208
CENPN (55839),-0.003684661455493442
PLCXD2 (257068),-0.003682859170619268
GSKIP (51527),-0.00368215217782639
ZNF628 (89887),-0.0036766333952651495
STXBP1 (6812),-0.003676090625120072
TCTE1 (202500),-0.0036744711138697343
SGMS2 (166929),-0.0036716842684573806
DCT (1638),-0.003670735611630722
RALA (5898),-0.003667936388809833
NLRP2 (55655),-0.0036675793174616644
TTC32 (130502),-0.0036649587063885317
UBTD2 (92181),-0.0036589190825251747
PAQR3 (152559),-0.003655163637523044
UBQLN2 (29978),-0.0036519656154212284
IPP (3652),-0.0036142305308403695
UTP25 (27042),-0.0036134688652133804
SEPTIN5 (5413),-0.0036123695596375635
G2E3 (55632),-0.0036108959449972834
POTEM (641455),-0.0036089123523489254
NUDT3 (11165),-0.003596940573927178
FOXP2 (93986),-0.0035966905764607472
RRAGB (10325),-0.0035926776968245866
MT1B (4490),-0.0035908411590191763
SERPINF1 (5176),-0.003580444449249734
NUP107 (57122),-0.003578075494863961
SGCE (8910),-0.0035693428845159046
HMGB4 (127540),-0.003569043028495271
FBXL22 (283807),-0.003568599659554461
FCRLB (127943),-0.0035640322876725823
LRIG3 (121227),-0.003562070529750791
APOE (348),-0.0035595177145857832
SH3BP4 (23677),-0.0035584934304314472
FABP1 (2168),-0.0035547437194453574
CLEC12B (387837),-0.0035476326757418325
SOST (50964),-0.0035462387721451024
JOSD2 (126119),-0.0035436713605273636
SLC45A4 (57210),-0.003539581346707693
TMEM80 (283232),-0.003538045570476594
MAPKAPK2 (9261),-0.003537849216751321
EVPLL (645027),-0.0035329838017754845
MYL3 (4634),-0.0035323379640166607
ARSD (414),-0.003531976133020309
SNN (8303),-0.0035308897888759365
ADAM2 (2515),-0.0035286331099371356
SLC17A4 (10050),-0.0035240873943314563
BDKRB2 (624),-0.0035157035794143167
SAGE1 (55511),-0.0035134153432102395
IFITM3 (10410),-0.0035125028661500543
ACVR1C (130399),-0.003512461103230875
LCK (3932),-0.0035117674556762145
NBL1 (4681),-0.003510868730614592
OR6C1 (390321),-0.0035051116109402224
ACTMAP (284325),-0.0035023921581001844
FAM3D (131177),-0.003486405388741807
GSX2 (170825),-0.0034699129023870036
CPO (130749),-0.0034687067987167887
NEU3 (10825),-0.003460216486457836
CSF2RB (1439),-0.0034586284418886316
PIGV (55650),-0.003457616871988477
GABRP (2568),-0.003456403376768291
ZNF81 (347344),-0.0034560869878360674
VSNL1 (7447),-0.003446527541841215
OR7D4 (125958),-0.0034464479071191862
CCDC9 (26093),-0.0034442449188206996
CTDSP1 (58190),-0.003442494871621607
LDLRAD3 (143458),-0.003438193574887185
FRG2C (100288801),-0.003433552970731955
TPM2 (7169),-0.0034293651551848244
BCL2L2 (599),-0.0034292286171370865
LIPN (643418),-0.0034237534942649695
ASB12 (142689),-0.0034115554219502353
DRC7 (84229),-0.003409352557382159
THAP9 (79725),-0.0034088578955204785
TIMP3 (7078),-0.0034066107071797145
COMMD4 (54939),-0.0033980697277103127
RRP1B (23076),-0.0033974680199339424
PAMR1 (25891),-0.0033962772738619857
ZMAT3 (64393),-0.0033946269757041585
CLDN16 (10686),-0.00339140081811371
POU5F1 (5460),-0.0033913481389460996
DPP4 (1803),-0.003387428856671613
CYB5D2 (124936),-0.003387259703139123
SMNDC1 (10285),-0.0033869017672437133
CLDN19 (149461),-0.0033862498191983355
LRRC3B (116135),-0.0033855317527433067
SLC45A3 (85414),-0.0033718669711676028
SPESP1 (246777),-0.003364434667299766
CTDSPL (10217),-0.003346495591905676
PUS7L (83448),-0.0033460982911029465
PPDPF (79144),-0.0033425813659217264
PFKM (5213),-0.003337783153970879
CFAP70 (118491),-0.003337090452935864
TBC1D9 (23158),-0.003335586256821688
ATP6V1E2 (90423),-0.0033151978040896783
GPR15LG (387695),-0.003314265641446179
ASPSCR1 (79058),-0.003311314107438862
SPANXN1 (494118),-0.003309881470209627
KCTD13 (253980),-0.003309446261885626
FDCSP (260436),-0.003303134738809616
GINM1 (116254),-0.0033007645529104356
SLC35G1 (159371),-0.0032994110094108366
GAR1 (54433),-0.003295745076775832
C19orf18 (147685),-0.003295136503410874
ARHGAP17 (55114),-0.003293036027224338
ATP5PD (10476),-0.003291026286703632
SHE (126669),-0.003289556061993374
ZNF420 (147923),-0.0032892706384906605
PLSCR3 (57048),-0.003278329286888608
STAU1 (6780),-0.0032775322622488694
SYNPR (132204),-0.003276878280847017
ATG7 (10533),-0.003271144987956978
HLTF (6596),-0.003270512571673773
LHFPL1 (340596),-0.003270216465672906
SENP8 (123228),-0.0032666636622745485
F7 (2155),-0.0032661063616664173
KMT2E (55904),-0.003260295331666746
NES (10763),-0.003251788868041592
PRCP (5547),-0.0032490158620245573
REEP3 (221035),-0.0032310696582656334
GPRC6A (222545),-0.003221373915786742
PSMB8 (5696),-0.0032180309647979405
CREBRF (153222),-0.0032140946002390614
CCDC24 (149473),-0.003213612124738616
IGSF11 (152404),-0.0032109701246027674
CTRC (11330),-0.003207047956075927
SCFD2 (152579),-0.00320626745546853
RBP7 (116362),-0.003205715811469303
PCDHB5 (26167),-0.0031992354281330636
ACYP1 (97),-0.003199077799000902
AGO3 (192669),-0.0031987384367360935
PGLYRP1 (8993),-0.003195109516611423
CALCRL (10203),-0.0031949522230029243
VAMP4 (8674),-0.0031877402549707725
RTKN (6242),-0.00318483815274554
ABLIM3 (22885),-0.003182335147727231
SLAMF1 (6504),-0.0031748118150967254
PASK (23178),-0.0031736908179948735
NMBR (4829),-0.0031698993733576385
AACS (65985),-0.003163722325516
NME9 (347736),-0.003159999732752228
IL16 (3603),-0.0031578919233954806
SLC35G6 (643664),-0.0031576355829366033
ZNF317 (57693),-0.00315683296983519
MSH6 (2956),-0.0031558475973300832
CD3G (917),-0.0031542298651760733
FAM78A (286336),-0.003152539620567681
INSC (387755),-0.00314989402058277
ELF5 (2001),-0.003143499709591842
RASSF6 (166824),-0.00313820752909303
CCNG2 (901),-0.003127001238961993
CCL11 (6356),-0.0031269308072660014
ANTXR1 (84168),-0.003114792753970932
MLLT6 (4302),-0.003114204654701011
LIF (3976),-0.0031109371346211816
SLITRK3 (22865),-0.0031063769787987657
PGM3 (5238),-0.0031053064370018847
FAM171A1 (221061),-0.003095644010399937
PDRG1 (81572),-0.0030948842816311876
YBX1 (4904),-0.003091539744356268
FAM234B (57613),-0.0030880950376344744
ZNF140 (7699),-0.0030860756327732923
SCN4B (6330),-0.0030816592835661923
CD40 (958),-0.003081237299812411
ZDHHC12 (84885),-0.0030802235430428533
ADAMTS6 (11174),-0.0030732204191410394
PPM1A (5494),-0.00307021624701243
BRMS1 (25855),-0.0030667019016051046
CFAP46 (54777),-0.003059077091077754
CCL21 (6366),-0.0030521615290702376
MAGEB10 (139422),-0.0030502546266749676
SLAIN2 (57606),-0.003049964513391201
GBA2 (57704),-0.003049739120075521
PRSS12 (8492),-0.0030485843569240095
LYPD6B (130576),-0.003045602537775052
POP4 (10775),-0.003043633342165653
CYTH4 (27128),-0.0030390655826613385
GARIN2 (161142),-0.0030357877602719963
GRIK3 (2899),-0.0030333186073753073
KHDRBS2 (202559),-0.0030318663257312755
FXYD5 (53827),-0.003029886652035744
OTUD7A (161725),-0.0030234578162619805
TBKBP1 (9755),-0.0030174845199179134
RNF220 (55182),-0.0030164507950808154
UBXN10 (127733),-0.003015492142074718
STPG3 (441476),-0.003012233337853453
WDR19 (57728),-0.0030102558167991976
ABHD15 (116236),-0.0030060301006501412
TICAM2 (353376),-0.0030054401769562754
OR9K2 (441639),-0.0030022541078799743
PGLYRP2 (114770),-0.0030020111325146587
MAFB (9935),-0.0029927260987766564
SAP25 (100316904),-0.002978432968578136
MUC5B (727897),-0.0029776673814116664
EYS (346007),-0.002976073353311892
IL7 (3574),-0.0029753496328679793
PMM1 (5372),-0.00297517893780828
ITPR3 (3710),-0.0029705709407841013
KCNMB3 (27094),-0.0029678379765003104
TMEM176A (55365),-0.002967708213564695
ZC3HAV1 (56829),-0.0029675003625001806
LIPE (3991),-0.002966825703626045
PPEF1 (5475),-0.00296531462837251
SWT1 (54823),-0.002964110038486214
PRIMPOL (201973),-0.002963099842829484
TP73 (7161),-0.0029620368738658373
FBXO44 (93611),-0.0029584040701033628
EOLA2 (541578),-0.002952467011529204
RORA (6095),-0.002948594089930474
HACD1 (9200),-0.0029430990269751103
ANKRD23 (200539),-0.002932565253034955
SFN (2810),-0.002930995217047595
TBX15 (6913),-0.0029302252388666876
RNF14 (9604),-0.002928434266415499
TMEM88 (92162),-0.0029226204984803554
FAM110D (79927),-0.002922139571431817
CISD2 (493856),-0.0029200625040282017
CD2 (914),-0.0029173883205976464
DSG3 (1830),-0.002916900445658492
SLC9C1 (285335),-0.0029044340497788547
TP53I11 (9537),-0.0029017887918485015
RSBN1 (54665),-0.00289888208257301
RAB11FIP5 (26056),-0.0028969739506573217
JCAD (57608),-0.002896959566060395
ANGEL2 (90806),-0.0028910315498566997
SEC61A2 (55176),-0.002888771158045505
FGL2 (10875),-0.0028762344029593222
TMEM64 (169200),-0.0028740540712535747
C20orf141 (128653),-0.0028738069038838692
UTP14A (10813),-0.0028716603991527706
IRF2BPL (64207),-0.0028538283106966118
KLK15 (55554),-0.0028515028570409813
TOR1AIP1 (26092),-0.0028396646674392436
SLC22A13 (9390),-0.0028363381771380806
DYNLT4 (343521),-0.002826144219598106
GOSR2 (9570),-0.0028239216301421703
DAND5 (199699),-0.002822710299555603
KLHL14 (57565),-0.002821307162785646
SLCO4C1 (353189),-0.0028186875995354073
PRH2 (5555),-0.0028134988097942627
TMIGD1 (388364),-0.0028121253772165843
ZYG11A (440590),-0.00280498211101189
KRTAP10-2 (386679),-0.002804410948852981
CCDC90B (60492),-0.002803998223302525
MATN2 (4147),-0.0028010077819981454
BIN1 (274),-0.0028006869363909432
CYP4X1 (260293),-0.0027997796438868554
ABCA1 (19),-0.002796232186319685
CES2 (8824),-0.0027961577014839695
TLCD3B (83723),-0.0027915557246381622
LEPROT (54741),-0.00278607368126724
UBP1 (7342),-0.0027837602790633186
MTMR10 (54893),-0.0027823314228955605
ZNF879 (345462),-0.00277962769610918
CAVIN1 (284119),-0.002778302223087579
PCLO (27445),-0.00277638542958039
TRPV1 (7442),-0.002768905651182719
NAP1L4 (4676),-0.0027642930467480483
SIGLECL1 (284369),-0.0027625286078401087
CDCA7L (55536),-0.002757228215056051
PRSS35 (167681),-0.0027557241753075105
CCNJ (54619),-0.00274724884744364
TMEM14A (28978),-0.002742236285337206
PDIA6 (10130),-0.0027420242602830473
NRARP (441478),-0.0027413933572536762
LRGUK (136332),-0.0027385428411048356
PITX3 (5309),-0.002735364533869562
CDADC1 (81602),-0.0027339209436856413
HHEX (3087),-0.0027304628878465974
TMEM215 (401498),-0.002721152241469033
COL9A3 (1299),-0.00271721077983091
PRRT3 (285368),-0.0027153486130321795
MAML1 (9794),-0.00271023460341973
IGSF6 (10261),-0.002709958717067332
SCRIB (23513),-0.0027051253203824927
UBAP1L (390595),-0.00270464108815881
NARF (26502),-0.002700735765731412
PABPC3 (5042),-0.0026923066111109563
OR10G4 (390264),-0.002687206697971036
KDELR2 (11014),-0.0026831884854539786
DNER (92737),-0.002676100200332479
LYAR (55646),-0.0026759413631586232
SRSF10 (10772),-0.0026751673874290333
ZSWIM2 (151112),-0.002668160674857942
CLDN3 (1365),-0.0026676381998322206
TSSK2 (23617),-0.002667019759715501
DDX21 (9188),-0.0026663005750154874
PRAMEF4 (400735),-0.0026646475000510965
NRG3 (10718),-0.002662685624669584
CAPN10 (11132),-0.0026617130180768903
LMCD1 (29995),-0.002656125896720805
SH2D1A (4068),-0.002651464785911985
DEGS1 (8560),-0.002650514372349191
PDHB (5162),-0.002642969824916927
EML1 (2009),-0.0026419578269948007
MMP11 (4320),-0.0026414664241958094
IQSEC2 (23096),-0.0026389650218821285
TMEM237 (65062),-0.002634309723933131
ABCG4 (64137),-0.002626834693964755
COQ8A (56997),-0.0026205271177514125
RNF10 (9921),-0.002613593940820925
ZSCAN21 (7589),-0.0026105003620114134
TRMT1L (81627),-0.002605404599561365
NCAN (1463),-0.0026046227766583943
SCNN1D (6339),-0.002600917121836462
TSPAN19 (144448),-0.002600814745196766
ZNF112 (7771),-0.002597083813559172
KRTAP12-1 (353332),-0.00258766408934293
NPPA (4878),-0.0025876557201467898
DIRAS2 (54769),-0.002584469379095517
CCDC124 (115098),-0.0025775337089955883
ODC1 (4953),-0.00257596384271319
RAD54L (8438),-0.0025757535066225647
TMCC1 (23023),-0.0025734387517856935
STAG1 (10274),-0.002565534409215319
SLC26A5 (375611),-0.0025647791781648064
ADAMTSL3 (57188),-0.0025644970744772384
LRRC4C (57689),-0.002553631845705239
OR10G2 (26534),-0.0025447123195681837
LAMP1 (3916),-0.0025411358415871927
FCGR2B (2213),-0.0025390515303514655
RPL39L (116832),-0.0025388636293480742
SLC32A1 (140679),-0.002530009442652761
TMEM201 (199953),-0.0025294720617003276
SNTG2 (54221),-0.0025287545886018437
TCEAL4 (79921),-0.0025282492630612063
ELMOD2 (255520),-0.002525890498992768
TRIM27 (5987),-0.0025254128880773294
FRMD8 (83786),-0.0025248616336420266
DIPK1C (125704),-0.002523957274069117
DRC12 (283152),-0.002519759400443373
PLPP4 (196051),-0.0025162003278371885
PRPH2 (5961),-0.0025160837191743964
DNAJC27 (51277),-0.0025139120336515474
PRNP (5621),-0.0025132422661640866
MLYCD (23417),-0.002511827511169044
ENPP2 (5168),-0.0025086902126785107
OLIG3 (167826),-0.0025063318862809827
SLC9A8 (23315),-0.0025056974702110844
TRAF3IP3 (80342),-0.0024935206091051955
ZNF557 (79230),-0.0024915533708401412
CIITA (4261),-0.0024900162259605986
PROKR2 (128674),-0.0024890710399813696
DDB2 (1643),-0.0024871689184420977
L3MBTL4 (91133),-0.0024871540789219494
ZNF473 (25888),-0.0024836208071601046
PACSIN2 (11252),-0.002482146411416673
PTPRA (5786),-0.0024820076264040454
UACA (55075),-0.0024804806141364246
SERPINB9 (5272),-0.0024784096492285732
SLC7A13 (157724),-0.002478350185682503
ZNF644 (84146),-0.002475524447862146
ZNF514 (84874),-0.0024620336719544302
CFAP100 (348807),-0.0024563566479459233
CCDC63 (160762),-0.002451804027858376
UBQLN1 (29979),-0.002448549256195986
ALS2CL (259173),-0.0024438864676363473
ONECUT3 (390874),-0.0024412228648448392
FAXC (84553),-0.0024403670521486545
FOSL2 (2355),-0.0024380328080757293
C1orf162 (128346),-0.0024290423748878636
CCDC7 (79741),-0.0024268610770615535
CRYBB1 (1414),-0.002425377915659972
CIB4 (130106),-0.0024182748919071603
PCDHGA11 (56105),-0.002411133831828167
RIMBP2 (23504),-0.0024103581993102476
KIF2B (84643),-0.002408471549751982
HGFAC (3083),-0.0024062812569286356
LZTS3 (9762),-0.00240563244864631
TRPV2 (51393),-0.002403030182673957
GOLGA8M (653720),-0.0024005654753209782
OPHN1 (4983),-0.0023804838798473396
FBXL14 (144699),-0.0023799731205172347
MTPN (136319),-0.002369620579474077
WDFY2 (115825),-0.002369415720080285
GAPVD1 (26130),-0.002368721102856507
YEATS4 (8089),-0.0023677958506295414
RNASE4 (6038),-0.002365440909832044
CIRBP (1153),-0.0023513174693432755
MPC2 (25874),-0.0023500515742921873
IL17RC (84818),-0.0023492152006291157
NCKAP5 (344148),-0.0023460410527530945
BEND2 (139105),-0.0023456174067332525
SLC12A3 (6559),-0.0023369707976949186
BTBD17 (388419),-0.0023283651147579703
DCLK2 (166614),-0.00232498404757778
VAX2 (25806),-0.0023248359578874546
WRAP53 (55135),-0.0023211963995858668
TNFRSF18 (8784),-0.0023211494868583455
TRIB3 (57761),-0.0023168787291684466
GPD1 (2819),-0.0023142794008462076
NCOR1 (9611),-0.002309756400742872
IFNK (56832),-0.002305562663047495
ADNP (23394),-0.002278700436652379
OTOP2 (92736),-0.002278141091132623
IFT27 (11020),-0.00227077830121368
TNFRSF1A (7132),-0.0022597652682630463
CCN3 (4856),-0.002258509717901439
IDH3B (3420),-0.0022545725477394855
GPRIN1 (114787),-0.0022509652441515186
LPAR4 (2846),-0.0022503582366983263
ZNF229 (7772),-0.0022336030865232454
KPNA2 (3838),-0.0022327599135642177
RNF7 (9616),-0.0022158948401639093
NFKB1 (4790),-0.002215847236378667
ATRNL1 (26033),-0.002214431826421541
AGBL1 (123624),-0.002209341095263401
FUT9 (10690),-0.0022031522604638756
GRIK1 (2897),-0.002200953598827478
WDR88 (126248),-0.0021960405832904817
LIPC (3990),-0.002194865656187377
ENPP3 (5169),-0.002186746276193092
RSU1 (6251),-0.002185460991905078
ME2 (4200),-0.0021803832599889337
BCAT2 (587),-0.002179713588783544
DEPDC1 (55635),-0.00217879857057953
TCP11L1 (55346),-0.0021762631385101377
CACNG7 (59284),-0.0021742189281195603
MYOC (4653),-0.0021737867543495273
STAT1 (6772),-0.002172830079577343
CCDC112 (153733),-0.0021705261909675724
GUCY1B1 (2983),-0.0021666620897415768
ELOVL5 (60481),-0.00216166554249011
AGBL5 (60509),-0.0021608817706131925
PPM1L (151742),-0.0021598082990327895
TMPRSS4 (56649),-0.002159520883101957
A2ML1 (144568),-0.0021497158994021005
GPR119 (139760),-0.0021451306960550208
CAV2 (858),-0.0021418496577083235
C2orf50 (130813),-0.00213536308506918
SLC52A1 (55065),-0.002128789311176964
ZNF596 (169270),-0.0021258284449776864
CD14 (929),-0.002124618628139188
PTPRJ (5795),-0.002119841329491826
BRINP2 (57795),-0.0021190866405845885
CCDC179 (100500938),-0.0021112643486126278
STRBP (55342),-0.002106122905265388
BANF2 (140836),-0.0021033459968174306
TNKS2 (80351),-0.002099013178885883
TJP2 (9414),-0.0020969203168548904
CTTNBP2 (83992),-0.0020949902896591874
NXPH3 (11248),-0.002094037674228953
COQ8B (79934),-0.0020923501336878847
PGM2L1 (283209),-0.002090545618958618
RAB28 (9364),-0.0020880162079603727
KYAT1 (883),-0.0020870368402050553
CEP104 (9731),-0.0020866340576693996
DERA (51071),-0.002081407056877333
TRAPPC6B (122553),-0.0020787620226820655
TLCD4 (148534),-0.0020768569325713597
EHD3 (30845),-0.002075613519524989
BPIFB2 (80341),-0.002075401793959531
MYOT (9499),-0.0020750351513684887
NANOS2 (339345),-0.0020739475204542006
SLC49A4 (84925),-0.0020739436650181547
RNF115 (27246),-0.002073604233579998
GPD2 (2820),-0.0020709237538183794
MGAM (8972),-0.0020663312079356104
CAVIN3 (112464),-0.002055135887019432
C3orf84 (646498),-0.0020547949066783
ST6GAL1 (6480),-0.0020531938923203075
SERPINE2 (5270),-0.0020524954083622573
AXIN1 (8312),-0.0020520295092729636
HCAR1 (27198),-0.0020507490578596356
ANKRD40 (91369),-0.0020451315575502247
SKIL (6498),-0.002037575332428444
NOC3L (64318),-0.0020374330585643603
ZCCHC4 (29063),-0.0020242797408900263
GPR107 (57720),-0.002018218140871515
SULT4A1 (25830),-0.0020166978829292688
GDI1 (2664),-0.002014651840505795
F10 (2159),-0.0020089760059161486
PALM (5064),-0.0019975116369133072
SRP72 (6731),-0.0019882662720539053
DLGAP2 (9228),-0.0019813018964803435
OPRM1 (4988),-0.0019808896904212354
MLF2 (8079),-0.0019787864797843023
NECAB3 (63941),-0.0019754034349412477
TBX21 (30009),-0.0019744898373952853
VEGFC (7424),-0.001960527288425208
EBAG9 (9166),-0.0019543941416212047
NDUFS8 (4728),-0.0019507678708048262
CNBP (7555),-0.001946798266129632
OGN (4969),-0.0019449044638545185
SEC61B (10952),-0.0019434059573160364
NKX3-2 (579),-0.0019422880976408088
TNFAIP8L2 (79626),-0.0019388802606187638
PLD5 (200150),-0.0019341841018813229
GRB7 (2886),-0.001933342287047729
FZD2 (2535),-0.0019267513483775158
RUSC2 (9853),-0.0019230351315347575
RUSF1 (64755),-0.0019201709255806001
ZNF829 (374899),-0.0019200039693410245
KRTAP11-1 (337880),-0.001918149595301838
HECTD3 (79654),-0.0019159382561860637
MASTL (84930),-0.001915307684611101
WFDC5 (149708),-0.0019138644533300906
CCPG1 (9236),-0.0019129135336108376
SNX12 (29934),-0.001911532121657648
VANGL1 (81839),-0.0019084149401494615
COL27A1 (85301),-0.0019064445505446804
MDFI (4188),-0.0018963121633148818
TLE6 (79816),-0.0018881368696814565
PORCN (64840),-0.001887386664904913
CLTB (1212),-0.0018868193155257243
ABCA5 (23461),-0.001886279065530206
EVA1A (84141),-0.0018862122556422372
GRIN2D (2906),-0.0018846680961192644
ZSCAN9 (7746),-0.001877741843462902
SMIM2 (79024),-0.001876651023488088
ZNF84 (7637),-0.0018735663258225167
SLC6A17 (388662),-0.0018733851078897126
PPFIA3 (8541),-0.0018646366738655593
DHRS9 (10170),-0.0018626015057498732
ABCC1 (4363),-0.0018600854650871607
FOSB (2354),-0.00185998236158525
MMP15 (4324),-0.001857604297442106
PIP4K2B (8396),-0.0018458849032237463
OR52M1 (119772),-0.0018421560950501587
ZNF256 (10172),-0.0018272828348561937
HIP1R (9026),-0.0018243516256488965
UBE2B (7320),-0.0018174495250086224
FMNL1 (752),-0.0018172866912972538
WASL (8976),-0.0018172019188851783
PKP1 (5317),-0.0018158884430101519
UTRN (7402),-0.0018112612826957238
TNFSF15 (9966),-0.0018045377332951318
SPR (6697),-0.0017995743118460231
BST1 (683),-0.0017960319995795292
DUSP29 (338599),-0.0017955118605448223
ABCC5 (10057),-0.0017950163215970547
KMT2D (8085),-0.0017912712818883895
SYBU (55638),-0.0017853156939753923
SLC35D2 (11046),-0.0017846858014353422
KATNA1 (11104),-0.001784354156238796
MYOZ2 (51778),-0.0017817004224495092
DNAAF3 (352909),-0.0017808009383401633
CCDC89 (220388),-0.0017780966531897187
FNDC4 (64838),-0.0017769955699247892
MAP3K8 (1326),-0.0017717104042397772
VPREB3 (29802),-0.0017715244074920492
GNG5 (2787),-0.001768995880270692
ATP6V1G3 (127124),-0.0017674167284142757
WFDC13 (164237),-0.0017661147034745488
FAR1 (84188),-0.0017473254184983888
PJA1 (64219),-0.0017464926681475088
C12orf50 (160419),-0.0017451720848673954
BSND (7809),-0.0017448426005113862
LIX1L (128077),-0.0017442366444261532
NFASC (23114),-0.0017429568889083156
SGSM3 (27352),-0.0017417033233147411
DNAJC5B (85479),-0.00173823848804074
EFCAB12 (90288),-0.0017257420019394661
ADAM19 (8728),-0.0017234948520816922
ABHD17C (58489),-0.001712246962826201
GJA8 (2703),-0.0016827109049796628
TACR3 (6870),-0.0016816520082784945
SCARB1 (949),-0.0016770286571159542
TOMM34 (10953),-0.0016708241562372033
METTL26 (84326),-0.0016686115485200423
PZP (5858),-0.0016650349012689385
LRRD1 (401387),-0.0016626764761540232
MCIDAS (345643),-0.0016555485942591577
PIR (8544),-0.0016535649775137038
ZNF461 (92283),-0.0016534990360730071
NXNL2 (158046),-0.0016427555830965336
EPN3 (55040),-0.0016263343968957735
ITGA1 (3672),-0.0016210809370358578
ILVBL (10994),-0.0016133354699028794
PADI1 (29943),-0.0016132539342997483
KCNJ6 (3763),-0.0016039264845680392
PXT1 (222659),-0.0016035112774852977
ALKBH2 (121642),-0.001593103513348028
ZNF251 (90987),-0.001590075827670367
PRAMEF18 (391003),-0.001589885487475956
GABRA2 (2555),-0.0015867380366241656
KCNE5 (23630),-0.0015848246583452857
XIRP2 (129446),-0.0015841384262305074
SAXO2 (283726),-0.0015782891258472064
SNX9 (51429),-0.0015775707581526528
PYCR2 (29920),-0.001574433161859407
CPSF3 (51692),-0.0015730056470278726
ZNF189 (7743),-0.0015699969272203213
OR10A4 (283297),-0.0015678450021868766
PCNP (57092),-0.0015670370535577596
TP53BP2 (7159),-0.0015636249522404551
CNGA1 (1259),-0.0015597153333971054
CYP4F11 (57834),-0.001555749633054351
CXorf38 (159013),-0.001553461361045643
PBX1 (5087),-0.0015516401126599415
CCNB3 (85417),-0.0015476843823656792
OR56B1 (387748),-0.0015429768832594
CETN3 (1070),-0.001541663277211295
CENPB (1059),-0.0015414836183735424
RGL4 (266747),-0.0015412796447366046
LHX5 (64211),-0.001539956878713425
SEMA3C (10512),-0.0015384786283709016
ATP1A4 (480),-0.0015348088106872599
MS4A5 (64232),-0.001531599781111034
ZDHHC14 (79683),-0.0015294438468005424
ANKRD26 (22852),-0.0015247028360594723
TMEM17 (200728),-0.001518706200421479
EIF4E1B (253314),-0.0015131823259311673
OPN4 (94233),-0.0015003678340532063
ZXDB (158586),-0.001500233308589521
DCAF10 (79269),-0.0014991793341553859
NXT2 (55916),-0.0014972506336794218
CDC42EP2 (10435),-0.001488484230430911
IFI27L2 (83982),-0.0014801998416736097
SLC16A4 (9122),-0.001477343626852308
SLC35F1 (222553),-0.0014765779265317855
IL6 (3569),-0.0014724723437777218
ODAD2 (55130),-0.0014693679814899627
USH1C (10083),-0.001466331166607604
TMEM52 (339456),-0.0014622930928337875
SMIM20 (389203),-0.0014590500967661649
DNPEP (23549),-0.001458081655060038
WDR48 (57599),-0.0014551860642553083
ANO8 (57719),-0.001454372727696057
ZBTB7A (51341),-0.001453032389891793
STIMATE (375346),-0.0014519719662703986
UBXN7 (26043),-0.0014505091919729239
LINS1 (55180),-0.001447062576572946
CFAP58 (159686),-0.001444153746420336
SULT1B1 (27284),-0.0014427066520504115
MYOCD (93649),-0.001440494231734302
OCIAD1 (54940),-0.001439091273861015
MTTP (4547),-0.0014355393998115725
PRDM5 (11107),-0.0014355055967688963
LMO4 (8543),-0.0014301169863956825
GRIN2A (2903),-0.001422382199605618
ATP1A3 (478),-0.0014223547810926726
OR4B1 (119765),-0.0014182127398915856
PLOD3 (8985),-0.0014166435087387547
NEK5 (341676),-0.0014158022079017603
ZCCHC10 (54819),-0.0014122688733832988
RNH1 (6050),-0.0014089802714982718
AGO4 (192670),-0.0014083957209689224
ZNF697 (90874),-0.0014044480079301327
FOXD2 (2306),-0.0014029171681048621
NADK2 (133686),-0.0013948376023786822
IST1 (9798),-0.0013863439084744226
DNAJB1 (3337),-0.0013862762807045578
HS6ST3 (266722),-0.0013838771556485897
TRIM13 (10206),-0.0013801986762806858
SLC27A1 (376497),-0.0013636858157068232
ULK4 (54986),-0.0013616493370454596
ELAVL3 (1995),-0.001359501949061094
NEUROD4 (58158),-0.0013525448606072409
TNFAIP8 (25816),-0.0013493024744052533
ARHGEF11 (9826),-0.0013445163786111457
AQP3 (360),-0.0013426998029922852
DHX32 (55760),-0.0013395923170193154
UGT8 (7368),-0.0013383497010864946
FSCN2 (25794),-0.0013368611746618574
MPPED2 (744),-0.0013300031316097656
CNN1 (1264),-0.001328590596523239
HLA-DQA1 (3117),-0.001317188499608317
ZNF630 (57232),-0.0013073223206754123
BABAM2 (9577),-0.001306417229413846
ODAM (54959),-0.0013015881572143108
SLC7A7 (9056),-0.001299217183150704
ATP4B (496),-0.001296747694946969
PWWP3B (139221),-0.0012913662268218243
ZFYVE21 (79038),-0.0012870387662071111
ERP29 (10961),-0.0012854754529918906
NF1 (4763),-0.0012757123166106201
ADRA1D (146),-0.0012709854079959249
CDKN1B (1027),-0.0012682523379797673
PHF10 (55274),-0.0012642034470872815
CSRNP1 (64651),-0.001258386012313622
HDHD2 (84064),-0.0012559440783590432
BACH2 (60468),-0.0012484880580592517
ARHGAP31 (57514),-0.00124060706082261
ACAA2 (10449),-0.0012364090864865913
HIVEP3 (59269),-0.00123551417990141
BNIP3L (665),-0.001231837674948094
WASHC2A (387680),-0.0012285753701811609
RBM33 (155435),-0.0012255255077154733
TBCA (6902),-0.0012239559145945872
EXT2 (2132),-0.0012207198276255652
TMEM19 (55266),-0.0012158274911594409
ALPK1 (80216),-0.0012144673187509524
CDRT15L2 (256223),-0.0012102175941257382
ZNF445 (353274),-0.0012095180669734389
SIPA1L3 (23094),-0.001207628224140793
SEMA3F (6405),-0.0012055069915083998
FOXA3 (3171),-0.0011972330494446
TRIM58 (25893),-0.0011969267968398427
LIMS2 (55679),-0.0011944240232603586
TGM5 (9333),-0.0011897758440946853
FLT4 (2324),-0.0011885969706780467
ADI1 (55256),-0.0011838197613660746
DACH1 (1602),-0.001183292000277761
TSTD1 (100131187),-0.0011823591811895838
ATP5IF1 (93974),-0.001182016297060362
GGH (8836),-0.0011688954107856337
MON1B (22879),-0.0011650149739217972
GLIS3 (169792),-0.0011641374947309053
FLNA (2316),-0.0011633803030705156
CASP2 (835),-0.001162404272550578
INCA1 (388324),-0.0011605134720900127
CACNG1 (786),-0.0011579786742292122
KLHL32 (114792),-0.0011560414643922838
NNT (23530),-0.0011552765916801261
AAGAB (79719),-0.0011521411279466608
MEF2D (4209),-0.0011468651115588522
EDA (1896),-0.001145839864738658
CHRNA4 (1137),-0.0011454835126025423
KRTCAP2 (200185),-0.001145139376412328
RPP25 (54913),-0.0011397104343309182
NR0B2 (8431),-0.0011396552989071174
TMPRSS11D (9407),-0.0011363560291438506
PRR12 (57479),-0.0011251080238280958
OR2M5 (127059),-0.0011248559643916912
PASD1 (139135),-0.0011133071698176055
TUSC2 (11334),-0.001104453158455469
CSNK1A1L (122011),-0.0011010193902821653
GNB3 (2784),-0.0010956475967136058
NRIP2 (83714),-0.00109551827504835
CSMD2 (114784),-0.001092783502569962
TMEM218 (219854),-0.0010904252742433116
CNTLN (54875),-0.0010841310130284016
ARHGEF33 (100271715),-0.0010804213319742216
PGPEP1L (145814),-0.0010693779944917887
B3GALT2 (8707),-0.0010614525990933162
ACE (1636),-0.0010551284800759723
MIEN1 (84299),-0.0010459057655969647
SPINK8 (646424),-0.001043756785273183
SH3KBP1 (30011),-0.0010395471215589452
ADRA2B (151),-0.0010374622457780583
SLX4 (84464),-0.001036448035964038
NSUN5 (55695),-0.0010308933635864057
KCNV1 (27012),-0.001030207149125819
LRRC56 (115399),-0.0010257163407737947
ZNF185 (7739),-0.0010226175205904492
EDEM1 (9695),-0.0010198035545125772
SIPA1L2 (57568),-0.001016869601172916
ZNF467 (168544),-0.0010165300500536735
ZNRF3 (84133),-0.0010155716665343085
FAM20C (56975),-0.0010150897157278457
CACNA2D4 (93589),-0.0010142867371170886
DSCAM (1826),-0.0010123065680072987
LCORL (254251),-0.001011010430331912
SMIM5 (643008),-0.0010062119377979328
CMTM6 (54918),-0.0010057526865777779
ZCCHC7 (84186),-0.0010013401149345097
AP3B2 (8120),-0.0010006644315565195
ERAP2 (64167),-0.0009970232778558508
OTC (5009),-0.0009964563939969288
DENND6B (414918),-0.000994920486239302
CASP8 (841),-0.0009938225102896136
GUCA1C (9626),-0.0009922304425396336
SMIM19 (114926),-0.0009901652840496678
GABBR2 (9568),-0.0009898231475629603
DYNLT5 (200132),-0.000981924451058882
SPATA31A7 (26165),-0.000979113463959709
LATS1 (9113),-0.0009731941168370409
ZNF34 (80778),-0.0009708630819519434
SFMBT2 (57713),-0.0009687901620577078
LOXL1 (4016),-0.000968395972264165
RIPK4 (54101),-0.0009672954622742231
CTNNA3 (29119),-0.0009669862547596012
EOLA1 (91966),-0.0009659409638850817
CNBD2 (140894),-0.0009527015075998464
ADCY10 (55811),-0.0009512188179091408
DPYD (1806),-0.0009495036170619288
SLC24A3 (57419),-0.0009471298177855139
LRRC26 (389816),-0.0009468305719160464
EPB41L2 (2037),-0.0009442034327857081
RAB36 (9609),-0.0009341036794892605
LAMP2 (3920),-0.0009330052365581825
RAB19 (401409),-0.0009308366505861491
WDR53 (348793),-0.0009300433618655255
OPCML (4978),-0.0009284432888465395
PXDC1 (221749),-0.0009259088884564009
PRDM12 (59335),-0.0009247362457786052
BIRC7 (79444),-0.0009218763675359717
C1orf94 (84970),-0.0009184750682098316
MROH2B (133558),-0.0009114338895052604
GPR83 (10888),-0.0009108505946490304
ALDH16A1 (126133),-0.0009086841011165128
NAGLU (4669),-0.0008990311392301699
ITFG2 (55846),-0.0008923424289698292
CCDC182 (101927581),-0.0008896045246807578
TLK1 (9874),-0.0008843762323947669
FMO3 (2328),-0.0008823753774383407
ARAP1 (116985),-0.0008784968900139644
JADE2 (23338),-0.000876180760947363
PPHLN1 (51535),-0.000874154884179078
GAB4 (128954),-0.0008714148557695207
WNT3A (89780),-0.000870247295752545
SORBS1 (10580),-0.0008647269994945743
OR9G4 (283189),-0.0008606148198905333
GLOD4 (51031),-0.0008596469781710914
ZNF571 (51276),-0.0008588849031114075
GLA (2717),-0.0008560240333863395
MYH3 (4621),-0.0008549105730913236
OR5D14 (219436),-0.000854337094855852
GPR161 (23432),-0.0008519178211752881
SELENOT (51714),-0.0008498752994567938
OR6C3 (254786),-0.000840609542210805
PHYKPL (85007),-0.0008372766187044316
LGR6 (59352),-0.0008354411795635083
PHIP (55023),-0.0008350898233940959
RSPRY1 (89970),-0.0008346038958094525
NRBP2 (340371),-0.0008307807153691258
CAMK2D (817),-0.0008229264214048244
MMP23B (8510),-0.0008142833523977292
ZSWIM6 (57688),-0.0008128641605513996
KRTAP10-8 (386681),-0.0008108059727443099
CTH (1491),-0.0008071046130047339
ZHX3 (23051),-0.0008067699291649437
BAG3 (9531),-0.0008041382622168136
ZNF618 (114991),-0.0008020303323917551
GSR (2936),-0.0007964702757771157
LAMB4 (22798),-0.0007911376163283603
BTBD7 (55727),-0.0007902566763399238
TRMT2B (79979),-0.0007734056769162724
RASGEF1B (153020),-0.0007683766142908947
RILPL2 (196383),-0.0007661294641997288
FH (2271),-0.0007538037647734919
LMAN2L (81562),-0.0007508568408810416
EPOR (2057),-0.0007470609522677962
LYVE1 (10894),-0.0007470236387223776
LTA4H (4048),-0.0007456847100636794
FBXW5 (54461),-0.0007449583136742876
IYD (389434),-0.0007445933436952838
MRGPRG (386746),-0.0007283434047074188
PTPN21 (11099),-0.000725921186817389
SERPINE3 (647174),-0.0007160169559766817
ADAM32 (203102),-0.0007122973547954244
ECE1 (1889),-0.0007092312574110373
SLC19A3 (80704),-0.0007085539870269644
SPTBN4 (57731),-0.0006983060218407506
LY96 (23643),-0.0006978649186014603
TIGD3 (220359),-0.000695470853036003
CYLD (1540),-0.0006953619714895932
ATP10B (23120),-0.0006947431317996196
C16orf95 (100506581),-0.0006880179755453061
MAPK12 (6300),-0.0006878455092230777
HPN (3249),-0.0006839100532604638
KAT7 (11143),-0.0006830662386675124
CFAP184 (257236),-0.0006801951059615566
ACADL (33),-0.0006767340855549259
ROPN1L (83853),-0.0006746112739494887
ARF3 (377),-0.0006723119082355083
ZNF57 (126295),-0.0006633828540820042
CACNG4 (27092),-0.000663061160487777
CX3CR1 (1524),-0.0006595938430841235
PPIP5K1 (9677),-0.000658186073645454
ARC (23237),-0.0006566869833221947
VASP (7408),-0.0006402131411110836
GATAD2B (57459),-0.0006384347868316106
LRIG2 (9860),-0.0006257685847561662
TUBB4A (10382),-0.0006239823382384879
NCAPH (23397),-0.0006191258127014937
TLK2 (11011),-0.0006134433332327081
MRPL49 (740),-0.0006090086192476643
CCDC150 (284992),-0.0006083533432534406
RASGRP3 (25780),-0.0006006637504321489
FBLN1 (2192),-0.0006002278656495632
DALRD3 (55152),-0.0005996594965655136
RAB9B (51209),-0.0005983492447079723
SPHK1 (8877),-0.0005927124141750648
KLF3 (51274),-0.0005768177922341521
PIERCE2 (145788),-0.0005746762119327719
PTPRH (5794),-0.0005740605362188839
MRGPRD (116512),-0.0005687517151028346
TRIM63 (84676),-0.0005592821696287443
ACRV1 (56),-0.0005558200224761831
DCAF15 (90379),-0.0005487289752427816
CPLANE1 (65250),-0.0005473778040246353
UBE2E3 (10477),-0.0005454162800583047
SLC26A11 (284129),-0.0005352372317518891
CAMKK1 (84254),-0.000534970301972844
CNIH3 (149111),-0.0005305231685137985
NFKBIB (4793),-0.0005247663570374547
JAK1 (3716),-0.0005196968515530172
ZNF233 (353355),-0.0005192826265932628
CCDC28B (79140),-0.0005171241161867518
ALOX12B (242),-0.000514901288791399
SPTAN1 (6709),-0.000511042485895364
IL17RA (23765),-0.0005059977009496252
INKA2 (55924),-0.0004981325064199629
FAM118B (79607),-0.0004955438838132676
ARSB (411),-0.0004907878179823006
NHERF4 (79849),-0.00048583511080640995
FXYD4 (53828),-0.0004842894447488604
LRP12 (29967),-0.0004694928770933256
HLA-DMB (3109),-0.000469255763282407
NPFFR2 (10886),-0.0004685613137621936
TAOK3 (51347),-0.00046799152322154087
HOXB3 (3213),-0.00046421217851317747
BNIPL (149428),-0.0004633648881698564
SIGLEC5 (8778),-0.0004625583345247195
PRND (23627),-0.00045437668056254744
FCER1A (2205),-0.0004518276281353074
PCED1B (91523),-0.0004478240851943311
FAM222A (84915),-0.0004446057303394038
RFX1 (5989),-0.00044181782384964476
GNPTG (84572),-0.0004385569261241589
NELL1 (4745),-0.00042742182619132096
OR10Z1 (128368),-0.00042685390341859274
CARF (79800),-0.0004265729666257662
STIM2 (57620),-0.0004256724535380002
UBAP1 (51271),-0.0004248091568961211
CADPS (8618),-0.00042140538794834404
OGFOD1 (55239),-0.00041916545434817447
TSPO (706),-0.00041899182654691957
LACTB (114294),-0.0004161429989581207
ZNF296 (162979),-0.0004103649086280931
EMC6 (83460),-0.00040795637694836484
RNF145 (153830),-0.0003985081932756798
KCNK16 (83795),-0.00039238601322787414
FADS2 (9415),-0.0003892656572464979
RAP2B (5912),-0.00038896332214996825
MED27 (9442),-0.0003881447276219901
EFCAB14 (9813),-0.0003879097212967666
GPANK1 (7918),-0.0003865639380455586
PCDHB2 (56133),-0.0003793275927287658
VIM (7431),-0.0003739396169276914
HADH (3033),-0.00037213222851378
WDR72 (256764),-0.00036922507518871234
LNPK (80856),-0.00036612778912566027
FLG2 (388698),-0.0003648851407304703
SPTLC3 (55304),-0.0003608130847568365
PAPSS2 (9060),-0.0003590070367343743
TLE1 (7088),-0.00035209240750578994
SEPTIN12 (124404),-0.00034983407279583857
PRAMEF20 (645425),-0.0003446931887803649
MUL1 (79594),-0.0003446879505670999
STX1A (6804),-0.0003423190257263628
CXCL3 (2921),-0.00034093975014340536
CNR1 (1268),-0.0003380726827858529
ADH4 (127),-0.0003351269214842068
SLC17A7 (57030),-0.0003304346255853989
LMBRD2 (92255),-0.0003288549375888717
UGT1A1 (54658),-0.0003270262162995485
FAM9B (171483),-0.00032466300486854013
SMOC1 (64093),-0.0003232822829741884
CFAP47 (286464),-0.0003221321943795551
PCNX1 (22990),-0.00031915053647284616
GALNT14 (79623),-0.0003170305857156253
MTNR1B (4544),-0.0003160374933489459
FATE1 (89885),-0.00031503062346610356
SNX4 (8723),-0.00030884831479925114
TMC3 (342125),-0.00030843952846147297
ZAP70 (7535),-0.0003075766779827185
MAMDC4 (158056),-0.0003023202561878749
NDEL1 (81565),-0.00029749193509688213
OR2M3 (127062),-0.0002965221605359977
NPDC1 (56654),-0.00029377808060695434
ALDH3A1 (218),-0.00029310542075897236
REST (5978),-0.00029264776742117586
RETREG2 (79137),-0.00029203476455357403
SIN3B (23309),-0.0002915233466037183
FBXL13 (222235),-0.0002826623045559088
AP4M1 (9179),-0.0002768253940190499
TEKT4 (150483),-0.00027680167633190093
LYPD1 (116372),-0.0002767258450191911
RALGAPA2 (57186),-0.00027470402521824537
ZNF790 (388536),-0.0002658609499407414
PARP8 (79668),-0.0002653908588302081
PIBF1 (10464),-0.00025986496259164203
PMCH (5367),-0.00025886745505536045
GOLGA6D (653643),-0.0002553011303748756
KAT6A (7994),-0.00024221039181682622
C11orf21 (29125),-0.00024123215437690985
PFKFB3 (5209),-0.00023706475162267834
MAPK8IP1 (9479),-0.00023240669816040833
B4GALNT4 (338707),-0.00023218665054270684
WDR91 (29062),-0.00022853536972955657
SAMD5 (389432),-0.0002229799510214516
SAP30BP (29115),-0.00022251766494694712
ITGA10 (8515),-0.00022224181258079839
GPR173 (54328),-0.00021807343355111268
KCTD20 (222658),-0.00021625161298269665
GFRA2 (2675),-0.00020934567733362183
MXI1 (4601),-0.0001994779586946706
GLCE (26035),-0.0001903094081290863
FBXO6 (26270),-0.0001844118829875405
CLN3 (1201),-0.00018319093732822807
SERPINA11 (256394),-0.00018224163183481963
HORMAD1 (84072),-0.0001789406745814107
DOK6 (220164),-0.00017252708980748232
MICAL1 (64780),-0.00016755839629848377
CST2 (1470),-0.00016622253130448077
STARD13 (90627),-0.00016465947433107802
SLF1 (84250),-0.00016409079978166712
WEE2 (494551),-0.00015872276156536305
KCNH8 (131096),-0.00014578763409105248
DAPK2 (23604),-0.0001280001414775149
ASZ1 (136991),-0.0001262088587883411
KCNQ4 (9132),-0.00012290486088134967
GPR156 (165829),-0.00011193282841164813
P4HA2 (8974),-0.00011164877082167624
DNAAF11 (23639),-0.00010973246915993681
TP53INP1 (94241),-0.0001064857949199711
RPS13 (6207),-0.00010469472875758748
BST2 (684),-0.00010419196433482207
ZNF333 (84449),-0.00010273416247092667
CD300LF (146722),-9.892358926784814e-05
C5AR1 (728),-8.985151735216965e-05
GPSM1 (26086),-8.401774969865243e-05
TNFRSF10D (8793),-8.213540035301623e-05
ACOX1 (51),-8.050550750820338e-05
TBX1 (6899),-7.944351732151563e-05
EMC10 (284361),-7.676040973920519e-05
EFCAB5 (374786),-7.542079599973227e-05
KIF18B (146909),-7.4890503073414e-05
PLP1 (5354),-7.14635382780694e-05
ZNF688 (146542),-6.916270083459569e-05
PA2G4 (5036),-6.898693846686012e-05
SPRR2G (6706),-6.824344092279203e-05
ZFPM1 (161882),-6.458188310201557e-05
GANC (2595),-6.44315029079817e-05
GPA33 (10223),-6.34868195773314e-05
CHRNB4 (1143),-6.171066078742462e-05
DEFB116 (245930),-6.124707487616182e-05
ACSL6 (23305),-4.982141434689437e-05
KRBA2 (124751),-4.8680646128411864e-05
SPSB3 (90864),-3.543386734271383e-05
PIH1D2 (120379),-3.280157098813014e-05
PRSS27 (83886),-3.151369914220299e-05
TREX1 (11277),-2.8502285467718e-05
VIPR1 (7433),-2.7816255096830086e-05
SIPA1 (6494),-2.620704914720926e-05
RASL10B (91608),-2.403642928277954e-05
ASCC3 (10973),-1.824097074621558e-05
AFMID (125061),-1.3735004758959455e-05
TG (7038),-9.82125229106408e-06
NMRK2 (27231),-1.0898512485194505e-06
PIP5KL1 (138429),-6.648600404547738e-07
TFCP2L1 (29842),1.146669632557312e-06
TUBGCP6 (85378),3.3050267735971728e-06
AMPD3 (272),4.249721154571697e-06
BAALC (79870),7.737784728469817e-06
CLEC17A (388512),8.40763919852184e-06
MACF1 (23499),1.0505558154322303e-05
ZSWIM8 (23053),1.0670320504078655e-05
FTHL17 (53940),1.3958117523343317e-05
S100A14 (57402),2.055686627294898e-05
MRPL22 (29093),2.126962304352749e-05
SLC50A1 (55974),2.4992168909091673e-05
TNNI3 (7137),3.27963769729985e-05
TMEM250 (90120),3.3750064653954256e-05
HAAO (23498),3.3860381024541316e-05
CFAP263 (29070),3.552846909236454e-05
ARG2 (384),3.629439938352577e-05
KCND2 (3751),3.662239883258415e-05
FZD7 (8324),4.64351534810677e-05
RTP2 (344892),4.6995793022109494e-05
TSPOAP1 (9256),4.9871805222846074e-05
ASCC2 (84164),5.032293886552788e-05
GNA11 (2767),5.339976269082341e-05
ACSF2 (80221),6.691929270100668e-05
ENKUR (219670),6.831665184722644e-05
ABCF3 (55324),6.97479682857624e-05
PROX1 (5629),7.199098830329461e-05
PTX4 (390667),7.947294087982887e-05
CAGE1 (285782),8.105486986060935e-05
FAM50B (26240),8.300525533059073e-05
SPATA33 (124045),8.349774019605602e-05
CTSD (1509),8.571239814618587e-05
OR2AT4 (341152),8.92988669654813e-05
SOX6 (55553),9.733697577065731e-05
TDRD7 (23424),9.797436079435521e-05
LRBA (987),9.877658625734912e-05
SPMIP6 (84688),9.904102345367519e-05
EDN2 (1907),0.00010379111636217198
KCNK9 (51305),0.0001062350072552916
PWWP2B (170394),0.00010896781620976731
EIF1AD (84285),0.0001091728705493359
CRYBA4 (1413),0.00011086209316260014
EIF5 (1983),0.00011656066318771474
CHGB (1114),0.00011896580084284721
RFPL1 (5988),0.00012321666229427977
RNPEP (6051),0.0001278059019767356
NPHP3 (27031),0.00013138009224516087
COL22A1 (169044),0.00013684100029331565
DUSP19 (142679),0.00013878214868059052
DEDD2 (162989),0.0001407020647500665
CAVIN2 (8436),0.00014125636568032804
NUDT21 (11051),0.00014309144612151994
CDKL4 (344387),0.0001474613580114659
HEBP1 (50865),0.00014845159227290335
SLC5A9 (200010),0.00015033971593617985
ZFPL1 (7542),0.00017503210173065115
ABCB9 (23457),0.0001802604788580399
CPLX2 (10814),0.00018093666157554725
CST11 (140880),0.00018768392948603896
SRGAP3 (9901),0.00018904681552073377
RHPN2 (85415),0.00019464561397863537
GABBR1 (2550),0.00019752794575375523
SLC23A3 (151295),0.00019870123272852948
SLC2A4RG (56731),0.00020024979456285415
IL36G (56300),0.00020158658568945222
BCL10 (8915),0.0002063311352141567
CCDC85A (114800),0.0002121722289379473
MANBAL (63905),0.00021909238340846483
PIGM (93183),0.00021916316563231752
OR1A2 (26189),0.00022166063529585272
PNMA8B (57469),0.00022240585045602996
UBE2L6 (9246),0.00023057941013400173
MYH13 (8735),0.00024145113147888063
MOB2 (81532),0.0002418538186444236
ASS1 (445),0.00024791370337798264
ZFHX2 (85446),0.00025192502750410355
TPO (7173),0.0002549393818623783
MAP2K2 (5605),0.0002559571299912565
CD47 (961),0.00025798529557498145
H2BC9 (8345),0.00025966768935564954
MPDU1 (9526),0.0002621457112904805
RBKS (64080),0.00026678443594804107
PCDHGB3 (56102),0.00026945079071049303
ORAI3 (93129),0.00026958222068825763
LRP3 (4037),0.00027513500097476256
NUAK1 (9891),0.00027745941273532614
MTR (4548),0.00027751729789079154
MSANTD2 (79684),0.0002792179782387227
GFRA1 (2674),0.0002827089230265373
ST6GALNAC3 (256435),0.00028466514279497124
PPP1R14B (26472),0.00030507366754786957
CTSE (1510),0.0003138063218811351
ZNF227 (7770),0.00031449759043951196
NKIRAS1 (28512),0.0003195047192039525
GLYATL3 (389396),0.0003210383347458466
PRDX3 (10935),0.0003267787129112944
QTRT1 (81890),0.00032970450616588286
TMTC2 (160335),0.00033550641131318285
SHROOM4 (57477),0.00033933971519512033
FAM90A1 (55138),0.00034119982262091457
JKAMP (51528),0.00034203473988798737
HSF2BP (11077),0.00034406782843014435
FLACC1 (130540),0.0003484672428335419
IFNAR1 (3454),0.000356036216298707
C18orf21 (83608),0.00035739541501113363
MAN1A1 (4121),0.00037029026783310824
ACACA (31),0.0003737494526016354
ANKHD1 (54882),0.00037487611110730587
KARS1 (3735),0.0003772317526028613
TRIM26 (7726),0.0003791506751750145
ST6GALNAC4 (27090),0.0003804019297367188
SCLT1 (132320),0.00038435099492013065
CCDC15 (80071),0.0003876617322283304
ANO3 (63982),0.00038952091594071544
KPNA5 (3841),0.0003914698341839367
PRKG1 (5592),0.0003922907975588506
LACTB2 (51110),0.0003928838916390769
MLPH (79083),0.0003962228822107523
GATD3 (8209),0.00040465570246957754
ARHGEF26 (26084),0.0004074208088098984
C3orf52 (79669),0.00041004551032172953
PAX1 (5075),0.00041847663123502024
PLPP6 (403313),0.00041849758678237257
CCDC65 (85478),0.0004230339007036133
OR1G1 (8390),0.0004238476977278439
GPRC5D (55507),0.0004334216508411575
PRPF6 (24148),0.00043350786811214946
SELP (6403),0.00043511656275581166
TOR1B (27348),0.0004450802149464868
KRTAP17-1 (83902),0.00044804898029564456
PLEKHB1 (58473),0.00045632128919003865
FAM161A (84140),0.00046303597534155626
CER1 (9350),0.00046767067694916225
MYL2 (4633),0.00046944614426576436
SLC7A4 (6545),0.00047048304595324463
ECT2L (345930),0.0004707005452023883
GPR150 (285601),0.0004710870142822066
TMEM59 (9528),0.0004762170938335868
TICAM1 (148022),0.00048111317517227596
COLQ (8292),0.00048531729336764683
RTP3 (83597),0.0004897413121841349
FBLN5 (10516),0.0004903826837034718
MORC4 (79710),0.0004955090864134194
HECTD2 (143279),0.0004956051877606878
ELAVL4 (1996),0.000498669888077067
SCUBE3 (222663),0.0004998333044473309
LGR5 (8549),0.0005107689860370207
ARL6IP1 (23204),0.0005109399444240655
IP6K1 (9807),0.0005121090237468273
CHMP1B (57132),0.0005201734073346476
TMEM247 (388946),0.0005210722093967069
ZNF584 (201514),0.0005238221538594349
GARIN6 (196472),0.0005258581182420791
KCNA3 (3738),0.0005263409319744542
B3GNT9 (84752),0.0005265390646695682
ZNF606 (80095),0.0005277851135844357
GSTO2 (119391),0.0005281317443832645
PDCL3 (79031),0.0005340463362618474
ATP11C (286410),0.0005384368156414574
GRAMD2B (65983),0.000539146147818808
FBXW2 (26190),0.0005463755427798952
ZNF501 (115560),0.0005495617741968507
PNMA6A (84968),0.0005534622000940983
TGM3 (7053),0.0005631168315159141
ZNF281 (23528),0.000564318505833993
KLHL7 (55975),0.000580782727374174
RPUSD1 (113000),0.000581699925893033
CRELD2 (79174),0.0005836892438689958
CAPN11 (11131),0.0005881847456194144
CLSTN3 (9746),0.0005977125971900705
GALNT4 (8693),0.0005994232482417429
BEX3 (27018),0.0006005131288637325
PCLAF (9768),0.0006005298153861597
ALKBH1 (8846),0.0006037163778375902
RGS9BP (388531),0.0006055636648370469
GPD1L (23171),0.000606525055340798
POP7 (10248),0.0006072477925679971
TTC21B (79809),0.0006078223528981896
N4BP2L2 (10443),0.0006096028660531988
EVI2B (2124),0.0006098632053524953
SAMD13 (148418),0.0006111605600402787
ZNF517 (340385),0.0006118939820508064
MTRR (4552),0.0006153713755355759
ZDHHC9 (51114),0.000615706919811269
UPF1 (5976),0.0006183837815482949
HRK (8739),0.0006184914195695132
METTL18 (92342),0.0006205955375331222
RSPH4A (345895),0.0006225439403749952
XKR7 (343702),0.0006280768491025712
RBM11 (54033),0.0006295625053318203
DLGAP4 (22839),0.0006297889579800429
MPP7 (143098),0.0006309631085645074
TUFT1 (7286),0.0006491029742741823
SEMA5A (9037),0.0006497662632971256
ZNF136 (7695),0.0006547877258688285
IBTK (25998),0.000656969276432558
IFT81 (28981),0.000657600579898519
CLSPN (63967),0.000664236547342779
KDM1B (221656),0.0006649790224096723
EDEM3 (80267),0.0006672189202205421
ACSM3 (6296),0.0006686799636415608
NLRP1 (22861),0.0006701113947931822
MBLAC1 (255374),0.0006772194565745047
EIF2D (1939),0.0006795967238190768
PTH2R (5746),0.0006843495421012249
WFDC8 (90199),0.000686915085778466
CLEC4G (339390),0.0006907172507209948
ARSJ (79642),0.0006935724283778716
MFAP3 (4238),0.0006936822247035322
ECHDC2 (55268),0.0007017238495970626
FAN1 (22909),0.0007054269046283667
MOBP (4336),0.0007056258752252544
HIRIP3 (8479),0.000707026576658517
UPK3B (105375355),0.0007080964992234245
CLCN4 (1183),0.000712469736965272
GLOD5 (392465),0.000714895035553625
TOB2 (10766),0.000721044907036345
CEP85L (387119),0.000723634010523488
ANKRD2 (26287),0.0007276963783478445
ANKRD42 (338699),0.0007308946435436884
DPP9 (91039),0.0007375964309993501
SIRT3 (23410),0.0007439476109573031
TRIM10 (10107),0.0007450515129075501
CHRDL2 (25884),0.0007565132278912969
SLITRK5 (26050),0.000761023775302904
ZNF615 (284370),0.0007680849056880388
DPP10 (57628),0.0007691590191153789
SNORC (389084),0.0007709881049304514
SYTL2 (54843),0.000771096668485264
NR2F1 (7025),0.000772291074448071
SCN11A (11280),0.00077325497075126
KIF4B (285643),0.0007856699368479469
CBLB (868),0.000793249159014443
CRNKL1 (51340),0.0007954179731111894
MAPRE2 (10982),0.0007987760600878005
CYP4F22 (126410),0.0008010471035926475
OR7D2 (162998),0.0008046594540830634
PRKD2 (25865),0.0008052514461613816
NPPB (4879),0.000808398808335818
CSF3 (1440),0.0008106109150417628
LRRC74A (145497),0.0008146051843563156
MAB21L3 (126868),0.0008181259030527556
INHBB (3625),0.0008200812519521225
OXNAD1 (92106),0.0008209731650737432
PIGQ (9091),0.0008210213858452081
TDRD9 (122402),0.0008221578928074768
C6orf15 (29113),0.0008228640209802494
ZNF219 (51222),0.0008264275655261987
FCMR (9214),0.0008290770652870199
FPR2 (2358),0.0008310389091805462
IFNGR2 (3460),0.0008320742797999333
C1orf21 (81563),0.0008338852636305163
ZP2 (7783),0.0008360947500600181
MPHOSPH6 (10200),0.0008376450745042486
SFXN3 (81855),0.000838540649879179
NGB (58157),0.0008431097300786558
TGFBR3 (7049),0.0008522565024838023
SSBP1 (6742),0.0008546249988244025
SLC5A3 (6526),0.0008557872717846266
KRT6A (3853),0.0008569116119252833
SIRT1 (23411),0.0008623277796976193
USP19 (10869),0.0008635823466887063
SLC25A4 (291),0.0008664713546009069
CD151 (977),0.0008682680325137953
PTGIR (5739),0.0008688579682568884
IFNLR1 (163702),0.0008703878297863166
USP43 (124739),0.0008717886270216684
SYT4 (6860),0.0008724834005200796
C1D (10438),0.0008733630164511945
FOLR1 (2348),0.0008750804023608237
SNX8 (29886),0.0008757992688886609
PRKACA (5566),0.0008837857227079555
ITGB1BP1 (9270),0.0008858669730904641
CFAP144 (440585),0.0008863798708312787
SHF (90525),0.0008890031075844976
FIRRM (55732),0.0008941782643500922
ZNF565 (147929),0.0008993794883205224
FKBP4 (2288),0.0009044451340525765
REDIC1 (283461),0.0009104866575759769
ERG28 (11161),0.0009162625638590667
TTC14 (151613),0.0009175400014628194
TIMM21 (29090),0.0009177469600256363
TIGD5 (84948),0.0009191171014044963
CCDC80 (151887),0.0009219508391602496
RILP (83547),0.0009256736888791597
ZNF287 (57336),0.0009271199099448988
HSPA1L (3305),0.0009297672834016184
FBXL2 (25827),0.0009317324272454963
ZNF572 (137209),0.0009327628966453805
SLC1A6 (6511),0.0009361211743269619
EXD1 (161829),0.000936863384723522
GLYAT (10249),0.0009384892897406509
TMBIM6 (7009),0.0009440085321015306
GPR149 (344758),0.0009512134500916596
ENDOD1 (23052),0.0009563996002570441
HNF4G (3174),0.0009570802419777204
APCS (325),0.00095770711866683
IL1RL2 (8808),0.0009616353256776496
LCN6 (158062),0.000972862047759436
ZCWPW1 (55063),0.0009881169367322831
CAMK4 (814),0.0009888693502129425
HOXD12 (3238),0.0009948709058439002
OR1L1 (26737),0.0009954395261369494
BLOC1S5 (63915),0.0009970026827932495
OR5AK2 (390181),0.0009985870959548933
WDR6 (11180),0.0009993194601907282
PPT1 (5538),0.00099969046061925
PLPPR4 (9890),0.001004115217682191
DYDC2 (84332),0.0010071720544402344
TMEM116 (89894),0.001016142828557136
IQCG (84223),0.0010161481373261818
PDLIM3 (27295),0.001016732411302295
FOXN3 (1112),0.001020959909612826
KXD1 (79036),0.0010224192265370026
LCN2 (3934),0.0010225073881751183
NMNAT2 (23057),0.0010255781761549145
CCRL2 (9034),0.001026175524572342
KLRB1 (3820),0.0010283938530009985
ATP2B3 (492),0.00103441371618298
USP28 (57646),0.0010424972239132676
CASP6 (839),0.0010483431502186153
VSTM4 (196740),0.001050884562260401
METAP1D (254042),0.001053442940959813
ZDHHC13 (54503),0.001057939570848552
CFAP68 (64776),0.0010655000058708679
KANK4 (163782),0.0010696766836310937
PHF20L1 (51105),0.0010725686128537854
CRHR1 (1394),0.0010766638633672105
ANKEF1 (63926),0.0010770841689011002
MEP1B (4225),0.001087532466238489
TIGD2 (166815),0.0010952642787283547
PFDN4 (5203),0.001098013172308798
TMEM139 (135932),0.0011116780486906397
NDUFAB1 (4706),0.0011157514343846883
STT3B (201595),0.001119163315441138
GPX2 (2877),0.0011192750632810693
OR1L4 (254973),0.0011213142897840138
SEMA3A (10371),0.0011227308220448722
CCDC85B (11007),0.001127937983626281
IGFALS (3483),0.0011303519241677273
SLCO2B1 (11309),0.0011315710861202664
HMCN1 (83872),0.0011361316347938972
CTSZ (1522),0.001143741109489201
FAF1 (11124),0.001158881138724273
ZNF16 (7564),0.0011604796193075177
SPATA2L (124044),0.0011683208864408734
GPATCH2 (55105),0.0011748302942650307
OR8J1 (219477),0.001179186696643097
WNT4 (54361),0.001182189929396826
ZSWIM3 (140831),0.0011859450420729826
GIGYF1 (64599),0.0011882328595334238
CPNE3 (8895),0.0011904888144559135
PANX3 (116337),0.0011928082663917256
RABL2A (11159),0.0011944569153858275
ANKRD37 (353322),0.0011949185713261575
NT5C3A (51251),0.0011998489390805237
HEXB (3074),0.0012066881956438495
LYRM2 (57226),0.0012095306549121955
SPIB (6689),0.001216422870009345
JAM2 (58494),0.0012200877825013676
OR2G2 (81470),0.0012202009845640712
G0S2 (50486),0.0012249903071352899
BDH1 (622),0.0012330411136934677
SCTR (6344),0.0012341061805676908
B4GAT1 (11041),0.001234621148238026
IARS1 (3376),0.0012367057334922498
FAAH2 (158584),0.001240112861687265
S100A4 (6275),0.0012437219222128978
TBC1D20 (128637),0.0012458296523877234
ZNF441 (126068),0.001246410985483957
SLC38A7 (55238),0.0012479999582469049
SYCP2 (10388),0.0012562810672593322
MMP8 (4317),0.001263746991570412
RASAL3 (64926),0.0012651318505909914
DDX18 (8886),0.0012667957077076599
ZNF474 (133923),0.001270432273197548
RPS6KB2 (6199),0.0012839450932210252
SPP2 (6694),0.0012901144338647711
CALHM1 (255022),0.001293121319547848
PEX11A (8800),0.0012935882764915682
KLHDC9 (126823),0.0012959004289543818
NPHP4 (261734),0.0012975696997949303
ATP5F1D (513),0.0012983139435292404
NEK6 (10783),0.0013005963112316186
PTPRS (5802),0.001302005152844693
ALDH18A1 (5832),0.0013034762176357274
NACAD (23148),0.001303557558618816
DDX59 (83479),0.0013060188983859628
OR10J1 (26476),0.0013092791499285546
C7orf50 (84310),0.001311417674722729
NDUFA7 (4701),0.001312250741244443
NFATC1 (4772),0.0013131343093482348
ABCA7 (10347),0.0013142207762877154
ZNF460 (10794),0.0013174707989703426
FBH1 (84893),0.0013249366093745249
OPA3 (80207),0.001339146129956291
MAOB (4129),0.001340629378525879
TOB1 (10140),0.0013428082313580272
HEY2 (23493),0.0013430302764157942
MSGN1 (343930),0.0013432707827271346
RNF111 (54778),0.0013444678491780734
UNC5C (8633),0.0013454975830492575
PITPNC1 (26207),0.0013459497529892878
TARBP2 (6895),0.0013520163028302769
CAPN12 (147968),0.0013521739661450812
SPG11 (80208),0.0013540536039867706
DIP2B (57609),0.0013552148339762288
TAMALIN (160622),0.0013553644753520207
ARL4D (379),0.001360469822387517
GON7 (84520),0.0013649433165488607
NSMCE4A (54780),0.0013708527135022136
KRTAP12-2 (353323),0.0013736910285556156
GRM1 (2911),0.0013749160784996448
C1QL2 (165257),0.0013807409469988633
CSNK1G1 (53944),0.0013836991600443495
HASPIN (83903),0.0013950348738525976
CCP110 (9738),0.0013989678996389602
CSRNP2 (81566),0.0013998742690272102
RANBP6 (26953),0.001402506143872935
FIZ1 (84922),0.0014051090093518898
TDP1 (55775),0.0014056945997762808
DSPP (1834),0.001416536771171814
HAPLN3 (145864),0.0014228765341433827
HSPA4L (22824),0.0014242723735282058
RIMKLA (284716),0.0014294328676598314
DCK (1633),0.0014346627602200332
BLNK (29760),0.001434829659910323
PXDNL (137902),0.00144055254868588
TPRN (286262),0.0014438571304154647
SBK1 (388228),0.001451085910612691
RAB29 (8934),0.0014525142563913485
CCNB2 (9133),0.0014561610115508743
EXOC3L4 (91828),0.0014575559067175655
SLC9A3 (6550),0.0014637367564527078
MAFF (23764),0.0014641411385284957
IBSP (3381),0.0014666889672497088
TNFRSF10C (8794),0.001469822857677733
ZFP36 (7538),0.0014698822190130157
IAPP (3375),0.001483549669985216
RNF212 (285498),0.0014866131730992618
FAM43B (163933),0.0014868996277888954
GPATCH1 (55094),0.0014918081892062536
RBPMS2 (348093),0.001497909325041326
AHCYL1 (10768),0.0014992843260956895
ZNF862 (643641),0.0015069605023177155
TMEM255A (55026),0.0015086625948285077
RDH8 (50700),0.0015113860288899288
IL36RN (26525),0.0015166456092645165
SHROOM2 (357),0.0015191658382134338
PPP1R14A (94274),0.0015204401697071935
WDR54 (84058),0.00152132498318672
ZNF711 (7552),0.0015254150859312903
RNF167 (26001),0.0015275462506060943
USP27X (389856),0.0015278405088510266
GABRG1 (2565),0.0015319915783060833
CNKSR3 (154043),0.0015327891164375821
NLRP5 (126206),0.001534787722179746
CRYGS (1427),0.0015363891705796023
ITGAD (3681),0.001538919298215019
LPIN2 (9663),0.0015424159060854396
POTEE (445582),0.001543126422789152
CRISP2 (7180),0.0015452731468200125
CFAP221 (200373),0.001551707792577133
TIMM50 (92609),0.0015538643896252109
PIP5K1B (8395),0.0015553659492169077
PAIP2 (51247),0.001556539395655218
DNTTIP1 (116092),0.0015652380212792132
SERPINA9 (327657),0.001565761687236869
HSPA12A (259217),0.001570188299834036
SLC23A1 (9963),0.001573192488424051
C7orf57 (136288),0.001576414034219805
ADCY9 (115),0.0015765071897636555
PAK1 (5058),0.0015772277085458637
ANKRD30A (91074),0.0015775788951892932
PRR5 (55615),0.0015829993297801729
P2RX6 (9127),0.0015838675308701509
SPAG4 (6676),0.0015893523976636718
GNAT3 (346562),0.001590366908268958
CHRDL1 (91851),0.0015961249713484864
MSRB1 (51734),0.001596980485156489
ARMCX5 (64860),0.001601896291558738
PSENEN (55851),0.0016019106693310663
KDM2B (84678),0.0016063938266209744
PITX1 (5307),0.0016087403798429362
MIER2 (54531),0.0016126657571056955
P3H3 (10536),0.0016129252412835833
ALKAL1 (389658),0.0016144058761748282
TUBGCP2 (10844),0.0016203253726357458
TMPRSS6 (164656),0.0016203447324335122
CD300LB (124599),0.0016231081025286668
KHDC1L (100129128),0.0016308660535545654
ALKBH3 (221120),0.0016344884742434047
AUP1 (550),0.001635149957858353
CEP89 (84902),0.0016423135148375815
TOX2 (84969),0.0016435659172377558
ARMCX3 (51566),0.0016494312750740283
HRH1 (3269),0.0016507672051143572
KLF1 (10661),0.0016538903374971464
CELF6 (60677),0.0016555735529145132
CADM2 (253559),0.0016630834404554112
ZNF451 (26036),0.0016660049746616019
EPAS1 (2034),0.0016683678686659439
IFNA4 (3441),0.001669333818979174
TRIM15 (89870),0.0016701852743477828
LGALS3BP (3959),0.0016740905891512797
ANGPTL2 (23452),0.0016773583622681956
SMR3A (26952),0.001677429645665059
OR2T5 (401993),0.0016774885289090337
PAFAH1B2 (5049),0.0016846374839167325
DDX60L (91351),0.0016864493753254348
KRTAP10-10 (353333),0.0016864724399656454
ENDOU (8909),0.0016907607114390508
SEPTIN11 (55752),0.001693342889422401
HOXA5 (3202),0.0016971078473636094
DYNLL1 (8655),0.0016995734072668882
TMEM132D (121256),0.0017017452982300708
UBASH3A (53347),0.001704017371387094
TUBB1 (81027),0.0017064039538199132
CD300LD (100131439),0.0017070678602870318
ZSCAN10 (84891),0.001710937993849422
MRGPRF (116535),0.0017111818225792343
DEFB114 (245928),0.0017123069517848673
SORBS3 (10174),0.0017178024407585482
ZRANB2 (9406),0.0017182222883416053
VSIR (64115),0.001718736710861319
LIMCH1 (22998),0.0017209028540988022
SHROOM1 (134549),0.0017225349116421695
UBE2E1 (7324),0.001722900728894059
FGF12 (2257),0.0017255400775222996
LIPI (149998),0.0017310103069608724
MTHFD2L (441024),0.0017346995131618701
SPATA32 (124783),0.0017357891431664105
TTC39A (22996),0.001751018033543175
LDLRAD2 (401944),0.0017550508970891534
KRCC1 (51315),0.0017578574070943181
SPMIP10 (389320),0.00176155493345643
GPR162 (27239),0.0017628333342451508
ING5 (84289),0.0017645135135841079
IL22 (50616),0.0017653528803640004
FUBP1 (8880),0.0017657805728264547
SLC14A2 (8170),0.0017661712726722073
SPATA31G1 (138724),0.001770045445506021
DGCR6 (8214),0.0017725749013916508
MEGF6 (1953),0.0017734847132442912
SLC16A10 (117247),0.0017749325974210687
KCNMB2 (10242),0.0017852780000287899
GMFG (9535),0.0017868662996815524
PFKL (5211),0.0017869011126875026
TXK (7294),0.0017890869520863473
AHCTF1 (25909),0.0017924482299057198
MAGEC1 (9947),0.001792834761983129
CELA1 (1990),0.0017971110421942172
ATG101 (60673),0.001800325941579283
ZNF469 (84627),0.0018082984618871848
NDST2 (8509),0.0018114402246229078
ZNF93 (81931),0.0018118469552333965
RILPL1 (353116),0.0018152914193977862
SLC16A7 (9194),0.0018178571637159273
RRBP1 (6238),0.0018185560318007825
ANXA10 (11199),0.0018208557708590959
MRPL58 (3396),0.001827730909474167
PRKCE (5581),0.0018318210593785097
FTL (2512),0.0018343996292007022
TPX2 (22974),0.0018353823125709077
TNFAIP2 (7127),0.0018394669428038787
CYP11B2 (1585),0.001848984917642927
NFATC2 (4773),0.0018541536065316072
OR1J1 (347168),0.0018572621270303942
PNPLA4 (8228),0.0018586653896023597
CSKMT (751071),0.0018655735407678736
OR2V2 (285659),0.0018720055120066469
H3C1 (8350),0.00187209176030862
FAM167B (84734),0.0018730160404143569
SLC6A15 (55117),0.001874970265373991
CPEB2 (132864),0.0018771376204464272
MNX1 (3110),0.0018790389874094099
CCL25 (6370),0.001884104682138825
KLHL41 (10324),0.0018884551466288228
MOK (5891),0.0018888365117523537
TTC39C (125488),0.0018923036119143676
ROCK1 (6093),0.001895493340141541
TFF1 (7031),0.0019019207706121324
MRPL48 (51642),0.001903765217135198
GLDN (342035),0.0019038117381063207
CASP5 (838),0.001907937882853329
ABI2 (10152),0.00190900963926705
TRAPPC10 (7109),0.0019106582111949244
OSGIN2 (734),0.001910987112450938
ARAP3 (64411),0.0019118362729729065
MAP7D3 (79649),0.0019126178691949406
APBA1 (320),0.0019185688600427172
FAM210B (116151),0.001920537832725546
OR8I2 (120586),0.001921339370502383
ZSCAN32 (54925),0.0019239157972165786
RTL8A (26071),0.0019312739158580893
CASR (846),0.0019320867623669094
GK5 (256356),0.0019439159734765668
CYP2C19 (1557),0.0019457502268125672
PHTF1 (10745),0.0019565853903615953
HBB (3043),0.0019593635714375422
STK11IP (114790),0.0019623973375189644
CCDC32 (90416),0.001971511245938925
CD96 (10225),0.00197688123097497
MYOG (4656),0.0019795959144254987
CACFD1 (11094),0.001981495264578171
C1QTNF6 (114904),0.001981882502942542
NAPB (63908),0.001993357329638995
ZNF329 (79673),0.0020012905524616383
CD7 (924),0.0020060430402448802
MUCL3 (135656),0.002006513884153169
BEND4 (389206),0.00201323197016398
KCNIP4 (80333),0.0020146963638815493
ALKBH7 (84266),0.002021720193048492
TPD52L3 (89882),0.0020218713220640084
SCRN3 (79634),0.002022355688847829
FHIP2A (57700),0.002024524074757125
LPAR5 (57121),0.0020297245986426004
LIPJ (142910),0.002036375026409052
GALK2 (2585),0.0020414597461479666
TPP1 (1200),0.002042208759446358
HS3ST2 (9956),0.0020425099973731516
AMELX (265),0.0020480864273117578
CSTB (1476),0.002048167023137302
RAB2A (5862),0.00204993068283644
IKZF4 (64375),0.0020507948261089828
EPYC (1833),0.0020549161993789777
CSRNP3 (80034),0.0020601299271956115
STAG3 (10734),0.0020603459970190466
NIN (51199),0.0020659977307222414
ZSCAN31 (64288),0.0020690984152271
WIPI2 (26100),0.002069441969021747
MED13L (23389),0.002070790397600223
ZBTB46 (140685),0.00207351085619998
ASCC1 (51008),0.0020879399567688465
DCUN1D2 (55208),0.0020890985489513724
RASGRF1 (5923),0.0020931764008525126
RDH5 (5959),0.002094420232963205
TLCD3A (79850),0.002095533983282836
IDO1 (3620),0.0021009756083687353
RAP1GDS1 (5910),0.002123942000657843
BRS3 (680),0.0021252992475331686
ZNF213 (7760),0.0021293418624979336
MERTK (10461),0.002129976840168711
SH3BGR (6450),0.0021357225331497163
PBX4 (80714),0.0021409256117455758
BBX (56987),0.002142330049209465
ADAM12 (8038),0.00214978045288981
FSD2 (123722),0.0021538018581267497
SPCS1 (28972),0.002156261285841732
ZNF771 (51333),0.002156739998555073
ADGRB3 (577),0.002157647003630847
CAPN9 (10753),0.0021661336787708848
SNAP91 (9892),0.002166949194391582
PSMF1 (9491),0.0021701118080345717
CDH2 (1000),0.0021710198810596625
RPL28 (6158),0.002172393143065822
HOXD9 (3235),0.002177140553948245
SLC25A45 (283130),0.002180702581824313
ARMH4 (145407),0.0021826099780343612
NCEH1 (57552),0.002183515388845762
IHO1 (339834),0.0021846337369751424
MS4A12 (54860),0.0021849312597880264
ARL4C (10123),0.002194298080091945
DLX1 (1745),0.0021993460043387637
PAK2 (5062),0.0022025986372124036
ANKRD45 (339416),0.002202647602556834
VPREB1 (7441),0.0022053392274920024
KLHL24 (54800),0.0022082253971992274
MAT2B (27430),0.002210843646249153
NBEAL2 (23218),0.002213982808006284
GADD45B (4616),0.0022148650052131783
CNOT6L (246175),0.002219760229701259
LARP4 (113251),0.0022280793820720624
PREX1 (57580),0.0022322104411827467
ZNF480 (147657),0.002233100599626612
BARX1 (56033),0.002245640706331852
CEP76 (79959),0.0022464638621214564
MAPKAPK5 (8550),0.0022576437067840156
SC5D (6309),0.002262232026408889
VLDLR (7436),0.002262234173857889
RAD23B (5887),0.002264111946164387
TUFM (7284),0.002266774493650086
ANKS1B (56899),0.002268561039510343
BCAS3 (54828),0.0022703000904154918
OTX1 (5013),0.0022709984177826377
BCKDK (10295),0.0022720790829012906
CAPNS2 (84290),0.002272754130577464
PGAP1 (80055),0.002273460688467267
CDK19 (23097),0.002273467232272112
CALCOCO1 (57658),0.0022827099604182024
FMN2 (56776),0.0022829046399659558
DMGDH (29958),0.002285927957637224
BPIFB4 (149954),0.002286136924716517
RALY (22913),0.0022888089723327905
OR5AC2 (81050),0.0022890489829579283
ARHGAP28 (79822),0.002291340598618505
KIF12 (113220),0.002294385335009238
GSN (2934),0.0022963868453346405
SPACA9 (11092),0.0022987969924176243
KRT40 (125115),0.0023025909385002248
TPPP3 (51673),0.0023031593615796737
KNDC1 (85442),0.0023049549100327828
OLIG2 (10215),0.0023125276306765505
SGSM1 (129049),0.002314599263426637
BASP1 (10409),0.002323146526582444
OLFML1 (283298),0.0023237283684273934
ATOH1 (474),0.0023245518900040867
VAT1 (10493),0.0023262760210057366
TBX18 (9096),0.002332044606620996
ANO2 (57101),0.002332700676135578
CCDC93 (54520),0.0023349361880492343
POGK (57645),0.002345803056804903
ZBTB42 (100128927),0.002348480672143521
INPPL1 (3636),0.0023488720038434626
P2RY14 (9934),0.0023498496455214555
PER3 (8863),0.002356057906971497
ZNF366 (167465),0.0023568310418986813
GIPR (2696),0.0023609221325254395
HDGFL2 (84717),0.002361403089437074
CABP4 (57010),0.0023618802387442355
NXPE4 (54827),0.0023676434285923556
BARHL1 (56751),0.002370132759478325
TWSG1 (57045),0.002370407417217175
TEKT2 (27285),0.002371750534857367
OR51A7 (119687),0.002376531893691795
CUTC (51076),0.002377672736859425
TENT4A (11044),0.0023806139512249995
OR13C9 (286362),0.0023830785539265395
ZNF260 (339324),0.002385085367824852
JAML (120425),0.0023886255713602665
GPNMB (10457),0.0023915065710681427
AP1S2 (8905),0.0023916061341995943
RAB23 (51715),0.0023933754083711625
GDF3 (9573),0.00239711090067455
SAA4 (6291),0.0024011470701829694
NIBAN3 (199786),0.002408683957511833
TCEAL2 (140597),0.002409985652018991
CCDC33 (80125),0.0024106524325763767
BAG4 (9530),0.0024129266161741
PTPN6 (5777),0.0024154328470644072
COA4 (51287),0.002427718378722109
PIGR (5284),0.002428836237737558
BHLHE23 (128408),0.002433253017534555
TTBK2 (146057),0.002434805976802164
C16orf86 (388284),0.0024407076837754753
MDH1B (130752),0.0024485982255223844
PTPRM (5797),0.0024548772004518997
FGF18 (8817),0.0024558119132473658
RECQL (5965),0.0024577703059507285
RPF1 (80135),0.002462667448410278
ACP3 (55),0.0024643352143824114
SPATS2L (26010),0.0024645876738232588
VGLL2 (245806),0.00246801541945706
KDM4E (390245),0.002471149155691768
RC3H2 (54542),0.0024735787854549816
CIMAP1A (113746),0.0024749363049044533
PCDHGB7 (56099),0.002475692726292148
LYPLA2 (11313),0.002476223813854396
TOPBP1 (11073),0.0024776968224815904
NFATC4 (4776),0.0024821641776988403
ETNK2 (55224),0.0024834069075906464
SMIM3 (85027),0.002483560193001847
HECA (51696),0.002485597627666356
PLCD4 (84812),0.002486045903956165
NOTCH1 (4851),0.002490588339484279
LRRTM4 (80059),0.002492236163789075
CTAG2 (30848),0.002493405793255124
SGF29 (112869),0.0024948945979573296
DZIP1 (22873),0.0024981805195676983
ATOSB (80256),0.0024984369380051754
GORAB (92344),0.002506732387334881
AVPI1 (60370),0.0025120322768116014
KCNJ16 (3773),0.0025129835839338946
CCDC157 (550631),0.0025131681030433712
HAT1 (8520),0.002514778345390665
PAPPA2 (60676),0.002518168952678325
MUC6 (4588),0.0025209233573064817
RNF126 (55658),0.0025270861946155533
SLC16A3 (9123),0.0025293530645388316
TBXAS1 (6916),0.0025511914674954655
CCL28 (56477),0.0025523175380226188
PLEK2 (26499),0.002553341654619045
PLEKHO1 (51177),0.002554055169461472
USP47 (55031),0.002555040682012273
UBL4A (8266),0.0025566902665492227
UBOX5 (22888),0.0025592191792408333
CD70 (970),0.0025617523484303315
MSH4 (4438),0.0025697560747219524
SAXO4 (220004),0.002569932786407371
PLN (5350),0.0025707265871688797
NEIL3 (55247),0.0025723135390228065
AP2A1 (160),0.002573028947158153
DCAKD (79877),0.0025802313642994497
COP1 (64326),0.002588869505389434
SPINK7 (84651),0.0025956464604222217
STRADB (55437),0.002596113881415163
ABHD1 (84696),0.002601599349030964
OPN3 (23596),0.0026025765720296217
LRFN1 (57622),0.0026069329360736285
MYO5B (4645),0.0026102830467387822
AKAP5 (9495),0.0026119823601172825
AGBL4 (84871),0.0026143234157967833
CFAP206 (154313),0.00261440433450821
PRODH (5625),0.0026177240843963463
GAS2L1 (10634),0.0026179158569906756
SYVN1 (84447),0.002621018807865176
MAFA (389692),0.0026210988741987864
EPHA10 (284656),0.0026251532039873317
SPEF1 (25876),0.0026273546122321536
GYG2 (8908),0.002628339245632668
SOX13 (9580),0.0026342301389242085
TLL2 (7093),0.00264034966431992
ARHGAP15 (55843),0.002641033044356533
E2F5 (1875),0.0026416100611778986
MYLK3 (91807),0.002642149857265661
IRF8 (3394),0.0026431706232931517
OR2S2 (56656),0.0026436538437591413
PRKAR2A (5576),0.002652579679558884
CBX7 (23492),0.0026616272178056756
ZBED2 (79413),0.002661763064772345
KRTAP1-4 (728255),0.0026704303903688177
FSHB (2488),0.002671028620969681
CLK3 (1198),0.002681238149646451
EBF1 (1879),0.0026888253414581093
MFSD8 (256471),0.002692293028898071
LRRC8B (23507),0.0026929762014103508
GSPT2 (23708),0.0026969925768537788
MTMR11 (10903),0.0027025805497247575
MYO10 (4651),0.0027032407947037602
NRXN3 (9369),0.0027036127196069116
ZNF621 (285268),0.0027049305485470393
MS4A3 (932),0.002706616848161185
PARP12 (64761),0.0027118482619275844
SCPEP1 (59342),0.0027133062278979483
GID8 (54994),0.0027142546480636515
AKR7A2 (8574),0.0027167014315430944
A4GALT (53947),0.0027179425199173463
POSTN (10631),0.00271976702031858
ACCSL (390110),0.0027217247683069302
SYK (6850),0.0027338412007731406
CDH3 (1001),0.0027362565485847933
PSMD13 (5719),0.0027369057085628603
CNGA3 (1261),0.0027369376729997337
PBDC1 (51260),0.002739110955561392
PLIN1 (5346),0.002743870520309452
COLEC11 (78989),0.0027517966607705506
NRROS (375387),0.0027523640366032827
DCAF5 (8816),0.0027543337534918196
MEA1 (4201),0.002754426225161833
OTOL1 (131149),0.0027559407317056914
ART4 (420),0.0027627931119319714
PDE8B (8622),0.002762904558847537
LRRC7 (57554),0.0027648559401179506
RTEL1 (51750),0.002765047891517117
RAB39A (54734),0.0027658812704186896
ODF2L (57489),0.0027731728483679574
RGL1 (23179),0.0027798117494757307
SGTB (54557),0.0027854248754724358
SLC16A6 (9120),0.0027873930569394635
ZCRB1 (85437),0.0027889363805358495
DMRT3 (58524),0.0027912528782221956
MTMR9 (66036),0.0027920355174484435
DEPTOR (64798),0.002794178647518818
DDIT4L (115265),0.0027956307437373737
DENND2B (6764),0.0027994528961768766
TLX1 (3195),0.002801143403911339
PHKG2 (5261),0.002801669076287151
MTURN (222166),0.0028054238783695637
ZNF713 (349075),0.0028114787101136333
KRTAP10-5 (386680),0.0028140637340477925
ISX (91464),0.002822686125282051
S1PR5 (53637),0.0028270033197452245
MT3 (4504),0.002829482270183768
RGS8 (85397),0.002830464002580911
ADAM15 (8751),0.0028414207016706616
POGZ (23126),0.002842280111986284
MFNG (4242),0.002843421336306836
RIDA (10247),0.002843537272899903
LIPG (9388),0.0028500459499632472
UPF3B (65109),0.0028514128961278974
MMP26 (56547),0.0028543143287849417
NT5M (56953),0.002865294113042236
MFAP2 (4237),0.0028705032535016315
INPP5J (27124),0.0028729907738763547
CABP7 (164633),0.002873018186849582
CD82 (3732),0.002874061929171863
POU4F2 (5458),0.00287659180110377
CLDN23 (137075),0.002887793490172467
PAK5 (57144),0.002888140796399448
RPL10 (6134),0.002890215569302335
VAMP3 (9341),0.002890689045917344
CORO2A (7464),0.002891259424467345
TAF1D (79101),0.0028926452021364036
PIK3C2A (5286),0.002894614023220932
KCNAB3 (9196),0.002898865282971297
TCEAL8 (90843),0.0029059392120268077
ANO5 (203859),0.0029113666137589142
ENTPD2 (954),0.002914983340375535
FBXW10B (374286),0.0029166151681833084
ELSPBP1 (64100),0.0029167435215500105
STON1 (11037),0.002919934413647022
GDAP1L1 (78997),0.002922126953077471
RYR3 (6263),0.0029238604703369273
DEFB124 (245937),0.0029267778472614496
ISL1 (3670),0.0029280054181678884
CMKLR1 (1240),0.0029348718514592316
NR2F2 (7026),0.002935400579196922
ZNF543 (125919),0.002938298951932039
AKAP1 (8165),0.0029427045652789807
MGMT (4255),0.002944535259251173
H4C1 (8359),0.002948609870556878
PTHLH (5744),0.00295188254956077
XG (7499),0.0029592243344881254
LRRC55 (219527),0.0029624653953152797
NALF1 (728215),0.002964287575777817
SMAD3 (4088),0.002967397774246611
PLAAT2 (54979),0.0029690157750400055
TRMT44 (152992),0.0029763360501786325
WDR11 (55717),0.0029772926956124907
TPBGL (100507050),0.0029825380208016498
IL22RA2 (116379),0.0029840142907953176
GAREM2 (150946),0.002987813772116793
ANKRD13D (338692),0.0029891323485053446
ANXA5 (308),0.002992100226313349
PTRH1 (138428),0.002998961612736911
POU3F3 (5455),0.002999566464947329
CRISP3 (10321),0.0030017315362677937
SLC25A2 (83884),0.003001813844010502
TSNARE1 (203062),0.0030028883530666068
ZBTB44 (29068),0.0030057063012372347
NAALADL2 (254827),0.0030139385933549783
KANK1 (23189),0.0030152566584378997
MYADM (91663),0.0030164089042908813
UNC45A (55898),0.00301729677633542
GPR132 (29933),0.0030302440565423056
CETN1 (1068),0.0030320042769752024
AGAP1 (116987),0.0030425937881134024
REL (5966),0.003050281344507753
CALML4 (91860),0.0030515130279267933
LCA5 (167691),0.0030533538066989736
HAO1 (54363),0.00305484263847878
CDH10 (1008),0.0030648176643560893
ERI1 (90459),0.0030678582386236912
DLX2 (1746),0.003068585417358967
ULK1 (8408),0.003079428969366291
ZNF432 (9668),0.0030806553059488312
ZNF837 (116412),0.003081572981973043
SPAG8 (26206),0.003084796617801041
KDR (3791),0.0030884124789830247
ALDH7A1 (501),0.0030917107549815626
TNFRSF13B (23495),0.0031003979585364785
ACP7 (390928),0.003101595562851192
CNP (1267),0.003106638413764368
BEX2 (84707),0.0031073209197544716
RASD2 (23551),0.0031108943203381383
CASKIN2 (57513),0.0031152667783623704
HSDL2 (84263),0.0031153571885860253
PPP2R2C (5522),0.003119080615859748
PRDM14 (63978),0.0031212947847342547
BOD1L2 (284257),0.003124474058937774
RTF1 (23168),0.0031269633891269667
EVX1 (2128),0.003132755644480946
EMX2 (2018),0.0031347013705891325
OR56A1 (120796),0.0031459929689149698
GLI1 (2735),0.0031485176451638212
KCNK7 (10089),0.003152102440423165
MOAP1 (64112),0.003164024631177255
RNF113B (140432),0.0031698611312311275
S1PR1 (1901),0.0031715314130658693
PADI2 (11240),0.0031755637279028462
AQP2 (359),0.0031768748463888163
TP53BP1 (7158),0.003177511477546902
KLHL40 (131377),0.003184033323595588
CHRM3 (1131),0.003187582063433677
POM121 (9883),0.0031895687587920447
KDM5B (10765),0.0031898091389111483
TMEM126A (84233),0.003191935663717415
TBC1D2B (23102),0.003197141396123044
CTNNBL1 (56259),0.003201836742272933
OR52N4 (390072),0.0032082449221466176
CDK15 (65061),0.003211260399736236
VSTM1 (284415),0.0032120685449718456
SDC4 (6385),0.0032190804222239915
MR1 (3140),0.003221867734738354
PLAC1 (10761),0.003240099291325716
FLRT3 (23767),0.0032407013552901366
TBC1D16 (125058),0.0032412440606495972
NAA20 (51126),0.0032460422299294784
RAB5A (5868),0.003255138418141447
SLC17A6 (57084),0.0032555982611662997
GCNT3 (9245),0.0032566824412878412
FMNL2 (114793),0.0032576454845221793
PRRX2 (51450),0.0032591873348857474
UBE2E2 (7325),0.0032607356800633536
TOPAZ1 (375337),0.0032666154514016266
SYT16 (83851),0.0032692113632461174
RIT1 (6016),0.0032754673109130343
VIRMA (25962),0.0032764992538010457
RIC3 (79608),0.0032783661557415048
CIMIP1 (128602),0.0032830799839537014
EFNA1 (1942),0.0032836038917687625
ZNF423 (23090),0.003284316611165777
STARD10 (10809),0.003284638296213429
HPD (3242),0.003295037220350014
OR4P4 (81300),0.003304407716114965
SMIM9 (100132963),0.003304552293605213
ASB3 (51130),0.0033091015744304273
ME3 (10873),0.0033139474198736647
ZNF12 (7559),0.0033145329492741144
CLEC4F (165530),0.0033167214449564505
AGXT (189),0.0033184983970345893
AGPAT1 (10554),0.0033198256047944153
LCNL1 (401562),0.0033207918733961788
NECAP1 (25977),0.0033230946006202267
DPYSL5 (56896),0.0033233770646695386
MPP3 (4356),0.0033270064159458975
APOBR (55911),0.0033308135475067654
RPS21 (6227),0.003331601581277751
AASDHPPT (60496),0.003332354188997022
WSCD1 (23302),0.003332929917556602
SPATA9 (83890),0.0033349087840104513
SLC5A2 (6524),0.0033355090816503986
ADAM8 (101),0.003335936456415918
GSTK1 (373156),0.003337630557690892
PCMTD1 (115294),0.0033428240104434012
RHAG (6005),0.003346331187757484
CCL22 (6367),0.0033504862394792977
LEP (3952),0.003354774674251153
H2BC14 (8342),0.0033557661355056766
TRIM43 (129868),0.0033618189229850173
HK2 (3099),0.0033636503837394544
RP2 (6102),0.003364116246455912
RSPO4 (343637),0.003370942487240161
EYA3 (2140),0.0033710334884252623
BAIAP2L2 (80115),0.003371757946401667
HABP2 (3026),0.003383872928482293
DSP (1832),0.003388187750436043
RREB1 (6239),0.0033896592413668507
SLC5A1 (6523),0.003393377982903834
GABRG3 (2567),0.0033990436184944627
TARS3 (123283),0.0034030641511469647
FAM114A2 (10827),0.003405211202536066
NFKBIZ (64332),0.003407834223380373
CNMD (11061),0.003407877755705096
LRATD1 (151354),0.0034160558492272756
CLEC5A (23601),0.003419229817193037
FLNC (2318),0.0034232245614075328
SLC8B1 (80024),0.0034270534598119613
C3orf20 (84077),0.0034330879743321393
APEX2 (27301),0.00343350056108077
SLC29A4 (222962),0.0034422946308860164
TASOR (23272),0.0034425745270842824
CUL4A (8451),0.0034523582725187922
KITLG (4254),0.0034600448442043104
TMEM86A (144110),0.003460067954173739
PIGN (23556),0.003465526371164614
THBS3 (7059),0.0034672897592941615
EFCAB2 (84288),0.003467322062302726
TARM1 (441864),0.003476728869037368
TGFB1I1 (7041),0.0034802010786634872
ABLIM2 (84448),0.003497907304325109
ZNF433 (163059),0.003498723023760067
THAP10 (56906),0.0034992662181095023
NFAM1 (150372),0.003502390039320153
OR6V1 (346517),0.0035027178944238976
PDE6B (5158),0.0035044782811579664
MAGEB6 (158809),0.0035070168755001897
OS9 (10956),0.0035095454535067306
ZNF552 (79818),0.0035104127701533192
ROS1 (6098),0.0035129221839907718
ANKRD52 (283373),0.0035175128396225243
TNFSF18 (8995),0.0035225758766933087
SLC18A1 (6570),0.0035270113835010612
NBEA (26960),0.00352977867248645
GXYLT1 (283464),0.0035331864332621755
NYAP1 (222950),0.0035482389609967405
RRM2B (50484),0.003555989631806391
PFDN5 (5204),0.0035578512431042454
CCDC103 (388389),0.0035684088422573883
WDPCP (51057),0.0035753366034406327
RXRA (6256),0.0035761348675668846
SELENOM (140606),0.0035776826128045285
RAPGEF6 (51735),0.003579440436045939
PTTG2 (10744),0.003579662478747707
AMIGO1 (57463),0.003586911843930704
CCDC70 (83446),0.003595255608594111
DYNC2I1 (55112),0.003597943324133208
TUBA8 (51807),0.0036012672608251245
ECHS1 (1892),0.003601543540604967
LDHD (197257),0.003610324399924414
RNF185 (91445),0.0036114248173684956
SLC45A1 (50651),0.003617503788230421
FAM81A (145773),0.0036179072955318183
PCDHGC5 (56097),0.003618213941014034
PARP11 (57097),0.0036189570802108444
VMAC (400673),0.003619092696437158
MYOM2 (9172),0.0036199809424157623
SLC9A5 (6553),0.0036206947237561017
FAIM2 (23017),0.0036238487167623433
PDCD2L (84306),0.0036344185646343414
PRR22 (163154),0.003635008090108818
MYG1 (60314),0.003635627275890352
LPL (4023),0.0036380439279068227
TCP11L2 (255394),0.0036484219718263943
HMGB2 (3148),0.003649462597100565
GRPR (2925),0.0036598860600518617
ZNF488 (118738),0.0036671761244972075
INAVA (55765),0.003667973655908871
CYP11A1 (1583),0.0036729922467990286
PPP4R3B (57223),0.0036862449893318304
MFSD1 (64747),0.0036959356296609653
LRRC61 (65999),0.0036962759105955557
ZNF682 (91120),0.0037048779217272454
AFG2A (166378),0.0037093309684699044
OSGEPL1 (64172),0.0037094838075857977
MOB3B (79817),0.0037168723411737984
HTR4 (3360),0.0037341975076333094
PPT2 (9374),0.0037382781549637582
FAM13C (220965),0.003740263356992665
PABPC4 (8761),0.0037452185399953837
C2orf72 (257407),0.003750412223011528
AGBL2 (79841),0.003752831215412634
DNAH7 (56171),0.0037591323264680116
KISS1R (84634),0.0037593021693037433
TRPC4 (7223),0.003760562883771144
RGMB (285704),0.0037651078937248447
NTN3 (4917),0.0037661793295705476
HMGN5 (79366),0.0037765908332892274
RAB25 (57111),0.0037770020591508416
ZNF100 (163227),0.00377827571270298
TCL1B (9623),0.003780358522797402
OPRPN (58503),0.0037834195680895326
CSPG5 (10675),0.0037866823744596373
ADAL (161823),0.003792467747139191
SLC27A4 (10999),0.003806292576955189
ZCWPW2 (152098),0.003806355893824597
MIF (4282),0.0038112320164964326
CCDC110 (256309),0.003812596079594286
MCM9 (254394),0.003819308087217851
LYRM1 (57149),0.003824619268166937
ZBTB47 (92999),0.0038248608967767746
TMEM240 (339453),0.003826950612399616
CCT6B (10693),0.003827861458338126
STMN1 (3925),0.0038310610970154605
CAPNS1 (826),0.003831385497949958
TMEM92 (162461),0.0038339255754196106
CA13 (377677),0.003838569787050112
PLA2G4A (5321),0.003840690978480039
FBXO39 (162517),0.003840739607412443
PNPLA5 (150379),0.003844571833765278
COG5 (10466),0.003846977692872408
KLRG1 (10219),0.0038536070255280348
TTC23 (64927),0.0038564576086407287
TOM1L1 (10040),0.0038591888997479913
VPS37A (137492),0.0038603665091741595
ZC3H7B (23264),0.0038606416775955553
MAP1LC3C (440738),0.003862347633486609
HUNK (30811),0.0038645752389205733
ZNF77 (58492),0.00387131656261504
SMIM10 (644538),0.0038720233450479525
DNAAF4 (161582),0.0038766519682177274
HDGFL1 (154150),0.0038794376139554927
SERPINB10 (5273),0.003880454795507537
ZNF496 (84838),0.003887379121677254
FUT1 (2523),0.0038888815985730738
GP1BA (2811),0.0038946325876903524
COMMD10 (51397),0.003899291308268091
CCL17 (6361),0.0039016364756323503
PLCG2 (5336),0.0039032509578596063
UGT2A1 (10941),0.0039050625922133404
TBC1D25 (4943),0.003906382421724843
ZMYM4 (9202),0.003907265088299138
TTC28 (23331),0.00391222200526286
APOOL (139322),0.003921432037842241
FKBP7 (51661),0.0039228363850505165
CDK3 (1018),0.003925356218413668
LINGO4 (339398),0.00392552397100304
GUCY2D (3000),0.003928861241443936
CLDN10 (9071),0.003929752299877266
CERKL (375298),0.0039331080137721955
FHL5 (9457),0.003934391709108424
TTLL2 (83887),0.003947074665060182
BTBD3 (22903),0.00395794965209908
AKAP11 (11215),0.003958282427090718
CD300A (11314),0.003958823505209033
RIN3 (79890),0.003965450142005851
CCND2 (894),0.003970162131350108
GRIK2 (2898),0.003976240458454174
GSTT2B (653689),0.003998119108387311
CLTCL1 (8218),0.003999542788236513
NSG2 (51617),0.004000087340762697
LILRB2 (10288),0.004000499512798636
ZC3H6 (376940),0.004005291157157151
MTHFS (10588),0.0040074628881687805
RIBC1 (158787),0.0040236970900541106
OR2B11 (127623),0.004033561642999786
DRICH1 (51233),0.0040383326352434095
FOXC2 (2303),0.004039659428522595
CSRP3 (8048),0.004040295220139157
FLAD1 (80308),0.0040419340704123605
H2BC4 (8347),0.004042385665286899
DKK4 (27121),0.004042473185448421
NSD3 (54904),0.004046978629499102
CLU (1191),0.004048085053959061
CALR3 (125972),0.004055490543153175
KCNK1 (3775),0.004056540848468819
ZPBP2 (124626),0.00405996644848725
IGSF8 (93185),0.004060292104059862
TAS2R50 (259296),0.004064589029362479
LAMA4 (3910),0.004067596149399983
RAD51AP1 (10635),0.004068332482170257
CLDN25 (644672),0.00406871005633473
PLBD2 (196463),0.004068850234585904
SLC38A10 (124565),0.004071540157266397
LRSAM1 (90678),0.004072116873461284
PCDHGA1 (56114),0.0040728878808036165
MTMR2 (8898),0.0040754037734601
PPIL2 (23759),0.004075459821739217
SEC14L3 (266629),0.004085047904318627
CREBZF (58487),0.0040853565717235635
APOBEC4 (403314),0.004095107328955264
RNF151 (146310),0.004096581415150255
PACRGL (133015),0.004099691377960866
BTG4 (54766),0.004103015381572218
ZNF570 (148268),0.004106916947747015
DISP2 (85455),0.004116776969959927
WNK3 (65267),0.004120250012490111
TRIM2 (23321),0.004121217756232738
FAM111B (374393),0.004122065922329815
NRIP1 (8204),0.00413539977052237
MCM10 (55388),0.004136110099940663
COMMD6 (170622),0.004136524196290452
KLHL2 (11275),0.00414345632183632
CPM (1368),0.004143835957055694
FKBP6 (8468),0.0041439851333916625
ALOX5 (240),0.004145152828738807
DYSF (8291),0.004149286141566531
SHLD1 (149840),0.00415145713740297
AFF4 (27125),0.004151794450033593
SKOR1 (390598),0.0041529413464500824
CC2D2A (57545),0.004153906512532923
STK24 (8428),0.004155802661777901
THUMPD2 (80745),0.004157114836376799
IGLL5 (100423062),0.004165736465262679
ID1 (3397),0.004169094073429287
LY6H (4062),0.004170088980956493
SFXN1 (94081),0.004171873961383522
DENND4B (9909),0.004173390489108055
PIGA (5277),0.0041796360693775155
CTXN3 (613212),0.00417994731233793
PCP2 (126006),0.004182822261690938
PTS (5805),0.004185733891837221
FRMD3 (257019),0.00418687123301211
IFNAR2 (3455),0.004187580223839992
CKAP2 (26586),0.004192258810622822
SLC39A7 (7922),0.004194443965983566
SRSF7 (6432),0.004196980371689455
IL4R (3566),0.004197637789437648
CBX3 (11335),0.004201049722732857
CNR2 (1269),0.004202351927216129
KPLCE (100129271),0.004207337135336958
GPR174 (84636),0.004210372634553284
MARVELD3 (91862),0.004211207188007489
ATXN3 (4287),0.004211286465546675
SRR (63826),0.004211311052438469
TNNC2 (7125),0.004212389868304247
LCE3A (353142),0.004212837163405804
RNF217 (154214),0.004216008990672463
MFSD6L (162387),0.004225604573667247
EFCAB3 (146779),0.004232701812541192
HLA-DPA1 (3113),0.004238370982542712
MYPN (84665),0.004240382269479357
SPRYD3 (84926),0.004247968680356789
ATRX (546),0.004248323069556989
IVNS1ABP (10625),0.004248948562879
CRACR2A (84766),0.004253237135800619
OLFM4 (10562),0.00425486399518042
NXF3 (56000),0.004258796236985563
POU2F2 (5452),0.004263913800346048
CARHSP1 (23589),0.004269223343771803
GMDS (2762),0.004269761185525783
RTN4R (65078),0.004272979973198731
POF1B (79983),0.004276026050062098
SYNE3 (161176),0.004279286163965804
AP5S1 (55317),0.00428840392239309
PHLDA3 (23612),0.004288722410631754
RNF2 (6045),0.004294619233407377
CNTNAP5 (129684),0.004298348310351304
RANBP3 (8498),0.004305222427522599
RPE65 (6121),0.004305361977701983
S100A11 (6282),0.004305662418995667
IGSF1 (3547),0.004311101046064222
DOCK4 (9732),0.004313408133166459
PTRHD1 (391356),0.004315472758323277
ANKRD46 (157567),0.004318613894573094
DST (667),0.0043272551314402965
TSNAX (7257),0.004334904887020903
BCAR1 (9564),0.0043416517683392015
H1-6 (3010),0.004343120315946631
PDPR (55066),0.004348511965641385
RASAL1 (8437),0.004351068526495381
MORF4L2 (9643),0.004351785158253553
KIF13B (23303),0.004354941019781689
TTC12 (54970),0.004355628343886525
RAG2 (5897),0.004359497349809144
MREG (55686),0.004364930291006872
TEX47 (219557),0.004373024619743552
SPIN3 (169981),0.004374544541285015
KCNAB2 (8514),0.004389039722849176
CCNE2 (9134),0.004389747007932197
ADARB1 (104),0.004397266982258952
ZNF436 (80818),0.004402535038993075
GSTCD (79807),0.004413897340243716
CDNF (441549),0.0044161085194038795
MAP2K3 (5606),0.0044202855946369815
MYL6B (140465),0.004424500554790706
GRP (2922),0.004424839004018386
TMEM259 (91304),0.004428181044105454
RIOK2 (55781),0.004429972186162452
PKP4 (8502),0.004431395897396817
TMEM239 (100288797),0.004432917525888963
PSD3 (23362),0.00443737650492004
UBLCP1 (134510),0.0044491179802291685
STK33 (65975),0.004449245887609016
C2CD5 (9847),0.004451341600831883
REG3A (5068),0.004461184646065478
FGF1 (2246),0.0044625260581035225
AZI2 (64343),0.0044640079124321505
SMAD7 (4092),0.004464499580498308
CPT1A (1374),0.004467522097210161
KRTAP21-3 (100288323),0.004471691295559415
KRTAP3-3 (85293),0.004471836645246178
FOXN4 (121643),0.004477628339332369
PRDM9 (56979),0.004477637269661651
TMEM108 (66000),0.004485581798414211
B9D2 (80776),0.00448761062553979
IZUMO4 (113177),0.004498099195173025
MCF2 (4168),0.004506825500285685
C6orf58 (352999),0.0045079787993873
ADAMTS10 (81794),0.004509591269210591
TAX1BP1 (8887),0.0045165179410182835
KIF3B (9371),0.004519001390212814
ZNF567 (163081),0.004523542441826942
TLN2 (83660),0.004526633261841939
CYP27B1 (1594),0.004529719353915421
AADACL2 (344752),0.004533508112756751
UHRF2 (115426),0.004542204149196015
C1QTNF2 (114898),0.004553823773167993
ENTPD1 (953),0.004555764457367381
KLKB1 (3818),0.004556268814027817
SIAE (54414),0.004557362589158212
PLA2G4C (8605),0.004559929270697928
NKAIN1 (79570),0.004564071235620975
ADCK1 (57143),0.004564316714411483
LTB (4050),0.0045645290990100045
TNFSF14 (8740),0.004570399157092898
NGEF (25791),0.004570632979352352
MAP3K1 (4214),0.0045782180941254455
GRAMD1C (54762),0.0045821685125342375
UBE4A (9354),0.004585026877318094
PLSCR1 (5359),0.004585438930410682
SOX4 (6659),0.0045870081782030244
ACTRT3 (84517),0.004589349398016292
ZFYVE19 (84936),0.004592449841182057
RFX2 (5990),0.004593061685540739
POMGNT1 (55624),0.004596423158696713
CXCL12 (6387),0.0045996626376032775
MAPK14 (1432),0.004601245442121178
LRTM1 (57408),0.0046048777875042825
DCP2 (167227),0.004606727828654728
CCNG1 (900),0.004606975103288982
MYO7B (4648),0.0046082433046252536
IDI2 (91734),0.004610535050156353
NT5DC2 (64943),0.004616521758843029
RAB32 (10981),0.004617132485771684
CD164L2 (388611),0.004620000838631186
FAM47E (100129583),0.00462287902875635
OR6C65 (403282),0.0046246902830448765
CDC6 (990),0.004627073624553905
LAMA2 (3908),0.00462741985663405
USP49 (25862),0.004629282950285929
SLC35C2 (51006),0.00463660975902893
H4C5 (8367),0.004651384284235303
CLUAP1 (23059),0.004655899763357089
GAL3ST2 (64090),0.004661927303483458
TMEM120A (83862),0.004663765631390459
GPR137 (56834),0.004665197876883046
PRKCG (5582),0.004666106133764736
CSF3R (1441),0.004666346743138343
PGBD1 (84547),0.004666953290591572
ARL16 (339231),0.0046699506441843985
FOXD3 (27022),0.004671401791388497
CDC42BPG (55561),0.004688168209000807
IL2RB (3560),0.004695966554015635
GPR26 (2849),0.004697104985725204
CR1L (1379),0.0046992802972932145
MYEF2 (50804),0.004706235903324407
MYH6 (4624),0.004718384560687013
TRIM49B (283116),0.004722746511703106
C10orf95 (79946),0.004726431699903692
PLK3 (1263),0.004729399724436118
OLFM1 (10439),0.00473180830992686
GNAS (2778),0.0047344305425484935
OR1J4 (26219),0.00473682659310892
LAMA5 (3911),0.004742239787620799
CDC20B (166979),0.0047430366752611725
TCP11 (6954),0.0047445022716201615
SERPINB2 (5055),0.004747422903517285
ZNF700 (90592),0.00474876462500822
LYNX1 (66004),0.004750419108458387
HRH2 (3274),0.004753356040970813
GREB1L (80000),0.004758480628438355
OR52E4 (390081),0.004759183341448976
CIAPIN1 (57019),0.004764940827269977
KLHL36 (79786),0.004765079927429192
GRK5 (2869),0.004770242515147926
CMTM7 (112616),0.004775483914295006
PIP4K2C (79837),0.004778243323479163
MYRF (745),0.004788660339440044
OR8G5 (219865),0.004788962777168231
TYRP1 (7306),0.004799290199624224
RAPGEFL1 (51195),0.0048078221014894226
SUMO4 (387082),0.004812582991127366
HSD17B7 (51478),0.0048163255840073
DCST2 (127579),0.004816954639720962
AIPL1 (23746),0.00482471262403399
ZSCAN16 (80345),0.004829969015554098
FKBP15 (23307),0.004833467077758467
ADAMTS17 (170691),0.004835463964888362
CNIH1 (10175),0.004836805506224911
HMBOX1 (79618),0.004836974423009791
YY2 (404281),0.004840651818747217
PPTC7 (160760),0.004846316748331996
C11orf86 (254439),0.004847475751063853
MINAR2 (100127206),0.004850827255497779
TEX26 (122046),0.0048561540029066295
GID4 (79018),0.004860548438025501
POTED (317754),0.004862775756078461
SPINK13 (153218),0.004866265697863542
GJA5 (2702),0.004866591541615266
CXCL5 (6374),0.004868376545110321
TRIM35 (23087),0.004871754183996936
FHL1 (2273),0.004872564293772424
OVCA2 (124641),0.004873576644320059
MAU2 (23383),0.004874637840088826
BMPR1B (658),0.004876587052822184
CNOT1 (23019),0.004878939664618307
TRIM59 (286827),0.004879965712873164
MAGEB17 (645864),0.004884988476121981
PROX2 (283571),0.004886220189270117
PPIL6 (285755),0.00489324522903575
CHCHD3 (54927),0.004893969414108774
C1orf35 (79169),0.004899391807273955
INHBC (3626),0.004901332265720817
CDC42EP4 (23580),0.004906573910260728
ZDHHC6 (64429),0.0049073558790776435
RUBCN (9711),0.004907807493903493
EPN2 (22905),0.0049087458205021375
UTP14C (9724),0.004913494380796911
MTUS1 (57509),0.0049143471507410875
AURKA (6790),0.0049174594181718165
DRG2 (1819),0.004918221274003916
COL5A3 (50509),0.004919027437090032
BICC1 (80114),0.0049258404610614415
RSPO1 (284654),0.004926417376288095
ATP9B (374868),0.004927490018660027
ANGPT4 (51378),0.004928881409110847
ACTR3B (57180),0.0049346122095706105
GIMAP1 (170575),0.004935166589180503
RUFY1 (80230),0.004936465320750139
GCC1 (79571),0.004938481452841493
TRAPPC14 (55262),0.004945892972782847
TEK (7010),0.00495029519640125
TAF1A (9015),0.004954074914372741
TXN (7295),0.004961957587232009
MARCHF11 (441061),0.004970244535289062
PTPN20 (26095),0.004971445661521485
NUCKS1 (64710),0.004972789047176243
TMEM63A (9725),0.0049735694783054445
TNRC6C (57690),0.004982526839915997
TAAR8 (83551),0.004984478115568714
ZBP1 (81030),0.004987182780693406
CEP112 (201134),0.004994453919112915
IQCK (124152),0.0050102825330569116
C2CD6 (151254),0.005013814941149037
GLIPR1L1 (256710),0.00501550902522749
ZNF775 (285971),0.00501675078398514
ANKS1A (23294),0.005027647697663888
VSIG1 (340547),0.005028735442805583
TNS1 (7145),0.005029531894564428
OR10R2 (343406),0.005034199925248319
EPB41 (2035),0.005037503345410736
OR9Q1 (219956),0.00504269200161929
CGN (57530),0.005042894837353329
SMURF2 (64750),0.005046607820915159
RBP5 (83758),0.005055935413377439
MIOS (54468),0.005057692987387399
ARFGAP1 (55738),0.005058152056891486
LGI2 (55203),0.005058493713003631
STX11 (8676),0.005059797116372957
BOK (666),0.005064932490431974
PLEKHG2 (64857),0.0050700981932609674
DHCR24 (1718),0.005072382927413876
HEATR9 (256957),0.005073947304039159
HEPACAM2 (253012),0.00507490536348179
OR6K3 (391114),0.005080073396019566
NKAIN4 (128414),0.005083250480180477
SLFN13 (146857),0.005083559201784122
RNF11 (26994),0.005086169723343835
PRR3 (80742),0.005088635271837514
ITGAX (3687),0.00508910410420939
TIGD6 (81789),0.005091705186882356
CPT1C (126129),0.0050993404640129756
HHIPL2 (79802),0.005102639000307584
UBE3B (89910),0.005102885039916864
DPY19L1 (23333),0.005104412049428646
TRO (7216),0.005106246483287536
MICU3 (286097),0.0051084994382655366
WDFY4 (57705),0.005114009994777124
TCF7 (6932),0.005129713666753299
TLR4 (7099),0.005135623981046072
CIMAP3 (128344),0.005135777531899288
RPS6KA5 (9252),0.005139440862194028
YIF1A (10897),0.005143851002656908
OBI1 (79596),0.0051460957243215835
RSAD1 (55316),0.00515036392127253
ANO6 (196527),0.0051504993411292535
STRADA (92335),0.005157326758928851
KRTAP4-9 (100132386),0.005158391724339089
FAM120AOS (158293),0.005159177862431454
SBF1 (6305),0.00516723216552127
B3GNT4 (79369),0.005182114955583851
PRKCSH (5589),0.00518507520893912
CRYBB2 (1415),0.005185237182103489
SCIMP (388325),0.005185510898062088
ESRP2 (80004),0.005194814089296167
ASB9 (140462),0.005202314983427285
ADHFE1 (137872),0.005203129563703769
MUCL1 (118430),0.005203288887105498
CCT5 (22948),0.005206042053497219
QRFPR (84109),0.00520836029093821
GDPD5 (81544),0.005211042266616719
THEMIS2 (9473),0.005214644475817332
PLEKHA6 (22874),0.005215018177207718
LRP8 (7804),0.005218930095857222
TFEB (7942),0.005219197587184243
TAS2R42 (353164),0.005221038927407915
SERTAD1 (29950),0.00522135527084442
GDF2 (2658),0.005223567423431306
OR2L3 (391192),0.005224625447212064
FAM209B (388799),0.005224714052712696
ESPNL (339768),0.005227249691582317
TGDS (23483),0.005228662748958423
ELOA (6924),0.005231344729531887
UCP2 (7351),0.0052337886149470825
TOR4A (54863),0.005234037910195945
SLC39A9 (55334),0.0052350366071229545
OSBPL1A (114876),0.005235593239277481
RNF148 (378925),0.005237205647500333
ZBTB17 (7709),0.005238561231584048
SAMD9 (54809),0.005241893046478442
SLC28A2 (9153),0.005242247368643688
TFDP1 (7027),0.005244257229247885
ATP2A3 (489),0.005244394392446387
SBNO2 (22904),0.005247610740940453
ZC4H2 (55906),0.005248937679428538
RHOBTB2 (23221),0.005249497838580081
SMC2 (10592),0.005252862703259691
IER3 (8870),0.005254346533366616
ADH5 (128),0.005255250613200606
SELENOO (83642),0.0052555734330063855
ISLR2 (57611),0.005266776425036805
FBXO36 (130888),0.0052696319091030865
PLA2G2D (26279),0.005271281077289638
BATF2 (116071),0.005280508379406451
LAMB3 (3914),0.005283334974144802
FFAR4 (338557),0.005288961504601397
OR51G2 (81282),0.005289233912532208
NUFIP1 (26747),0.005290326672264164
MFAP5 (8076),0.0052913814354325316
BOLL (66037),0.005297626328148455
KIAA0825 (285600),0.00530011358230935
OVGP1 (5016),0.0053002145433398
IL1B (3553),0.0053006684612215815
CLEC9A (283420),0.005305930945758606
SLFNL1 (200172),0.005308718751016076
BRPF3 (27154),0.005313020922644902
MUC20 (200958),0.005314712502821969
CCDC40 (55036),0.00531559902465869
ESRRA (2101),0.005317861342308771
KIAA0232 (9778),0.0053200253231668335
P2RY4 (5030),0.005323366587757144
ADCY3 (109),0.005323553106209039
FAM186B (84070),0.005327456736476736
HIC1 (3090),0.005328311807241384
CP (1356),0.005329895592929476
CHST6 (4166),0.005336046256315158
ECI1 (1632),0.0053386541004710195
CYTH3 (9265),0.005341732247545293
ZNF48 (197407),0.005343337746487951
GAL (51083),0.005346068916231972
GALNT6 (11226),0.00534676744206577
YIPF7 (285525),0.005346905368869092
EQTN (54586),0.00535343815770305
PET100 (100131801),0.00535575237952284
HVCN1 (84329),0.005358619929841295
ONECUT2 (9480),0.00535899881983249
GIMAP4 (55303),0.005363282209414123
PTGES (9536),0.005364350586962589
AP5M1 (55745),0.00536511941399577
CYP4Z1 (199974),0.005370557373912631
RNASEL (6041),0.005374216039712218
DEFB134 (613211),0.005376819632719079
OR11A1 (26531),0.005385908609405639
ENAH (55740),0.005386730760017965
SPATA7 (55812),0.00538730697281728
FZD10 (11211),0.0053877234304354985
NUDCD1 (84955),0.005389623361912664
WFIKKN1 (117166),0.00539089273942807
THOP1 (7064),0.005401652354264126
UBE3D (90025),0.0054054856353017286
MZB1 (51237),0.005405978488247691
PTPRCAP (5790),0.0054169685807647135
CHL1 (10752),0.005422139832330476
PENK (5179),0.005422421000391106
LRAT (9227),0.005424784741909703
HSPA9 (3313),0.005425999716778934
PCSK2 (5126),0.005428707714600605
INTS2 (57508),0.005437400959972669
CATSPER1 (117144),0.0054496053428281736
H1-8 (132243),0.0054522499393484984
OR4D11 (219986),0.005463575458124935
PAQR9 (344838),0.005476218872653824
GNAT2 (2780),0.005481541105085057
VSIG2 (23584),0.005482804805309728
GPC1 (2817),0.0054837163731301436
SH3RF1 (57630),0.005484026362510552
ASXL3 (80816),0.005485418459490502
FADS1 (3992),0.0054857585129181865
FGFRL1 (53834),0.005487745246711125
BAHD1 (22893),0.005487971635272485
EPHB4 (2050),0.0054886915992138725
EEF1AKMT1 (221143),0.005493404786403748
KRTAP20-1 (337975),0.005496165559153245
CFAP43 (80217),0.005501903926433487
FOS (2353),0.005508004209071659
KRTAP9-8 (83901),0.005510597746249749
NRTN (4902),0.005513062681602239
MINDY4 (84182),0.005513166081990416
LSM14B (149986),0.0055137944709002336
ZNF35 (7584),0.005518282823652589
PATL2 (197135),0.005522329214374292
CHMP1A (5119),0.005530096178332584
CHPF (79586),0.005530303663564467
C1QL1 (10882),0.005534881414794814
ARHGEF18 (23370),0.005539857523565893
OR52E6 (390078),0.005540993176652115
CNGB3 (54714),0.00554136166020717
GPR153 (387509),0.005541414809068519
CHRM1 (1128),0.005545646696115967
TMEM254 (80195),0.005548455692273003
LY6K (54742),0.005549262646430587
RAD54B (25788),0.0055510974535875985
RABGAP1 (23637),0.005551923976705969
CDH22 (64405),0.0055519291926235
CD247 (919),0.005555254856625079
SNRPN (6638),0.005556226530474835
CCL15 (6359),0.005559152072920795
PDXDC1 (23042),0.005559500504232812
RMDN1 (51115),0.005561718065896765
CNTN3 (5067),0.005562850527537695
ZNF835 (90485),0.005567042144329365
ARHGDIG (398),0.005581605394167444
BAZ2B (29994),0.005585467946093674
SGSM2 (9905),0.005593469608574918
RFNG (5986),0.0056100238152867535
GRIK4 (2900),0.00561008494379111
SARAF (51669),0.005620616690910204
TENM4 (26011),0.005621603221939997
RORC (6097),0.005623156792868409
SPPL2A (84888),0.005627357458857298
SFT2D3 (84826),0.005629413611214529
C8B (732),0.005636779165151761
PLCG1 (5335),0.005637475608091394
PRR18 (285800),0.005639455126094062
SEMA4F (10505),0.005650163877119445
NUCB2 (4925),0.005653036264209747
SMCO2 (341346),0.005653997946465027
LRP6 (4040),0.005656846545047539
SUMO3 (6612),0.005659776171431568
PCIF1 (63935),0.005663929273617126
FUS (2521),0.005666269642956032
HEATR6 (63897),0.00567329692917735
POLR3D (661),0.005678332651228326
CDH20 (28316),0.005679734119191901
OR8K5 (219453),0.005685096087256228
SHTN1 (57698),0.0056881051475467445
CMTM8 (152189),0.005689014077819779
PEAK1 (79834),0.00569238601893584
UNC5A (90249),0.0056974280207441165
CD8A (925),0.005705200931630531
OTULINL (54491),0.005716213338982507
NHSL3 (57648),0.0057181558693974585
TAS2R14 (50840),0.0057207790786740495
TMEM81 (388730),0.005724720277967545
NIT2 (56954),0.005728311026093638
ARMC9 (80210),0.005733700368756588
IFT52 (51098),0.005743751255147261
PTBP3 (9991),0.005744227332182489
FAM117A (81558),0.005744872935694083
SLC35F5 (80255),0.005746300213948411
HK1 (3098),0.005749778912565716
MID1 (4281),0.005750724458227521
SPINK4 (27290),0.005757343358160595
CMC2 (56942),0.00575958263551752
RGS1 (5996),0.005759660034640339
MAML2 (84441),0.005764298751481794
KRT80 (144501),0.005765286409517958
ZBTB48 (3104),0.0057676201882748855
SFXN4 (119559),0.005769480116984936
ZNF285 (26974),0.005773589649635101
TFDP3 (51270),0.005778915596577524
BTG2 (7832),0.005778986967101374
RPS6KA2 (6196),0.005782721625834452
SLC16A11 (162515),0.005783189296431668
RIN2 (54453),0.005789014860779396
TNRC6B (23112),0.005792941850215224
KASH5 (147872),0.0057934066827348306
LRRC51 (120356739),0.005795613213489213
DNAJB12 (54788),0.005795802384639304
OR3A1 (4994),0.00580228315410963
COMMD1 (150684),0.005807855263489213
LMO7 (4008),0.005816008582504213
SPTBN1 (6711),0.005816369665528623
SND1 (27044),0.005816926420992037
WDR81 (124997),0.005816980545844557
ADIPOR2 (79602),0.0058176819347350705
MORN4 (118812),0.005818911422638439
REX1BD (55049),0.005819709364629157
CD86 (942),0.005822004071656318
ZNF383 (163087),0.005823684351951313
OC90 (729330),0.00583884599276998
PKHD1L1 (93035),0.0058436010640652725
BTBD8 (284697),0.005844534570516191
DCLRE1A (9937),0.005845018081154125
FCN1 (2219),0.005846548737233848
FHIT (2272),0.0058586315403320825
TMEM53 (79639),0.00585910400501027
GPR20 (2843),0.0058625897578923605
WDR90 (197335),0.005864614164626312
LCN9 (392399),0.005890928511804332
SLCO1C1 (53919),0.005894709208483396
FTO (79068),0.005897502235142666
ZNF430 (80264),0.005900513873184622
FAM3A (60343),0.0059009229103038656
DNAL1 (83544),0.005902813054769035
TRMT11 (60487),0.005902829670323357
PLEKHG6 (55200),0.00590488449675179
CIART (148523),0.005909382386683411
MOB1B (92597),0.0059101235376656765
LIPH (200879),0.005910767205443842
SEC16B (89866),0.00592197780740329
DCLRE1C (64421),0.005922165720472376
GLRB (2743),0.0059238024991686965
SLC25A18 (83733),0.005927385118855861
KISS1 (3814),0.005932161918046663
CABIN1 (23523),0.005933258651647924
KRT16 (3868),0.00593442209608391
SETMAR (6419),0.005937899922998957
PGAM4 (441531),0.00594191341210051
ANKRD28 (23243),0.00595011515035763
C6orf52 (347744),0.005951177080022724
SEC13 (6396),0.005955525185110092
RSC1A1 (6248),0.005958878490435898
SAAL1 (113174),0.005969011759385605
SNTA1 (6640),0.005974621759027033
PTCHD4 (442213),0.00597487622468634
ST3GAL2 (6483),0.005976508864111653
CHST14 (113189),0.005976638535263984
SCG2 (7857),0.005984737061091599
LPCAT3 (10162),0.005993417480329055
TCERG1L (256536),0.005995489371505649
RNASE8 (122665),0.006001510123801956
DLG1 (1739),0.0060019226355100385
UNC79 (57578),0.006006722406497402
TRPV4 (59341),0.006008392481298113
TRIM3 (10612),0.006011647721714093
ZNF236 (7776),0.006016017706650638
GABRB2 (2561),0.006023263548596312
HMG20A (10363),0.0060233504019617775
MOXD1 (26002),0.006028302642457964
NMUR1 (10316),0.006037625261715001
LZTFL1 (54585),0.006041697919840578
LRRC14 (9684),0.006043664139718244
NAA16 (79612),0.006047712016352078
CCDC191 (57577),0.006048434578333316
TMEM198 (130612),0.00604919712524128
NFXL1 (152518),0.006051186950635119
CRYGB (1419),0.006052944358758488
AARS1 (16),0.006053868771063127
DCAF17 (80067),0.0060562896912919216
TM4SF5 (9032),0.00605970026517077
SIGLEC7 (27036),0.006062275817084627
UTP23 (84294),0.0060643488320770034
NOG (9241),0.006065838771358424
LYZ (4069),0.006073152100933627
GNAI3 (2773),0.0060743039258926365
GTF2H3 (2967),0.006084583863499729
EPSTI1 (94240),0.006084941485323814
EBLN2 (55096),0.006085558854665459
SIX6 (4990),0.006086732204496665
CYP3A4 (1576),0.006087766772147687
WBP2NL (164684),0.006088723377822217
CNTNAP1 (8506),0.006090444500805633
IRGM (345611),0.006092032988228927
NANP (140838),0.0060942380171872665
ORC4 (5000),0.006096226330604374
MAST2 (23139),0.0060987034032282126
SLC28A1 (9154),0.006099599370244054
WDHD1 (11169),0.006099986215342212
OR5P2 (120065),0.006108874596010377
ST8SIA2 (8128),0.006109277509541361
NCALD (83988),0.006109525946974671
COL18A1 (80781),0.006111411711930056
IFI44L (10964),0.006113565697047202
ASB6 (140459),0.006117457555408388
B4GALT1 (2683),0.006118763111150311
PLPP7 (84814),0.006125135130362619
HAPLN2 (60484),0.006125519988181856
PCNX2 (80003),0.006132353613593189
HMX1 (3166),0.0061354618064001
TINAGL1 (64129),0.006139047722021963
RIMS3 (9783),0.006140355192511995
GPKOW (27238),0.006141521653396055
XXYLT1 (152002),0.006143790778561658
TNPO2 (30000),0.006149565061629919
RAB4B (53916),0.006155405441321785
ZBTB8OS (339487),0.006156146518408497
PRKAG2 (51422),0.006159980068140725
ZNF605 (100289635),0.006160736149558089
PATE2 (399967),0.006166487890349493
AMMECR1L (83607),0.0061683193913214494
OPTC (26254),0.006176265750366385
CEP295NL (100653515),0.006177592782857951
SLC44A2 (57153),0.006178677301389111
MAFK (7975),0.006183943210111636
PLAAT3 (11145),0.0061848481176841824
ANLN (54443),0.0061928282294676975
OBSCN (84033),0.00619574498142381
MVB12B (89853),0.006198803121411391
DPH2 (1802),0.006203823018152817
PRIMA1 (145270),0.0062066220207062425
CHN2 (1124),0.006208654696346667
OR13C4 (138804),0.006209125770981269
ESRP1 (54845),0.006217511729211449
ZBTB11 (27107),0.006222263691095751
LSM14A (26065),0.0062231040035371716
FSTL3 (10272),0.006225207357966799
NFKBIL1 (4795),0.00623268227035647
ESRRG (2104),0.006235607051442795
SLC39A5 (283375),0.0062371969437578015
DCD (117159),0.006243709997567749
PGRMC2 (10424),0.006250041216108168
RP1L1 (94137),0.006251235975708338
OLFML2A (169611),0.006252012631511113
LYPD5 (284348),0.006252758399103746
DECR1 (1666),0.006255768541930575
ALX4 (60529),0.006260776175403703
CENPT (80152),0.006262269722592482
PIERCE1 (138162),0.0062642651727470395
CNRIP1 (25927),0.006269687732535305
NYAP2 (57624),0.006271975123214125
FAM83A (84985),0.006275123710660129
ARHGAP27 (201176),0.00627782919236261
LEMD1 (93273),0.006281712927428028
POU3F4 (5456),0.0062818029300410185
C14orf93 (60686),0.006286550008985429
FLRT2 (23768),0.006287822363449769
SLC2A11 (66035),0.006296376555424111
CFL2 (1073),0.0062968022517101395
RAB11FIP4 (84440),0.006298162814641261
OR5T2 (219464),0.006299642657863174
STPG1 (90529),0.006303536801355529
ZNF26 (7574),0.006306265788066756
GPM6B (2824),0.006321965758264559
CFAP52 (146845),0.006329360118621856
CACNA2D2 (9254),0.006330312412312983
SLC25A52 (147407),0.006331191735440136
UMODL1 (89766),0.006332325440654193
SLC25A40 (55972),0.006333019501961782
CD160 (11126),0.006338296871911381
TRIML1 (339976),0.00634032153481424
MROH7 (374977),0.006341822000298247
KRTAP5-11 (440051),0.0063430098293756005
TEX13B (56156),0.006346146571376472
SATB1 (6304),0.006352180716077683
CAV1 (857),0.006353487973480694
QTRT2 (79691),0.006360548349828262
TRAF6 (7189),0.006362319705011105
SLCO1A2 (6579),0.00636753710831276
CRIP3 (401262),0.0063708667564954585
ZNF800 (168850),0.006372361433345538
FAM133A (286499),0.006374548241281357
SSC5D (284297),0.006377869074537422
TSSK1B (83942),0.006381153299786162
CHGA (1113),0.006383701156471943
PPFIA4 (8497),0.0063878260716670465
SLC26A3 (1811),0.00639382369223966
DUSP4 (1846),0.006396116983775694
DPP8 (54878),0.0063970487613574725
KLK6 (5653),0.006400666477894153
SEZ6L (23544),0.006402117772852183
TMEM33 (55161),0.006402650226804397
SPIC (121599),0.0064103572157683565
C1orf127 (148345),0.006411881214283176
SCML2 (10389),0.00641944566932597
SHOX2 (6474),0.006420930259997329
KRTAP4-5 (85289),0.006424017571025314
EFNA2 (1943),0.0064262024136968075
ADGRF4 (221393),0.006426657617687423
EPPIN (57119),0.0064283029488317826
C6orf118 (168090),0.006432373897839475
LMAN1L (79748),0.006444651215861285
ASAP3 (55616),0.006446061216288123
HRCT1 (646962),0.006450434581848877
OR52A1 (23538),0.0064572910088309485
ANKRD30B (374860),0.0064600146890559955
AKR1B10 (57016),0.006465065177596281
SCRT1 (83482),0.006465692796076906
IGF2R (3482),0.0064680787386672545
SCAPER (49855),0.00647085977089996
SAXO5 (374877),0.006471628579240267
LZTS2 (84445),0.006477194274504162
LYPD6 (130574),0.006477959575782986
ZNF714 (148206),0.0064798759657669356
GP2 (2813),0.006483713862068971
KBTBD4 (55709),0.006486810317329918
NHLRC1 (378884),0.006488796965649951
HPS4 (89781),0.006490314417350855
ADAM23 (8745),0.0064954703015310256
PRDX4 (10549),0.006498420282014624
GLDC (2731),0.006505039653525058
IFT88 (8100),0.006507372574732505
TAS2R10 (50839),0.006514013058868935
UBE2QL1 (134111),0.006527806750418275
SCEL (8796),0.00653147085759751
SLC35E1 (79939),0.006532370850896882
PLCB1 (23236),0.006551098720661877
EFEMP1 (2202),0.006552519270318941
MMP16 (4325),0.006553646525801119
THEMIS (387357),0.006556016560580953
OR7C1 (26664),0.006563561772829832
MTMR1 (8776),0.006565620058351826
KL (9365),0.006565724538719827
SLC9A9 (285195),0.006581831033928093
ITSN1 (6453),0.006585717539361815
AQP1 (358),0.006588403477337273
SCNN1G (6340),0.006590042993439208
SYTL1 (84958),0.006604123196620832
OIT3 (170392),0.006606543960113583
BBS2 (583),0.006606783888198492
UNC45B (146862),0.006609759218172347
ZNF69 (7620),0.006610148969863172
DMPK (1760),0.006610689604457175
SLC6A18 (348932),0.006612996975259775
ROM1 (6094),0.006614192055116245
AQP5 (362),0.0066144016347895115
CTHRC1 (115908),0.006624648276867704
ALKBH6 (84964),0.0066280802847676285
RELB (5971),0.006637881830352318
SLC25A53 (401612),0.006645281400346913
SPEM2 (201243),0.006646737401256109
PIP5K1A (8394),0.006646932364193812
MYL11 (29895),0.006650879932589226
ADIRF (10974),0.0066587602473371305
PEA15 (8682),0.006669609474113054
CHD1L (9557),0.006673034799461485
CALCB (797),0.006682023689536938
ZZEF1 (23140),0.006687518902258747
ATOH8 (84913),0.006693053323226949
PLPPR2 (64748),0.006695516445892256
UCN (7349),0.0067002866120601
MAG (4099),0.006701556925906063
CCNT2 (905),0.006705163660335599
CLMN (79789),0.0067101445405101994
CHRNA10 (57053),0.006716022030154821
NPTN (27020),0.006729590093376045
AIF1 (199),0.006730856430932651
MMP25 (64386),0.0067410827432904975
TRPV3 (162514),0.00674481564633517
FCHO1 (23149),0.006754314639702459
CDH9 (1007),0.006758564225332115
APBB2 (323),0.006760707093951161
SLC4A3 (6508),0.006765502786272227
GNB1 (2782),0.00676628808169907
BAIAP2L1 (55971),0.006772463665822542
FAM9C (171484),0.006773035581182754
CALN1 (83698),0.006776127402019427
SNAP25 (6616),0.00678252963540765
MAN2A2 (4122),0.0067848474360688305
MYBL1 (4603),0.0067893114722461815
MBD1 (4152),0.006791704493986717
CCDC60 (160777),0.006792110470312365
ZNF507 (22847),0.006800172211642335
SRRD (402055),0.0068073793351140595
UBAC1 (10422),0.0068118908894139055
OR2A12 (346525),0.006815256788045794
ERCC6L2 (375748),0.006815563820124563
SCML4 (256380),0.006818549324689365
CARNMT1 (138199),0.006821417259853123
PTPN4 (5775),0.006822862639214414
HS3ST3A1 (9955),0.00682372289966144
AOPEP (84909),0.006824088798443892
ARSH (347527),0.006825038620881434
ID4 (3400),0.006825935113818712
RNGTT (8732),0.006831164674741884
NQO2 (4835),0.006831187169229812
BNIP3 (664),0.00683659210774975
MACROD2 (140733),0.006840591968508209
LGALSL (29094),0.0068445362549677665
PXMP4 (11264),0.006845640321150071
EPG5 (57724),0.006848261813324355
TMEM128 (85013),0.006849970113249717
NTAQ1 (55093),0.006850545279276303
CRB1 (23418),0.006854424037766454
KLK10 (5655),0.00686023672365064
SLC15A1 (6564),0.006863492068811377
SYTL4 (94121),0.006864895877619734
ZNF76 (7629),0.006868534845581436
XYLB (9942),0.006872602348861776
MISP (126353),0.006874423929430766
SH3GLB2 (56904),0.006876093215239033
TRMT12 (55039),0.006883593341310627
CA4 (762),0.006884891995945278
ACP1 (52),0.006887590662985064
CPXCR1 (53336),0.0068888635276946955
OCEL1 (79629),0.0068946584034406235
TLR1 (7096),0.006896016575729805
STX2 (2054),0.006896733414482134
CAPN15 (6650),0.006908997120281036
SLC30A8 (169026),0.006909197281127032
FGR (2268),0.006913160187921963
LHFPL7 (255349),0.006917004406911493
CDK17 (5128),0.006922323311257012
ST3GAL4 (6484),0.006923128365399425
LILRB5 (10990),0.006925186691058204
TMEM38B (55151),0.006930062480266237
HDAC9 (9734),0.006930151848157963
OR4A47 (403253),0.006931578691548495
CIBAR1 (137392),0.0069405895523466255
COQ9 (57017),0.0069462071675280325
MINDY3 (80013),0.0069496728408546425
SASH1 (23328),0.006949901428300722
WDR76 (79968),0.006951505087722786
EMB (133418),0.006952217706322411
DEFB129 (140881),0.006957684659421638
GFUS (7264),0.006963484059845185
OR5D18 (219438),0.006964767543936058
SLC9B1 (150159),0.0069674405747821135
CTU1 (90353),0.00697474523542617
PTGFRN (5738),0.006974752937297363
MFN1 (55669),0.006976575843987791
CARD16 (114769),0.006984600954182887
LCN15 (389812),0.006985233836273354
BSN (8927),0.006988943621045069
PDLIM7 (9260),0.006989743079632005
CALM1 (801),0.006993901643833135
TMPRSS5 (80975),0.0070067408756811335
ALDH9A1 (223),0.007007713856541169
GJC2 (57165),0.007015148488392313
KRT9 (3857),0.007016358621770608
PDE8A (5151),0.007018761630430398
COL6A3 (1293),0.00702130830486701
KPRP (448834),0.0070266534456826105
GPR50 (9248),0.0070342171582225286
GPR146 (115330),0.007037686085896527
TM4SF1 (4071),0.007038960092738117
C4BPA (722),0.007039782845849924
PNMA1 (9240),0.007048311687888429
RIMS1 (22999),0.007049820190201481
STOML3 (161003),0.007053837413093143
LIN28A (79727),0.007055696200674586
MGARP (84709),0.007059437419869422
KCNH2 (3757),0.007059503935377088
MTFR2 (113115),0.007061133703376631
CYP26C1 (340665),0.007067653764140962
ZZZ3 (26009),0.007070190255445993
SLC35E4 (339665),0.007072014028303019
IGFL3 (388555),0.007072331317793068
NDUFA12 (55967),0.00707375847732771
ISM1 (140862),0.007077320240040021
OR2L13 (284521),0.007077380232970315
GPAM (57678),0.00707776526605191
CCS (9973),0.007079861144131925
A3GALT2 (127550),0.00708044055564713
ABI3BP (25890),0.007081091441059491
TLR5 (7100),0.007081201819174493
EPHA1 (2041),0.007084445501565379
TDRP (157695),0.007088485599971065
SAMD10 (140700),0.007095392359501076
TCL1A (8115),0.007098731681553715
GSC (145258),0.007103476300049571
MECP2 (4204),0.007110264506338588
YTHDF1 (54915),0.007111373150881043
CPLX1 (10815),0.007112261359403303
PLA2R1 (22925),0.007114087523756979
CYB561A3 (220002),0.007114592843730046
GDF7 (151449),0.007115052816667501
SUFU (51684),0.007116846513476217
PPARD (5467),0.0071251443425823695
C11orf42 (160298),0.007133309869376711
PLB1 (151056),0.007137742151368059
TMEM186 (25880),0.007140077268242418
NT5C1B (93034),0.007141348709956303
ALKBH5 (54890),0.007142729658282541
CLPX (10845),0.007144102161131724
NPHS2 (7827),0.007145316858506149
XKR3 (150165),0.0071475906011108144
RASA3 (22821),0.007157743208775288
COL2A1 (1280),0.0071612395605414715
IQCF6 (440956),0.0071621238709351906
MAP3K10 (4294),0.0071624911467092715
BPIFA3 (128861),0.007162712223933486
SEL1L (6400),0.007162856116908638
ST7 (7982),0.007164671589939586
INHBA (3624),0.0071675302821276226
CDYL2 (124359),0.007171394928719078
AATK (9625),0.00717307483692066
ARL14 (80117),0.007178560989399507
PRTG (283659),0.00717898211668074
CLRN1 (7401),0.0071812868294499925
TBATA (219793),0.007203070999616401
CDC42EP5 (148170),0.0072051693409618785
EMP1 (2012),0.007205285481466417
CFTR (1080),0.007212887653264002
TEX11 (56159),0.007213574357712622
OR51L1 (119682),0.007214219909968087
C1QTNF8 (390664),0.007214349277391175
GZF1 (64412),0.007224371072548369
CRAT (1384),0.007224751869426286
SH2B3 (10019),0.007228306841187912
DCHS1 (8642),0.007232589389818696
KIF25 (3834),0.007232891506031399
SLC35A3 (23443),0.0072335229923586155
ANO9 (338440),0.007234750298049124
PPP4R4 (57718),0.00723476467494237
NRXN2 (9379),0.0072382659295158
APCDD1 (147495),0.007238528429582426
CCM2 (83605),0.007243528902309847
AKAP7 (9465),0.007246529927736846
CIMIP2A (401565),0.007251837051537649
TRIM60 (166655),0.007255241382390131
ILF2 (3608),0.007263210562094572
PTPRK (5796),0.007267702644440932
DOCK2 (1794),0.007269956216436193
DEAF1 (10522),0.007276860617133871
AGAP5 (729092),0.007278994701398299
OTX2 (5015),0.00727926686452882
CLC (1178),0.007284059792505465
OMA1 (115209),0.007284599446195225
ACSM4 (341392),0.007285016754184964
EPHX4 (253152),0.007286520468865388
FAM149A (25854),0.007293741034341617
HOXB9 (3219),0.00729484653549412
PKP2 (5318),0.007295566486171215
DAG1 (1605),0.00730747233789474
KANK2 (25959),0.007309878321195014
CD99L2 (83692),0.007313654512186265
GAL3ST1 (9514),0.00732458370531474
E2F2 (1870),0.007326145881830689
MEX3D (399664),0.007338649260733407
KRTAP29-1 (100533177),0.007342120727927353
WASF3 (10810),0.007343994525271685
OR5K1 (26339),0.00735010640484653
AHNAK (79026),0.007355273988148383
PGM2 (55276),0.007365952279369621
FAM107A (11170),0.007370533289172693
BRD8 (10902),0.007371817637191937
PLD4 (122618),0.0073738716037719245
SLC19A1 (6573),0.0073744640559418664
FMOD (2331),0.007377174892815885
MTMR6 (9107),0.007380957526458627
GPR3 (2827),0.007384974064415795
NRAP (4892),0.007388538320292149
DAAM2 (23500),0.007395508976362223
NUDT16L1 (84309),0.007399989994517564
WIPF1 (7456),0.007405198637235553
NRIP3 (56675),0.0074091624632104305
OR2A25 (392138),0.007409164792484014
C18orf54 (162681),0.007420991415661668
BAG1 (573),0.007422046148249317
NADSYN1 (55191),0.007422927407210026
TPST2 (8459),0.007424547933167319
PLA1A (51365),0.007427664585828806
B3GNT7 (93010),0.0074364084119083835
DDX52 (11056),0.007436944287597987
TMBIM4 (51643),0.0074486916469926985
NOVA1 (4857),0.0074504545783081345
RSBN1L (222194),0.0074523934828027
ZNF555 (148254),0.00745922048891207
TEPSIN (146705),0.007466025263857928
ARID5A (10865),0.007472610720029301
AP3D1 (8943),0.007478449754560452
TFPI2 (7980),0.007486554570404736
CDH26 (60437),0.007490462860878149
CCDC74A (90557),0.007494559237580694
ZBTB32 (27033),0.00749759540339057
ERAS (3266),0.007502520207160698
TSPAN32 (10077),0.007504350768342546
TPH1 (7166),0.00751125412288619
ESX1 (80712),0.007517546922922694
TBC1D21 (161514),0.007521136470766872
CADM3 (57863),0.00752128875338895
ZSCAN18 (65982),0.007521465065495595
SLC35G2 (80723),0.007523515959433963
PKD2L1 (9033),0.007525985088749268
NKX2-4 (644524),0.007527315649840923
CDC5L (988),0.007531103745332091
GALNT12 (79695),0.007533546072092315
COQ5 (84274),0.007553197361164776
RAB3B (5865),0.007559414129824347
PEG10 (23089),0.007559770972694786
KBTBD13 (390594),0.0075606716936721325
TSC22D4 (81628),0.007564923832421913
ALDH5A1 (7915),0.007565833439485665
TMEM67 (91147),0.007569447592544696
CLDN15 (24146),0.007572760506765762
FAM118A (55007),0.007576447275451493
ENPP1 (5167),0.00757738891521041
AP4B1 (10717),0.007593047674515907
SMAP2 (64744),0.0076038620854326075
IQCF2 (389123),0.007606964227287477
POLN (353497),0.007615723881320267
THAP7 (80764),0.0076249198602387
PSMG3 (84262),0.007631370635523645
TIMD4 (91937),0.007637699154411907
NT5DC3 (51559),0.007638841990738264
CLK1 (1195),0.007639881593298397
MAP2K7 (5609),0.007641756516483097
TAGAP (117289),0.007656530768393218
ZNF75D (7626),0.007657169155368713
ZNF14 (7561),0.007661317516744965
GCM2 (9247),0.007663619629959278
GABRE (2564),0.007668864728869955
UBN2 (254048),0.007672239655047264
DLC1 (10395),0.00767817091170933
ZCCHC14 (23174),0.007683182947708531
RBM47 (54502),0.00768632589192985
CYP2C18 (1562),0.007692943216199117
ANO10 (55129),0.0076960182258164625
VAMP2 (6844),0.007698563251784541
C1orf52 (148423),0.007702397759723908
ITIH6 (347365),0.007707005012805434
PLAG1 (5324),0.007707269360963097
INO80E (283899),0.007714351857790633
YTHDC1 (91746),0.007716397325829842
CELF4 (56853),0.007717076692039036
CDK5RAP1 (51654),0.007719063230789306
FAM98A (25940),0.007725542915137078
TRAPPC2L (51693),0.007726524626589175
CNTNAP2 (26047),0.00772860709793192
RNF41 (10193),0.007730379522655366
VWDE (221806),0.0077322863982891964
CPB1 (1360),0.007739829807152648
LIPA (3988),0.007741731106570543
SPAG1 (6674),0.0077417793337768255
NRSN2 (80023),0.007750001860588992
ZFP28 (140612),0.007751700530379778
RAB38 (23682),0.007756144157432182
ITGBL1 (9358),0.007756484597772374
DUSP9 (1852),0.007766368071139557
WDR35 (57539),0.007767336071111625
OR6S1 (341799),0.007770140542608637
RNF112 (7732),0.0077816175043982395
ERVFRD-1 (405754),0.007788577594952892
SEMA4A (64218),0.007788762971191499
CCL14 (6358),0.007791465028097352
MGAT1 (4245),0.0077914800830526905
PIK3IP1 (113791),0.007793730423938382
C8A (731),0.007794618597467891
RALGDS (5900),0.007795210659806731
C4orf51 (646603),0.0078033546378576514
SEC24A (10802),0.007803807022831875
DOCK9 (23348),0.007804914062173101
FKBP9 (11328),0.007812649954517725
BHLHE41 (79365),0.007825598306317644
LRCH3 (84859),0.007832016829512378
EEF1AKMT4 (110599564),0.007833847833028299
P2RY6 (5031),0.007836586828505276
GABPB2 (126626),0.007837105231180655
KNOP1 (400506),0.007837745675312119
OR10A5 (144124),0.00783924257072026
GNAZ (2781),0.007843214959662835
PANK4 (55229),0.007845711283682538
PPARGC1A (10891),0.00785130776142649
BTF3 (689),0.007856116843531363
CHST12 (55501),0.007858772190847029
SZT2 (23334),0.0078670107096277
ING1 (3621),0.00787369568052725
SLC2A4 (6517),0.007884965550398115
PLOD1 (5351),0.007889704014862895
GAL3ST4 (79690),0.007892878895910175
ACSL5 (51703),0.007895832371024843
HSPG2 (3339),0.007896825290323935
GAA (2548),0.007898043174313503
PDF (64146),0.007903296835235961
RMDN3 (55177),0.007905564628193095
BPIFA2 (140683),0.00790939644882369
ZNF654 (55279),0.007910664158214153
FOXP4 (116113),0.007911858067033553
NAA25 (80018),0.007913137965522437
CAPN5 (726),0.007915808688561135
MAB21L1 (4081),0.007917446431907612
ADM2 (79924),0.007920538196172727
LRRTM1 (347730),0.007930308801034411
TLX3 (30012),0.007937209958664865
CELSR1 (9620),0.007941589667677584
ATP10A (57194),0.007943625742564995
SOCS6 (9306),0.007952104286283316
SLC6A2 (6530),0.007957978859136872
NFX1 (4799),0.007959537283111742
SP5 (389058),0.00796298406536787
EPDR1 (54749),0.007965281535082282
MKRN2OS (100129480),0.007967652673975688
DUS1L (64118),0.007975086014759382
USP33 (23032),0.007975615806916499
PDCD1LG2 (80380),0.00797689184290617
MS4A14 (84689),0.007979519558613406
ARMC1 (55156),0.00798833880614263
NAXD (55739),0.007999437602909661
CAST (831),0.008003906466272104
TBC1D15 (64786),0.008009829974732284
GFOD1 (54438),0.008015327194450866
MPLKIP (136647),0.008020304353073647
KRIT1 (889),0.00802557792697688
PCGF2 (7703),0.00802892444569783
AVL9 (23080),0.008034689258762684
ZNF620 (253639),0.008042503232040775
ATF3 (467),0.008042740649140944
ANKRD9 (122416),0.008053618436654378
ZNF880 (400713),0.00805468428463818
SGK3 (23678),0.008063885826150233
DLG2 (1740),0.008063916614079476
FSIP1 (161835),0.008067726372251331
SPRR1B (6699),0.008070726708763713
FBP1 (2203),0.008071355826287558
ANGPTL1 (9068),0.008076002090378903
HOXC6 (3223),0.008077286543757847
ENPP5 (59084),0.008077529329378863
IQCJ (654502),0.008078256393369456
OR10J5 (127385),0.008086749626431447
SYCE2 (256126),0.008086809443209015
EBPL (84650),0.008089217424684934
CA9 (768),0.008093034445139655
CRBN (51185),0.008093056081177179
FGD5 (152273),0.008097054908661352
RIPPLY2 (134701),0.008098062330102091
GALNT18 (374378),0.008102004606218486
LRRC57 (255252),0.008104118325808304
ASNSD1 (54529),0.008106336486159597
BHMT2 (23743),0.008110535183061712
MMP27 (64066),0.008115771192992591
SIDT1 (54847),0.008120459607608887
KCNA4 (3739),0.008130481529219162
DLL4 (54567),0.008130987459720929
ZNF696 (79943),0.008133200296689699
LIG3 (3980),0.008136642294092795
LYST (1130),0.008137398951198778
AFG1L (246269),0.008150269023995248
RNF150 (57484),0.008151664818451136
IVL (3713),0.00815641353650236
SH2B1 (25970),0.00815753327408487
EME2 (197342),0.008160978695049748
RBM44 (375316),0.008165217054804486
ELL2 (22936),0.008165985334858022
OR8A1 (390275),0.008175134650740086
EPGN (255324),0.008191237386609183
SPINK6 (404203),0.00819252689821515
TGFB3 (7043),0.008195603702265766
REXO5 (81691),0.008205206727521787
ASB7 (140460),0.008210545055316881
TMEM74 (157753),0.008215894441600499
SUV39H1 (6839),0.00821841322136924
NFE2L3 (9603),0.008224171495588298
IL10 (3586),0.008226198854712102
MMP13 (4322),0.00823097733796721
ITGB8 (3696),0.008233460289553738
SNCB (6620),0.00823666370441864
RECK (8434),0.008249858281964848
SGK1 (6446),0.008252181320564213
LCE2D (353141),0.008256630346303254
EDDM3A (10876),0.008261252111048637
LGALS9B (284194),0.008261391548406447
TMEM212 (389177),0.008264747352686267
IQCE (23288),0.008268728724070496
SIGLEC10 (89790),0.008271170693418513
ATXN1 (6310),0.008271508156289317
RGR (5995),0.008276887131154166
TANK (10010),0.008276928763997916
PRPF40B (25766),0.008277880818070347
SLITRK6 (84189),0.008279465381917749
GATA1 (2623),0.008282492096241491
PRKACG (5568),0.008284529043243725
MAP2K5 (5607),0.008284777694202954
INPP1 (3628),0.008293305760906533
SLC25A23 (79085),0.008303600752346546
KLHL15 (80311),0.008309711699855265
PEX16 (9409),0.008314145056318474
PNOC (5368),0.008322353595565268
ARHGEF38 (54848),0.008325050523641466
CDC42BPA (8476),0.008326345970734528
HTATIP2 (10553),0.008328885624563343
MAN1C1 (57134),0.008337677577794182
PRPSAP1 (5635),0.00833906998103043
AMTN (401138),0.008340425424118104
TMEM176B (28959),0.008350175507682052
INSL6 (11172),0.008355851044097844
SLC48A1 (55652),0.00837346948233022
RIGI (23586),0.00837437631342541
POMC (5443),0.008375390974722858
CYBC1 (79415),0.008377769236403836
SH3GL3 (6457),0.008378059637722386
PHLDB1 (23187),0.008379330600173682
PLIN5 (440503),0.008385911787371697
MMEL1 (79258),0.008393034545761173
CUL9 (23113),0.008393765898220874
DIPK1B (138311),0.008394725584732301
TBRG1 (84897),0.008400000431360733
GKN2 (200504),0.008403962610739255
PHOSPHO2 (493911),0.008405023470044286
KLHL1 (57626),0.008409303690137903
KCNA5 (3741),0.008414999146759057
GPR32 (2854),0.008424426824437305
ADH7 (131),0.008426311146133587
LONRF2 (164832),0.008428406022577259
KNSTRN (90417),0.008430848403005162
BMP8B (656),0.008433128203242374
KCNS1 (3787),0.008433842719211104
GPR137B (7107),0.008435848315601931
MYH2 (4620),0.008435868815355291
SPTLC1 (10558),0.008444381883988376
FAM83H (286077),0.008445969257004953
WDFY1 (57590),0.008450013255622706
TMEM217 (221468),0.008451460481066467
GCA (25801),0.008454042725582792
CYP24A1 (1591),0.008466475912594931
HSD17B4 (3295),0.008467027028740377
PSAT1 (29968),0.00846893166489134
STARD6 (147323),0.008477156988294016
LRRC63 (220416),0.008478746048946521
DPH3 (285381),0.008479614052709448
AWAT1 (158833),0.00848013400229499
QRICH2 (84074),0.008485106767404516
PAPSS1 (9061),0.008487432164594405
PLS3 (5358),0.008488385333478694
RABL3 (285282),0.008498946330791702
FLRT1 (23769),0.008500244732872943
MYPOP (339344),0.008502409709875496
TBCEL (219899),0.008505397942333818
TMEM106B (54664),0.008508018448521832
DSTYK (25778),0.00850878553316016
BARX2 (8538),0.008520761096179415
LMBR1 (64327),0.008525295878544486
FAM241B (219738),0.008528221992641078
CPPED1 (55313),0.008534471142763924
TRAF1 (7185),0.008540989533476784
CALHM6 (441168),0.00854564248738063
DOCK7 (85440),0.008549958630427073
SLC19A2 (10560),0.008553537947456618
KRTAP19-2 (337969),0.008553714582381895
ACMSD (130013),0.008555752633334756
ARL6IP5 (10550),0.008555767592034082
OR5V1 (81696),0.00855918986596891
PIP (5304),0.0085592451746758
ARHGEF19 (128272),0.008560518604005614
PCGF6 (84108),0.008560564374079833
ZIK1 (284307),0.008569573958303149
ADCYAP1 (116),0.00857033392968133
ANKDD1A (348094),0.008572212647751695
OSBPL10 (114884),0.008575814030577512
HMGCS2 (3158),0.008575834760077094
OR10W1 (81341),0.00857608884103618
ZNRF2 (223082),0.008576603381007141
SF3A1 (10291),0.00857850451877562
TRPC5 (7224),0.008582862847171776
DDX60 (55601),0.008587422820962923
MCF2L (23263),0.008592659555243218
TSGA10IP (254187),0.008593173292101563
ITM2C (81618),0.008594676595197118
ZNF875 (284459),0.008595590449403336
SPECC1 (92521),0.008596932714936712
C14orf180 (400258),0.008599011183954808
WRNIP1 (56897),0.008599228936873532
ZDHHC1 (29800),0.008601196117411829
SCGN (10590),0.00860403452171992
OR2H2 (7932),0.008608585868210282
EOMES (8320),0.008609847993487818
PRDX2 (7001),0.008609985197549162
ZNF599 (148103),0.008612204376400681
SOX9 (6662),0.008615510776617695
C1orf185 (284546),0.008615625439968718
VCPIP1 (80124),0.008619205657857528
CSNK1G3 (1456),0.00864257049055044
TMEM100 (55273),0.00864594663779644
OR5K4 (403278),0.008647342480194229
PSMG2 (56984),0.008653081854161686
HMGN2 (3151),0.0086535115715395
BNIP5 (389384),0.008656501944263865
DIRAS1 (148252),0.008657921865644102
LHB (3972),0.008662040687955636
AKAP12 (9590),0.00867243486935356
CD248 (57124),0.008673497636657286
TRIM6 (117854),0.00867517813799475
FMO2 (2327),0.008678629608875514
TMEM179 (388021),0.008681619065045953
BEST2 (54831),0.008681639173214685
TFE3 (7030),0.008690234743673647
POLB (5423),0.008692309122813562
CDH6 (1004),0.008696191652867495
CPT2 (1376),0.008697425817346827
TMEM151B (441151),0.00869948336986332
MUTYH (4595),0.008702331331489357
IGFBP5 (3488),0.008706550723484151
CFAP57 (149465),0.008713488395118502
MUSK (4593),0.008718540094442822
ADAMTS1 (9510),0.008722014135424816
ZNF512 (84450),0.008727469110046078
DISC1 (27185),0.008733382885724535
PGAP2 (27315),0.008735428580947328
FAM216A (29902),0.00873544100356355
ZNF214 (7761),0.008745574205721768
RELCH (57614),0.008749298405167128
SLF2 (55719),0.008752131942361838
TRPC4AP (26133),0.00875671954863269
HARS1 (3035),0.00875865618898267
AHSG (197),0.00876660172774864
SRCIN1 (80725),0.008769016892017516
SEZ6L2 (26470),0.008772533539867814
CD200 (4345),0.008774586258268536
RBP4 (5950),0.008775949710168606
DNAJB7 (150353),0.008776718542892562
TRIM67 (440730),0.008780166165298874
PHRF1 (57661),0.008780497977837507
DNAH6 (1768),0.008782521245505708
ARID4A (5926),0.0088054872052433
ADAMTS9 (56999),0.008807628599042208
SLC35G5 (83650),0.008811712342071653
BMP2K (55589),0.00881682606941995
PIP4P1 (90809),0.008821057573474973
CMC4 (100272147),0.00882549049812965
TMEM187 (8269),0.008828036136970831
PCDHGB2 (56103),0.008839414485014355
OR51B6 (390058),0.008843940358791458
CXXC5 (51523),0.008845562129649528
THAP5 (168451),0.008848532121678276
OR4D9 (390199),0.008855462616772388
DRAM2 (128338),0.008859319623736544
POU2AF1 (5450),0.008867951950358511
EFHB (151651),0.008868745852445504
CCDC148 (130940),0.008871588803739621
ADGRB1 (575),0.008876844838452141
PRSS22 (64063),0.008877709298225811
DMXL2 (23312),0.008878578261075982
KIAA1586 (57691),0.008887458893894083
CLEC18A (348174),0.008888172612537767
CLCNKB (1188),0.008895824257149288
ZNF195 (7748),0.00889637002026064
KIAA0586 (9786),0.0089093974154781
ROR1 (4919),0.008924040778892991
KRTAP9-1 (728318),0.00892618138736057
PRPSAP2 (5636),0.008926408456732341
CA5B (11238),0.008926904220652386
GRIP1 (23426),0.008927668359919568
POU3F2 (5454),0.008928757868034825
NUDT7 (283927),0.008930262790668598
TRMT61B (55006),0.008932043519820713
WIPF2 (147179),0.008936810681955606
CBLIF (2694),0.008937667963644728
KDM5C (8242),0.008939726682537322
ME1 (4199),0.008939821849836287
RSPO2 (340419),0.008945975912415782
CXCL16 (58191),0.008949981251303462
PCDH8 (5100),0.008950318411218482
RYR1 (6261),0.00895207123802438
SLC22A23 (63027),0.008957028362034236
BPIFC (254240),0.008958651882605808
HOXD11 (3237),0.00896403905540482
METTL8 (79828),0.008965606721727845
USP50 (373509),0.008972061064968612
DENND2D (79961),0.008973840922033701
LCP2 (3937),0.00897497376177474
CSPG4 (1464),0.00897692503933466
NCOA1 (8648),0.008995302462981076
TRAF3IP2 (10758),0.009000573064664426
CTLA4 (1493),0.0090017394019409
KLK5 (25818),0.00900565909306282
GABRD (2563),0.009007469005123754
LMTK3 (114783),0.009009907548298004
KCNK13 (56659),0.009011016979866967
BSPH1 (100131137),0.009016821895376923
HSF1 (3297),0.009021348012737065
BRME1 (79173),0.009029371966650967
RBM45 (129831),0.009030964788231588
KRTAP3-1 (83896),0.009040482516737615
LRRFIP2 (9209),0.009043602048745148
H6PD (9563),0.009046237737504912
KEL (3792),0.009048216716008617
SDCBP2 (27111),0.009048882212635225
FSTL1 (11167),0.00905338028307809
LAPTM5 (7805),0.009055923686840151
CEP41 (95681),0.009058377091688443
IRF7 (3665),0.009059489142910408
PIWIL2 (55124),0.009060123941408177
SPATS2 (65244),0.009064632244536078
NEFM (4741),0.00906760814500686
SLA2 (84174),0.009076809234002937
ZNF74 (7625),0.009079216391797509
NSUN7 (79730),0.009083376513694176
MRGPRX2 (117194),0.009083609962087805
STOML1 (9399),0.00908631861044765
IRX3 (79191),0.009090735462488226
FAM193A (8603),0.0090914691911517
SIGLEC15 (284266),0.00909643482012573
TMEM164 (84187),0.00910342680148969
ASB4 (51666),0.009107172056362696
FAM131B (9715),0.009107627772384797
PITHD1 (57095),0.009108843128407873
ZBTB33 (10009),0.009114335796708745
NPNT (255743),0.009119952324564173
NUP210 (23225),0.009120442166699697
LBX1 (10660),0.009120817318197458
ANAPC11 (51529),0.009123932559066912
KIF27 (55582),0.009124020192033401
SLC3A1 (6519),0.009124952640601775
RGS14 (10636),0.009128190395520572
DNAAF9 (25943),0.009131008487539716
GLB1L3 (112937),0.009131111475003983
SEC31B (25956),0.009132559911084548
SIRT5 (23408),0.009137208594947665
SPINT3 (10816),0.009139295718502525
KLHL42 (57542),0.009145948263285167
PECR (55825),0.009146462168288046
HLA-G (3135),0.009149195935084292
XPNPEP3 (63929),0.009153837304098189
SLC34A2 (10568),0.009155069605413747
ATP8A2 (51761),0.009161458726982558
OR10A7 (121364),0.009162794010566522
MGLL (11343),0.009164794210117726
NIBAN1 (116496),0.009172420440999756
OR51E1 (143503),0.009174251555949874
ARHGAP19 (84986),0.009176469484584327
EIF5B (9669),0.00917665258166639
RASL11A (387496),0.009179883616360135
HELB (92797),0.009184144343786435
C5orf47 (133491),0.009188229711080463
TMEM125 (128218),0.009191763994481931
RRAS (6237),0.00919242896225551
RGS21 (431704),0.009196640366298893
TTC31 (64427),0.009201866924911642
ZNF529 (57711),0.00920587712345988
CPA6 (57094),0.00920853847756784
ZIM3 (114026),0.009210025938825665
GPLD1 (2822),0.009210328072542809
DRAM1 (55332),0.009226902645413027
EPCIP (56245),0.00922887622995762
TM4SF4 (7104),0.009231279600576087
ZFHX4 (79776),0.009234561087134567
CNOT7 (29883),0.009237333987011532
CADPS2 (93664),0.009243106635586551
PLCE1 (51196),0.00924317158226703
CASD1 (64921),0.00925024804108782
PDE1B (5153),0.009261928042025922
MRPL44 (65080),0.009272268350113693
SPRYD7 (57213),0.00927303856700618
NR2C2 (7182),0.009278673242327026
CALCOCO2 (10241),0.009281302205273475
HS3ST6 (64711),0.009282355558507866
OR51A2 (401667),0.009290428012836352
NPS (594857),0.009293172442963397
ERICH6 (131831),0.009299021938906374
DSC1 (1823),0.00930205493803487
EFCAB11 (90141),0.009303194300428284
ERN2 (10595),0.009304639838381397
MIP (4284),0.009305190036550783
PMEPA1 (56937),0.009307533551746352
DEPDC7 (91614),0.00930842295823671
MAP9 (79884),0.009326732322944743
ODF1 (4956),0.00933947688652489
KCNJ8 (3764),0.009346322253869868
FBXO28 (23219),0.009351028557650168
CACNA2D3 (55799),0.00935311792397352
HHAT (55733),0.009357665966588864
TRADD (8717),0.009365235665470551
UBE2O (63893),0.009366028393785307
RNF32 (140545),0.009367691061005736
VPS13B (157680),0.009368278431267104
GCAT (23464),0.00937478731852777
TMOD4 (29765),0.009379914452603456
TXNDC16 (57544),0.009382283640302492
CRY1 (1407),0.009382366362447726
DDX4 (54514),0.009383527146558558
CLSTN1 (22883),0.00938417709940216
GABARAPL2 (11345),0.009384886619858517
STC2 (8614),0.009391594432469334
CBFA2T2 (9139),0.009392185318797808
ABI1 (10006),0.009395439962557591
FAM81B (153643),0.009403124801749423
PEX5L (51555),0.009406380400745939
SNX16 (64089),0.009409557552346556
OR52N1 (79473),0.009420755661315405
AARSD1 (80755),0.009421100870451976
FKBP1B (2281),0.009424428351671366
CTSV (1515),0.009431687553921115
NKX2-2 (4821),0.009434445726751626
ZNF468 (90333),0.00943792172317106
BCL7C (9274),0.009443638096056957
NOTCH3 (4854),0.00944479722369077
ITGAL (3683),0.009446632234957637
ARHGEF3 (50650),0.009448568929567141
OR12D3 (81797),0.009449251838065982
OR2T8 (343172),0.009452021944036446
OTOR (56914),0.009454154106242002
OR5B12 (390191),0.009454194529461103
TAB3 (257397),0.00945770009676271
BCHE (590),0.009459368777790553
SMIM14 (201895),0.009461685468990644
LRRC72 (100506049),0.009462477982385807
TLL1 (7092),0.009462890610985871
ARL8B (55207),0.009464467689696941
HEY1 (23462),0.009467964999376594
ZFAND3 (60685),0.0094682001715152
ZNF763 (284390),0.009478989278699019
PHKA2 (5256),0.00948370845718606
C3orf38 (285237),0.009484660588221805
CDK5R2 (8941),0.00948549842830713
VWA5A (4013),0.009489695196232687
MORC1 (27136),0.009491183266441744
ITGB3BP (23421),0.009498768071985592
MAPK11 (5600),0.009500434551947667
PPP1R36 (145376),0.009512182786240437
TMEM39B (55116),0.009514309788739295
THADA (63892),0.009514894097419126
RPS4Y2 (140032),0.009515970208843937
PTCH2 (8643),0.009529365029898193
TXNDC2 (84203),0.009529857874511199
TBCCD1 (55171),0.009533854310220883
CHIC1 (53344),0.00954768047960956
CITED1 (4435),0.009548164525584303
KLC2 (64837),0.009551109743795921
RARA (5914),0.009555798102145241
PTK6 (5753),0.009555837204724709
MAP2K1 (5604),0.00955679469117904
FGF11 (2256),0.009558896068245878
FICD (11153),0.00956359992297051
MYO1B (4430),0.009564571890873159
DCTPP1 (79077),0.00956665742282073
CBX5 (23468),0.009571841234356449
ATP11A (23250),0.00957782084525535
CEP72 (55722),0.009578081475018832
AKAP14 (158798),0.009579294551190663
RBP2 (5948),0.0095827439414023
MIER1 (57708),0.009589402272662051
DRP2 (1821),0.009598361284484025
METTL21C (196541),0.009600592559153995
IL11RA (3590),0.009600935490584932
UBD (10537),0.009608353478052717
ELOVL2 (54898),0.009608530902917018
SPHKAP (80309),0.00961503938264994
CCDC183 (84960),0.009622777338436275
FBLN2 (2199),0.009628101757557848
DNAL4 (10126),0.009630474875263554
LARGE1 (9215),0.009640542954427492
RXFP1 (59350),0.009641481133294516
ITIH2 (3698),0.009651593766743323
THAP8 (199745),0.009666827055169117
LST1 (7940),0.009667302608300576
SREBF2 (6721),0.00967775185110793
PALD1 (27143),0.009680618511396833
ZNF706 (51123),0.009681922789472034
RAB15 (376267),0.00968356072340257
KRT7 (3855),0.009684159716301844
SON (6651),0.009684999725083137
TMEM209 (84928),0.009687233754339535
KLHL6 (89857),0.009689473753094948
SLC25A34 (284723),0.009692442079319456
PCYT1A (5130),0.009699224488759874
HGF (3082),0.009709603933337424
PGAP6 (58986),0.009721042087082115
PAK6 (56924),0.009730789603681213
CCDC17 (149483),0.009734621692307228
AEBP2 (121536),0.0097400019300953
DTX4 (23220),0.009741516313341742
PDE1A (5136),0.009741922118367405
SLC27A2 (11001),0.009743441465420959
GRM4 (2914),0.0097451517237646
BIVM (54841),0.009745439399326128
TBC1D13 (54662),0.009749212350782676
MYH1 (4619),0.009749502182239996
IZUMO3 (100129669),0.009751610667879041
GABRA4 (2557),0.009752050362998513
RNASE6 (6039),0.009752297196292378
FSD1L (83856),0.009757839828465112
NDST1 (3340),0.00976009532391799
SCGB3A1 (92304),0.009761320680572911
OR13C5 (138799),0.009761773074320563
CDS1 (1040),0.00976726671977966
RALYL (138046),0.00977418832322721
RGS12 (6002),0.00978012439311548
TMEM42 (131616),0.00978389844566745
PON3 (5446),0.009800510322668963
TFF3 (7033),0.009804312415687893
STK4 (6789),0.009808182980524915
PHF12 (57649),0.009812523235302297
IL17RB (55540),0.00981578514121909
TBC1D31 (93594),0.009824352449224121
TSKS (60385),0.009837918046837979
MYH10 (4628),0.00984138282233632
SLC36A2 (153201),0.009843147099268323
METTL15 (196074),0.009843895241034238
NR3C1 (2908),0.009846214945059818
USB1 (79650),0.009847790304275966
DCUN1D1 (54165),0.009848133222933675
ZNF777 (27153),0.009854655166282695
TSBP1 (10665),0.009863700936638077
C3orf18 (51161),0.00987272840247569
GAS2L3 (283431),0.009879567696320576
TNIP3 (79931),0.009885119678145876
OR52I1 (390037),0.00988826187870903
MGAT4C (25834),0.009890439981259345
LCN8 (138307),0.009892800852952523
ADCY6 (112),0.009905319597377343
SLC12A8 (84561),0.00990687089381942
ACP4 (93650),0.00990898581285669
PIK3R2 (5296),0.009909550194553337
OR10P1 (121130),0.009911471053727191
SPATA16 (83893),0.009911918210763673
CCNJL (79616),0.009913264104220077
TJP3 (27134),0.009916371046550073
NOP56 (10528),0.00991889695701253
LRRN1 (57633),0.009922725417869548
FGF17 (8822),0.00992734987864773
AMIGO2 (347902),0.009930485677156143
ARR3 (407),0.009932323184507942
C12orf60 (144608),0.009933586404934277
SLC1A7 (6512),0.009934965086793854
NPY2R (4887),0.009940674431871544
AGA (175),0.009947742444107238
GIMAP2 (26157),0.00996720142279728
RHEX (440712),0.009969724147005315
DCTN2 (10540),0.009970295537955493
L2HGDH (79944),0.009973579532041343
NMT2 (9397),0.009974233413512893
COL3A1 (1281),0.009975487709044053
SH3TC2 (79628),0.00999556637908093
FBXL4 (26235),0.010002535926436639
NAT16 (375607),0.010003561679993696
SNAPC4 (6621),0.010009394451580462
PFN2 (5217),0.010011757194594227
TPRA1 (131601),0.010012023317460941
IGDCC3 (9543),0.010025672350553542
EXOSC3 (51010),0.010031558509631378
STAT5A (6776),0.010034092751912565
SLC35A5 (55032),0.010038465721252053
ZBTB37 (84614),0.010040291082911691
GPAT3 (84803),0.010045092052743116
MYF5 (4617),0.010047248037309466
CHML (1122),0.010050282828644692
HECW2 (57520),0.010052185563338253
NLGN3 (54413),0.010053251728935808
PRKCB (5579),0.010053289464975615
ZNF786 (136051),0.010055981404163061
GSTM1 (2944),0.010056987366966998
HAS2 (3037),0.010058191847636786
APOBEC3A (200315),0.01005963334997611
ZNF141 (7700),0.010060298368464404
EDDM3B (64184),0.010064329521577061
ZNF230 (7773),0.010064777649664087
CCM2L (140706),0.010069465720135517
ARRDC3 (57561),0.01006978498573041
CGAS (115004),0.010069865232769617
MAGI1 (9223),0.010072969426174628
CSNK1G2 (1455),0.01007416945634884
CLMP (79827),0.01007966903788581
MAS1 (4142),0.010083543052478413
ZNF609 (23060),0.010085544167563337
ZIC4 (84107),0.010087373729170054
SRC (6714),0.010087689779927033
KNCN (148930),0.010091969886663344
ERO1B (56605),0.010097337001887762
FHIP1B (84067),0.010106464301733674
FKBP11 (51303),0.010108543280155355
ANKRD61 (100310846),0.010112500900041227
KCNH5 (27133),0.010116489090406399
DPYSL4 (10570),0.010118421484905169
CHRNA3 (1136),0.010119999266993073
SLC8A1 (6546),0.010120438198238798
SNX25 (83891),0.010124316045498767
PCOLCE (5118),0.010124558609086209
WFS1 (7466),0.010128573807244004
CCNT1 (904),0.0101351963357965
LOX (4015),0.010155011923886313
TAAR2 (9287),0.010159184399421086
CCL18 (6362),0.01015988318134679
SELL (6402),0.010168297579220675
CDKAL1 (54901),0.010172993075424764
KCNH7 (90134),0.010182012203404844
PHLDB3 (653583),0.01018606727879018
COQ2 (27235),0.010199161381300078
C11orf24 (53838),0.010203673938344359
HSPB2 (3316),0.010203978567925263
SAR1B (51128),0.010209966119510496
TACC2 (10579),0.010212935964078889
OPN1SW (611),0.010213452877075731
ARNT2 (9915),0.010213580328792498
LIN7A (8825),0.010215768275512049
PIK3CG (5294),0.010217825507950586
ANXA3 (306),0.010221906611054722
ZNRF1 (84937),0.010224520627908946
DTX3L (151636),0.010231992673519527
RAB22A (57403),0.010237364128978447
STK31 (56164),0.01024358084172379
SMIM21 (284274),0.01024578343836476
SLC12A5 (57468),0.010247862812773928
RARG (5916),0.010271367823273994
TMEM200B (399474),0.010271758604477297
SLC39A8 (64116),0.010274592212549316
VPS13A (23230),0.010276179695249597
CERK (64781),0.010276891774816123
G6PC2 (57818),0.010280650404176524
AUNIP (79000),0.01030229623699949
SMCO3 (440087),0.010306762247156834
TLNRD1 (59274),0.010307732602498202
SLC15A4 (121260),0.010311564808471589
NACA2 (342538),0.010320368198300577
CDH11 (1009),0.010324455488029335
FOXA1 (3169),0.010331254295991745
GUCA2B (2981),0.010342981728114967
ANK3 (288),0.010343945904911679
GPR34 (2857),0.010352462899841531
GJA9 (81025),0.010357242670199497
MACROH2A1 (9555),0.010358850674391146
CD40LG (959),0.010364727882033445
EMC7 (56851),0.010366255722336872
OR4C11 (219429),0.01036731164062657
ZNF530 (348327),0.010368572842670665
AHSA1 (10598),0.010376554895679038
TMEM117 (84216),0.010378426831008838
PRR4 (11272),0.01038429074716912
ANKLE1 (126549),0.010387957521843504
FAM89A (375061),0.010390528955557659
GPR87 (53836),0.010395758444727754
POC5 (134359),0.010395772460823708
ECM1 (1893),0.01039689115551501
RPL10L (140801),0.010398880623305183
ATG2B (55102),0.010405422320163647
TRAT1 (50852),0.010407584940128601
TIFA (92610),0.010409724672958743
CARD11 (84433),0.010418409775446646
KIT (3815),0.010419021881973753
LDAH (60526),0.010420854505400243
TIMM13 (26517),0.010422005615903434
TMEM26 (219623),0.010425286377986911
PLEKHJ1 (55111),0.010429140867956573
ARPC5 (10092),0.010433222171572514
GDPD4 (220032),0.010441418862639362
NCKIPSD (51517),0.010449962903209155
SLC9A7 (84679),0.010452524019519127
ACER1 (125981),0.010463791187732066
INSL5 (10022),0.010464776408796578
NME5 (8382),0.010466106758380823
LRFN5 (145581),0.010469730114233945
BTN2A1 (11120),0.01048290881195818
B3GAT1 (27087),0.010483347889559938
MLLT3 (4300),0.010493092289652872
GOPC (57120),0.010494028596478877
CFDP1 (10428),0.010500125695172054
MRAS (22808),0.01050534687786776
TAT (6898),0.010511296120134997
BCR (613),0.010512316688341006
ADAM20 (8748),0.010512677453155846
TUSC3 (7991),0.010524233250152542
TEKT3 (64518),0.010528731236109458
DCHS2 (54798),0.010530559380573068
HTRA2 (27429),0.010531805703758891
ZNF280D (54816),0.01053239757552022
SBF2 (81846),0.010533066530760577
AKNA (80709),0.010536015503943041
TMEM134 (80194),0.010538902386820483
PDE10A (10846),0.01054284632502822
CAPSL (133690),0.010545349261212667
ANXA4 (307),0.010550687515308911
DTHD1 (401124),0.010557986067641972
GPR63 (81491),0.010561388629851825
LDHA (3939),0.010573667323659264
ASB2 (51676),0.01058234392892055
SGSH (6448),0.010582771522953656
ZBTB49 (166793),0.010584822520225412
ATRAID (51374),0.010586322808429659
DHX38 (9785),0.010586868221005272
TMEM192 (201931),0.010587536641286305
RASD1 (51655),0.010599746886270595
GSTA3 (2940),0.010600470427178809
ATP6V0E2 (155066),0.01060968026717799
GIN1 (54826),0.010618355960646008
ZNF280B (140883),0.010621029788254395
AP2B1 (163),0.01063194795531589
TERT (7015),0.010638083097215041
DAOA (267012),0.010641587182009698
TMEM207 (131920),0.010647653756432259
ADCY1 (107),0.01064931819177279
WNT9B (7484),0.010649330946570626
PRKAR1B (5575),0.010651625813635669
AIG1 (51390),0.010653355449642582
EVX2 (344191),0.010654399962522997
TRIM9 (114088),0.010665280757177147
SH2D2A (9047),0.010668329379083172
ABCB8 (11194),0.010669186893099014
RELA (5970),0.010669566814707708
WASF2 (10163),0.010672177639924101
TXNDC15 (79770),0.010685623350767434
NEURL2 (140825),0.01068686457814685
GREB1 (9687),0.01069265854740725
EFCAB7 (84455),0.010694562602313577
PRSS54 (221191),0.010702198062205693
ABHD17A (81926),0.010707242340378977
PUS10 (150962),0.01070769503734979
CCL20 (6364),0.010713371690525974
PHC3 (80012),0.01071465405750173
PRXL2A (84293),0.010714757687726477
TAF1L (138474),0.01071644616046101
ISG20 (3669),0.010721220704977915
TRIM36 (55521),0.010722123069475401
KRT81 (3887),0.010724248596224732
CD6 (923),0.010727024476823329
TBC1D12 (23232),0.010732785038481196
GPATCH2L (55668),0.010737276558527997
MPRIP (23164),0.010738915132518718
CLTRN (57393),0.010744224889305787
TXNDC11 (51061),0.010744249046749848
TPD52L1 (7164),0.010744749464127326
SOX18 (54345),0.010749271591857752
KRTAP21-2 (337978),0.010749886989152007
PPID (5481),0.010761657055667952
ANKRD34C (390616),0.010765816054623381
OR52N2 (390077),0.010772147854357612
MTARC1 (64757),0.010774879442373795
DNAJC15 (29103),0.01077982258934196
RNF130 (55819),0.010782540171778817
BPGM (669),0.010786713539975831
KCTD8 (386617),0.010787267468407594
COQ6 (51004),0.010789944290505922
CCL23 (6368),0.010790749855972273
IL2 (3558),0.010793551036783767
PITPNA (5306),0.010794061919107381
SHH (6469),0.01079483411603768
TKTL2 (84076),0.0107973508050288
SYN3 (8224),0.010798707909215754
UBFD1 (56061),0.01080208781241959
SH3BP5 (9467),0.010802858277312777
SCARF1 (8578),0.010806596940929754
PLBD1 (79887),0.010806857904099536
ZNF408 (79797),0.010807040419437326
APBB1 (322),0.010811534860745167
TMEM245 (23731),0.01081287742282139
CC2D1A (54862),0.010815133415931117
SLC27A6 (28965),0.010815816716498422
B3GNT5 (84002),0.01081596568786158
MYMK (389827),0.010820315125154814
ATP13A4 (84239),0.01082465625999002
ASIC4 (55515),0.010824903828401521
ABCD1 (215),0.010834243112414587
C1orf174 (339448),0.010834785025847676
ADA (100),0.010835241529139766
MTMR7 (9108),0.010839668557190872
KDM4D (55693),0.01084182130916894
PEX14 (5195),0.010846620143922361
TNFRSF19 (55504),0.010846819451308226
SPINK2 (6691),0.010849402506075244
H1-0 (3005),0.010869052064405433
HEBP2 (23593),0.010873563129998834
DPY19L3 (147991),0.010884507714372535
TMEM87A (25963),0.010888062752174387
LMNTD1 (160492),0.010893914609437259
SIX5 (147912),0.01089842953340012
HDDC2 (51020),0.010903268437749098
METTL13 (51603),0.010906654966539826
EN1 (2019),0.01091128052149228
RGSL1 (353299),0.010919367183601581
DCSTAMP (81501),0.010920223825149832
CLDN11 (5010),0.010920526253449735
OR2L2 (26246),0.010928553998628465
RHBDF2 (79651),0.010934575890608767
IPCEF1 (26034),0.010942010873418024
AMOT (154796),0.010943521511151166
CRISP1 (167),0.010948110973221285
PSAPL1 (768239),0.010949147813999515
OR10Q1 (219960),0.010954105677238205
GHSR (2693),0.010961181525419646
SMYD3 (64754),0.010967921586179923
IRAG1 (10335),0.0109709355450953
SLC7A14 (57709),0.010976533136404
CCDC120 (90060),0.010982039643581463
THPO (7066),0.010983277378486922
SLC34A1 (6569),0.010988441064577987
HSD11B1 (3290),0.010994428093999687
CNNM1 (26507),0.010996409101936161
AP5Z1 (9907),0.010998045934297299
DSC3 (1825),0.011001743193477458
TMEM185B (79134),0.011005749994356816
NKX2-5 (1482),0.01100988174977945
CRISPLD1 (83690),0.011012669467175685
KAT2B (8850),0.011022027878379382
KRTAP3-2 (83897),0.011022882335757447
ARSF (416),0.011023737380895947
PODNL1 (79883),0.011026130704256256
PKD2 (5311),0.01103316296070653
LCE1D (353134),0.011033526688958769
LEKR1 (389170),0.011037260040051547
TK1 (7083),0.011043017519256786
LTV1 (84946),0.01105005180043534
HOXC8 (3224),0.011051855358855401
OR10AG1 (282770),0.011057013416462686
TOGARAM1 (23116),0.01106594395470496
SGCG (6445),0.01106691609863665
NUDT1 (4521),0.011079075021391258
SH2D1B (117157),0.011083340326591012
CLIC6 (54102),0.01108375958376261
CMC1 (152100),0.011087875194939855
ACVR2A (92),0.011089213832509126
GALR3 (8484),0.011091063195510195
ABITRAM (54942),0.01109206603366382
MDFIC (29969),0.011093994348018152
ARFIP2 (23647),0.011096516672880042
RBM46 (166863),0.01109737354702604
L3MBTL2 (83746),0.011099559649032396
HPS3 (84343),0.011104239383835706
NR5A1 (2516),0.011105096152011962
IL37 (27178),0.011110154358437376
KDM2A (22992),0.011112072127534994
RPS6KB1 (6198),0.011112430408724975
C1orf141 (400757),0.011131483892269834
AK9 (221264),0.011132437892577394
KCNMB1 (3779),0.01115469194390862
LAMB1 (3912),0.011156666841920399
ZNF625 (90589),0.011156920898696689
TMEM43 (79188),0.011157707531605783
FYB1 (2533),0.011158318896090843
SYNE1 (23345),0.011159148888690096
FASN (2194),0.011159414886421316
GET4 (51608),0.011159588496773237
CALHM2 (51063),0.011160803077620607
CPNE6 (9362),0.011161947208697289
BMP8A (353500),0.011169327883874747
AHSP (51327),0.011172962918027243
NDUFV1 (4723),0.01117603961093686
KRT20 (54474),0.011178596090832636
FGF7 (2252),0.011183356781190715
CD84 (8832),0.011186082261102457
CENPF (1063),0.011190965590504396
CD177 (57126),0.011192727579182722
POLD4 (57804),0.01119453857360924
FFAR2 (2867),0.011196183456133503
LRRC10B (390205),0.01119637820786675
AFM (173),0.011196847086761852
PCDHA1 (56147),0.011200593746760265
OTUB2 (78990),0.01120300706995989
CCDC181 (57821),0.011205108185139336
MAP1S (55201),0.011213520331598672
DAB2 (1601),0.011219278571365794
CEACAM21 (90273),0.011221664017884441
SMG8 (55181),0.01122895086533334
DUSP23 (54935),0.011232984907073492
TDP2 (51567),0.011235591824638798
KLK2 (3817),0.01123663911822219
C9 (735),0.011239710200755428
UNG (7374),0.011255364867265152
ADORA3 (140),0.011256114602692754
ZNF554 (115196),0.011262459427760177
TXNDC5 (81567),0.01126877165949281
C1orf210 (149466),0.011270292642505328
ZBTB8B (728116),0.011270362762672115
NEMP1 (23306),0.011274544008494796
CHD6 (84181),0.011275848464881236
IL10RB (3588),0.011291716903989306
DOC2A (8448),0.011294519722145385
PNLIPRP1 (5407),0.011298128930604213
OTOP3 (347741),0.011300981350949943
CERS1 (10715),0.011302023333447363
TUB (7275),0.011303862434608786
ZBTB10 (65986),0.01131709787352836
C7orf33 (202865),0.011318387804455309
RBMXL3 (139804),0.01132117403148573
PLXNA3 (55558),0.011329266866605583
ABTB1 (80325),0.011332279500521975
LYSMD3 (116068),0.011341879251760336
LLGL2 (3993),0.01134307894131712
TTC33 (23548),0.011345803554095299
NR4A1 (3164),0.011348815904593081
CSN1S1 (1446),0.011352630604457195
CLN6 (54982),0.011352934744053947
PLA2G1B (5319),0.011353426123710885
OR52J3 (119679),0.01135693466981846
TNP2 (7142),0.011358063598073214
GPC4 (2239),0.01135822744694202
BCAP29 (55973),0.01136098602194241
ZNF850 (342892),0.011361835958735647
PPP1R18 (170954),0.011363324864649624
ATF6 (22926),0.011364235929885842
TEX29 (121793),0.011366107637336025
MYRIP (25924),0.011366160494255779
ADCY2 (108),0.011366786734791504
TUBG2 (27175),0.011373450326890763
HS3ST5 (222537),0.011381125491845348
ARF1 (375),0.011386405801130242
PHF6 (84295),0.011388802622320232
NUP133 (55746),0.011390984311257624
ZNF184 (7738),0.011392908495391473
PTBP2 (58155),0.011393880258764099
MTMR14 (64419),0.011393905589686509
CCDC102B (79839),0.011396134384107588
FSHR (2492),0.011398203557355194
EID2 (163126),0.011402425265435725
ZNF608 (57507),0.011415719129707224
MYL1 (4632),0.011419424555750344
CEP128 (145508),0.011421327759526763
ROPN1B (152015),0.011427894200422176
TRAK1 (22906),0.011431494202426989
GNPAT (8443),0.011432078593248678
EFHC1 (114327),0.011439645845191651
ACER3 (55331),0.011442587842194039
HRG (3273),0.0114436347431165
BORCS5 (118426),0.011446253453065757
FERMT3 (83706),0.011447752587414045
ABCC8 (6833),0.011448459044193874
CDH15 (1013),0.011449991580581126
SRGAP1 (57522),0.01145249929865341
SEMA6B (10501),0.011453930570330837
SDHAF1 (644096),0.011455155271006346
NYX (60506),0.011456577346300857
NCF1 (653361),0.01147218545510574
PPP2R5A (5525),0.011491796267886618
PCBP2 (5094),0.011494359212768441
R3HDM4 (91300),0.011496175423468922
FLG (2312),0.011505306150766842
IMPDH1 (3614),0.01151066087999015
NEK2 (4751),0.01151323890872119
IL1RAP (3556),0.011526603979517045
CXCL10 (3627),0.011527860883573602
PPP2CB (5516),0.011528476510257546
SMCO4 (56935),0.01153050370740633
THOC1 (9984),0.011533281740654648
DNAJC10 (54431),0.011535277842048917
SLC25A14 (9016),0.011538309922919167
COQ7 (10229),0.011538835317556475
ZC2HC1C (79696),0.011539520928941229
SLC39A12 (221074),0.011539567673604655
IFT25 (51668),0.01155509376636579
ARHGAP5 (394),0.011558158660932356
ABCC3 (8714),0.011560762187948891
KANSL3 (55683),0.011560868631272697
TSPAN15 (23555),0.011561791909330264
UTS2 (10911),0.011569808523033298
NLRP12 (91662),0.011570203621994173
ZNF830 (91603),0.011571396618781513
TRIM5 (85363),0.011573937419341256
FGB (2244),0.011574114094907747
MED21 (9412),0.011582644516846789
DUSP28 (285193),0.011587744378415525
TXLNB (167838),0.011594347564404733
DUS4L (11062),0.011597709580651925
RBM48 (84060),0.011600652522303332
PDCD4 (27250),0.011610429817398547
TMEM219 (124446),0.01161158784617081
ASPHD1 (253982),0.011616028582022344
LSS (4047),0.011620349777672958
LPXN (9404),0.011632163379884621
RAD52 (5893),0.011638826196742773
FASTKD2 (22868),0.01164263565765672
GARIN3 (153745),0.011642930361366747
CCDC62 (84660),0.011644287473625049
ARG1 (383),0.011644828733686424
ZMYND12 (84217),0.011653893076381346
IDUA (3425),0.011658394377367721
RALGPS2 (55103),0.011660890698394233
CH25H (9023),0.011662043534702723
OR4L1 (122742),0.011662973207359671
OR52B6 (340980),0.01166468769939011
TSPAN3 (10099),0.011667254414626042
ASPDH (554235),0.011669949081926466
MRC2 (9902),0.011671056692825827
TM4SF20 (79853),0.011676131596950764
GALNT11 (63917),0.011680781744805347
PLXNB2 (23654),0.011681990624649485
OR4K14 (122740),0.01168420827427215
CRIPT (9419),0.011686237367997405
UTS2B (257313),0.011692755707678037
DLK1 (8788),0.011696645333425749
PCDH17 (27253),0.011712824047508013
NCOA5 (57727),0.011716624078735883
CREB3L4 (148327),0.011719033609522022
PPP1R7 (5510),0.011723538264430868
CFAP69 (79846),0.011726284648205495
THYN1 (29087),0.011739037914687557
ZNF254 (9534),0.01174674552054894
SEC11C (90701),0.011759546414965856
ANKRD13A (88455),0.011768816218549107
OXTR (5021),0.011785113712700752
CRP (1401),0.011791380177757771
KIF3A (11127),0.011796798782896722
GMPR (2766),0.01179755902366011
ZNF737 (100129842),0.011797797296550333
PRR14 (78994),0.011802731718160337
TCF20 (6942),0.011809073199852114
NAIF1 (203245),0.011813949654998337
ARHGAP24 (83478),0.011819384407524633
ATP23 (91419),0.011820226994606059
HEMK1 (51409),0.011821549441475152
PRPS2 (5634),0.011822118443940514
TPRG1 (285386),0.011827590740236772
BDKRB1 (623),0.011832140987756397
EXOC3L2 (90332),0.011840261769193882
PRDM13 (59336),0.011840341922971225
BCO1 (53630),0.011846057980654788
SOCS2 (8835),0.011871637539920975
FAM199X (139231),0.011875764719523129
DCAF4L2 (138009),0.011880293589382234
KIAA0408 (9729),0.011884701782562746
HOXD4 (3233),0.011885734728930416
DEFB135 (613209),0.011888324607442852
SLC6A3 (6531),0.011911794971752808
VAMP7 (6845),0.011914542250074402
DDA1 (79016),0.011915346096416965
BTD (686),0.011916358085053728
GLT1D1 (144423),0.011918635389585016
SAT1 (6303),0.011923456954091565
TBC1D14 (57533),0.011925603163407
RHEBL1 (121268),0.011928385797825234
CNGB1 (1258),0.011929710833172713
FBXW10 (10517),0.011954065585997167
EGFR (1956),0.011954376537155259
RAI1 (10743),0.011958786595221699
CPTP (80772),0.011967687893429963
TNFSF9 (8744),0.011969572499516159
GSDMD (79792),0.011969654631031366
CBLL2 (158506),0.01197073779236113
EIF2AK3 (9451),0.011974279699677926
APOBEC1 (339),0.011981467063324537
RTL4 (340595),0.011986231503341702
OR2F2 (135948),0.01198855470213373
SP1 (6667),0.011993483147642611
VDAC2 (7417),0.012000286967578055
TPM1 (7168),0.012002119408196881
NDC1 (55706),0.012003584707133764
ZNF286A (57335),0.012013987819709472
NEGR1 (257194),0.01201545740048578
KCTD6 (200845),0.012015959114979472
ZNF454 (285676),0.012035266830204413
PPP1R42 (286187),0.012035382084896122
OR2G3 (81469),0.012043308709835329
CHP2 (63928),0.01204401493799854
COL28A1 (340267),0.012051374768329404
AQP11 (282679),0.012052205725771044
DVL1 (1855),0.012056635553009896
PFDN6 (10471),0.012059996060110168
PKD1 (5310),0.012061277358297259
ZNF8 (7554),0.012070052201941116
SEMA6C (10500),0.012070957685874467
ACOT11 (26027),0.012073428172612833
BCL6B (255877),0.012074919908126295
PXMP2 (5827),0.012075544618277412
PIGP (51227),0.012078682434987468
AZU1 (566),0.012089372476178873
ZHX1 (11244),0.012100088926783015
KCNE1 (3753),0.012102770374286536
OR4C6 (219432),0.012105106924565075
TLX2 (3196),0.012107196397840556
MED15 (51586),0.012108453775574974
PRSS58 (136541),0.01210955777506564
CDK5RAP3 (80279),0.012131672635848549
SETD6 (79918),0.012136047098650387
TNFSF10 (8743),0.01215903057462955
BCAS4 (55653),0.012163824225070192
PLAA (9373),0.012166408678260552
RGL2 (5863),0.012171821350902903
HOXB1 (3211),0.01217373386073066
NSUN6 (221078),0.012182736261113663
IFI30 (10437),0.012183596626354622
FZD3 (7976),0.01219187493854511
LUZP4 (51213),0.01219353282598795
HCRT (3060),0.012198090701855091
DMP1 (1758),0.012204284110407877
ELK4 (2005),0.012219299456028785
ABHD16B (140701),0.012219498056516832
VAX1 (11023),0.012223106413295562
GPR183 (1880),0.012223599949539966
ALG6 (29929),0.012225693074120622
SP100 (6672),0.012226461066666002
CDC73 (79577),0.012226941893954646
TRIM72 (493829),0.012236122799800637
GADD45A (1647),0.012240693051416144
FREM3 (166752),0.012240896773094354
ERLIN1 (10613),0.012241346879648975
CIZ1 (25792),0.012250481195911076
AP2A2 (161),0.012255385991756117
MMP24 (10893),0.012257515043603274
ZNF442 (79973),0.012258685027858218
SCN3B (55800),0.01226633854945795
NAPEPLD (222236),0.01226677824450942
COX16 (51241),0.012273589999014426
PHLDA1 (22822),0.012278506430795137
MBOAT2 (129642),0.012283867020596043
RBM24 (221662),0.012287780453033446
ZNF85 (7639),0.01231338591569761
ANKRD33 (341405),0.012314458730073254
PLA2G5 (5322),0.0123158929631054
PTDSS2 (81490),0.012316069405921294
PDE5A (8654),0.012317340457155972
ZNF319 (57567),0.01232137529456006
MACROH2A2 (55506),0.012324039252425529
EXOC2 (55770),0.012324551894146149
MAP7D1 (55700),0.012324748778717655
KIF24 (347240),0.012328271625433745
CALHM5 (254228),0.012328756471720593
ACOX3 (8310),0.012331157325643598
SLC6A14 (11254),0.012332802140690668
FGG (2266),0.012338289528265711
UGT1A7 (54577),0.012345132834984425
TMEM170A (124491),0.012351229006040675
TAAR1 (134864),0.012354544450992619
HTR3B (9177),0.012355299412356165
TNFRSF11B (4982),0.01235690813192594
ADSS1 (122622),0.012358287807885454
CYP7B1 (9420),0.012364542860636683
KCTD3 (51133),0.012366186689880806
MMP7 (4316),0.012368961112257775
OTUD6B (51633),0.012371752727042645
ADGRE5 (976),0.012371808830829755
GPALPP1 (55425),0.012373334596369448
NGDN (25983),0.01237375464134735
NOX3 (50508),0.012377758711612901
ACAN (176),0.012379285500984825
SPATA31A1 (647060),0.01238782086283274
CFAP20DC (200844),0.012393694146619925
ZNF45 (7596),0.012397409461610838
GOLGA7B (401647),0.012401019438565124
RGN (9104),0.012405459840843186
FAM86B2 (653333),0.012407677476945446
ST6GALNAC2 (10610),0.01241033664666374
C3 (718),0.01241707300194265
C11orf91 (100131378),0.012419884823180752
IL26 (55801),0.012429182661693697
SOX5 (6660),0.012429824080365
PRDM16 (63976),0.012432578759827636
MLH1 (4292),0.012432674716957205
RANBP17 (64901),0.012432800070869346
TMEM220 (388335),0.012435761955368583
GK2 (2712),0.012437515070242832
KLK3 (354),0.012445392981940273
PRXL2C (195827),0.012446563862667664
MTAP (4507),0.012450311193137546
SCN2A (6326),0.012455018716285866
CTSK (1513),0.012456767345199442
KLHL11 (55175),0.012466506595346028
CGNL1 (84952),0.012468833655932588
BOLA3 (388962),0.012471958237131948
ATG4B (23192),0.01247459225347111
WWC2 (80014),0.012481432951366722
PDE9A (5152),0.012487683238173303
MID2 (11043),0.012489458497031604
ISL2 (64843),0.012495813400773974
FLI1 (2313),0.012506735023701842
CHMP2B (25978),0.012509622727945091
WDR47 (22911),0.012514845688881164
NUDCD2 (134492),0.012515471140324636
ACTL7A (10881),0.012518075971942853
PLXNA4 (91584),0.012519775040341193
DACH2 (117154),0.012525080028056844
TBR1 (10716),0.012532411547127273
LRP5 (4041),0.012537597860457907
MUC1 (4582),0.01254647465531809
COPS7A (50813),0.012550097532245385
PSD2 (84249),0.01255251036028764
NDFIP2 (54602),0.012555411175560319
CCDC81 (60494),0.012556857279357453
PPP4R2 (151987),0.01255825944467445
IWS1 (55677),0.012559014949944595
LRRN2 (10446),0.012562221637062863
CXCL14 (9547),0.012562865399538947
GGT7 (2686),0.012567266027399618
ARHGAP8 (23779),0.012569110288660194
CTSF (8722),0.012579556132559759
MAP1LC3B2 (643246),0.01258811476084342
CRTAC1 (55118),0.012588861925103962
TMEM54 (113452),0.012591850665425276
TIRAP (114609),0.012592263466580704
MTCH1 (23787),0.012595045619947733
FAM13A (10144),0.012596428081021101
ZNF428 (126299),0.012611182217869898
HAUS4 (54930),0.012612541966608862
ZKSCAN8 (7745),0.012618655049883272
KLK13 (26085),0.012624478895492551
OR8D4 (338662),0.01262827791214595
GTF2E1 (2960),0.012630639827161474
ADAM7 (8756),0.012630757913018535
ATXN2 (6311),0.012639898043622137
ENO2 (2026),0.012648386610722201
TMCC2 (9911),0.012660820000192332
FIS1 (51024),0.012661724012573695
RBM43 (375287),0.012661837797202768
SETD3 (84193),0.012672028522430748
SDS (10993),0.01267725977080062
TBC1D9B (23061),0.012680651851199685
TRPM4 (54795),0.012685072286745522
ABCA10 (10349),0.012687644432568644
OR13C3 (138803),0.012717004943554287
CCL3 (6348),0.012726598764209143
SCN1A (6323),0.012731353729112892
ZNF610 (162963),0.012732650097026597
ZNF669 (79862),0.01274321001942285
TDO2 (6999),0.012747512349914572
CACNA1S (779),0.012749087017024558
DTWD1 (56986),0.012755155034601956
TNFRSF4 (7293),0.012759001375093879
TMEM109 (79073),0.012764674243966491
SLC10A3 (8273),0.012766973818613409
FAM120A (23196),0.012769128015406224
PLCL2 (23228),0.012773218315399858
ANAPC10 (10393),0.012775130038378428
MYO1E (4643),0.01278176036156352
NAV3 (89795),0.012781779594025895
RAPGEF4 (11069),0.012782629715889584
DNAAF2 (55172),0.012783674929530846
RPGRIP1L (23322),0.012788956846656555
CDKL3 (51265),0.012789122335000083
TRAPPC1 (58485),0.012790214807005248
AKAP3 (10566),0.012791902306449351
HAPSTR1 (29035),0.01279500814661569
CABYR (26256),0.012803248258462026
PTGDR2 (11251),0.01280475522015485
BABAM1 (29086),0.012805332932732451
PLGRKT (55848),0.012807351411551733
PHLDB2 (90102),0.012808901144756728
ZFP42 (132625),0.012810447544732453
PLPPR5 (163404),0.012812677438596544
PEX1 (5189),0.0128163541658963
TGIF2LX (90316),0.012827495184602697
GHRL (51738),0.0128338452165926
CDKN2D (1032),0.012837116591801282
CEP70 (80321),0.012841829848162211
EIF4G3 (8672),0.012843540901133965
PSMC1 (5700),0.012850587048763344
GTF2A1L (11036),0.01285116774750224
CPQ (10404),0.012858969714096806
PXYLP1 (92370),0.012863866754924019
BHLHE22 (27319),0.012868916999506567
TESK1 (7016),0.012875686671701131
EVI5 (7813),0.012883639653466039
RELL2 (285613),0.012887090594949375
PDGFRB (5159),0.012891260945895556
HAND1 (9421),0.012901738182403139
RGS16 (6004),0.012907233028880695
FBXL18 (80028),0.012915180692289719
SAP18 (10284),0.012916833462753779
CHFR (55743),0.012926768886666513
HES1 (3280),0.012933187426814083
TSPAN33 (340348),0.012934777590625834
WHAMM (123720),0.012938550444554983
OR52K1 (390036),0.012943882572237886
MAML3 (55534),0.012960649170648146
C6orf62 (81688),0.01296517498445126
LIAT1 (400566),0.012966326823593815
PPIP5K2 (23262),0.01296732085498654
NTSR1 (4923),0.012969702527664889
EDC3 (80153),0.013001725949817158
MFAP3L (9848),0.013002072341442022
IFNA16 (3449),0.013004350918616075
WFDC6 (140870),0.013007437192657338
SLC22A6 (9356),0.013013433282494104
SHROOM3 (57619),0.013018321450319004
TCF15 (6939),0.013019000230274778
PIGO (84720),0.013020002848249081
PRR23C (389152),0.01302112729324611
OASL (8638),0.01303647551872007
HOXA9 (3205),0.013040125784519123
ZNF19 (7567),0.013058451908143132
TMT1A (25840),0.013066218037443419
TASOR2 (54906),0.013068279899572906
CCNA1 (8900),0.013070353991572258
PEX6 (5190),0.013076219010699885
ATOX1 (475),0.013079459231874134
UBXN1 (51035),0.013080302995464805
FEV (54738),0.013082923033268041
COTL1 (23406),0.013092118537382956
CATSPER3 (347732),0.013094666822728874
APPL2 (55198),0.01310877847188854
ZNF578 (147660),0.0131097882601564
ST8SIA4 (7903),0.01311532168789917
MORN1 (79906),0.013115423702941576
EIF3K (27335),0.013119432698720348
INPP5A (3632),0.013120683793418474
PSMB9 (5698),0.013125876611377495
MYEOV (26579),0.013126748005876673
ANPEP (290),0.01312726118996369
MYO1A (4640),0.013127406759357153
KPTN (11133),0.013135623047421606
HARBI1 (283254),0.013137776936818507
NEUROD2 (4761),0.013139514920151843
CBX2 (84733),0.01314679007469236
VASN (114990),0.013149188718661935
GUCY2C (2984),0.013156303713312612
KLRG2 (346689),0.013158470018407703
ZNF607 (84775),0.013161089768998071
CCR10 (2826),0.013168203024138956
STEAP4 (79689),0.013169252287998003
RTN4 (57142),0.01316993173786629
ADAM9 (8754),0.013174647157252792
ADAP1 (11033),0.013174900253558998
KRTAP6-2 (337967),0.013180060165807422
OR51I1 (390063),0.013187235544942581
NPC2 (10577),0.013195548030879151
CA12 (771),0.01320033479781028
GUCY1A1 (2982),0.013200383934463829
OR2W3 (343171),0.013202141363754277
C9orf72 (203228),0.013206595049645187
POPDC2 (64091),0.013207769913606214
CLIC3 (9022),0.013212465906490193
GKAP1 (80318),0.013213391737553431
LTBP1 (4052),0.013216381464326021
TUBB2A (7280),0.013222718001346761
BFAR (51283),0.013223616155526552
ERICH6B (220081),0.013229567705765144
IGFL4 (444882),0.013232340428267337
NEK4 (6787),0.013239910952232184
IFI16 (3428),0.013244553888261268
ETV6 (2120),0.013247510858404907
MAP7D2 (256714),0.013250128974247148
LGALS2 (3957),0.013250509558725653
NHLH1 (4807),0.01325148634557092
SRI (6717),0.013267325003148091
HSPA13 (6782),0.01327506712894751
MS4A7 (58475),0.01327952945979285
RPAP3 (79657),0.013280253529192314
NOX1 (27035),0.013281126286409223
RABIF (5877),0.013282928092271102
YBX2 (51087),0.01328330388705303
TECPR2 (9895),0.013284066882324969
RPL10A (4736),0.013288441819050279
BOC (91653),0.013292222524255276
OR2T27 (403239),0.013303622020959867
CTC1 (80169),0.01330578407038964
VGF (7425),0.013307604310766571
PDGFA (5154),0.013308400028509975
HEXIM1 (10614),0.013313571476389481
AHRR (57491),0.013314975186722134
SYT13 (57586),0.013322626684005303
KIF6 (221458),0.013329153004355164
TNFRSF11A (8792),0.013331496442308714
BRD3 (8019),0.013331672169054861
H4C3 (8364),0.013345678638477368
KRT34 (3885),0.013360639708262512
IL13RA2 (3598),0.01336177569981498
OR4D1 (26689),0.013365131801525576
ZNF639 (51193),0.013368329098617467
DPF2 (5977),0.013369535935185277
RSPO3 (84870),0.013379518014620584
DDAH1 (23576),0.013381660334235936
GHDC (84514),0.01338509197672106
ZNF704 (619279),0.013407114200242412
NFKBID (84807),0.013407737171624523
BCO2 (83875),0.01340955072165077
EEF1G (1937),0.013409844444059214
FAM24A (118670),0.013414995511088391
AVP (551),0.013416642511134972
OR10G8 (219869),0.013417891843526226
FAM20A (54757),0.013427927580851906
MELTF (4241),0.013429816582910658
GNG3 (2785),0.013429872821679439
CCDC92 (80212),0.013434251648733271
ATL1 (51062),0.01343532623729163
SMARCA2 (6595),0.013436438161884638
TBC1D22B (55633),0.013438235732136324
CYBB (1536),0.013443809732750066
TCFL5 (10732),0.013460427375433624
BTNL9 (153579),0.01346774287078778
ETFBKMT (254013),0.013470266513072872
TAAR6 (319100),0.01347901449832386
GLTPD2 (388323),0.013480228194677566
NLRP7 (199713),0.013483039460965919
DIO2 (1734),0.013484914111596937
CA10 (56934),0.01348515032448075
OAS3 (4940),0.013491296142739253
RNASEH2B (79621),0.013494286722353716
SLC6A5 (9152),0.013494352497726111
TBX22 (50945),0.013496260208360348
CYP51A1 (1595),0.013498455067145261
OR8S1 (341568),0.0135004945111769
SIM1 (6492),0.01350346321979935
BTN3A1 (11119),0.013504936722668203
RPS4Y1 (6192),0.013505946376853999
UBE2U (148581),0.01350645193100806
ZNF345 (25850),0.013513584609327545
ZNF354B (117608),0.013518046815192667
ASPHD2 (57168),0.01351920401314826
PPP1R3B (79660),0.013519612897727061
ICA1 (3382),0.013527274624353677
STXBP2 (6813),0.013527754578827728
PRG4 (10216),0.013529319897384076
FAT1 (2195),0.013534729940204895
USP46 (64854),0.013534965745536327
INTS14 (81556),0.013538592878045442
ZNF101 (94039),0.013554395108299137
HNRNPA1L2 (144983),0.013559905880980534
ITM2B (9445),0.01356965570139137
SFT2D2 (375035),0.013580249299612428
SPINK9 (643394),0.013585617281558585
STXBP5 (134957),0.013588946576014857
ZNF485 (220992),0.013589454147923771
DNMT3A (1788),0.013589578189042927
ODAD3 (115948),0.013589937957654763
FARP1 (10160),0.013590347064141113
SEC23A (10484),0.013597526551236312
KIRREL2 (84063),0.013597732418739216
FAM107B (83641),0.013599948401960944
GDPD2 (54857),0.013603755478062536
ASB15 (142685),0.013604212288936515
IQSEC1 (9922),0.013606165899244268
HERPUD2 (64224),0.013606442830827218
CAT (847),0.013607338129041992
CCN6 (8838),0.01361858537619582
WNT2B (7482),0.013622353984446754
DMRTA2 (63950),0.013627706412736522
KCNQ3 (3786),0.013633996645643933
SVOPL (136306),0.013639027544460367
N4BP3 (23138),0.013642101774766113
SMPDL3A (10924),0.013650618442868509
SAMD4B (55095),0.01365450236017071
FAT2 (2196),0.013656439481181394
GSTM3 (2947),0.013658983623626175
FBXO31 (79791),0.013664448996811018
DCN (1634),0.013667177591211168
SLCO4A1 (28231),0.013671356812001526
CA2 (760),0.013674096416248109
FGD2 (221472),0.01367491747134253
DNAJB5 (25822),0.013676347912050104
BPNT2 (54928),0.01367973685164372
HCAR2 (338442),0.013685331818383977
TRIM28 (10155),0.0136927578102249
PLEKHD1 (400224),0.013693773940389094
TMEM267 (64417),0.01369817071581233
ACTL7B (10880),0.013698669251025832
GALR2 (8811),0.01370369331807039
LMX1B (4010),0.013706923093794721
MTFP1 (51537),0.013708504140968924
IZUMO2 (126123),0.013711104037299422
HTRA1 (5654),0.01371803864676344
HOXC12 (3228),0.013719427839106573
DNAH1 (25981),0.013721575882037491
ATP13A5 (344905),0.013722327159014914
KCNE4 (23704),0.013723015792420804
TNP1 (7141),0.013723646417786488
CHRNE (1145),0.013725515166644806
FYCO1 (79443),0.013728666063516333
CXorf65 (158830),0.013730107158230384
PRSS37 (136242),0.013731810860267608
GOLT1A (127845),0.013733311101086155
TSPAN13 (27075),0.013742240547171566
PRAP1 (118471),0.013749757042057548
LRPAP1 (4043),0.013758340624097958
SUMF1 (285362),0.013767600159644127
SYPL1 (6856),0.013778693285710322
PRRC2B (84726),0.013779908214458956
SLC43A1 (8501),0.013782827353539296
ZNF493 (284443),0.013784129334736364
VAV2 (7410),0.013795288031121289
HS2ST1 (9653),0.013803506948673192
SOX15 (6665),0.013804872914716442
PRM2 (5620),0.013811901849430782
TAF15 (8148),0.01381214166999667
VIL1 (7429),0.01381313894321005
GMEB2 (26205),0.013825225631649273
CNTN6 (27255),0.013832489674778372
SYT12 (91683),0.013833002852244444
RASSF3 (283349),0.013836692981497674
TRIM32 (22954),0.013837965774158805
FKTN (2218),0.013847126257334677
UNC13A (23025),0.013847721528980178
PFKFB2 (5208),0.013850531318874076
GLO1 (2739),0.01385247173589885
NPR3 (4883),0.013859726473271508
LMX1A (4009),0.013862219348102193
BSDC1 (55108),0.013862335825984957
PAX3 (5077),0.013862906702138795
MSTN (2660),0.013870950845857209
NCKAP1L (3071),0.013877328671572663
PHETA1 (144717),0.01388350582307153
OR2D3 (120775),0.013892314693093169
CAPN2 (824),0.013906108784308598
CD28 (940),0.01390615727771662
ZNF611 (81856),0.013910542512023238
ACBD6 (84320),0.01391335927765452
BAG2 (9532),0.013915005835475835
SYDE2 (84144),0.013915498020913797
MUC21 (394263),0.013915707986407932
PLIN4 (729359),0.01391673688320144
CELF3 (11189),0.013923213227221188
ZNF354C (30832),0.01393172482742658
LYSET (26175),0.01393338395444257
TELO2 (9894),0.013937963543133826
MANF (7873),0.013940889215068142
CCDC144A (9720),0.013952294409264362
ERGIC3 (51614),0.0139551568208596
SLC36A3 (285641),0.013959287741566198
IFIH1 (64135),0.013961494024090223
CACNG8 (59283),0.013971960764127656
FAT4 (79633),0.013980491801784152
MACROD1 (28992),0.01399117787686811
LRRK2 (120892),0.013992905094068009
FAM219B (57184),0.01399524823730647
SLN (6588),0.013995896074626629
SHISA6 (388336),0.013998914111703963
SPRED3 (399473),0.014003227449167783
RAB17 (64284),0.014008525453258393
LCTL (197021),0.014013224309081881
ZNF346 (23567),0.014013794455276885
BPI (671),0.014014292273360842
CHST7 (56548),0.014015107445771736
CASKIN1 (57524),0.014022465500805827
GLB1L2 (89944),0.014022506194131687
PANK1 (53354),0.014025505316581952
ZDHHC4 (55146),0.014026247123304095
LBH (81606),0.014026477197640387
TTK (7272),0.014031333366867375
ZDHHC21 (340481),0.014032045832091899
MEAF6 (64769),0.014033016287899712
TNFSF13 (8741),0.014033882664055837
MPP1 (4354),0.014041532071194475
FASTK (10922),0.014041682585589231
ARID3C (138715),0.014041825358621867
SNX33 (257364),0.014043875979684792
MCOLN1 (57192),0.014045613446351137
TNK1 (8711),0.014051019962615721
LILRB4 (11006),0.014054545933451044
CXCL6 (6372),0.01406117794935948
RNF144B (255488),0.0140616072199531
TPBG (7162),0.014068742963840716
CREB5 (9586),0.014072555890871134
ITIH3 (3699),0.014086421888052746
RAB1B (81876),0.014088162239984152
SUSD5 (26032),0.014093676638904238
GTF2H1 (2965),0.014095556203827582
ZCCHC24 (219654),0.014098422592495337
UGT3A2 (167127),0.014098618952207195
P3H1 (64175),0.014104644174579503
DUSP3 (1845),0.014111157056046863
PPP1R9A (55607),0.014112715651552192
FLT1 (2321),0.01411556190553787
EPHA4 (2043),0.014127113893207621
TOX3 (27324),0.014133588064892275
PHOX2A (401),0.014134452999102716
EML4 (27436),0.014134677320389637
PCDHA4 (56144),0.014136713427787315
NSMCE3 (56160),0.014137494970242965
COMMD3 (23412),0.014145132579775508
SLC38A5 (92745),0.014149721799357542
NDFIP1 (80762),0.014150968233920634
SLC13A1 (6561),0.014155558854059103
BMX (660),0.014160782626524567
EBLN1 (340900),0.014171387800244229
GSTZ1 (2954),0.014172312483136816
GPX5 (2880),0.014173902554782243
SH3PXD2B (285590),0.014176269582492339
CBX6 (23466),0.014182056802326894
DPYSL2 (1808),0.01419230350040829
REPS1 (85021),0.014196970284551308
NGFR (4804),0.014208808020058672
PDP1 (54704),0.014227391233928905
CREB3L1 (90993),0.014227851440937696
ZNHIT2 (741),0.014233393492775668
SMARCA1 (6594),0.014235247370540974
ABCD2 (225),0.014255783859813081
IL18RAP (8807),0.014258187486341759
GMIP (51291),0.014260578408987718
POMT2 (29954),0.01426334175124222
UBA6 (55236),0.014264708721176196
KRTAP16-1 (100505753),0.014266179206901928
APOB (338),0.014277046832090192
ANKRD1 (27063),0.014280750508958068
RHOA (387),0.014283301769364461
NAA15 (80155),0.014283854671010184
SLC22A5 (6584),0.014303397169623058
PURA (5813),0.014307998629364578
OR6C70 (390327),0.014312572763731855
RANBP10 (57610),0.014313510217165154
ISM2 (145501),0.014318296509794616
JPT2 (90861),0.014324986727801721
PTPN3 (5774),0.014330678702498087
B3GALT1 (8708),0.014341873859555375
SP8 (221833),0.014342996655678212
VTI1A (143187),0.014351967206825843
BPIFA1 (51297),0.014354347409374982
ITGAE (3682),0.01435869011699363
CA3 (761),0.014359455679960324
GALE (2582),0.014361193619853692
PALLD (23022),0.014368821207520187
TMLHE (55217),0.014377975098577004
KLRC2 (3822),0.014381816203423329
FBXO22 (26263),0.014382231858668769
CYB5A (1528),0.014384527536868913
LIMD1 (8994),0.014385671444783667
CLVS2 (134829),0.014392350150070005
ADAMTS3 (9508),0.014409710891396187
CHKA (1119),0.014415407462350203
KCNJ15 (3772),0.0144177413416914
PCOLCE2 (26577),0.0144205882024051
SNCAIP (9627),0.014423170928752092
CPA2 (1358),0.014430937380975808
C10orf120 (399814),0.014439212542974218
SSX2IP (117178),0.014439872698255956
RYR2 (6262),0.014440442428898156
FERRY3 (57102),0.014447291592006428
RAB3D (9545),0.014447399278601825
ABCA8 (10351),0.01445420995114518
ATF7IP2 (80063),0.014471626787423407
KCNJ11 (3767),0.014473806507396528
NUP50 (10762),0.01447446007526436
ZBTB4 (57659),0.014478714665808294
SLK (9748),0.014480727214070633
IQCB1 (9657),0.014481327113591718
NR6A1 (2649),0.01448208642460466
SSMEM1 (136263),0.014484828016985142
DCDC2 (51473),0.014485708519087665
ZNF160 (90338),0.014495135448870667
VCL (7414),0.014497560694631324
SLC24A5 (283652),0.014498796258932564
SMIM11 (54065),0.01450093673993967
ABI3 (51225),0.014501337354055588
LZIC (84328),0.014507682503044987
PRPF38A (84950),0.014512752475492609
SPAST (6683),0.014518939859544415
LYPD4 (147719),0.014542956298311357
TRANK1 (9881),0.01454659691561323
LXN (56925),0.014549254875439259
NRG4 (145957),0.01455721996435527
BCAN (63827),0.014563028388466449
DPF1 (8193),0.014576796783736886
NAT8L (339983),0.014577218939448966
ARHGAP20 (57569),0.01457842561103843
IL23R (149233),0.014579643604618733
ZNF707 (286075),0.014585566579683908
PRAMEF2 (65122),0.01458868041811342
PHF14 (9678),0.014592480553245529
USP31 (57478),0.01459369533621397
GRM3 (2913),0.014605694927168967
HOATZ (399949),0.014608673932880538
NTHL1 (4913),0.0146128682384306
CWC27 (10283),0.01462170545460154
GGTLC2 (91227),0.01462559888416023
ALDH1L2 (160428),0.014626739888598281
LGALS7 (3963),0.014629445271935632
ZNF483 (158399),0.01463461909697825
FBXL8 (55336),0.014635711105378152
CCK (885),0.01463680619214659
SNX17 (9784),0.014645323095514617
LUC7L2 (51631),0.014655364818181287
TIMM10B (26515),0.014655781055652019
IMPA2 (3613),0.01466779569140097
LAMC1 (3915),0.014670698640871704
MRC1 (4360),0.014672020441596106
OGG1 (4968),0.014675419537439826
HIGD1A (25994),0.014678658266676388
MBIP (51562),0.014678856281146974
MPP2 (4355),0.014690127951740087
CCT6A (908),0.014694796441551791
CYP2J2 (1573),0.014706515447768919
ETV4 (2118),0.014708371808411941
RADX (55086),0.014708597489622548
MED18 (54797),0.014724790946202092
DLG3 (1741),0.014738149718617146
NRG1 (3084),0.01473879774158006
LHCGR (3973),0.014741923252935529
SP140L (93349),0.014744072168248534
LPAR3 (23566),0.014750051051513316
TCHH (7062),0.014750101299929206
CLDN2 (9075),0.014752185714892762
PGC (5225),0.014755832741531355
CDCA2 (157313),0.014770241572400884
POP1 (10940),0.01477095551810063
RTL10 (79680),0.014772212699922313
BCL3 (602),0.014774599156656871
PLD6 (201164),0.014784356878624593
RANGRF (29098),0.014787888317688277
UNCX (340260),0.014794035194508394
MAPK3 (5595),0.014794736356346799
RINL (126432),0.014794939705141006
U2AF2 (11338),0.01479565106748384
OR6C76 (390326),0.01479666251617627
ROGDI (79641),0.014797020689552198
CYYR1 (116159),0.014806208956669934
CLEC2A (387836),0.014808408990198913
PAXBP1 (94104),0.014812537795152519
CCDC88C (440193),0.014815969536996968
ATP6V1H (51606),0.014828153695332413
PPP1R15A (23645),0.01483796707242981
CTSS (1520),0.014854645348944939
SCP2D1 (140856),0.014864339185549436
NUB1 (51667),0.014866987056153524
FRRS1 (391059),0.01487236449433876
ICAM1 (3383),0.014878720325920181
LDHAL6B (92483),0.014880429268745466
GASK1B (51313),0.014880936186075862
UBXN2A (165324),0.014887144530214108
WDR93 (56964),0.014901015721900812
ZBTB25 (7597),0.014901373953757057
LDOC1 (23641),0.014901862156847856
GBP6 (163351),0.014906022266174232
TFPT (29844),0.01490878609016981
MS4A6E (245802),0.014909621812116816
KIN (22944),0.014910412943635628
ZFPM2 (23414),0.014912046842061367
GAD1 (2571),0.014914433035124242
MYH14 (79784),0.0149205041837344
RSPH9 (221421),0.014921681406011172
VAPB (9217),0.014925112501277444
DMXL1 (1657),0.014933498019332135
CRYZ (1429),0.014939641583997229
RGS22 (26166),0.01494013099733508
ARMH3 (79591),0.0149433279401411
PIMREG (54478),0.014945245707188071
MED12L (116931),0.014952457622164128
ACAT1 (38),0.014953573562822928
UGT2B7 (7364),0.014959509885511936
VPS45 (11311),0.014962057179455314
UNKL (64718),0.014963423148854783
WNT10B (7480),0.014964214390376034
SLC26A9 (115019),0.014964690516966084
DHRS12 (79758),0.014970872630006763
ZNF324B (388569),0.014972146028979968
FBXO32 (114907),0.014973993647392849
KIF15 (56992),0.014975297439172511
MCCC1 (56922),0.014981573228639276
HRC (3270),0.014984789958227085
PLCH1 (23007),0.01498771198374394
OPN1LW (5956),0.014987871725971545
FAM181B (220382),0.014988504613249737
ZC3H11A (9877),0.0149982012388681
IKZF3 (22806),0.014999099312454457
MAB21L4 (79919),0.015003509273304549
EFCAB6 (64800),0.01500837865038698
NOX5 (79400),0.015009369773474265
OSCP1 (127700),0.01501044842335443
UBTD1 (80019),0.0150133691593671
USP35 (57558),0.015016306030074669
UBE2F (140739),0.015020378060761347
ANAPC5 (51433),0.015022876633377289
IQCN (80726),0.015030207391966355
TMEM8B (51754),0.015032311451744605
TTC9 (23508),0.015034422222150201
UTP11 (51118),0.015038213820489236
ARRDC4 (91947),0.015041415321541516
YPEL2 (388403),0.01504143884289032
SIX2 (10736),0.015042680242029234
VNN2 (8875),0.015045776929907302
TRPC3 (7222),0.015047937912809017
ZNF280A (129025),0.015054116483794145
ALDH3A2 (224),0.015058843899424296
EGFL6 (25975),0.015060595196743465
RUNX3 (864),0.015061699580596458
PYGM (5837),0.015061847184109812
ST6GALNAC1 (55808),0.015068114015769884
FAM110A (83541),0.015070313940989571
DYNLT2 (6991),0.015071810588525409
ARFGEF3 (57221),0.015072504629362148
SLC7A9 (11136),0.01507546627486525
MGAT5 (4249),0.015077069640854897
ACTA2 (59),0.015078866639562673
CABS1 (85438),0.015088353693112394
TMCC3 (57458),0.015093623149632607
NFKBIA (4792),0.01509362755613555
TTC23L (153657),0.015096824671578048
RAPGEF3 (10411),0.015098476858600508
ZNG1A (55871),0.015100544883106849
SLC10A7 (84068),0.015108656296159173
SLC24A2 (25769),0.015114143805472675
CD101 (9398),0.015117081852716934
IHH (3549),0.015118457737539677
SMARCAD1 (56916),0.015122432975714554
CES5A (221223),0.015126438882386609
BIRC3 (330),0.015141581908972223
SORCS2 (57537),0.015142001346707974
CACNA1G (8913),0.01514364072292672
MGAT4D (152586),0.015145356345020226
CTNND2 (1501),0.015150088553837326
ELN (2006),0.015150225370180058
VWC2L (402117),0.015153160170527466
DBNDD2 (55861),0.015153290990460134
KCNH1 (3756),0.015162067421643735
PCYOX1 (51449),0.01516743878393846
GSG1L (146395),0.01516946690833188
RHOBTB3 (22836),0.01516988975663048
OR2D2 (120776),0.015191440206023718
ABCB6 (10058),0.015191472522979158
ST6GALNAC5 (81849),0.01519988955941445
METTL2B (55798),0.01520506530688917
MOCS1 (4337),0.015216718229532307
HHLA2 (11148),0.01521757031094846
POTEF (728378),0.015220358366171721
MYO1D (4642),0.015230961878255322
STUM (375057),0.015231188226343149
PRR23B (389151),0.015235449194512734
CBLN4 (140689),0.015242641854377521
CD226 (10666),0.01525889321563107
PRAM1 (84106),0.015263618047273261
SNTG1 (54212),0.01526624685570583
B3GALNT2 (148789),0.015266733287460697
MLF1 (4291),0.015267748847762757
LAMC2 (3918),0.015273794510452868
PPL (5493),0.015276279169206462
TMEM262 (100130348),0.015281201201046727
TMEM121 (80757),0.015281477299953564
AREL1 (9870),0.015291424999150408
AGL (178),0.0152955716939234
OR2W1 (26692),0.015298267416983471
NDRG4 (65009),0.01529843882220572
PRR16 (51334),0.015299163182057676
LANCL1 (10314),0.015307551368698423
TMPRSS12 (283471),0.01531979845571136
FASTKD3 (79072),0.015330729598774118
SSX3 (10214),0.015338639978576941
DNHD1 (144132),0.015347118867388461
SMCR8 (140775),0.015351338472007698
GLUD1 (2746),0.015354929059387217
NOL4 (8715),0.015358910005698464
PPP2R2B (5521),0.01536471344690735
TMCO1 (54499),0.015366181173943717
LPP (4026),0.015368382216243004
MSANTD4 (84437),0.015369348110516354
FAM234A (83986),0.015370102016322577
EMC3 (55831),0.01537121772688488
EDNRB (1910),0.015379260717241649
TAS2R39 (259285),0.015380646710075233
TRIM47 (91107),0.015381221847347484
CLEC4A (50856),0.015382727232735366
AP1AR (55435),0.015383643576127686
CLEC1B (51266),0.015386470178636934
CCDC146 (57639),0.015391424566497326
TRIM25 (7706),0.015391482564568338
PLEKHF2 (79666),0.015391643308237559
PPFIBP1 (8496),0.015395339764780462
EEF1AKMT3 (25895),0.01540197527388269
GBX2 (2637),0.015407297497582831
EPHB3 (2049),0.015409699112034042
FSD1 (79187),0.015412387455250521
ACSBG1 (23205),0.01541277309891604
ZBTB5 (9925),0.015416710379020895
M6PR (4074),0.01542212631066151
SETDB2 (83852),0.015428620096080129
GSTM2 (2946),0.015429553911337041
GCSAML (148823),0.015430135417299193
OR52E2 (119678),0.015435899691386241
APEX1 (328),0.015436674925349565
ZFP62 (643836),0.015451397832016617
NT5C (30833),0.015454273673352092
TMEM11 (8834),0.015457017292942082
USH2A (7399),0.015459513041086819
SPATA6 (54558),0.01547486163615854
DNAJC13 (23317),0.015479066989339194
MOSPD3 (64598),0.015487581382552603
KCNK15 (60598),0.0154887659604637
LEMD3 (23592),0.015490061992074686
SPDL1 (54908),0.015491047459436887
SUN1 (23353),0.015503948357105933
NLRX1 (79671),0.015504095872538344
ZNF573 (126231),0.01550800915210655
CNOT6 (57472),0.015509619533531735
PCDHAC1 (56135),0.015513497886860832
JAG2 (3714),0.015521426049336538
PRKCD (5580),0.015522845433499003
CSNK1D (1453),0.015524158397710536
PCYT1B (9468),0.015529571932794521
NOS1 (4842),0.015530860869623348
ALG10B (144245),0.015533039104292634
POU4F3 (5459),0.015537061263968933
RAB8B (51762),0.015538045021037571
OPRD1 (4985),0.015557245307764396
TMEM248 (55069),0.015561003437991721
CNTNAP4 (85445),0.01556254370707252
KMO (8564),0.015563601505549614
NIPSNAP3A (25934),0.015565480672266282
GPR176 (11245),0.01556776074887951
LILRB3 (11025),0.01557107101355565
OR5T3 (390154),0.01557424348770234
IL21 (59067),0.015576722023112461
AQP8 (343),0.015592299205051938
GPR37 (2861),0.015594460653236341
IDH3G (3421),0.015598766089736057
TYW3 (127253),0.015599172858346874
DAPK1 (1612),0.015607970181129884
SERPINB8 (5271),0.015611583663340546
OR1J2 (26740),0.015612230025137504
NALCN (259232),0.01561620731794602
DBH (1621),0.015622315822648756
REG1B (5968),0.015623358575163102
TNNT3 (7140),0.015625665673944515
NDST4 (64579),0.01562633927333572
TWIST2 (117581),0.015629258395079476
NFIC (4782),0.01563067412759369
DHRS7B (25979),0.01563094879706425
RHOV (171177),0.01563662727835801
HERC1 (8925),0.0156368183328812
NUP188 (23511),0.015637061006964457
UBE2Q1 (55585),0.015646897854181767
SNRNP48 (154007),0.015653186762875394
JCHAIN (3512),0.01566007487591776
KAZALD1 (81621),0.01566077768413473
IFI27L1 (122509),0.015662763312938466
KCNJ5 (3762),0.01567669439213339
MSANTD1 (345222),0.01568196398250366
GAP43 (2596),0.01568403350304525
C22orf31 (25770),0.015687592931828212
GRK4 (2868),0.015688840333029887
MS4A4A (51338),0.015694075023609
ARHGAP32 (9743),0.015694797104542475
LIMK1 (3984),0.01570056490851548
KDM3A (55818),0.015704514165990537
BPTF (2186),0.01570745564283009
TMPRSS11A (339967),0.015709704814785938
APBA2 (321),0.01571183855489519
FZD6 (8323),0.01571264318561526
TRIM4 (89122),0.015713999471339783
SCRN1 (9805),0.015722994166522775
RCN3 (57333),0.015725462026280668
SHPRH (257218),0.01572604037799393
CCDC117 (150275),0.015726450364030718
RPRD1A (55197),0.01572883551404983
SLC6A19 (340024),0.01572973537358024
PIWIL3 (440822),0.015733156455926656
TSHZ3 (57616),0.015737749505629627
CCT4 (10575),0.015762476236081117
CPN1 (1369),0.01577184439601944
C19orf67 (646457),0.015777195036976277
NANOS1 (340719),0.01578413209854695
TARDBP (23435),0.015788910278595684
ALB (213),0.015788965522992002
FGF19 (9965),0.015789362083587343
CST8 (10047),0.015791850497994576
RUNDC3A (10900),0.015796593065519098
CHST4 (10164),0.01580052787439999
KAZN (23254),0.015804392780424236
APLP2 (334),0.015807812168750074
THAP3 (90326),0.015814171882086586
CPEB4 (80315),0.015814911229823668
GRAMD1B (57476),0.015824274791557572
ARL14EP (120534),0.01583050546096207
SLC18B1 (116843),0.01583642626784553
SULT6B1 (391365),0.015837543522457486
HSBP1L1 (440498),0.0158379617235093
FHIP1A (729830),0.015852502221463914
ACAP1 (9744),0.015854933921894198
ACTN2 (88),0.01586004592741091
STUB1 (10273),0.01586451946781751
GLI3 (2737),0.015866131422087877
ATP6V0A1 (535),0.015868334114594512
LANCL2 (55915),0.015869212473237
CREBL2 (1389),0.015875850419145777
DPP3 (10072),0.01587639568182894
ARHGEF1 (9138),0.015883621461248745
HDAC8 (55869),0.015887061595870423
OR6A2 (8590),0.015894686015729825
ESYT1 (23344),0.01589897331451607
CPNE9 (151835),0.015900211550704806
PTPRT (11122),0.015900693761108083
SLC2A10 (81031),0.01590110355793373
SLC44A4 (80736),0.01592051973758507
TRH (7200),0.01592394875011614
ZNF23 (7571),0.01592409535809017
USP30 (84749),0.015929275296580087
ABCC2 (1244),0.01593068852746166
CYP4A22 (284541),0.015935081794721154
RAD9B (144715),0.01593856849123831
PRMT6 (55170),0.01594091985632724
CHRNB1 (1140),0.01594357803756665
OTUD6A (139562),0.015951948451450818
RAG1 (5896),0.015957136442957837
HTR2B (3357),0.015960392802018043
B3GNT2 (10678),0.01596626928077184
RAC3 (5881),0.015974455990065018
LIPK (643414),0.015975271355835152
TESC (54997),0.015980806998354222
FRMD7 (90167),0.015984005962460975
SPP1 (6696),0.01598538286355708
LAIR1 (3903),0.015987320879076665
MARCHF10 (162333),0.01598805107431904
TMEM223 (79064),0.015991023831455457
EPM2A (7957),0.015995143588264985
TRIM8 (81603),0.01599522660419213
CHRNA1 (1134),0.01599820725678043
ZSCAN23 (222696),0.016005348912292057
NUDT2 (318),0.016007438789321454
SERPINA4 (5267),0.016011288156663087
NDUFS6 (4726),0.016013788147155674
CLCA2 (9635),0.01602301533420546
RNF139 (11236),0.01602535717416435
ACE2 (59272),0.01603115930737173
RFWD3 (55159),0.016031714631663276
RIPK1 (8737),0.01603896538422386
PLCL1 (5334),0.016040995248831184
ITGA11 (22801),0.01606311446790677
ZNF462 (58499),0.01606974126010097
VWA8 (23078),0.01607028087572273
MMP3 (4314),0.016070884695610518
ADAM28 (10863),0.016078120223593884
COX6B2 (125965),0.016079564564539885
ALG3 (10195),0.01608169672322493
PSEN2 (5664),0.01609299189438443
PHAF1 (80262),0.016096607800266123
SPATA2 (9825),0.016102117362895633
OSBPL5 (114879),0.01610937781791295
PPP1R3D (5509),0.016109821520300154
MBNL1 (4154),0.01611824472139423
RDX (5962),0.016119445101655836
HSPA12B (116835),0.016125820611365572
TNR (7143),0.01612674226505072
KRT4 (3851),0.01613005839035369
N4BP1 (9683),0.016132878281586785
SNX22 (79856),0.016139178365474054
GAS1 (2619),0.016139831946985837
TMEM141 (85014),0.016146781109190194
RAB40A (142684),0.016154107964288254
PILRA (29992),0.016156863548000777
GRIA2 (2891),0.0161571585370805
VPS26B (112936),0.01616188315393794
DSG1 (1828),0.016165273304432626
FUT7 (2529),0.016166251120888476
KY (339855),0.016167548851822783
LCLAT1 (253558),0.016170359225469694
IL20 (50604),0.01617365647557815
PCSK1 (5122),0.016181483310736374
ATP8B1 (5205),0.016187446686135084
CPXM1 (56265),0.01618980487563157
TSC22D1 (8848),0.016193167995134494
CAMSAP1 (157922),0.016198933435788716
GAD2 (2572),0.01620882202949954
QPCT (25797),0.016217066902381953
CAMK2N2 (94032),0.016219332051879164
SGK2 (10110),0.01622453478294528
LIN7C (55327),0.016235424700323624
SPSB1 (80176),0.01623830377195706
FBXO8 (26269),0.016239567464792465
MAP3K6 (9064),0.016246285131130373
HSD17B8 (7923),0.016249851998824342
PRAC1 (84366),0.016254229538420383
IKZF2 (22807),0.01626680791381828
CYP11B1 (1584),0.016267479918422204
GDA (9615),0.016282061084540417
VPS37D (155382),0.016285835863187593
PTTG1IP (754),0.016286960844925973
PDK3 (5165),0.01628713856010704
BANF1 (8815),0.0162872287779007
FBN3 (84467),0.01630247973698093
DCAF4L1 (285429),0.016302552383499293
PCDHGC4 (56098),0.016306147971646045
POLI (11201),0.01632215264677079
RTL5 (340526),0.016327991925129934
KTN1 (3895),0.016329271312562853
PRKAA2 (5563),0.01633796787372045
ZNF587 (84914),0.0163386498331461
CHD8 (57680),0.01634161168902651
CLNK (116449),0.016345954526158592
PCED1A (64773),0.0163504413102136
G3BP1 (10146),0.016359929102361944
PDE3B (5140),0.016360356679240545
MCRIP1 (348262),0.016367927894913262
HID1 (283987),0.01637527838040519
CENPM (79019),0.016377918347765835
EPRS1 (2058),0.01637837221982668
TRMO (51531),0.01637863205550939
TMEM129 (92305),0.016379252810696847
TENT4B (64282),0.01638234046221606
SAMHD1 (25939),0.016385036857862616
OR51T1 (401665),0.01638757893533465
OR51A4 (401666),0.016389963576390585
UNC119B (84747),0.016393152617365802
ISOC1 (51015),0.016404127384105717
CIMAP1B (440836),0.016408495984853277
CCDC97 (90324),0.016418563729169933
USP21 (27005),0.016424960373084656
KBTBD2 (25948),0.016427914114736663
SLC24A4 (123041),0.01643125795366517
ZCCHC3 (85364),0.016433169746173617
PPP2R5D (5528),0.016435936382336706
DNAJC4 (3338),0.01643860266748163
C3orf33 (285315),0.01644147509253311
NKX6-2 (84504),0.01645512761942905
TNNT2 (7139),0.016455619851835378
NMS (129521),0.016455724691492434
ADGRE1 (2015),0.016457441938005895
LHX6 (26468),0.016460135801650188
NOSTRIN (115677),0.01646580079332632
MICU2 (221154),0.016466755793347575
LRRC27 (80313),0.016467207059816958
ECEL1 (9427),0.016467638615186814
RNF123 (63891),0.016468595003567413
SOX11 (6664),0.01646912417568903
NEUROD6 (63974),0.016469700272915378
MAP3K13 (9175),0.016470786780146046
OLIG1 (116448),0.016472197485011265
CRTC1 (23373),0.016473118116839564
FBXW8 (26259),0.016480075285560416
P3H4 (10609),0.01648289512690892
KCNA2 (3737),0.016488241247374934
CRYAA (1409),0.01648893428930485
CLDN1 (9076),0.016491207957298516
DAAM1 (23002),0.016491902104552283
CCDC166 (100130274),0.01649227149820123
OR4K1 (79544),0.01650063945248642
TRDMT1 (1787),0.01651694450212545
EPCAM (4072),0.016531426889656312
CDYL (9425),0.016539857456655763
TCAP (8557),0.016543827229120834
DGKQ (1609),0.01655028591555049
ARHGAP26 (23092),0.01655780165036935
ADGRV1 (84059),0.01656023894144615
FN3KRP (79672),0.016562072985719215
FIGLA (344018),0.01656499650919755
TGFBR3L (100507588),0.016565718471050598
NPHP1 (4867),0.016572493940038124
TRA2A (29896),0.016573955950266343
GAS7 (8522),0.01657524161461522
RO60 (6738),0.01657877819161427
RFESD (317671),0.016581371329591154
CCDC8 (83987),0.01659188672712719
RFX4 (5992),0.01659553913214017
HAL (3034),0.01659683133639709
CNTN2 (6900),0.016599430699593812
HPSE2 (60495),0.016605536378564628
NEXN (91624),0.016606600349017474
MAGEF1 (64110),0.016607508425428404
ZNF613 (79898),0.016613952877641735
GRM2 (2912),0.016621432574909046
HDAC4 (9759),0.016622054286492743
MC2R (4158),0.016631916078206105
TMEM119 (338773),0.016632527054571185
CSF1R (1436),0.01663269550020667
TMEM131L (23240),0.01664463279210472
GRK3 (157),0.01665208262052636
CYP26B1 (56603),0.016654524890106544
SCN3A (6328),0.01665736818362692
ASAH1 (427),0.016661190789715754
AGMAT (79814),0.016661411375593266
CACUL1 (143384),0.016662068325893935
ASB17 (127247),0.016665919536267
SERPINB5 (5268),0.016667160130044094
ZNF805 (390980),0.0166741835549204
CILP (8483),0.016674912163222245
HERC2 (8924),0.016677110435955572
HOOK2 (29911),0.016677980018058546
ZNF438 (220929),0.016681415374373957
CARD9 (64170),0.016686807979906647
MPO (4353),0.016701085626324032
ERRFI1 (54206),0.016702609901522135
GRM7 (2917),0.01670378159641855
ERI3 (79033),0.016706879144821673
BTRC (8945),0.01670881984983172
HAS3 (3038),0.016712527500618107
NKTR (4820),0.016714768090830633
RASSF8 (11228),0.01671624536227623
IGFLR1 (79713),0.0167182134269889
COL4A2 (1284),0.01671888582028515
MLC1 (23209),0.01672511215754219
AKAP4 (8852),0.01672678672323382
COL21A1 (81578),0.01672845072742015
HOOK1 (51361),0.0167314871599477
ZNF586 (54807),0.016732108734921505
OR13J1 (392309),0.016738226568130194
TMEM235 (283999),0.016738728423940058
PLD1 (5337),0.01674567361398696
USP22 (23326),0.016748995283429987
GNAI2 (2771),0.016753991014932197
MAP3K11 (4296),0.016756200925708904
ALOX15B (247),0.01676373501351694
C8orf88 (100127983),0.016772558332993247
CEACAM3 (1084),0.016774960259548742
GRAP2 (9402),0.01677841134518327
ASCL4 (121549),0.016784338842873427
SLC4A9 (83697),0.016786956327588556
OLFM2 (93145),0.016788081624094054
C19orf53 (28974),0.016788428251629555
WSB2 (55884),0.01678999327982076
GOLM1 (51280),0.016793907594200786
NLRP3 (114548),0.016794241703754792
OR52K2 (119774),0.01679774066053725
RAB41 (347517),0.016805651157013542
IMMP1L (196294),0.016814229099055812
DEFA6 (1671),0.016814539601733024
FUT3 (2525),0.0168188377870229
RAB11FIP1 (80223),0.016819177467308707
PANK3 (79646),0.016820985539650325
MAMLD1 (10046),0.01682194562891776
CPD (1362),0.01682363911921513
LAPTM4B (55353),0.016824115554984368
MRTFA (57591),0.01683484060079304
CLCN1 (1180),0.016835389806326817
TAS2R4 (50832),0.01685824945811604
INTS8 (55656),0.016860172624699216
DDIAS (220042),0.016860856100426556
ADGRB2 (576),0.016862780333134427
SEC14L2 (23541),0.01686288213255421
PAPOLA (10914),0.016865114976592696
HIGD1C (613227),0.016868581210167197
C1QL3 (389941),0.016870892683289788
SLC35B3 (51000),0.016880314405212815
PRMT7 (54496),0.01688119519028587
GADD45G (10912),0.016884300188896563
SHC1 (6464),0.016885001701957527
JMJD1C (221037),0.016896855908497738
AP1B1 (162),0.016898880153638336
ERC1 (23085),0.016907214437525984
SPMAP1 (388381),0.01690735398609019
OR11L1 (391189),0.016917271079807453
STS (412),0.01691892722240036
PFN4 (375189),0.01692229258617354
FHL3 (2275),0.01692583521762042
POLR3GL (84265),0.016930186456971218
SLC15A3 (51296),0.016935923248620602
AKR7A3 (22977),0.016941457269139884
EHHADH (1962),0.016944257966764676
DGCR8 (54487),0.01694603986440741
APTX (54840),0.016946852622997177
LAMP3 (27074),0.016949427929939444
KDM7A (80853),0.0169662832568683
OTULIN (90268),0.01696799161724349
ERI2 (112479),0.016973358486848562
ABCB1 (5243),0.016976904004319348
ZNF839 (55778),0.016978399465460706
STRC (161497),0.01698517551217138
NPBWR2 (2832),0.016998626678374994
ASCL2 (430),0.0170002801786985
HSPH1 (10808),0.017004338608001046
ARHGAP35 (2909),0.017018843138358684
DAW1 (164781),0.01702139597336979
ZFP90 (146198),0.017024775093858725
CDK14 (5218),0.01706170921768252
TRAF3 (7187),0.0170742960623655
ZP4 (57829),0.017079952910267735
OR4C12 (283093),0.017080411510852923
AMT (275),0.017086351461363086
PDE2A (5138),0.017087374446935234
FJX1 (24147),0.01710154809917378
GFI1B (8328),0.01711179776638197
ZKSCAN2 (342357),0.017112238494665765
ST7L (54879),0.01711402224189111
TMPRSS11F (389208),0.017123686376639403
C9orf40 (55071),0.01712481528264874
TBC1D5 (9779),0.017127807369232733
OR51Q1 (390061),0.01713372348080728
RBM15B (29890),0.0171368509748225
CAMSAP3 (57662),0.01714018817410361
CROT (54677),0.01714943916198245
SOCS7 (30837),0.017154791656930176
SORD (6652),0.01715552097769752
CNNM3 (26505),0.017161492587355814
AQP6 (363),0.017163227406734347
JPH1 (56704),0.017167867912589774
QPRT (23475),0.017172316073463322
CES1 (1066),0.017174384959149917
RPS6KC1 (26750),0.017180293690420255
KCNB1 (3745),0.017184076652272756
CYB5D1 (124637),0.017190083586695482
FEZF1 (389549),0.017201689681274522
STMP1 (647087),0.017204757169320472
PPIC (5480),0.01720637930495874
BPHL (670),0.017209421020992873
DYNLRB2 (83657),0.017209557216690347
DCAF4 (26094),0.0172100728359578
VSTM2B (342865),0.017210166034713384
PDGFD (80310),0.017212535927943088
KRTAP20-3 (337985),0.017213204011121433
APOO (79135),0.017216002317866554
KIF1B (23095),0.017219808771177143
SPANXB1 (728695),0.01722014455408339
SEMG2 (6407),0.0172234355417047
MSL3 (10943),0.01722931636817969
SERP1 (27230),0.017230478211214425
PCDHB8 (56128),0.017230825004320282
DZANK1 (55184),0.017235686175230323
PRM1 (5619),0.01723961993376716
NPB (256933),0.01724112479180549
LAD1 (3898),0.01725396467635937
TMEM190 (147744),0.017263819182761347
SLC39A3 (29985),0.017265437805744303
LPAR6 (10161),0.017270459734557847
CKLF (51192),0.01727135491211132
TSEN2 (80746),0.017272091644483793
MAB21L2 (10586),0.017273963951059127
KRTAP9-9 (81870),0.017278431971833572
TAS2R40 (259286),0.01728465899308327
ANKRD33B (651746),0.017285160277409634
RNF19A (25897),0.017289570815528944
ABCB4 (5244),0.017295524545962192
HACE1 (57531),0.01729752127478642
DIPK2B (79742),0.017301091394928907
CD1C (911),0.01730262003380896
ZNF304 (57343),0.01730323042824421
TFR2 (7036),0.01730432351369462
HAGHL (84264),0.01730918588756879
CAMKMT (79823),0.017311223067719313
SLC52A3 (113278),0.017316879904509298
AFF2 (2334),0.0173203669229845
OR4F15 (390649),0.017325962007849163
WASHC4 (23325),0.01732675431294342
PHOSPHO1 (162466),0.017331370692080596
OR2J2 (26707),0.017332832749497054
DCPS (28960),0.01733639672058721
RNASEH2C (84153),0.01735022607607484
TEX19 (400629),0.01735610586923936
MTA3 (57504),0.01735723175526405
ADD3 (120),0.017357404979202854
SERPINB6 (5269),0.017370527382958717
KIF9 (64147),0.017371347812438546
CYP27A1 (1593),0.01738085139152721
CHRNB2 (1141),0.01738746306589454
LONRF3 (79836),0.017390164282582818
IGF2BP2 (10644),0.017398972115549895
HPCAL4 (51440),0.017400664370530557
EML3 (256364),0.017404983300943998
UPP1 (7378),0.017407817021386256
CELA3A (10136),0.017408978876766977
C2orf15 (150590),0.01741611974362983
MYLK4 (340156),0.017433977861275703
RPGR (6103),0.017436282844422685
KIAA1958 (158405),0.01744894575083882
ZNF330 (27309),0.01745212579001237
CPS1 (1373),0.017454847572479944
EPB41L3 (23136),0.01746561544070323
TASL (80231),0.01747334386749251
TMEM184B (25829),0.017480296323915602
HTR5A (3361),0.01748058148572284
LMF2 (91289),0.01748465789856766
MDM1 (56890),0.017488136188802576
KCNQ5 (56479),0.01748886891669329
RTRAF (51637),0.017492507801329348
F2RL3 (9002),0.017505636849874356
LPIN1 (23175),0.01751070828887639
CHURC1 (91612),0.017511823575658753
KRTAP5-5 (439915),0.017513324279748686
DEPDC1B (55789),0.017514738308249907
PAX6 (5080),0.017519415217034758
AMIGO3 (386724),0.017520197774512428
THSD7A (221981),0.0175219164810563
GDF10 (2662),0.01752763425307431
GDF15 (9518),0.017529713157399148
AFF1 (4299),0.01752990286569881
C16orf74 (404550),0.0175391507044067
GUCA1ANB-GUCA1A (118142757),0.017543432026171618
ATL3 (25923),0.017545298073121413
FEZF2 (55079),0.01755255150972382
TMEM135 (65084),0.01755563137623706
PLCXD3 (345557),0.01756074147192873
ZBTB1 (22890),0.017563605750739383
CEACAM1 (634),0.017564271593190434
YTHDF2 (51441),0.017565023263462532
ADAMTS8 (11095),0.017567300311387934
SLITRK2 (84631),0.017570527263582523
FAM180A (389558),0.01757123635351373
POLR2K (5440),0.017586129520019388
C10orf53 (282966),0.017596564211293658
SENP5 (205564),0.017597250074873765
RMC1 (29919),0.017597773560609094
DDX10 (1662),0.01759844510754946
ZNF107 (51427),0.017608138466258562
TGOLN2 (10618),0.017611267427669962
INSYN1 (388135),0.017613149435568326
DRD2 (1813),0.017613541582849692
PBK (55872),0.01761754573753148
ANKZF1 (55139),0.0176202378250561
EPS15 (2060),0.0176247551651718
SPA17 (53340),0.017626567519682515
CASK (8573),0.01763782549932127
UAP1 (6675),0.017643173238827393
ERBB3 (2065),0.017651811056782575
ZNF142 (7701),0.01765453317355314
RARRES2 (5919),0.017655071590531854
VIP (7432),0.017665877131612457
NPTX2 (4885),0.01766734058955546
GALNT3 (2591),0.017673382189651952
SLC6A4 (6532),0.017673603013428362
BMP5 (653),0.017678268767712734
TEX38 (374973),0.017682088019320773
FBXL17 (64839),0.017682599840478014
THNSL1 (79896),0.017687069754187545
HTN3 (3347),0.017692840865495277
CHRM2 (1129),0.017697963724669637
EPHX2 (2053),0.01769864094875317
PRPH (5630),0.01770271379038338
ORM2 (5005),0.017704783163807684
MYNN (55892),0.017710745620545285
SMCP (4184),0.017720658503723924
ART1 (417),0.01773057235387374
SNTN (132203),0.017735438573905124
ZNF585B (92285),0.01773585636496036
FOXL2 (668),0.017737470792075903
CTCFL (140690),0.017741068143923542
GNB4 (59345),0.017745113987509657
CASP3 (836),0.017749705495311727
SYT9 (143425),0.017751354210174257
DOCK8 (81704),0.01775765005045555
F8 (2157),0.017766650886579236
GPR182 (11318),0.017769656490244527
CLEC1A (51267),0.017772072936844935
MYLK (4638),0.017782616037463252
FN1 (2335),0.01778561379539768
ZNF414 (84330),0.017791529524732844
SPSB4 (92369),0.017794323317743662
GAL3ST3 (89792),0.017794458050059886
SPATC1 (375686),0.017795987136028382
BTBD6 (90135),0.017806127494142607
PRLHR (2834),0.01781006344878799
GRTP1 (79774),0.017813266228002885
TM9SF4 (9777),0.017814112656361382
PAPOLG (64895),0.01782066141708987
PCK1 (5105),0.01782887551289437
NRXN1 (9378),0.017845681366510296
PGM1 (5236),0.017850157462660277
TSPYL1 (7259),0.01785704412017077
LUM (4060),0.01786854000857343
ADGRE2 (30817),0.017876212191045973
CTTNBP2NL (55917),0.017881116175418994
PML (5371),0.01788276053111087
MMADHC (27249),0.01789323860154091
ZNF157 (7712),0.017898600743149654
MINAR1 (23251),0.017904692323187
CMYA5 (202333),0.01790621592719444
GLRA3 (8001),0.017907746610891416
C9orf153 (389766),0.017910182960988782
RNF125 (54941),0.017910672434901083
PPP1R3A (5506),0.017914089706123463
ZNF593 (51042),0.017914457534369255
C19orf47 (126526),0.01791629804956675
RAPGEF2 (9693),0.01792735328621648
TEC (7006),0.017931103541423937
GPR4 (2828),0.017932810926432265
TTC17 (55761),0.017939773102309417
ZNF841 (284371),0.017941046224271392
CEP164 (22897),0.017941120176420734
SLC26A4 (5172),0.017941672742963967
TMEM161A (54929),0.01794680184534281
OR7A17 (26333),0.017952943613545456
ASAP1 (50807),0.01795703764146363
GRIN3A (116443),0.017958770030051502
SAP30L (79685),0.01796382781131941
SP4 (6671),0.017969447770072592
WDR59 (79726),0.01797462204354748
OR13H1 (347468),0.01797737374981598
RIMS4 (140730),0.017978187565748628
GPR82 (27197),0.017983138944203305
ZSWIM5 (57643),0.017990600688277788
DAB2IP (153090),0.01799320814369005
SMOX (54498),0.017993540055462342
CCDC171 (203238),0.017994034537940358
DRGX (644168),0.017999945383932542
AZIN2 (113451),0.018006816410092073
OR8B8 (26493),0.018010376479553957
RAB40AL (282808),0.01801056356990848
TEDDM1 (127670),0.018028078640306474
NMI (9111),0.018028642398002587
IDI1 (3422),0.018054755122220472
MBL2 (4153),0.018064781205899702
ICOS (29851),0.01807154856218928
GABRA1 (2554),0.01807212236127401
TRPS1 (7227),0.018085591220103826
KHSRP (8570),0.01808904619082159
TTLL4 (9654),0.018093957188003846
METTL22 (79091),0.01809712753719645
ATP8A1 (10396),0.01809992081239352
ZNF765 (91661),0.018101547392418794
JAKMIP2 (9832),0.0181031094204973
CABP5 (56344),0.01810607530615223
NCOA3 (8202),0.018106105768623506
PIKFYVE (200576),0.018121479790440476
ITGB5 (3693),0.01812397199358649
AASS (10157),0.018125755286829946
TIMP1 (7076),0.018126685118859162
CBS (875),0.018128812791426543
HIKESHI (51501),0.018132860480708165
TMEM182 (130827),0.01813538779530739
IGF2BP3 (10643),0.018140515390234133
FCAR (2204),0.01814172862265276
NR1D1 (9572),0.01814904650575485
PACSIN1 (29993),0.018149586806794776
GPR75 (10936),0.018151505013513414
ZYX (7791),0.018159410902461117
MS4A6A (64231),0.018163386990442187
LSMEM1 (286006),0.018173009026482553
JAM3 (83700),0.018182664052895516
KCNJ4 (3761),0.018190328789003306
WNT8A (7478),0.018199960914514302
RGS11 (8786),0.018213028448442463
HTN1 (3346),0.018214990002755477
PHC2 (1912),0.018218823666760624
FAM3C (10447),0.018223186632765457
LRP2BP (55805),0.01823599753193086
RAB11FIP2 (22841),0.018242554647674374
SEMA6D (80031),0.018253356375013886
MARF1 (9665),0.018254008102580946
PCDHGA8 (9708),0.018264269398631235
CBFA2T3 (863),0.01826635175727911
ZNF154 (7710),0.018266790135234058
MUC22 (100507679),0.01827155284675663
ZNF165 (7718),0.018277185960527277
STAT5B (6777),0.018278858934111224
ZNF665 (79788),0.01828582093159268
ZNF648 (127665),0.01828740418544381
OR10H1 (26539),0.018304688556891612
MIEF1 (54471),0.01830659901348102
LPO (4025),0.01830913099171543
CEACAM4 (1089),0.018309419175357788
COL20A1 (57642),0.018309428319544498
TSHZ2 (128553),0.018318861659536615
SP9 (100131390),0.01831910218735807
WNT5A (7474),0.018332434085386363
MXD4 (10608),0.018340448976492178
PUM1 (9698),0.018354286292650967
MICALL2 (79778),0.018354314755341394
OR6B2 (389090),0.01836051501361662
OR7E24 (26648),0.018365712034953154
THSD4 (79875),0.018373112542314374
DNAJC16 (23341),0.018378468303258736
FUNDC2 (65991),0.01838159337435059
SPINT4 (391253),0.01838213516357984
BMP6 (654),0.018386457786138177
IKBIP (121457),0.018395379688663005
CD22 (933),0.018395640298083837
RWDD4 (201965),0.018401359820007353
NFIL3 (4783),0.018411839324603815
DISP3 (57540),0.018417754514259487
HILPDA (29923),0.018424358832218986
TNNI3K (51086),0.018425370755334774
GRIK5 (2901),0.01843262553640001
LMO2 (4005),0.018436385182665795
SNX20 (124460),0.018443750566534654
PARVG (64098),0.018449775788551483
SEC22C (9117),0.018460155905107693
YIPF6 (286451),0.01846479704071952
TMEM196 (256130),0.01847001706255328
SMYD2 (56950),0.018482335483968576
C21orf91 (54149),0.018482599543246592
DSG4 (147409),0.018488396351225865
IL15RA (3601),0.018488698212022012
PLXND1 (23129),0.018497851924674333
ADRB2 (154),0.01851268516786214
SLCO1B3 (28234),0.01851407316730067
TGIF1 (7050),0.01851882171061658
TEX14 (56155),0.01852644486913262
ZNF532 (55205),0.018529835585338158
EXD2 (55218),0.01855391695030682
DNAJC18 (202052),0.018558469567494455
DHX58 (79132),0.018559878393566463
AADACL3 (126767),0.018576033935584765
ZMPSTE24 (10269),0.01857717551146475
CFHR5 (81494),0.018584157525032684
RAP2A (5911),0.01858580580064041
TENT5C (54855),0.01858941932294203
CTSC (1075),0.018591258561655027
AKR1A1 (10327),0.018594433885025435
PRSS3 (5646),0.018599190053996177
C1QL4 (338761),0.018600939877860906
TIGIT (201633),0.018604362114896283
METTL24 (728464),0.01860657257013358
ZNF563 (147837),0.018623495648179736
PDHX (8050),0.01862845464719293
RCSD1 (92241),0.018634837535658155
RNF223 (401934),0.018636328548141016
HEXA (3073),0.018640477302279534
SPN (6693),0.01864132706986173
GRXCR2 (643226),0.018646862269276795
SGIP1 (84251),0.018656591239252944
CNTNAP3 (79937),0.018658034637271226
TMBIM1 (64114),0.018667563956784
STX3 (6809),0.018669256433225256
WFDC1 (58189),0.01866976369759094
DEFB112 (245915),0.018673964026075848
EIF4A2 (1974),0.01868356022434584
CLCF1 (23529),0.018686827441362294
SUGP2 (10147),0.01869097294877495
LYPLAL1 (127018),0.018693134811281095
FAM131A (131408),0.018696146176789913
REV1 (51455),0.018701390958685702
C21orf140 (101928147),0.018702814029158427
C8orf74 (203076),0.018703623500972905
NUDT14 (256281),0.01871300167051117
SLC35E3 (55508),0.01871723711699329
RD3L (647286),0.018719291039258845
LCE3E (353145),0.018729362906754834
TKFC (26007),0.01873512334920531
SLITRK4 (139065),0.018749336078801776
RAD51AP2 (729475),0.01874960681405603
EGR2 (1959),0.01875027105035223
TTC38 (55020),0.018761632152434767
OR1L6 (392390),0.018768303060882043
MC4R (4160),0.018773495448723084
SELENOS (55829),0.01881170019832496
AGTR2 (186),0.01881683078878413
ARHGEF10L (55160),0.01882482638444811
ASAP2 (8853),0.018832875338199728
MGST2 (4258),0.018838463773738143
ALG10 (84920),0.01883939694911679
LORICRIN (4014),0.01884308804075285
ICAM3 (3385),0.01884591214231359
DIXDC1 (85458),0.01885315101567074
TOR1A (1861),0.018855303416315722
HDHD3 (81932),0.018864784612774844
SLC41A2 (84102),0.018866805488421855
SLA (6503),0.01887747907838239
NTS (4922),0.01888259097659384
SMAD2 (4087),0.018890689281854157
HGH1 (51236),0.018896407691684578
ABHD17B (51104),0.018904957186384404
DCUN1D5 (84259),0.0189269169884502
LHX8 (431707),0.0189324047666595
CFAP157 (286207),0.018952822220328694
ECE2 (9718),0.018953596971049074
GCDH (2639),0.018959807865639174
REEP1 (65055),0.018969434789808524
DYNLT2B (255758),0.01898819025923576
PTPRB (5787),0.01898900691936085
LDHB (3945),0.01898936469058055
SELENOV (348303),0.018991064897967
GPX3 (2878),0.01901506579992478
NAP1L1 (4673),0.019017512891734187
KRT6B (3854),0.01902289296345159
USP25 (29761),0.0190273364173258
ZBTB21 (49854),0.01902808609047296
KRTAP25-1 (100131902),0.019034084364000795
EIF5A2 (56648),0.019038994287657724
CCR2 (729230),0.019049921048167176
MARK3 (4140),0.019055121185029514
SLAMF6 (114836),0.01905663742970367
CFAP97 (57587),0.01906041397358979
MNT (4335),0.019062417100921224
PITPNM2 (57605),0.01906309934679542
GPR151 (134391),0.01906452598492745
BROX (148362),0.019066760595686565
XPC (7508),0.019068660085186772
MYL4 (4635),0.01906876502627523
GAB3 (139716),0.019069407295965447
TEX44 (165100),0.01906976565269849
CYLC2 (1539),0.01907088435093628
RIC8B (55188),0.01907172229245167
TFAP4 (7023),0.019074543087838892
TRIB2 (28951),0.0190788108191862
ADRA2A (150),0.019082672746539717
LAMA1 (284217),0.019087154519723724
SIRPB2 (284759),0.019087542918765625
LGMN (5641),0.01908800178851398
FAM120B (84498),0.019089585209826457
TCF12 (6938),0.01909228438913871
ZNF583 (147949),0.019096693180633978
AXIN2 (8313),0.019118468940102277
DNAJC22 (79962),0.019131369343760637
MAPK9 (5601),0.019131707777254665
COL5A2 (1290),0.019136107849579996
IRS4 (8471),0.019145727716992363
C11orf71 (54494),0.019148624760280366
CPVL (54504),0.01914881277298889
MARCHF2 (51257),0.01915407521888451
LRRC36 (55282),0.019163867699410163
GABPA (2551),0.01917465901781158
TENT5A (55603),0.01917819691948752
PLCH2 (9651),0.019178819726830085
FAM3B (54097),0.019186520395464573
FAM43A (131583),0.0191936248378247
CRYGN (155051),0.01919664770983327
MRTFB (57496),0.01919725428219961
SMOC2 (64094),0.01920359146651727
SLCO1B1 (10599),0.019207046793188527
CTAGE9 (643854),0.019212010534160072
ATP2B4 (493),0.01921246620746162
SDC2 (6383),0.019213920705860355
SHANK1 (50944),0.019215358755175486
PLEKHA8 (84725),0.01923046879769653
RAB5B (5869),0.019232212291307626
ANKAR (150709),0.01923399252152468
UBA52 (7311),0.019234057358164268
GP6 (51206),0.019241253874964316
GIT2 (9815),0.019247409221616406
RASGRP4 (115727),0.019253145334070097
OR52L1 (338751),0.019256594882476313
FOLR2 (2350),0.01925754492560056
AGPAT2 (10555),0.019263729661154756
LACC1 (144811),0.019268099009134454
ZKSCAN1 (7586),0.01926817751602546
AMH (268),0.019268358949465672
HMOX1 (3162),0.01927053875158523
HLA-DQB2 (3120),0.019282253564495994
PREPL (9581),0.01928344570861872
RD3 (343035),0.019284869465020792
HSD3B2 (3284),0.019285293385734766
BTNL3 (10917),0.01929463403503788
FOXE3 (2301),0.019298151260672962
TMEM150B (284417),0.019300161887514874
POM121L2 (94026),0.019313883323938536
TBCK (93627),0.01931590268611273
EFHC2 (80258),0.01932054931086962
EPHB6 (2051),0.019325289548915707
ZNF223 (7766),0.019337977274557033
TPTE2 (93492),0.019342949004687866
ZNF772 (400720),0.0193502850039864
NCAM2 (4685),0.0193509232265772
MSH3 (4437),0.019354846421571013
VPS26C (10311),0.01935647799987953
RFX3 (5991),0.019358152170067523
SLC7A2 (6542),0.019359196072648292
MYADML2 (255275),0.019369573243244596
KRT38 (8687),0.019369794145758897
OMP (4975),0.01937035109765707
KLHL5 (51088),0.019371903059249396
GPX6 (257202),0.019379055471388823
SERPINA6 (866),0.019379059334356224
KRT27 (342574),0.019379173985498824
PAM (5066),0.01938268591608237
CYP3A7 (1551),0.019389963123469384
COL17A1 (1308),0.019393498177458432
JAKMIP3 (282973),0.019394882068251088
PCDHGA4 (56111),0.019397210267960145
TSLP (85480),0.019404303987353964
TAS2R19 (259294),0.019404434063573468
KIF7 (374654),0.0194067587476216
ZNF282 (8427),0.019407452364631483
ILRUN (64771),0.0194181872204987
CELA2A (63036),0.01942375248614109
PRTFDC1 (56952),0.019424284884585512
ARB2A (83989),0.019428261731176556
POLD1 (5424),0.019430855512847223
LRRC3 (81543),0.019431609398104732
GNGT1 (2792),0.019433438093076308
MAJIN (283129),0.019444074361880018
ZIC3 (7547),0.019446797257285278
HDGFL3 (50810),0.019447486089056353
TAS2R38 (5726),0.019453098091523433
TMSB4X (7114),0.01945778029426461
MCTP2 (55784),0.019464154477388113
TAS2R60 (338398),0.01946493629142964
NSFL1C (55968),0.019467664263358792
CNST (163882),0.01947765436379027
ECI2 (10455),0.019479348430266753
BEND5 (79656),0.019487450483471787
PRDX5 (25824),0.019503752213729745
RAET1G (353091),0.019509699229143196
BTN1A1 (696),0.01951939348561059
DMBX1 (127343),0.019522467374641358
MFGE8 (4240),0.019523885531117894
HMMR (3161),0.019530141599813526
NR4A2 (4929),0.019543494006831325
POGLUT3 (143888),0.019559202130387886
AP1M1 (8907),0.01955975031422202
TYK2 (7297),0.01956599159444359
ZNF865 (100507290),0.019568391078512503
DRD5 (1816),0.01956940571782799
SLC17A1 (6568),0.019572949885174377
RABGAP1L (9910),0.019580384862452973
L3HYPDH (112849),0.019580541381499738
TCF3 (6929),0.01958454793951923
FOXN2 (3344),0.019584625821027143
TMEM68 (137695),0.01958510409181005
WNT6 (7475),0.01960005191934148
SPINK1 (6690),0.01960686026210023
TBC1D24 (57465),0.01960855180500129
DDO (8528),0.01961331755033116
RHBDL3 (162494),0.01962798471258045
TMEM156 (80008),0.019629156752864297
FEZ2 (9637),0.019633957511119463
LIFR (3977),0.019634812398524923
PTGER1 (5731),0.01963780162779096
TP53INP2 (58476),0.01964036491269055
RNASE3 (6037),0.019649437302633358
NLRP8 (126205),0.019655902365287855
MORN2 (729967),0.019661616881048005
ADTRP (84830),0.01966525894837348
MRGPRX1 (259249),0.019666143713711927
GRIA3 (2892),0.019671909239172978
TTC13 (79573),0.019690523045224055
NCOA2 (10499),0.019695068092319967
VMA21 (203547),0.019695223172833305
H2BC1 (255626),0.019695319100281584
CCDC170 (80129),0.019698984980127284
DCANP1 (140947),0.019717285170620734
INSR (3643),0.019719912654931906
DDOST (1650),0.019723103726352338
TMEM244 (253582),0.01972419346875427
NACC2 (138151),0.019724947219012
ZNF747 (65988),0.01972677569260383
RBMS3 (27303),0.019728805323746924
VCF1 (84923),0.019729860736614414
EMC2 (9694),0.019731165412439026
SWAP70 (23075),0.019734399944595162
FAM83B (222584),0.019744811841939745
KCNIP1 (30820),0.019749111982009276
PIRT (644139),0.019763630362352808
SKAP1 (8631),0.019764519788655198
POLA2 (23649),0.01977249795104619
VRK2 (7444),0.019779164569140462
GM2A (2760),0.019783878743616437
LGALS13 (29124),0.019786764973
DOCK11 (139818),0.019791845363046928
BMP3 (651),0.019793222294079132
TMPPE (643853),0.019804823869701792
ATP2A1 (487),0.019805834625532783
IQGAP2 (10788),0.01980665954274636
KIAA1210 (57481),0.019807632336932512
EXOC6B (23233),0.019814938250730267
FAM53B (9679),0.019818393051592834
ATP2C2 (9914),0.019820354811678396
HTR1A (3350),0.019823358813485695
ZSCAN4 (201516),0.01982898482711206
RPS6KA6 (27330),0.019844449396560486
HELLS (3070),0.019845670115311596
NLK (51701),0.019846362358356823
OR4F6 (390648),0.01984687015984754
PWWP2A (114825),0.019854849824704878
SLC25A11 (8402),0.019856621591266374
MPHOSPH9 (10198),0.019861943997993795
NKX2-1 (7080),0.019865876262360173
POLR1B (84172),0.019866796732516148
PNPLA1 (285848),0.019876819064285563
DHX15 (1665),0.01989343120914165
UBE2A (7319),0.01989608434803063
USP26 (83844),0.019897576861794913
CHID1 (66005),0.01989846893851959
CEP162 (22832),0.01990534270970179
GLYR1 (84656),0.01990896114829708
CIB1 (10519),0.019918274996167405
CYSLTR2 (57105),0.019920188166635423
ERG (2078),0.019920328733822018
NUP62 (23636),0.019928751662057383
INPP5B (3633),0.019931833841604515
C19orf81 (342918),0.019946040008220846
HRH4 (59340),0.019949468317829608
ZNF560 (147741),0.01995446584625005
CDC40 (51362),0.019959375691040265
TRIML2 (205860),0.01996270888813378
AARD (441376),0.0199659485712811
SPCS3 (60559),0.019985767075733206
REPIN1 (29803),0.01999596518991843
NT5C1A (84618),0.01999881040494419
CAPN1 (823),0.020001005998268845
IL2RG (3561),0.020003020425677375
ADAMTS5 (11096),0.020020723182696876
PEG3 (5178),0.020023149155531914
CST6 (1474),0.02002325884964983
CRLS1 (54675),0.020023690872672393
LIG4 (3981),0.020026949870739445
GRM5 (2915),0.020027098518062784
CNN3 (1266),0.02002945435083902
OOEP (441161),0.020029910692285838
ABCA13 (154664),0.020033014631250547
PRSS16 (10279),0.02003791117758327
PDCL (5082),0.020040320903843136
C2CD2L (9854),0.020042941687498574
GJB3 (2707),0.020048375965131
ITPR2 (3709),0.02004877373824312
CDK5 (1020),0.02005786432971332
FOXO3B (2310),0.02005837737763535
HBM (3042),0.020061960683327492
PCDHGA5 (56110),0.02006486503634526
PLEKHA4 (57664),0.020072845516918836
MPL (4352),0.020076502401859347
CORO1C (23603),0.020080904008436887
PAQR8 (85315),0.020084019979167353
HYAL2 (8692),0.020092488744633513
MESP1 (55897),0.0200940265940813
MFSD10 (10227),0.020102796417646167
EXO5 (64789),0.02011375493959458
CAB39L (81617),0.020115880409391457
LIN54 (132660),0.020119532640174766
ACY3 (91703),0.02012060279621675
PDPN (10630),0.020129548638782146
ANKRD50 (57182),0.020146001111072936
OR5I1 (10798),0.02016074635153471
ANP32D (23519),0.02016219856909895
H3C4 (8351),0.02016231029209696
ACSS3 (79611),0.020164619132425204
HOXB7 (3217),0.02016957508215079
SDHAF3 (57001),0.020176267954939275
NUDT8 (254552),0.020177630665570438
EPHA6 (285220),0.020178324876379973
IFT56 (79989),0.020182520180629125
ZNF558 (148156),0.020183830193723808
SSTR4 (6754),0.020185913733109153
WBP4 (11193),0.02018895329919871
FBXO15 (201456),0.020198813683829787
PGAP3 (93210),0.02019900634633054
CHIA (27159),0.020205138346942673
COL8A2 (1296),0.020205516965705893
ZNF410 (57862),0.020206899451043422
TULP4 (56995),0.02021311045090271
PAX7 (5081),0.020222483851163823
BEND6 (221336),0.020226550923010067
CELSR2 (1952),0.020233401904004876
CHI3L1 (1116),0.02023365536177145
EBNA1BP2 (10969),0.020237198469403007
EDN3 (1908),0.02023733911796006
SMC1A (8243),0.020239331531862054
MAGEE2 (139599),0.020240127749980064
NPTX1 (4884),0.020242411077246114
ZNF614 (80110),0.02024307071883642
USP44 (84101),0.02024686975391158
PATJ (10207),0.02025090694797887
G6PC3 (92579),0.020252719308727928
SLC16A5 (9121),0.020274159284629525
METRNL (284207),0.020285831379129392
DNAJB11 (51726),0.020293532430283347
PPP3CC (5533),0.020294479566331698
GK (2710),0.020303398568344524
TNFRSF9 (3604),0.02030644232027634
DPPA4 (55211),0.020306730589695444
ASRGL1 (80150),0.020316321941319736
SLC35B1 (10237),0.020316512043910596
SAMD3 (154075),0.020316904892177367
LMNA (4000),0.02032586841652621
MAF (4094),0.020329374462101014
SLC5A12 (159963),0.020350388585476303
ADGRG3 (222487),0.020372497292686528
MT1HL1 (645745),0.02037268214524609
GTF2H4 (2968),0.020386456743753962
SIGMAR1 (10280),0.020393792290876095
MAP3K5 (4217),0.020398420075745112
ABCG8 (64241),0.020402520919532437
PRAMEF1 (65121),0.020404067681653766
HLA-E (3133),0.020404074858242666
HIF1AN (55662),0.020404171886771395
PALM2AKAP2 (445815),0.020408014575791257
NUMBL (9253),0.02041021834978915
HUS1B (135458),0.020411045343937066
TREX2 (11219),0.02041293092940489
PPP1R1C (151242),0.020413586279435462
C10orf62 (414157),0.02041410293539776
GPBP1L1 (60313),0.020415105558830218
TCTN2 (79867),0.02041956860259496
PCDH20 (64881),0.02042020781383028
SULT1C3 (442038),0.020422448319141442
EPHB2 (2048),0.020429886609867325
MANEAL (149175),0.020431210429976556
SNX29 (92017),0.020435448948135884
TEAD3 (7005),0.020441173656820993
VGLL1 (51442),0.020451096467489972
C9orf50 (375759),0.020451646968151625
PRKN (5071),0.020463900831852223
ING2 (3622),0.020469107398480343
ARPC5L (81873),0.0204728254624005
OR2T29 (343563),0.020473498236869166
FOXQ1 (94234),0.020478777037070083
MX1 (4599),0.02048468750055361
THEM6 (51337),0.02048922292877082
SYDE1 (85360),0.020492356471275376
DNAJC30 (84277),0.02049664656568167
CHST1 (8534),0.020500277879651693
MEF2C (4208),0.020507555427163676
PVR (5817),0.020508151826139177
RWDD2B (10069),0.02050837344146579
CFHR3 (10878),0.020513567213467497
ROMO1 (140823),0.02052233611473425
RBM41 (55285),0.02052413710787224
DEFB115 (245929),0.020524704989619853
INPP5F (22876),0.020527597201539495
PPP1R12C (54776),0.020533106785427677
SEPTIN4 (5414),0.020537209691883936
ABCA6 (23460),0.020552490157149623
NKAPL (222698),0.02055399872721825
HOXB2 (3212),0.020555803109285196
TIPRL (261726),0.02056368465199846
ACAD8 (27034),0.020569412601145223
TAS2R9 (50835),0.020570319168010692
ING4 (51147),0.020573155747296953
PRR11 (55771),0.020587429772360364
SDR9C7 (121214),0.020590393376975196
PDCD1 (5133),0.020605909251225032
C8orf76 (84933),0.020609019582904273
JAGN1 (84522),0.02061931799249084
KRT15 (3866),0.020627967906882736
ZNF562 (54811),0.020631728750614305
PEX7 (5191),0.020632295336978784
ICAM5 (7087),0.02063621695028635
PEMT (10400),0.02063785533044526
TMED5 (50999),0.02064407547584316
TAS2R20 (259295),0.020647542790862675
CABP1 (9478),0.020660901823842292
C1orf198 (84886),0.020665781303405125
GALK1 (2584),0.020668163825893003
B4GALT7 (11285),0.020670357157143632
KRTAP27-1 (643812),0.020681512512008414
HOXD1 (3231),0.020681620636588776
IFT46 (56912),0.02068704088729175
ZNF804A (91752),0.020692560451582312
SIDT2 (51092),0.020700181640736344
TYROBP (7305),0.0207022872512
TNN (63923),0.02071035750220554
OR5M11 (219487),0.020711938384066868
GPR101 (83550),0.02071892690904848
GNAI1 (2770),0.020731809304688344
RHCG (51458),0.020731849371141222
ARHGEF10 (9639),0.02073257976019716
SPAG16 (79582),0.0207354752571988
MYH4 (4622),0.020739841522811723
GRIA1 (2890),0.020739887682089307
P4HA1 (5033),0.020748919456051566
FOXK2 (3607),0.020749343448480395
CTSO (1519),0.02075065205324229
H2BC7 (8343),0.020753038930463756
INTS6L (203522),0.02075709543325486
TRPV5 (56302),0.020759233417327484
GPR25 (2848),0.020761384560525002
N4BP2 (55728),0.020790362803241785
MTERF2 (80298),0.02079110210607089
PDE11A (50940),0.020801046359189918
SURF4 (6836),0.020809613436423
DEFA4 (1669),0.020811257685772622
KRT82 (3888),0.020814839327762576
TTYH2 (94015),0.020825559760904232
PNLIP (5406),0.02082715700197394
HNRNPH3 (3189),0.02082966473816219
MAD2L1 (4085),0.020837048603022032
OR7G2 (390882),0.02085092113863943
ANKFY1 (51479),0.020854112103208772
ACO1 (48),0.020854914482265435
SEC14L4 (284904),0.020855901322040186
CHIT1 (1118),0.020860505435723598
ELFN2 (114794),0.02086522677676733
BTBD2 (55643),0.02087233186294238
NPAS1 (4861),0.02087491268719542
TTPAL (79183),0.0208818852040347
HMG20B (10362),0.020886108313760494
ACBD3 (64746),0.020888011094775946
MDGA2 (161357),0.020891063886567827
NAAA (27163),0.020893832049657387
PCDH10 (57575),0.020898279397224752
PRMT9 (90826),0.02091117830334403
TENT5D (169966),0.020912123734937692
ATF2 (1386),0.020912765992530367
PARD3B (117583),0.02092556985182472
GPR180 (160897),0.02092658575455493
EIF2S2 (8894),0.020928101401943223
CAPN7 (23473),0.0209294767665624
ADPRM (56985),0.020929679137993595
YIPF1 (54432),0.020931311490150498
OR2M4 (26245),0.02093509207222753
OR14I1 (401994),0.020939707935508027
SIKE1 (80143),0.020957793870527996
ATAD3A (55210),0.020957916271636814
RAP1GAP (5909),0.02096610676980018
H2BC18 (440689),0.020977489846998546
SEC31A (22872),0.02098176951687025
SSTR3 (6753),0.020999124266204806
SPTY2D1 (144108),0.0210009291604829
CAPS2 (84698),0.021002486994600264
TRIM24 (8805),0.021017946558650216
DPP7 (29952),0.021023032667338622
ZBTB16 (7704),0.021028758521836607
TSPAN1 (10103),0.021038674878834082
EHBP1L1 (254102),0.02104048635200696
YIPF4 (84272),0.021041414626273732
LILRA4 (23547),0.021049501442357992
CACNA1D (776),0.02105643556412219
ENDOV (284131),0.021057667164048187
ZFYVE1 (53349),0.02105840956964053
PPP1R2 (5504),0.02106091831301191
RNASET2 (8635),0.021061609628147796
KCTD4 (386618),0.021070149995304783
PDHA1 (5160),0.0210737729492905
CEMIP (57214),0.021075338558400998
CTF1 (1489),0.021076888764882118
LRP2 (4036),0.021078730767160082
SOX21 (11166),0.02108578119358797
ANXA8 (653145),0.02108580932797195
SRRM5 (100170229),0.02109481964459087
DKK2 (27123),0.0211121358434852
PCDHGB1 (56104),0.021114407505322178
PTF1A (256297),0.021126223340442875
JUP (3728),0.02114181907900138
SIM2 (6493),0.021143728840832536
DNAJC24 (120526),0.021147896131238936
CEP15 (57415),0.021154628855717866
TFAP2B (7021),0.021156154722386408
MAP3K20 (51776),0.021158698005076474
HOXB6 (3216),0.021168617886462134
RIPOR1 (79567),0.021179808772289366
SPMIP9 (200523),0.021186183600389787
PDE6C (5146),0.021193341171887755
ENPP7 (339221),0.021201794918153983
OR2V1 (26693),0.021216671811909695
SYNJ2BP (55333),0.02121913774636428
SPDYA (245711),0.02122055459228622
ZNF24 (7572),0.021223177361662304
UTS2R (2837),0.021225729192100244
ZNF30 (90075),0.021226373761297768
HBD (3045),0.021229114690235702
CDH17 (1015),0.021239661187242905
TNS2 (23371),0.02124552000143436
DCAF16 (54876),0.02124664539952766
FBXO3 (26273),0.02125029508613345
BMP10 (27302),0.021251663162230854
ITPRID2 (6744),0.021258395819304065
RALB (5899),0.021266017249819212
PLEKHH1 (57475),0.02126895380294004
H3C6 (8353),0.021275160293192725
KRTAP22-2 (100288287),0.021278009745928275
USP4 (7375),0.021287694613488412
MIB2 (142678),0.02130014752566077
TMEM214 (54867),0.021309753309472025
CD38 (952),0.021320762029683603
MPEG1 (219972),0.021321295166730352
DLX3 (1747),0.0213248127443004
ACTR3C (653857),0.021332500196837887
ASGR1 (432),0.0213411550566835
CSTPP1 (79096),0.021344953849108787
SEM1 (7979),0.021353161145330323
OR1I1 (126370),0.02135741227623996
GNPTAB (79158),0.02137347137673254
ARHGEF39 (84904),0.02138345612298791
RHOBTB1 (9886),0.021391739423554997
KYAT3 (56267),0.02139390275165277
PROCR (10544),0.021394380606107766
XRCC5 (7520),0.021396739487755834
EPO (2056),0.021397170215150207
SUSD1 (64420),0.021399893332784803
S100A12 (6283),0.02140284996164645
C1orf53 (388722),0.02140746458774175
CERCAM (51148),0.02140909271196094
FUT4 (2526),0.021409902082248345
HK3 (3101),0.0214152441652797
GNAL (2774),0.02142315100508048
PIP4K2A (5305),0.02142749884518033
SLC35B2 (347734),0.02142810402641262
FGFBP3 (143282),0.02143219383353632
FIBCD1 (84929),0.02145058925890957
HIF3A (64344),0.02145236782604546
SNIP1 (79753),0.021457393493852506
SLC25A27 (9481),0.02146480053355646
CPNE5 (57699),0.021467392701399825
MYO5C (55930),0.021468261134282695
GIPC2 (54810),0.021469426052741488
PKNOX1 (5316),0.02147676640719528
SCX (642658),0.021478326604575694
GABRA6 (2559),0.02147874413289476
PRMT8 (56341),0.02148722386318411
HDAC6 (10013),0.021487366906643993
PTX3 (5806),0.021490858788037016
TUSC1 (286319),0.02150111136383646
TACR2 (6865),0.021505739014977744
EIF4E2 (9470),0.021508909714390435
CSRP1 (1465),0.021511852023932732
HNRNPUL2 (221092),0.02151559908675727
GRIN2B (2904),0.021523873188738094
WNK4 (65266),0.02152671991532423
DDC (1644),0.0215364593974485
IFNA7 (3444),0.021549282534207917
SLITRK1 (114798),0.02156011102767228
CCN1 (3491),0.021579526372503533
PTPN12 (5782),0.021587640475335207
ATG5 (9474),0.021593393509377744
AKR1B15 (441282),0.021595568746117125
OR2J3 (442186),0.021596525578339434
CYTIP (9595),0.021597829509910398
ADGRL4 (64123),0.021599792620387515
SLC6A11 (6538),0.021615598000180508
DBF4B (80174),0.021615611709506474
WFDC2 (10406),0.021633282212842782
GPR155 (151556),0.02163470774363728
KRT33B (3884),0.021639251066804754
RDH11 (51109),0.021639952685347554
ZBBX (79740),0.021641050931203935
NUP98 (4928),0.021642335749166745
NIPSNAP3B (55335),0.02165073451111818
LIN37 (55957),0.0216579161995801
RNF175 (285533),0.021675434928309714
DYRK3 (8444),0.021681655259094136
KLK4 (9622),0.02168835461030326
C10orf67 (256815),0.021694833005685244
ZFAND1 (79752),0.02169632021496845
GTF2H5 (404672),0.021707288390946964
PCDHB16 (57717),0.021714932962867108
LTBP3 (4054),0.02171757782096956
GBX1 (2636),0.021722735954524418
TFG (10342),0.021723654712617942
GDE1 (51573),0.02173529269085947
STRIP1 (85369),0.021738316807483855
KCNK17 (89822),0.02173995473048493
PLA2G7 (7941),0.021747060165057328
CPA4 (51200),0.021748779711907792
FFAR1 (2864),0.02175270636240182
MBD4 (8930),0.02175848962538031
INPP5E (56623),0.021758739943407625
NOVA2 (4858),0.021783320655389616
TRAPPC11 (60684),0.021795362313635037
ACAA1 (30),0.021805662911746508
ZNF135 (7694),0.0218101083752954
CAPZA3 (93661),0.021813076347674522
ZNF778 (197320),0.02181707424495689
TEX30 (93081),0.02181897856858364
CDR2L (30850),0.021823087143737718
PRAMEF11 (440560),0.021826757367755713
PHF21A (51317),0.02182742512245264
KLHL33 (123103),0.02183716031785156
TAS2R7 (50837),0.02186379373763371
TLE2 (7089),0.021864826845750085
LCE3D (84648),0.02186654080324532
ZFAND2A (90637),0.021867789435852436
SCP2 (6342),0.02188084097639234
DNAI1 (27019),0.021881093897556828
MTMR3 (8897),0.021888993122439405
HSF2 (3298),0.0218946837105114
WNT11 (7481),0.021900366065027443
GBP2 (2634),0.021901385110853135
TCEANC2 (127428),0.02191378988086402
RFPL4B (442247),0.02192176453559982
OCRL (4952),0.02193838510205251
DGKI (9162),0.021944889697338012
CEACAM7 (1087),0.02195785253084428
GCLM (2730),0.02195892201792011
ENTR1 (10807),0.021959551625899368
FKBP10 (60681),0.021976620849386664
OVOL1 (5017),0.02199218114619107
ZFAND4 (93550),0.021996996875344794
MEIS1 (4211),0.02200783506543268
ANKIB1 (54467),0.022012276134993125
MAPK1 (5594),0.022016576330579334
MPIG6B (80739),0.022017995743729635
PAN3 (255967),0.02202140942313466
SLFN14 (342618),0.02202487000075225
CYP4F3 (4051),0.0220268488007441
KCTD17 (79734),0.02202802413397241
FPGT (8790),0.022034787897148522
BFSP1 (631),0.022039794645536154
CNOT2 (4848),0.022048303585147956
GPT2 (84706),0.02205557485655718
FUT11 (170384),0.02205907584975122
MCTS1 (28985),0.022059675695046955
JDP2 (122953),0.022059798053439692
MIDEAS (91748),0.02206574665698877
CISD1 (55847),0.02206767613466161
H3-5 (440093),0.02207511467593008
EHBP1 (23301),0.022075164305313692
ATG4A (115201),0.022075465608116206
IL1RAPL2 (26280),0.022076904090885075
STAT4 (6775),0.022081946909280115
KLHDC3 (116138),0.022088497320581327
MOCS2 (4338),0.02209063104698264
PDHA2 (5161),0.022093960573867897
KLHL8 (57563),0.022111874336702152
ZNF770 (54989),0.02214171477776159
ZNF551 (90233),0.022162101562686436
NAGS (162417),0.022162499686605504
ZNF177 (7730),0.022166101155610674
DIPK2A (205428),0.02216697261346897
MAPK15 (225689),0.022178325321459174
HOXC10 (3226),0.02219601571290879
CSMD1 (64478),0.022211532118043015
CHAC2 (494143),0.022219612925228994
RPN1 (6184),0.022222025094559096
IL31 (386653),0.022228302739116614
TRIM22 (10346),0.022246003058034175
MYCL (4610),0.022247060475747118
CISH (1154),0.02225491123121342
OR51V1 (283111),0.022264063396250554
KCNJ13 (3769),0.02227077101032911
IFIT5 (24138),0.02227507591983244
ZBTB38 (253461),0.02228046523761582
ITPRIPL2 (162073),0.02228464562924457
BICD1 (636),0.02229341005643243
FAAH (2166),0.022296389654069042
PDCD7 (10081),0.022309786808352498
EREG (2069),0.02232222277027332
SLC18A3 (6572),0.022326700999552206
THUMPD1 (55623),0.022341738564808453
FCRL4 (83417),0.022349669759024894
IL33 (90865),0.022353356281307413
GPR143 (4935),0.022353499926903126
CENPX (201254),0.022359004474209708
PRR27 (401137),0.022359420352244978
PEX2 (5828),0.022367612698909384
STAP2 (55620),0.022367702534710255
SOS2 (6655),0.02237506362218692
MADD (8567),0.022377318398760178
PSMD12 (5718),0.0223785243110175
PARP16 (54956),0.022381864784413175
ZNF527 (84503),0.022382904485363484
COA5 (493753),0.022383725029481518
GCNT4 (51301),0.022394260111545744
F13B (2165),0.02239885332651342
MIX23 (131076),0.022406129390389044
CEACAM6 (4680),0.022412533853315854
CDS2 (8760),0.022413358969109603
SLC25A46 (91137),0.022414449726283446
MT4 (84560),0.02241629069256111
HOXA13 (3209),0.02242599059793282
LLGL1 (3996),0.022437725064856133
TIMP2 (7077),0.022438996656618592
NLGN2 (57555),0.022442057413216393
GTF2F2 (2963),0.022449039800599018
PFN3 (345456),0.0224530147324151
IGFBPL1 (347252),0.022461456495713027
BRSK2 (9024),0.022471053710604254
SORCS3 (22986),0.022480943081585693
KCNK10 (54207),0.022483086274802506
OR52A5 (390054),0.022486962426391834
ZNF785 (146540),0.02248754013803713
GNG11 (2791),0.022497543795775413
EHMT2 (10919),0.022512363916110712
INHBE (83729),0.022535824006519486
MANEA (79694),0.022536194688818977
RNF133 (168433),0.02254006512984286
MMP21 (118856),0.02254674160667097
ELMOD1 (55531),0.022564551988404177
GP5 (2814),0.02256632090716419
TMEM170B (100113407),0.022594010695374252
DRD1 (1812),0.022595078705948454
VPS13D (55187),0.0226021943068991
GMNN (51053),0.02260330882811802
CCDC27 (148870),0.022608596721108945
OR2C3 (81472),0.02261414172048856
AFTPH (54812),0.022617825467330415
SCARA5 (286133),0.022622664409741488
KIF2A (3796),0.022627186688133284
OR51E2 (81285),0.022637889845084046
KCTD16 (57528),0.02264917301337857
CLEC10A (10462),0.022652347574705717
CDK2AP1 (8099),0.022654900490686067
DFFA (1676),0.022655631981103343
CPSF6 (11052),0.02266272510248807
NEK7 (140609),0.022669963853152918
EPB41L1 (2036),0.02267154860089966
MORF4L1 (10933),0.02268732197514548
NKD2 (85409),0.02269527963730018
ZNF471 (57573),0.022697793481760094
DCAF12L2 (340578),0.02269868222565605
DENND1A (57706),0.02270620481351545
MSI1 (4440),0.022721528971587756
HSDL1 (83693),0.022731594033422804
ALOX12 (239),0.022732827226236253
C5orf52 (100190949),0.022733828995541314
DGAT1 (8694),0.02273884369938993
RGPD4 (285190),0.022743827099262863
PM20D2 (135293),0.022744188754445654
MESP2 (145873),0.022744770102673367
ATPSCKMT (134145),0.02275040368601711
SMARCD3 (6604),0.022759056510847878
DUSP5 (1847),0.02277170902772178
RASSF9 (9182),0.022778104836650794
CNKSR1 (10256),0.022778711721297036
FOXA2 (3170),0.02278408108984791
CDKL5 (6792),0.022784548949407304
SVEP1 (79987),0.02278545818418836
LDLR (3949),0.022796620328344487
SEL1L3 (23231),0.022797806436335298
SLC23A2 (9962),0.022799504067103883
KCTD12 (115207),0.022802283655301556
NTF3 (4908),0.022813542338483612
NPEPPS (9520),0.022819153738229167
TBC1D26 (353149),0.02282114208216357
PABIR3 (159091),0.022826594859328694
WDR4 (10785),0.022838551327143766
ACBD7 (414149),0.022842691740102318
NXPE2 (120406),0.022848726569855284
CBR1 (873),0.022850947125490847
REP15 (387849),0.022851804016679696
CARMIL2 (146206),0.022858550242108148
OR8B3 (390271),0.022865428684800262
SERPINB13 (5275),0.022867610735689995
F5 (2153),0.022875936128634
DNAJC5 (80331),0.022881434220109412
TBX4 (9496),0.022884435302906795
SERTAD4 (56256),0.022890032022854938
RASSF5 (83593),0.022895404853880506
TSHZ1 (10194),0.022912394889287525
LNPEP (4012),0.022912710149316323
FAM91A1 (157769),0.022913189624774132
DNTT (1791),0.02291438004967322
C18orf63 (644041),0.02291519247345598
NAA60 (79903),0.02291943421910139
CLDN17 (26285),0.02292101641911976
PTER (9317),0.022925103719810283
ZNF561 (93134),0.022927916032756766
TMEM144 (55314),0.022932521733302548
LAMB2 (3913),0.022949554696738306
SLC25A43 (203427),0.022950926576501968
CCDC126 (90693),0.02295451200249874
ATXN7L2 (127002),0.02295936341103675
OR7A5 (26659),0.022960779596506994
FLVCR1 (28982),0.022962237992498368
TXNIP (10628),0.022963307553573772
PDK2 (5164),0.02296566926166923
SULT1A1 (6817),0.022968689812464967
RASIP1 (54922),0.02298028237414164
TWIST1 (7291),0.022983198079428068
PLXDC2 (84898),0.0229846185980178
COPS7B (64708),0.02299066993594707
TNFSF11 (8600),0.022995264361475785
TMEM268 (203197),0.023002356868017017
CCDC43 (124808),0.023008345304620273
NME7 (29922),0.02301389772910566
SEC22A (26984),0.023018215801329945
ROPN1 (54763),0.023032853528958286
ROBO2 (6092),0.023044036757867595
BUB1B (701),0.02304776588671773
MBNL3 (55796),0.023053118907403903
ANKRD10 (55608),0.023074153459432523
VKORC1 (79001),0.023079574023807187
EYA2 (2139),0.02308209360983779
PCDHGA7 (56108),0.023088665733396633
KCND3 (3752),0.023097950627532383
SLC45A2 (51151),0.023108000680311314
OR10H4 (126541),0.023115367209676704
RAB5C (5878),0.02312195304105493
SLC22A25 (387601),0.02312258783818899
EMSY (56946),0.02313117903639719
COX7A2 (1347),0.023134585512901654
SLC22A2 (6582),0.023141023362130145
PIGK (10026),0.023141081518684364
RHCE (6006),0.02314601629390537
CPA3 (1359),0.023175541191462316
FAM229A (100128071),0.023176822380890052
TLR3 (7098),0.023187552466211177
DENND5A (23258),0.02320202132417247
RAB43 (339122),0.023203517462148042
RPLP0 (6175),0.023205307831992372
ADAM17 (6868),0.023208763487784775
CLEC3A (10143),0.023213065539750156
CDX4 (1046),0.02321821272272681
ADO (84890),0.023223317662943412
PCSK1N (27344),0.023223713788580912
SLC10A2 (6555),0.02322408911816313
UGT2B28 (54490),0.023238468521690328
SCGB1D1 (10648),0.02324379529640248
GALNTL6 (442117),0.023251123958615835
MKX (283078),0.023251175443007033
ZNF540 (163255),0.023257910997814733
DDB1 (1642),0.02325869274161557
SREBF1 (6720),0.023260419401799067
TMEM183A (92703),0.023261624785487593
NOL3 (8996),0.023264060955581235
RABL6 (55684),0.02326440480248928
HOXA11 (3207),0.023266845517399416
KLHL21 (9903),0.023273338542182633
TRAK2 (66008),0.023274406029626497
RTL1 (388015),0.02327705445536145
PRSS1 (5644),0.023287735307841836
LY6E (4061),0.02329430620494092
KIF21B (23046),0.023331271745254522
TMC6 (11322),0.023333479633564566
ADAD1 (132612),0.023336365197714908
TDRD5 (163589),0.023338174422402304
ZNF415 (55786),0.023341543555814956
FNIP2 (57600),0.0233426033416553
RASA4B (100271927),0.023359228490629082
RNF114 (55905),0.023363323784540313
SPANXN3 (139067),0.0233679421547808
SEC11A (23478),0.023369541727535227
SPINDOC (144097),0.023371451037618906
TERB2 (145645),0.023376478672819084
FBXL6 (26233),0.02338019959943761
MBTD1 (54799),0.023383990531336905
OR6T1 (219874),0.02338882150163299
VNN1 (8876),0.023394731370118972
UST (10090),0.023399196525653053
GPR21 (2844),0.023400729999809442
H3C12 (8356),0.023410222864095626
ZNF660 (285349),0.02341942580448167
DFFB (1677),0.023419461711303897
TGFBR1 (7046),0.023420925995760816
KALRN (8997),0.023422772696850308
GDF6 (392255),0.02343082515630505
BCL11B (64919),0.023436779893785363
OSBPL3 (26031),0.023443525478766172
AFAP1 (60312),0.023444494790390485
ZNF341 (84905),0.023448233716002707
TMEM154 (201799),0.023451730950423803
OR4C3 (256144),0.023455003799746004
ZNF662 (389114),0.023474108347372194
CEP19 (84984),0.023474118080963887
TCF23 (150921),0.02347449104650805
TTLL5 (23093),0.023482910708612886
DCAF8L2 (347442),0.02348482413450495
OPA1 (4976),0.02350068812054832
B3GALT6 (126792),0.023506822346523154
GBA1 (2629),0.02350953651764956
DGCR2 (9993),0.023510936618191074
PCNX3 (399909),0.023511635200489687
EPS8 (2059),0.023511696829828878
HEXD (284004),0.023517830435575756
DISP1 (84976),0.023518762307133016
ZNF681 (148213),0.023525911209419124
KDM4A (9682),0.023532637141673123
OR10A3 (26496),0.023546968076055316
FOXI2 (399823),0.023555837552603286
ANO4 (121601),0.02355624126346403
PCK2 (5106),0.02358509821252497
THBS1 (7057),0.02359471320626484
KIAA1671 (85379),0.023604690145580344
PRP4K (8899),0.023618120082490007
PATE4 (399968),0.023622426082853486
DERL3 (91319),0.02362733956498222
PLA2G2E (30814),0.023634129296135866
GDNF (2668),0.023653171258947184
DEUP1 (159989),0.023653309538195243
MOCOS (55034),0.023668575729679203
SERTAD3 (29946),0.02368898917537607
C2orf68 (388969),0.023692269584434992
HP (3240),0.023702509077513027
NBEAL1 (65065),0.023705910108517934
JPH3 (57338),0.023710552994782294
ELF1 (1997),0.023722821165434425
CACNA1A (773),0.023729355795702713
PCSK9 (255738),0.023731588544859773
ZSCAN20 (7579),0.02373297483073524
LILRA2 (11027),0.023743803675703234
PER1 (5187),0.02374686043534509
CALML6 (163688),0.023756671690713556
CWF19L1 (55280),0.023757385788647528
NRGN (4900),0.023761998340878086
SENP2 (59343),0.023765300203635157
SLC44A3 (126969),0.023771376509543373
KRT31 (3881),0.023779507487935236
ZW10 (9183),0.023781381484016897
ARHGAP44 (9912),0.023787545645945696
SLC22A9 (114571),0.023789324809446066
KDM1A (23028),0.023790122022076355
CFAP90 (134121),0.023800932804651034
UBE3A (7337),0.023807082723954317
CCDC186 (55088),0.0238243116163802
CD19 (930),0.023836129715092403
PLXNB1 (5364),0.02383754758362718
TCF7L1 (83439),0.02384668554944287
FARP2 (9855),0.023853998970017522
MTNR1A (4543),0.02385772623025886
GDAP2 (54834),0.02386166985845841
SCRG1 (11341),0.02387222383166363
TOP1 (7150),0.023880803510528507
MMD (23531),0.023882577932255195
BBS7 (55212),0.02388698429336263
MYO15A (51168),0.02389191377327275
NICOL1 (401115),0.023894514003106382
H2AC11 (8969),0.023903218195600456
NUDT10 (170685),0.023903944116093874
SNAP29 (9342),0.023904742071065327
DOK5 (55816),0.023906340621750715
HDAC2 (3066),0.02390683564642578
AGR3 (155465),0.023914487773213634
DHRS3 (9249),0.02392896396972922
DDX17 (10521),0.023932618319933353
TMED6 (146456),0.023934753057565646
SLC1A4 (6509),0.023945136053852525
FAM169A (26049),0.023951373085485755
SLC9C2 (284525),0.023953403333978048
KRBOX1 (100506243),0.023957445364502516
DIAPH3 (81624),0.023958829757143363
ZNF358 (140467),0.023959843759109384
OR2H1 (26716),0.02396297263532435
SDK2 (54549),0.023970577011845264
ZNF181 (339318),0.023971318411598358
NOL4L (140688),0.02397705264107977
EBF3 (253738),0.023978333941476512
COLGALT2 (23127),0.023978843470748166
COL6A6 (131873),0.023981969404306806
BTNL8 (79908),0.02398533102903207
PPP6R1 (22870),0.023985509336970055
CCDC3 (83643),0.023986649625605077
DUSP1 (1843),0.023999234697573858
MCPH1 (79648),0.024005296287766348
RARB (5915),0.02400948628635292
EIF5AL1 (143244),0.024014025395327914
MTOR (2475),0.02404559550930032
INIP (58493),0.02404590806822342
ZNF324 (25799),0.024046596366656136
C7orf25 (79020),0.024049464058944755
ZNF675 (171392),0.024054017809065555
UBE2D2 (7322),0.024059477787770824
SUN3 (256979),0.024063929542961632
CSMD3 (114788),0.02406404629816492
APH1A (51107),0.024071425312467653
ERICH1 (157697),0.024078940541404362
HERPUD1 (9709),0.024080278414920022
TTPA (7274),0.024106523631491523
TBC1D1 (23216),0.024107338752965828
AP5B1 (91056),0.024107434365099264
ZC3H7A (29066),0.024115883835061053
FCAMR (83953),0.024120310001812854
SPATA31D1 (389763),0.02413079902081603
GBP4 (115361),0.024143038177824348
SMDT1 (91689),0.024144847580874828
IRGQ (126298),0.024152021116311168
FCSK (197258),0.02416305884944793
OR2B2 (81697),0.024166687553036952
H1-5 (3009),0.024175655419809306
SSH3 (54961),0.02418083338227475
PDGFB (5155),0.024181037357859692
OSBPL6 (114880),0.02418175096550671
TM9SF2 (9375),0.024184732502338796
HEATR5B (54497),0.02419120791715531
TMTC1 (83857),0.024197176014411834
MAP6 (4135),0.02421471897236243
ZNF20 (7568),0.024225846280387712
SEPTIN3 (55964),0.024228524112067225
C1orf122 (127687),0.024234475167766948
IQCC (55721),0.024248949363817544
RFLNA (144347),0.024254270070128987
DNAJC25 (548645),0.024262040457631882
SWSAP1 (126074),0.02426376031762926
MTERF1 (7978),0.024270254705427517
KCNH3 (23416),0.02427694192801005
BRICD5 (283870),0.024278287822019348
RNF208 (727800),0.02427946455289174
WIZ (58525),0.024279812980288033
PLCB3 (5331),0.024283295373151832
WNT2 (7472),0.02429132530332234
STX12 (23673),0.024291429331546405
PAAF1 (80227),0.02431701206805833
MCUR1 (63933),0.02432206217812193
C1QTNF12 (388581),0.024336619603687146
CCDC134 (79879),0.024338593220286964
STOX2 (56977),0.024346120379270655
DSEL (92126),0.024349610450820378
STYX (6815),0.02435229211198273
MOGAT1 (116255),0.024358259966885034
WNT8B (7479),0.024369026063332532
TIA1 (7072),0.02437404577410075
C20orf96 (140680),0.02437867874651231
PHKB (5257),0.02438090483888822
PPM1H (57460),0.02438410975597919
LHFPL4 (375323),0.02438874332247445
RIMBP3 (85376),0.024395792544590515
ELOA2 (51224),0.024402468067668007
IRX1 (79192),0.024402570127849965
COG7 (91949),0.024422002300430495
STX16 (8675),0.024430627612110456
TYW5 (129450),0.024435050773510762
SMPX (23676),0.024445584306643516
NR2C1 (7181),0.024451215368697793
PPP1R27 (116729),0.02445360220497108
PSEN1 (5663),0.024474410086110506
TEKTIP1 (100128569),0.024491725087240904
RAD18 (56852),0.024511496460767113
MRS2 (57380),0.02451246110867758
FSTL5 (56884),0.02452017369311015
ACOX2 (8309),0.024523816179242475
STEAP1B (256227),0.024524831656381006
LGALS12 (85329),0.0245353333888795
CREG2 (200407),0.0245400645011084
FYTTD1 (84248),0.024556756426252917
SCAI (286205),0.02456237691202529
GTSF1 (121355),0.024567713781741166
HSD17B12 (51144),0.024574605625913775
NEBL (10529),0.024580937171801775
MAN2A1 (4124),0.024581612013004902
HOXD8 (3234),0.02458338775399387
PTN (5764),0.024583914635309755
ZNF334 (55713),0.02458452483185415
GPR139 (124274),0.024612564965655864
LRRC58 (116064),0.0246262478648624
PALS2 (51678),0.024632157586893168
DCAF8 (50717),0.024638937242239388
HLA-DQA2 (3118),0.024648334091043743
ZDHHC2 (51201),0.024661972959232597
MRPL40 (64976),0.024690846867477162
GDI2 (2665),0.024698241932649224
ATAD5 (79915),0.024703048149470865
STYXL1 (51657),0.024706779089112542
PLEKHH2 (130271),0.024711421414276562
POU3F1 (5453),0.02471603211329102
SHC2 (25759),0.024716276057771366
PYGO1 (26108),0.024722775021579282
ARX (170302),0.02472377788431717
OR2T6 (254879),0.02472469907998251
XBP1 (7494),0.024725885993485262
HOXA4 (3201),0.024759639335979317
GRXCR1 (389207),0.024759773634698563
HS3ST4 (9951),0.024760446029086065
OR10A2 (341276),0.024775737526187686
PIP5K1C (23396),0.024775860494869496
RBM38 (55544),0.02478705844273241
DYNAP (284254),0.024789762212430875
TOMM6 (100188893),0.024790182682111514
RIN1 (9610),0.024791160825963065
DNASE2B (58511),0.02480106548154396
SETDB1 (9869),0.024804433820257293
RAB14 (51552),0.02480452790853931
GIMAP7 (168537),0.024806029092335268
PP2D1 (151649),0.024816737329139547
UGCG (7357),0.024819818528069162
KCNJ9 (3765),0.024831625388847315
TCIRG1 (10312),0.02484232105768575
COX8A (1351),0.02488622835811469
PI16 (221476),0.024888232727359
FOXF1 (2294),0.024895979377785326
ABCG2 (9429),0.024903685955617105
HOXC13 (3229),0.024910085158017493
IFT57 (55081),0.024913919017062188
CD36 (948),0.024914202552308414
CD83 (9308),0.02491652131976834
S100A10 (6281),0.02493601842885419
JAK2 (3717),0.024950088886994754
CLCN3 (1182),0.024960688568835928
NUAK2 (81788),0.024968135976642235
OR51M1 (390059),0.024970112921386026
ZNF382 (84911),0.024980170327429475
CCR7 (1236),0.02498836471630371
FBXO45 (200933),0.02500086856212452
FAM200B (285550),0.02500349193883475
PCDHGA9 (56107),0.025012404775031426
PKLR (5313),0.025017426728400967
PARVB (29780),0.025024829880295578
UBE2I (7329),0.02502933184370182
BCLAF3 (256643),0.025035067367498137
WDTC1 (23038),0.025044110508829993
ATP13A2 (23400),0.025045291431307116
TNIK (23043),0.025052185155034528
TNS4 (84951),0.025053058417818415
ASCL1 (429),0.025058868504149213
USF3 (205717),0.025081097947543134
CLK2 (1196),0.025094174876583622
TMEM45B (120224),0.02509772555448833
L1TD1 (54596),0.025102931219907924
PABPN1L (390748),0.02511845273545839
GLMN (11146),0.025126935123173332
LRRN3 (54674),0.02513546873909246
GCG (2641),0.025146037054264502
SCNN1A (6337),0.02515170404810459
GREM2 (64388),0.02516439516987205
ACOT4 (122970),0.025167289203864927
NPR2 (4882),0.025168902529780518
PRRG3 (79057),0.025169773992233056
MLEC (9761),0.025190043999043614
CD300E (342510),0.025210477375123413
NUDT16 (131870),0.025223402845230343
FBXL7 (23194),0.025232395486262323
H2AC6 (8334),0.02523625206134008
PTPRE (5791),0.025240640715013182
RFT1 (91869),0.02524067355389385
NCF4 (4689),0.025249211482729687
ACSL4 (2182),0.02524953947751094
MARCHF4 (57574),0.02524957846116329
PLCB4 (5332),0.02525004884809449
MXRA5 (25878),0.025259700540380757
LAMTOR2 (28956),0.025273786742002213
FCGRT (2217),0.025279608968955446
ZMYND19 (116225),0.025281193067097255
EYA4 (2070),0.02528278961267437
ELK3 (2004),0.02529101530121948
MGP (4256),0.025301931172282167
ATAD2 (29028),0.02530248745862066
TUBB4B (10383),0.025305074752313274
RPL39 (6170),0.02530668029803269
TPD52 (7163),0.025306847458178384
WDFY3 (23001),0.02530933162590042
PLAAT5 (117245),0.025310249524485552
JAG1 (182),0.025312662967166066
LIPM (340654),0.025329767906947888
GPAA1 (8733),0.025346789199612883
ZNF846 (162993),0.025348490356006306
ZNF300 (91975),0.025354755483335087
TEX35 (84066),0.02536062603239581
UVSSA (57654),0.025369105739861203
TTYH1 (57348),0.025373987650452994
TOP3B (8940),0.025376742786757157
NXNL1 (115861),0.025381767719225366
SGCB (6443),0.025384724646062035
KBTBD12 (166348),0.02539515307303496
BLTP3A (54887),0.02539953855995799
KLRF2 (100431172),0.025403002899723703
TRAF2 (7186),0.025406037339713666
SETD7 (80854),0.02541662825289364
ABCA12 (26154),0.02542988075790178
FRAT2 (23401),0.025439682812678388
LGALS3 (3958),0.025457381962242648
GRID2IP (392862),0.025467712854099434
CDC42BPB (9578),0.025470886729882437
DHRS7C (201140),0.02547237497749139
FAM47B (170062),0.025475299249512036
C1QTNF1 (114897),0.02547614558494344
EGLN1 (54583),0.025497777648475287
CELA3B (23436),0.025498266176140812
ACSM2B (348158),0.025508595444887195
HEATR4 (399671),0.0255093565087966
PCF11 (51585),0.025514725913092978
FGA (2243),0.025520328772267693
CHEK2 (11200),0.025520784808786647
RNF24 (11237),0.025535646591681328
RAB12 (201475),0.025540620613683375
THUMPD3 (25917),0.025546258086592572
CACNA1E (777),0.02554689382765201
DMC1 (11144),0.025565704891250568
ICA1L (130026),0.025570101342128632
JARID2 (3720),0.025586303743897303
KPNA1 (3836),0.025586817101004633
FOXG1 (2290),0.025624891349550677
PPP2R5C (5527),0.025634942806313808
ANKMY2 (57037),0.025640654507296797
OR5P3 (120066),0.025651455005802577
PQBP1 (10084),0.025653381364114016
ZNF528 (84436),0.02567165566587522
ARL5B (221079),0.025674053247344973
PRKAG1 (5571),0.025674231916577705
PTGR3 (284273),0.025674291000266632
SV2C (22987),0.02567537319728351
THEM4 (117145),0.025690898280851002
ACKR2 (1238),0.0256997816551074
GFOD2 (81577),0.02571392933715504
PRSS8 (5652),0.025720617593166063
PABPN1 (8106),0.0257243426120242
MBD2 (8932),0.0257259564187333
SUPT3H (8464),0.025727099854028053
CD1A (909),0.025741365267992436
ZNF705G (100131980),0.025742343335391316
EBF2 (64641),0.025753857205205278
APBB1IP (54518),0.025760232057336768
STK36 (27148),0.025786768611355787
PPFIA2 (8499),0.02579485339853369
CALB1 (793),0.02579504660511989
CXCR3 (2833),0.02580812144000013
RERGL (79785),0.025810450462131013
LRRC8C (84230),0.025818621488416814
PDE3A (5139),0.025819923852551826
RXYLT1 (10329),0.02583139568403372
VEPH1 (79674),0.0258392110460746
ZNF670 (93474),0.02584293900270741
GSTA2 (2939),0.02584397357480196
NWD1 (284434),0.025847372830877336
LRRC70 (100130733),0.025848705517514774
PCDHGA12 (26025),0.02584895088989806
IGFBP2 (3485),0.0258540337544468
TIGAR (57103),0.02586098357803062
ENGASE (64772),0.025866542047718988
C15orf61 (145853),0.02586800217416191
IGSF5 (150084),0.02587285199894983
UTY (7404),0.025874226658148942
SLC22A18 (5002),0.025888397613947872
BCL11A (53335),0.025891581217505365
CYP4A11 (1579),0.025895819987853754
MTA1 (9112),0.025900077346273892
ZC3H8 (84524),0.025901224915806847
NCBP3 (55421),0.025911299893386735
PGK2 (5232),0.025920908795046656
FAM8A1 (51439),0.025922364960148166
AK5 (26289),0.025930425185364175
ZACN (353174),0.025939799360802283
PPA1 (5464),0.02594191644115541
MZT2B (80097),0.025950436832036204
CRYBA2 (1412),0.02595062865963322
IGDCC4 (57722),0.025965387174954852
SNPH (9751),0.025972267017282807
KRTAP9-6 (100507608),0.025975142486754473
C3orf62 (375341),0.02597924301689557
PRSS57 (400668),0.025984027869595
NSDHL (50814),0.02599352907023332
UNC5B (219699),0.025999560820580712
F9 (2158),0.026012435229443572
PRIM1 (5557),0.026015639431891332
FAM184A (79632),0.026022119666694706
RRP7A (27341),0.026041129584207595
TMEM163 (81615),0.02604183392502502
RAB3GAP2 (25782),0.02605389637071016
OR51B5 (282763),0.026057686559925953
BHLHA9 (727857),0.026067633777903235
ENOSF1 (55556),0.026068311139772087
TRIM65 (201292),0.026069596686490733
FBRSL1 (57666),0.02607375592542669
SCIN (85477),0.02607846322401671
ASCL3 (56676),0.02609576195256862
CSGALNACT1 (55790),0.02611381243988077
RBSN (64145),0.026121200622014337
TRIP4 (9325),0.026124356695802115
C9orf85 (138241),0.0261249235282308
NT5C2 (22978),0.026125507017517504
SPINK14 (408187),0.026138716256749572
CDX1 (1044),0.026148252811493144
ARAP2 (116984),0.026148713105439102
MAPK6 (5597),0.0261522287967804
RANBP1 (5902),0.026158971768745324
CDHR2 (54825),0.026188053998861555
CDH1 (999),0.02620109847803025
ANKRD13C (81573),0.026201728122038435
EIF2B2 (8892),0.026210480882402347
EFHD2 (79180),0.026216395733909475
GSTM4 (2948),0.026218536248896945
PKDREJ (10343),0.02622016058690233
PEDS1 (387521),0.026222186997197326
RUNX1 (861),0.026234965108246168
ENTREP1 (9413),0.02623891181078533
ZNF677 (342926),0.02624004734560369
GSDMC (56169),0.026248643009434337
SFTPA2 (729238),0.026260939380356303
ZNF43 (7594),0.026270328351743526
HMSD (284293),0.02627216906901321
LRRC34 (151827),0.026283805694857255
ACTN1 (87),0.02630868080080177
AKAP13 (11214),0.02631241722759497
MPP4 (58538),0.02632069690540077
CCDC42 (146849),0.026326643819161572
ZSWIM4 (65249),0.026330529059127618
KLHL26 (55295),0.026338647914167995
TC2N (123036),0.02634290411807572
LRATD2 (157638),0.02634747119285079
XPA (7507),0.026349541054639932
ADIG (149685),0.026368673470509283
SYCN (342898),0.026377602278160366
SPMIP2 (152940),0.026385105772987635
MRGPRX4 (117196),0.026393013540100464
FAM89B (23625),0.026395601962789412
CLIP4 (79745),0.026413048568666598
SMO (6608),0.026415967257696082
ANKRD34B (340120),0.026439564539526932
FGFR4 (2264),0.02644928242565134
STK32C (282974),0.026452503803708144
QSOX2 (169714),0.026456587273102766
KLHL35 (283212),0.026466375421216288
ATP5MK (84833),0.026477167252394275
CDKN2AIP (55602),0.02648610179567749
MB21D2 (151963),0.026487594774469426
SLC37A3 (84255),0.026488942032216155
CCIN (881),0.02649098448028967
AGMO (392636),0.026503327604245296
CCR1 (1230),0.02651704556483905
MANBA (4126),0.02652458055523057
C4BPB (725),0.02652751067256856
PPP2R5B (5526),0.02653810967368
RALGPS1 (9649),0.02654053521241822
TRAPPC9 (83696),0.02654485774383846
SF3B3 (23450),0.026548062878210103
SV2B (9899),0.026551095535133486
CD3E (916),0.02655537798639186
FBXO48 (554251),0.026558277287927368
PRKCZ (5590),0.026564273694547304
EXTL3 (2137),0.02656734255802735
NFE2L1 (4779),0.02657082717103512
PIF1 (80119),0.026574604847523536
ZNF175 (7728),0.026577090319154374
IDH3A (3419),0.026595605078462817
NAALADL1 (10004),0.026597317484453032
PAGE5 (90737),0.026624699467462366
PCP4 (5121),0.026633747333279452
RNF207 (388591),0.026633852516594496
CYB561 (1534),0.02663594470300437
TCEAL1 (9338),0.026646222998812377
HSPB1 (3315),0.026672154484541584
SPAM1 (6677),0.026677860553427617
TMEM101 (84336),0.026680326232886582
PDC (5132),0.02668692439460205
EHMT1 (79813),0.026689381475833048
GLRX2 (51022),0.026694990642135846
EXTL2 (2135),0.026697268960354636
UGT3A1 (133688),0.026698387452641525
GPC5 (2262),0.026702870492308513
ERLIN2 (11160),0.02671219154787813
MON2 (23041),0.02671250432308388
SUSD2 (56241),0.026725435062024933
COL16A1 (1307),0.026725994781254456
CACNA1H (8912),0.026739928863545863
CASZ1 (54897),0.02674875263705372
GBGT1 (26301),0.02675074200971081
PLXNC1 (10154),0.026752353015227052
GLB1L (79411),0.02675519187069095
SDF2L1 (23753),0.026755661595594057
TGFBI (7045),0.026770527288603546
THAP2 (83591),0.02677963020616539
SEMG1 (6406),0.026780758142195164
KIRREL3 (84623),0.026804184286635346
GPATCH11 (253635),0.02680686944821092
SLC22A3 (6581),0.026807268169037817
CC2D2B (387707),0.026808934595844408
FRS2 (10818),0.026819101902454515
CMBL (134147),0.02682001678528054
OR6C74 (254783),0.026826729256187475
CHAD (1101),0.026834832752357762
DIPK1A (388650),0.02683626375817668
CTTN (2017),0.026838428696830667
ZNF83 (55769),0.026842871610843616
FAM135B (51059),0.026845226054491234
CFAP73 (387885),0.026851272008029992
CCSER2 (54462),0.026862766972498554
MXRA8 (54587),0.026883909114405774
ASB1 (51665),0.02688505875072275
PJVK (494513),0.026888265471484915
ZNF32 (7580),0.026895291300618435
DNAH5 (1767),0.026898250357493964
FAM117B (150864),0.02689901761835484
H4C2 (8366),0.026923854736902685
KDSR (2531),0.026923860996324874
CDK2AP2 (10263),0.02692724260573435
CRIM1 (51232),0.026928094195395543
KHDC4 (22889),0.026928874486114963
ADH1A (124),0.02693073575640142
CEACAM8 (1088),0.026934068244953046
LPCAT1 (79888),0.026941721699829953
CAMSAP2 (23271),0.026947762087595476
ZFHX3 (463),0.026948829045984266
ZNF582 (147948),0.02695520259203404
NEB (4703),0.02696357341315565
NDRG1 (10397),0.026969341444904888
CARD14 (79092),0.026990344932294682
FAM53A (152877),0.026996488725001523
MTARC2 (54996),0.026997650127472836
COPS9 (150678),0.02700040716811377
ZKSCAN4 (387032),0.02701168088049535
RBMXL2 (27288),0.027014383113657493
NMB (4828),0.02701927459164937
ATG3 (64422),0.027033510407945806
FAM241A (132720),0.027035787226696684
GBP7 (388646),0.02703645257589186
BICDL1 (92558),0.027042576957542558
ANKRD18A (253650),0.027063962774347007
SOAT2 (8435),0.027076093282862805
CALU (813),0.02709282541559176
DDAH2 (23564),0.027099749210796754
VIPR2 (7434),0.027111609021773023
NKX3-1 (4824),0.027111739827908855
TPT1 (7178),0.027117186141522757
ERCC4 (2072),0.02711932752093673
S100A3 (6274),0.02715219514797286
ZNRF4 (148066),0.027160206820802855
SEMA4B (10509),0.02716218427570887
LOXL4 (84171),0.027167863552242152
LPCAT2 (54947),0.027170263528997648
PAQR5 (54852),0.027170667569057564
ADM (133),0.02717935857050657
VAPA (9218),0.02718625762340159
RAPGEF5 (9771),0.027190358933257424
SLC25A21 (89874),0.02719457638636605
FIBP (9158),0.027196870967036622
LYSMD2 (256586),0.02720149829127644
SPATA19 (219938),0.027215317084257496
WDR89 (112840),0.027221836800195697
OR13C2 (392376),0.027228481547007626
NEUROG1 (4762),0.02723344588694639
SLCO6A1 (133482),0.027243117516274264
CHST5 (23563),0.027248928633136365
H3C7 (8968),0.02725204334735068
SYCP2L (221711),0.027262125739592347
CD9 (928),0.02726284831746924
ATAD1 (84896),0.027277914558088725
API5 (8539),0.02730428328101594
TGFBR2 (7048),0.02730976225289856
EDN1 (1906),0.02731498558451567
MTA2 (9219),0.02732786857369934
COX14 (84987),0.02732829296353338
JMJD4 (65094),0.027329012006440345
SERAC1 (84947),0.02733299675743851
TNFRSF17 (608),0.027339208334447116
ANXA13 (312),0.02734328233790211
TMEM102 (284114),0.027345799154138
CYP39A1 (51302),0.027347015107670618
ZFAND2B (130617),0.027352226738263184
SLC22A1 (6580),0.027355743402952302
DNAJB2 (3300),0.027378207561826354
TAS2R13 (50838),0.027402963974623506
CATIP (375307),0.027403234411290663
CYP2F1 (1572),0.027408401831353315
ZBTB14 (7541),0.027412487008232806
LGALS16 (148003),0.027413551468966936
P2RX4 (5025),0.027421071988846718
SLCO3A1 (28232),0.027422232243814328
IL18 (3606),0.027435348658777427
SQLE (6713),0.027436864596387583
ZNF486 (90649),0.027444849774121316
HYAL4 (23553),0.027445313103522013
CCDC68 (80323),0.027448247485735645
DHCR7 (1717),0.027466888001416195
PDE7A (5150),0.02750358414291841
NUP37 (79023),0.027525762067781404
OR5H14 (403273),0.027528612305854384
USP2 (9099),0.027546725146472495
CD244 (51744),0.027564737592412628
HDAC10 (83933),0.027566651461992952
QKI (9444),0.027567692470426328
SNX15 (29907),0.02758709308101814
TMEM25 (84866),0.027596204086365622
ZBTB24 (9841),0.02759979124857184
DMTF1 (9988),0.027613909850897445
XKR9 (389668),0.027616937050929994
MS4A13 (503497),0.027617756215599278
ZNF791 (163049),0.027621961380602935
RRH (10692),0.027639966251682385
LRRC19 (64922),0.027645202419012017
ERN1 (2081),0.02765180674823132
PCDHB3 (56132),0.02766344851410636
LRRC37A2 (474170),0.027663861415627718
MAGI3 (260425),0.027668762676054535
TRIM31 (11074),0.02767116614427018
STK35 (140901),0.0276862449007436
HLA-A (3105),0.027688945816770866
STARD4 (134429),0.027707325094530295
ZMYM1 (79830),0.02773311997531908
RAB27A (5873),0.02773449475041586
MICA (100507436),0.027740980840114088
LRRC8E (80131),0.027741155751856143
CHRNA5 (1138),0.027751162922095486
ZNF679 (168417),0.027752296265971924
METTL6 (131965),0.027755210074692296
NR5A2 (2494),0.027761865556803548
ITCH (83737),0.02776531593852929
MAGI2 (9863),0.027777912529071518
LINGO2 (158038),0.02778118149042502
CLPSL1 (340204),0.027788217932607856
ZNRD2 (10534),0.02779028728510474
SLC2A5 (6518),0.02779274645763274
HAS1 (3036),0.02779296745965851
SEC14L1 (6397),0.027797462041317316
CCR5 (1234),0.02780294542392141
ZNF490 (57474),0.027807181990810975
ZFP82 (284406),0.027822241928982812
GRHL1 (29841),0.027837984133048194
NEK1 (4750),0.027846894544273408
RUNDC1 (146923),0.02785608531782235
TK2 (7084),0.02786470016182753
ACTL10 (170487),0.027870542214198265
ADAMTS18 (170692),0.027871258895271953
SNTB2 (6645),0.027876838686608802
ARRDC2 (27106),0.027885822411002965
ZFP69B (65243),0.02789404512102744
HECTD1 (25831),0.027906624395582925
KLF16 (83855),0.027917596498730306
MFAP1 (4236),0.027922838203734646
SPAG9 (9043),0.027923684610485517
MIPOL1 (145282),0.027937597085164766
LMOD3 (56203),0.027955168829704034
MSL2 (55167),0.027959668416952764
CNIH2 (254263),0.027963513427309315
PMP2 (5375),0.02798090226584207
ALPL (249),0.027987039472814765
PTPN23 (25930),0.027987582137800417
AXL (558),0.028000623861221735
ZNF534 (147658),0.028017993977249828
AGPAT4 (56895),0.02801809485374414
EPHB1 (2047),0.028018899694633136
ZNF484 (83744),0.02803950886770585
SLC4A1AP (22950),0.028041972791718738
RAB21 (23011),0.028051083254600657
OR2A14 (135941),0.028052034386298826
TOP6BL (79703),0.028073751810732957
ZNF580 (51157),0.028116092641760723
DTX3 (196403),0.028126377239557812
LCMT2 (9836),0.028138206417825704
FSBP (100861412),0.028139260703027302
OR8H2 (390151),0.028162778926870476
PCARE (388939),0.028177887256845672
SSR3 (6747),0.02818782597769676
FRA10AC1 (118924),0.02819502155229211
ADAD2 (161931),0.028195032065479412
AKIRIN1 (79647),0.028197975869206263
SCN7A (6332),0.028199999140067714
PEX3 (8504),0.028214631909057902
TBL1X (6907),0.028238030764340307
CLDND2 (125875),0.028241627079467545
HOXA10 (3206),0.028245998265808647
DNAH3 (55567),0.028248120693593785
SPMIP3 (200159),0.028264914626627547
TOMM20L (387990),0.028266509353374353
METTL9 (51108),0.028266754599472147
LGI1 (9211),0.028269107205749894
AKR1C2 (1646),0.02830462811301706
MYSM1 (114803),0.02830516625617238
PDPK1 (5170),0.02831086916398632
SIGLEC1 (6614),0.02832409206638278
AGPS (8540),0.02832815667699467
BEST1 (7439),0.028335298444197195
ARHGEF12 (23365),0.028340589315567467
TMEM225 (338661),0.02837840552626304
LANCL3 (347404),0.028393925602938262
SYT14 (255928),0.028396643457489098
RETREG1 (54463),0.028405592394460378
P2RX5 (5026),0.028406544802665114
GLIPR1 (11010),0.028408369354737128
GFER (2671),0.02841027073064024
METTL21A (151194),0.02841764103632679
CRACR2B (283229),0.028423344338167563
PIP4P2 (55529),0.02842373296881675
NAV2 (89797),0.028457389736418166
CDON (50937),0.028457704774871133
ZNF502 (91392),0.028468610628421234
ZNF623 (9831),0.028483678376996474
FAM217B (63939),0.02848427620352287
TMPO (7112),0.028485376768839863
OR4K17 (390436),0.028488316124005257
RNF216 (54476),0.028495230498138967
OSMR (9180),0.02849573311844666
IZUMO1 (284359),0.02849597157411141
BZW2 (28969),0.028502187437238674
TRIP11 (9321),0.028508657409271415
GPR18 (2841),0.028522799013375906
TSHB (7252),0.028535767144155646
ARHGEF17 (9828),0.028549692318166394
FAM209A (200232),0.028554804776065215
B3GALT5 (10317),0.02855658859307681
TEX12 (56158),0.02855725124401066
CMTM3 (123920),0.028559405108073213
BPIFB1 (92747),0.02855984669229306
ARMH1 (339541),0.028564571745740786
IL22RA1 (58985),0.028568175347216302
TACSTD2 (4070),0.028574413521380914
CLCN6 (1185),0.02857849258818347
IL7R (3575),0.028583051936383032
CACNA2D1 (781),0.028586554619596135
ZFYVE9 (9372),0.028592673495312124
CIR1 (9541),0.028613238003662028
LSM12 (124801),0.028617822264264545
AOAH (313),0.028618226932855616
CDH19 (28513),0.028622398460769638
KRTAP1-5 (83895),0.02863355109259813
DEFB113 (245927),0.028639239198064867
LAMC3 (10319),0.02863959592597598
PIWIL1 (9271),0.028652376595670694
USP17L13 (100287238),0.028658159117290104
DEFB1 (1672),0.028658934391198265
DTNA (1837),0.02867723501508339
LDAF1 (57146),0.028681441110556493
GPR158 (57512),0.02868328765828951
SIRPD (128646),0.02868972890470355
NLRP13 (126204),0.02870632202051241
ARPC4 (10093),0.028718345936318893
ABCG1 (9619),0.028730134672251263
CNBD1 (168975),0.02873250068845925
ADIPOR1 (51094),0.028740585303458605
AMZ2 (51321),0.028746488712517816
CCT7 (10574),0.028753240692747206
PCDH19 (57526),0.028756058403265304
TYW1 (55253),0.028763265163996302
ATP7A (538),0.02877325443231309
CLEC14A (161198),0.028788663235968306
MBOAT7 (79143),0.02879103447829398
TAS2R31 (259290),0.028791975575310026
ZFP69 (339559),0.028815699347309924
LILRA1 (11024),0.028824206993288953
EEIG1 (399665),0.028826156139455824
IFNL3 (282617),0.028839435039169768
MATN1 (4146),0.028849155601135257
SELENOI (85465),0.028860468372179298
CZIB (54987),0.028865430284772845
DDX53 (168400),0.028872700276062247
CARM1 (10498),0.02888033008613927
INTS13 (55726),0.02889132627453146
IGF2BP1 (10642),0.02890000923780817
KBTBD8 (84541),0.028902159053445568
IRX5 (10265),0.028921125491198248
ARSK (153642),0.028929514615921664
ZDHHC3 (51304),0.028942995755241615
PPP1R21 (129285),0.02894904850126514
ZC3HAV1L (92092),0.028950436515944495
CHN1 (1123),0.02895301058531927
SULT1A2 (6799),0.02896444018391548
ZSCAN5A (79149),0.02897184098955796
DYRK2 (8445),0.028972130061956695
LYZL6 (57151),0.028981381163615837
ARGLU1 (55082),0.02898228018898984
METTL27 (155368),0.02899439817126209
VWA5B2 (90113),0.029001485091720885
HNRNPA0 (10949),0.029006044423649523
PPP6R3 (55291),0.029009496445889165
NID2 (22795),0.029010684587752734
CBX8 (57332),0.029026395482161856
RBBP5 (5929),0.029030670743023294
CYB561D1 (284613),0.029033689105816076
SH2D3A (10045),0.029059154174326043
DTNBP1 (84062),0.029065346163742962
PPP1R12B (4660),0.02906796877654461
TMEM169 (92691),0.02908750176519117
ZXDC (79364),0.029089101211154707
MICAL3 (57553),0.029092083751260923
CLEC18B (497190),0.02909477007899815
POMT1 (10585),0.029104820477815027
NUP62CL (54830),0.029107721644328472
SALL3 (27164),0.029123639030803027
IL15 (3600),0.029123650902187936
CYP2D6 (1565),0.02912699150953356
TRMT5 (57570),0.02912791090133104
NFIX (4784),0.029131418029216503
SPTB (6710),0.029144505705629948
ATP13A1 (57130),0.029153728581637884
CLEC2D (29121),0.02917358933968149
NVL (4931),0.029174482380268207
MIA2 (4253),0.02917511902048003
ZNF385B (151126),0.02917559579873965
PEX13 (5194),0.029187728936088116
ARPC1A (10552),0.02919867461678806
HNRNPAB (3182),0.02924885027290303
SEMA7A (8482),0.029251090434240692
GTDC1 (79712),0.02926673798207988
VCAN (1462),0.02927905572931455
SLC13A5 (284111),0.029280321830962876
SPOCK3 (50859),0.02928108647043084
ZNF709 (163051),0.0293172311369734
ANGPT1 (284),0.029330574139518676
MSRA (4482),0.029345414041111306
CDC42SE2 (56990),0.029346146228842105
DLEC1 (9940),0.02935115047051709
ANP32E (81611),0.029359883379666937
SCOC (60592),0.029365889385410005
UNC13D (201294),0.029368882932923453
FAM217A (222826),0.029391172264382273
MTMR8 (55613),0.029405354777962283
FES (2242),0.02941111715185857
PFKP (5214),0.02942704549348874
MYBPC3 (4607),0.029433248857141336
SSTR5 (6755),0.02944020969053509
SUV39H2 (79723),0.029441656219808394
ALG12 (79087),0.029452170315302995
RHOF (54509),0.029456989883006216
TMC5 (79838),0.02948376491058278
EIF2AK1 (27102),0.029486345147263452
AP4S1 (11154),0.029487337581270413
CST1 (1469),0.029487937876077088
BRINP3 (339479),0.029490371180625977
ZC2HC1B (153918),0.029494051072573253
USP29 (57663),0.029494575422018054
CPXM2 (119587),0.02950233750763266
ZNF653 (115950),0.029511504355818462
CTXN2 (399697),0.029522935884996028
LRP11 (84918),0.02953764839931883
NSMCE1 (197370),0.029541158602535252
FMNL3 (91010),0.029552628966472174
CPLX4 (339302),0.029566868721400553
SAPCD1 (401251),0.029571162614131664
DMRTB1 (63948),0.029585220858119262
PPFIA1 (8500),0.029590576904805994
CST4 (1472),0.029590868402072094
APOBEC3C (27350),0.02962124365635329
ATXN10 (25814),0.029625583512240032
ETS2 (2114),0.029628452635933958
PEX10 (5192),0.0296384372043874
MROH9 (80133),0.029640122284611402
MED24 (9862),0.029645919315709895
CITED4 (163732),0.029652012836358915
GABRG2 (2566),0.02965705725242577
RBP3 (5949),0.029673069719847175
NKD1 (85407),0.029680391899756412
COG4 (25839),0.02968807233074524
CNTN1 (1272),0.02969456903307113
PRELID3A (10650),0.029706770255770044
SMURF1 (57154),0.029721811146987118
PKN3 (29941),0.029729582927742394
GPR62 (118442),0.029748479478527372
HTR7 (3363),0.02975058472507337
BMP1 (649),0.029757437229234063
MC5R (4161),0.029763262002911572
RNF25 (64320),0.029765586530454965
CLIP3 (25999),0.029766589934556168
DUSP18 (150290),0.029773051467513426
ELF3 (1999),0.029787271598063162
HOXB4 (3214),0.029787357256455156
BMP4 (652),0.029807925093615465
AKAP8 (10270),0.02981512228647826
TMEM232 (642987),0.029818981816712272
TMEM30B (161291),0.029830750286304105
MDH1 (4190),0.029838688940525337
DOLK (22845),0.02983873294216309
RNPS1 (10921),0.029839421283653234
FAM216B (144809),0.029842374733788285
GRPEL2 (134266),0.029861612023288832
SPATA20 (64847),0.02987900619457109
MTHFSD (64779),0.029885019461643125
YES1 (7525),0.029887173742061228
HMGCLL1 (54511),0.02989168943976065
ERBB4 (2066),0.029905482008550432
DEFB123 (245936),0.029911775570686177
TTC9C (283237),0.029930542023868478
SLC30A6 (55676),0.02994220873235465
TMX3 (54495),0.030004684566662828
VN1R1 (57191),0.0300339149130614
LRRC25 (126364),0.030061905674831083
HOXB8 (3218),0.030066534918263967
SF3B6 (51639),0.03007300190552664
MPI (4351),0.03008151045942749
WNT1 (7471),0.030082498646202434
NKAPD1 (55216),0.03010843615557271
RSF1 (51773),0.030140227001646314
OR5A2 (219981),0.030160107067392663
SLC2A14 (144195),0.03017917153858926
LRRC40 (55631),0.030183437423982613
CLEC3B (7123),0.030188395825740687
MYOF (26509),0.03020095260540329
TMEM63C (57156),0.030205526669316002
JADE3 (9767),0.030205783122740075
RLN2 (6019),0.030208245968391816
MC3R (4159),0.030212092397606877
KPNA4 (3840),0.03022153245471337
SACS (26278),0.030227892389002215
IGSF9B (22997),0.03022868207803036
TGM7 (116179),0.03025295494807746
TMCO2 (127391),0.03026102604614757
C1QC (714),0.030271331517084596
IL36A (27179),0.03028744736847706
RNF128 (79589),0.030290932758534672
ICAM4 (3386),0.030292918181619756
PRAME (23532),0.030306513361151446
BRD4 (23476),0.0303093177141277
PTH1R (5745),0.030311059349390875
CATSPERB (79820),0.03031895415224596
EEA1 (8411),0.030335442991568963
MAN2C1 (4123),0.03033623540102908
DAGLB (221955),0.030337686788125567
TMTC4 (84899),0.030349403855759686
CD74 (972),0.030358227054111248
GHITM (27069),0.03038238204033592
CLXN (79645),0.030388960570303675
NEURL4 (84461),0.03039841027483604
RCE1 (9986),0.03040187250815493
HYI (81888),0.03040465863340907
PNPO (55163),0.030407016437172033
CD44 (960),0.03041942309802707
ALDH2 (217),0.030441386231518177
L3MBTL1 (26013),0.03045178026166198
BCL2A1 (597),0.030466967350063094
AGTR1 (185),0.030470705453853282
VSX2 (338917),0.03047330561094931
DNAAF8 (146562),0.030473562611171536
VPS33B (26276),0.030484682822348744
SERPINB1 (1992),0.030509318423098265
VPS8 (23355),0.03051172655676131
ZNF429 (353088),0.030516299529781566
ANO1 (55107),0.030518199207498754
NAA30 (122830),0.030541547793662728
WDR17 (116966),0.030545494674423655
TBX2 (6909),0.030552251763769588
NOMO1 (23420),0.030564755672273385
MIEF2 (125170),0.03057383405461784
TFAP2A (7020),0.030601042867774427
DNAJC12 (56521),0.030601496931780537
SUPT16H (11198),0.03060485806605864
RRP36 (88745),0.030606488232130143
NSMF (26012),0.03062375593292319
RRP15 (51018),0.030627545389549173
MCF2L2 (23101),0.03063177690328985
IL3 (3562),0.030650327208561395
SRPK3 (26576),0.030689579165322323
CUL2 (8453),0.030697309018071096
LHX9 (56956),0.03070288566299042
ATP7B (540),0.030727292825920842
NEK9 (91754),0.030765845936817252
ZRANB1 (54764),0.030769725735901067
UTF1 (8433),0.030793937467406596
SIX1 (6495),0.0308022608483875
FAIM (55179),0.030804902024479167
KLK9 (284366),0.030812368126612907
GLYATL1 (92292),0.030814020285703594
ZNF234 (10780),0.030817256204281215
PDXP (57026),0.03082724136445469
ZFYVE27 (118813),0.030839135448723652
KRT1 (3848),0.030856896530570065
FRMD4A (55691),0.030858575869464847
OR13G1 (441933),0.030862024019932453
CHMP2A (27243),0.030867220527852055
TM2D3 (80213),0.030875802117656156
YBX3 (8531),0.03087817600264775
DENND4A (10260),0.030891779306413278
UBAP2L (9898),0.030894224998013288
MYO9B (4650),0.030912841119288315
ZNF831 (128611),0.03092268177338151
TSPEAR (54084),0.030933390569777532
CCDC152 (100129792),0.030934841322242577
DYNC2H1 (79659),0.030935781380368985
CSN3 (1448),0.030957779124457692
TLR10 (81793),0.03096132611333382
LYPD3 (27076),0.030965815719493184
ERP44 (23071),0.03097326432267295
CAMK1D (57118),0.031003664441745255
H2AC7 (3013),0.03100656490448382
XCL1 (6375),0.031011253473234697
CFAP77 (389799),0.031026070196907753
GLT8D2 (83468),0.03103638625472866
GSTA5 (221357),0.03104301048898741
ZFP1 (162239),0.031048871609097382
KLRF1 (51348),0.031088664175928406
SMTNL2 (342527),0.03109409987759319
SMCO1 (255798),0.031107819522456753
NRDC (4898),0.0311081198776022
UGT1A8 (54576),0.031111685491795996
INSYN2A (642938),0.03113455150402416
PPP1R3C (5507),0.031151986359430468
PAK4 (10298),0.031155255415161988
CYP2C9 (1559),0.031167730812056507
OR13D1 (286365),0.03117190933157112
PIK3C2G (5288),0.031173227601455442
LRIG1 (26018),0.031173497576365557
AMACR (23600),0.031179799055455985
ZNF576 (79177),0.031184629622118064
FCER2 (2208),0.03118985092464382
FAM47C (442444),0.031198213212377056
LRP10 (26020),0.0311984944294881
SIK1 (150094),0.031199496139098944
DMD (1756),0.031212896806418235
UGT1A3 (54659),0.031222045066236978
RBM20 (282996),0.031227563352500157
EPB41L4B (54566),0.031250442034493266
SSH1 (54434),0.03126169199557011
CAMLG (819),0.031265897191946904
CYTH1 (9267),0.03129810986592051
BRK1 (55845),0.031300519352774836
ERMAP (114625),0.031301627892995294
TFAP2C (7022),0.03133067849348308
SLC30A7 (148867),0.031332783002421725
SSPN (8082),0.031340659065593926
DNAJC5G (285126),0.03134875943620761
CCDC38 (120935),0.031350901736685144
PPIL4 (85313),0.031353048485527286
SPINK5 (11005),0.031371353447176765
GSTM5 (2949),0.031372667697888434
ZNF671 (79891),0.031379022649021295
FKBP5 (2289),0.03137912045963749
C1S (716),0.03138262413068675
MET (4233),0.031406108002252145
ZNF354A (6940),0.03141115841789436
CELA2B (51032),0.031438292128667916
EPM2AIP1 (9852),0.031444272673014945
SIMC1 (375484),0.03144895672148152
USP6 (9098),0.031454971751868455
EMILIN1 (11117),0.031459593737670835
COL5A1 (1289),0.03149435914125118
COL23A1 (91522),0.03150714170585783
CLSTN2 (64084),0.03152131060989833
TMX1 (81542),0.031525662955520055
MROH6 (642475),0.03152820902593082
DNAH11 (8701),0.03152897855272101
PSME3IP1 (80011),0.031552544557348704
ESCO1 (114799),0.03155541419495339
SAMD4A (23034),0.03157023613124333
CCDC88A (55704),0.03157236032726787
DUSP16 (80824),0.03158967515258434
MAN1B1 (11253),0.0315902895673222
OR2T4 (127074),0.03159316341676411
GCFC2 (6936),0.03159638781716345
BLTP3B (23074),0.03160148451545748
PKDCC (91461),0.03161042723410865
HNF4A (3172),0.03162446007126053
ARHGAP45 (23526),0.031631012790299236
COG1 (9382),0.03163210578636185
KRTAP1-1 (81851),0.03163667737587727
ABL1 (25),0.031638971377551166
CDK9 (1025),0.03166832933164717
SRPK1 (6732),0.031688798155854195
ZNF701 (55762),0.0316898802201543
LAG3 (3902),0.03169434784332775
UBR3 (130507),0.03170270348424728
ARFRP1 (10139),0.03171492550517892
FCGR3B (2215),0.031729743661460884
FGFR1 (2260),0.03173424083750533
GRIN1 (2902),0.03173853646457283
PRDM15 (63977),0.03175178525341614
PRR23A (729627),0.031755475071934804
HERC4 (26091),0.031757617994714375
RGS7 (6000),0.03176283308228606
LRRC1 (55227),0.0317713884985065
BRF2 (55290),0.03179089352974449
ANGPTL6 (83854),0.0317932696877027
SUPT7L (9913),0.03179698515676517
RRP8 (23378),0.031805336836354295
TANGO2 (128989),0.03183400723123113
EDF1 (8721),0.03183713691919012
RUNX1T1 (862),0.03184051143199421
BMT2 (154743),0.03184467126433033
MED29 (55588),0.031868937846275404
TNS3 (64759),0.03187477610942977
MRI1 (84245),0.0319063595717685
XCL2 (6846),0.031908484648166965
SLC25A28 (81894),0.03195912344862391
TTLL9 (164395),0.03197763047857212
SYNJ2 (8871),0.03198997371410873
SRL (6345),0.032016143858230005
ZNF202 (7753),0.03201978441507419
ZNF266 (10781),0.03207445092875771
CDH13 (1012),0.032083988846664344
AAR2 (25980),0.03208933299269131
VMO1 (284013),0.03210950463210201
UBE2Q2 (92912),0.032117761032773064
IL6ST (3572),0.032123089375412174
TRIM7 (81786),0.03212505149114546
PCDHGB6 (56100),0.032127609385173936
ACOT9 (23597),0.03213720435755939
TMEM138 (51524),0.032142904722185776
RAB7A (7879),0.03214395850371836
AHDC1 (27245),0.03214832571262159
ESRRB (2103),0.03215548028242964
ARL14EPL (644100),0.03216597612209269
SPOCK2 (9806),0.032166365010292616
LIN28B (389421),0.03217767501769547
IRS1 (3667),0.03219141238497504
DGUOK (1716),0.032240398812365775
MBLAC2 (153364),0.03224194165275908
LDHAL6A (160287),0.03226415237046874
PCM1 (5108),0.032272864377200124
BANK1 (55024),0.03227479531114983
CARMIL1 (55604),0.03227576463015113
RAVER2 (55225),0.03228481101706671
GYG1 (2992),0.03229328419960121
ZIC1 (7545),0.0323085592314315
ZNF215 (7762),0.032308807579761664
RGS13 (6003),0.03231175306847835
LBR (3930),0.032318008566767566
C8orf48 (157773),0.0323218385968173
ZNF687 (57592),0.03233547770711343
TSPAN12 (23554),0.03233589808567479
DKK3 (27122),0.032338000275479416
NR2E1 (7101),0.03234066266649546
MAMSTR (284358),0.032347878995852904
PCDHGA3 (56112),0.03235754654210947
RTN1 (6252),0.03235868512031753
ZBTB2 (57621),0.032361465632618186
DEFB136 (613210),0.03236718362526999
NTM (50863),0.03237892648317634
WAPL (23063),0.03243559639160526
TMA7 (51372),0.032447917982890956
DNAI7 (55259),0.03245756196601038
RIOK3 (8780),0.03246347644103032
GCGR (2642),0.03246429514850017
CD69 (969),0.03246641751869792
ZFP2 (80108),0.03247466385949087
FBXW4 (6468),0.03247504296747151
NEUROD1 (4760),0.03247563875086346
AOC3 (8639),0.03247628052999787
LGALS14 (56891),0.03247721399699638
ZNF75A (7627),0.03248643538785019
ESR2 (2100),0.0324975618006997
ARFGEF1 (10565),0.0325487769103166
STX17 (55014),0.03255266363613309
H2AC1 (221613),0.03255446097139894
TM2D2 (83877),0.0325551118570486
REXO1 (57455),0.03256362412970073
HIPK3 (10114),0.03257677530792711
BPNT1 (10380),0.03257903904660703
FOXM1 (2305),0.03258202225625468
MSN (4478),0.03258457562514735
KLHL28 (54813),0.03258469769045352
FAM167A (83648),0.032586107884644604
TRAM2 (9697),0.03259226603841408
ADGRL1 (22859),0.03263450260683956
TMEM39A (55254),0.03264313832770912
PUDP (8226),0.03268807079193394
TAF7L (54457),0.032714299461240166
POU4F1 (5457),0.0327234273970389
H4C6 (8361),0.032729459815159075
DEF6 (50619),0.032744737575309324
RBFOX1 (54715),0.032758561758756514
DOK4 (55715),0.03276810470481743
SESN1 (27244),0.03283398329145339
APOH (350),0.03283402134627517
CUL5 (8065),0.03286990549621451
MIXL1 (83881),0.03287157120893589
PPP1R26 (9858),0.03288309381672543
MAPKBP1 (23005),0.032897460715154134
TMEM168 (64418),0.03290645178807474
GLS (2744),0.0329071218615672
ASB8 (140461),0.03291567806248502
OTUD1 (220213),0.03292515086060384
TAGLN3 (29114),0.03292916387441048
MAP4K2 (5871),0.03294001326495113
TAS2R43 (259289),0.032945558835505095
JUNB (3726),0.03294567187457972
TICRR (90381),0.032965054509076
KMT5C (84787),0.03297791989610053
TSTD2 (158427),0.032985109260096825
MUC12 (10071),0.03299382927314605
TRDN (10345),0.032998938818922616
SCYL3 (57147),0.03301714744042078
FAM185A (222234),0.03303792237746389
BEAN1 (146227),0.033071936375119966
SEPTIN2 (4735),0.033079389345739
POLK (51426),0.03309933786533417
CCDC107 (203260),0.03311327051549834
ABCA4 (24),0.033125072507738336
TPP2 (7174),0.033129675528944504
LEFTY1 (10637),0.03313700842709656
MAP3K4 (4216),0.03315026863537278
COMMD2 (51122),0.03316792283962339
MICAL2 (9645),0.033172633792117726
LEPR (3953),0.03318549496565137
TMEM151A (256472),0.033204114656217525
SKA1 (220134),0.033214782792016076
IQCA1 (79781),0.033239337457364
XPO7 (23039),0.03324481112221395
OR6N2 (81442),0.03324542015268617
GPT (2875),0.03324673956745094
ATF7IP (55729),0.03324999890241241
H2AJ (55766),0.033264807449404805
STK38L (23012),0.03327827354594292
CBX4 (8535),0.033278504276608126
C2orf76 (130355),0.033280100433621604
GRM6 (2916),0.033290147228951586
ID3 (3399),0.03329367543076452
GFY (100507003),0.03330617101603051
ZNF708 (7562),0.03331747479615439
AFDN (4301),0.03332078228669205
HTRA3 (94031),0.03332479686680595
TRAF3IP1 (26146),0.03332874168689293
NFATC2IP (84901),0.033358393399137876
GNG2 (54331),0.03337169612768083
ZNF347 (84671),0.03337548302670445
BCL7B (9275),0.033378082797476345
KRT37 (8688),0.03339706996790386
SMARCD2 (6603),0.03340591227249958
PCDHB6 (56130),0.033418603223014716
PRKAG3 (53632),0.03342798178353515
PLEKHG7 (440107),0.03342981742621448
MAP10 (54627),0.03343713536361076
HINFP (25988),0.0334726795640694
MTDH (92140),0.03348834272197685
WTIP (126374),0.03349509048627866
RAB3IP (117177),0.03351356534170189
LRRIQ1 (84125),0.03351551717606594
SDK1 (221935),0.03354685656842808
PRKD3 (23683),0.03354833247139213
ZNF721 (170960),0.0335561749676686
USP8 (9101),0.03355636985945149
LTF (4057),0.03356345618256484
TGFB2 (7042),0.033571514855560425
OR5F1 (338674),0.03357919927415763
HINT3 (135114),0.033587261043337674
SLC6A8 (6535),0.03359026347678631
LRRC4 (64101),0.03359890278927081
ENPP6 (133121),0.03361610915344856
TINAG (27283),0.033617638398729506
ACER2 (340485),0.03362216118579942
MEIOC (284071),0.03362979234244129
PRPF18 (8559),0.033634842702576336
ZNF766 (90321),0.033651585318712304
IRAG2 (4033),0.03365432862864882
SPATA45 (149643),0.033657504286933836
GAS2 (2620),0.03367957337179055
CYP3A5 (1577),0.03368653857635867
SOCS1 (8651),0.03369490092582198
TSPAN16 (26526),0.03372015257895929
CHCHD10 (400916),0.03377773480995971
FOXL1 (2300),0.03379599465143348
CHADL (150356),0.03379697207124327
S100A6 (6277),0.033807316676739155
OR5M8 (219484),0.033811738853076416
UGT1A4 (54657),0.03381440637816733
CYP2B6 (1555),0.0338395206898707
CT83 (203413),0.03385110247509827
ADAMTS20 (80070),0.03389296806843564
NAGPA (51172),0.03390021297901085
KLF2 (10365),0.033901500810208186
OLAH (55301),0.03390409938158079
SPDYE4 (388333),0.03391937767406857
SPTBN2 (6712),0.03392625197393446
GPR135 (64582),0.033953769158099376
UBL3 (5412),0.033971158885835406
RAB1A (5861),0.033985777999144255
TDRKH (11022),0.03398924653800273
AKR1B1 (231),0.034001110206389545
TATDN1 (83940),0.03400432265346231
SH2D4A (63898),0.034015214627237424
ZNF148 (7707),0.03404262605969954
KIF26B (55083),0.03404284486396356
TLE3 (7090),0.03404828339769871
TRAPPC8 (22878),0.03406067265906455
HSPBP1 (23640),0.03406582094233647
AVPR1A (552),0.03408587227936605
ABCB5 (340273),0.03409166013592173
TMEM121B (27439),0.034093247115147364
GLRA2 (2742),0.03410287945845762
EPS8L1 (54869),0.0341237453884179
DDX46 (9879),0.034125520535293094
GPCPD1 (56261),0.034131455221843014
DDX20 (11218),0.03415101125927688
PARPBP (55010),0.03415239971626239
UCKL1 (54963),0.0341736930126801
INO80D (54891),0.034194596926220996
ARHGAP6 (395),0.03419629514115317
NOD2 (64127),0.03419965057063455
CIMAP1C (161753),0.03420230102808193
SLC4A8 (9498),0.034206133606451805
CACNG2 (10369),0.03420859395769816
AGPAT3 (56894),0.0342295529950731
CYP2R1 (120227),0.034235309258782286
NDST3 (9348),0.034248565466219454
TAS2R41 (259287),0.03426096260016248
ELAPOR1 (57535),0.0342688523071914
MESD (23184),0.03430289147041455
RTL9 (57529),0.03431539983430236
XIAP (331),0.034316620178914355
LTN1 (26046),0.03431728158017937
AGTPBP1 (23287),0.03431871948037635
ELMO3 (79767),0.034361811381595685
STAP1 (26228),0.03439545860266394
KRT75 (9119),0.03441244901506402
UBE2D1 (7321),0.03441913561851255
PCDHA9 (9752),0.03444608008008386
SHISA9 (729993),0.03445527347646211
BORCS7 (119032),0.03445984764266623
ELP2 (55250),0.03448126503015339
E2F3 (1871),0.03448674526132829
ILK (3611),0.034515639561814825
PDZRN4 (29951),0.034515824298378746
BMAL1 (406),0.034528997844089596
PCDHA12 (56137),0.03453413158500732
LONP2 (83752),0.03454154026366289
S100PBP (64766),0.03454523701586329
UNC50 (25972),0.034546819118401524
ACSM2A (123876),0.03455964246796061
BCORL1 (63035),0.034570180419241675
MSC (9242),0.03458101947770059
RNASE2 (6036),0.03458133356921999
ESYT2 (57488),0.034589177373235566
FCHO2 (115548),0.03462555829035914
IQGAP1 (8826),0.03463555624918389
CDH4 (1002),0.034708721544706285
SSNA1 (8636),0.034716335301620445
CHMP5 (51510),0.03471782725441452
SAG (6295),0.03472154595354077
PAFAH2 (5051),0.03472230046071829
ALYREF (10189),0.03472638740423441
DIRAS3 (9077),0.03474010717856964
ABHD13 (84945),0.03474884387034331
SAMSN1 (64092),0.03474969651179098
ZDHHC18 (84243),0.03475484259005147
PIK3C2B (5287),0.034776219966804946
ARRB1 (408),0.034785661615837314
PTCD2 (79810),0.03478967473474069
TAPT1 (202018),0.03479642213564029
LZTS1 (11178),0.03480537605197063
TOPORS (10210),0.03482844604518308
OSR2 (116039),0.03484374494672282
H4C4 (8360),0.034848503741974624
WTAP (9589),0.03485876135788077
ZNF547 (284306),0.03488440064406718
CTSL (1514),0.03489526863861837
UEVLD (55293),0.0348992312948242
BET1 (10282),0.03490993208234123
H2BC3 (3018),0.03491253265868734
C2CD4D (100191040),0.03492015493893762
ZNF782 (158431),0.03494884724741997
SPOP (8405),0.034951581853598604
KBTBD11 (9920),0.03499263459063247
ATP6V0B (533),0.035045434487026746
UGT2B11 (10720),0.03505207004693354
ENPP4 (22875),0.03505460054259442
SATL1 (340562),0.035062502964397065
STK32A (202374),0.03506614987817105
PPP1R3G (648791),0.03506838053285042
ITGB4 (3691),0.03507479105102854
OSR1 (130497),0.0350765238546268
CBLN2 (147381),0.035089682369022615
ZNF208 (7757),0.03509573169798357
RLN1 (6013),0.035100014883552764
MOV10 (4343),0.035101167655432176
ISG15 (9636),0.03510664198894843
CHM (1121),0.035126027169337576
KCNMB4 (27345),0.035154028134282464
SOWAHA (134548),0.03516080503284108
CCDC39 (339829),0.03517397871749166
CYP1B1 (1545),0.03520700389655896
FUBP3 (8939),0.035211942101261405
PRPS1 (5631),0.035214589620456475
STK39 (27347),0.03522487145721892
LRRIQ3 (127255),0.03523999784787215
ZNF728 (388523),0.03524113518903186
ERO1A (30001),0.03525821206107306
HRAS (3265),0.03526625006710992
DOP1B (9980),0.035312971463544424
ZNF764 (92595),0.03532677228212224
CAND1 (55832),0.03533134638048817
CYB5R1 (51706),0.035345224834568575
HINT2 (84681),0.0353467639056193
NOCT (25819),0.035349042381900266
IRAK2 (3656),0.035402326362211294
SMCHD1 (23347),0.03540545179437968
MRNIP (51149),0.03540692666390043
PCGF1 (84759),0.03541914696691433
TFPI (7035),0.035447046105938115
HSF5 (124535),0.03550512388924918
ZNF134 (7693),0.035552043454889805
TIMM17A (10440),0.03556496460587027
RGS4 (5999),0.035573364458744
PRKCA (5578),0.035587261132373406
UBAC2 (337867),0.03558728856222694
ZC3H12A (80149),0.035599550426363105
KLHDC1 (122773),0.03560036306448066
FABP2 (2169),0.035605425219346926
GON4L (54856),0.03561067382877603
PTP4A3 (11156),0.03561523944600716
GPSM2 (29899),0.03563265112182081
TMEM41A (90407),0.03565030688669527
CD300LG (146894),0.03566191380759774
CALCA (796),0.03567322531005015
INTS12 (57117),0.035681578130045896
SERPINA10 (51156),0.035694258840603815
SFT2D1 (113402),0.0356980296412342
STATH (6779),0.035703285291555045
GTF2IRD1 (9569),0.03571610590948855
ACVR2B (93),0.035736483803524885
GATAD1 (57798),0.035740545096857264
GCNT2 (2651),0.03574313871182624
SLC35B4 (84912),0.03577325953767941
MARCHF6 (10299),0.0357830697660276
MTNAP1 (55028),0.03578597141665047
TUBB6 (84617),0.03578774176338344
ITGB1 (3688),0.03579634350724047
GOLGA8R (101059918),0.035809275117490616
NCS1 (23413),0.03583050717400692
SCAF1 (58506),0.03588237332324168
ADAM22 (53616),0.03588436621935124
KLHL31 (401265),0.03590809642137913
FGFR1OP2 (26127),0.03590955090749901
SPEM1 (374768),0.03592062291486803
KANSL1L (151050),0.035937188961349495
IL11 (3589),0.035944425822743986
TMEM158 (25907),0.03596017106669918
MMP2 (4313),0.03596585726051108
SLC25A1 (6576),0.03597955682953949
CHRNA2 (1135),0.036007180014195984
TMEFF1 (8577),0.03602167810278828
DEGS2 (123099),0.03606390889082288
ZC3H10 (84872),0.03607977850716343
ZNF131 (7690),0.03608074914787113
MLH3 (27030),0.03608274696600113
NOMO2 (283820),0.03608693373032961
C5orf22 (55322),0.036094787936797296
MFSD5 (84975),0.0360962795601076
MATN4 (8785),0.03610996391710247
DNAH14 (127602),0.036128824277999454
TAS2R8 (50836),0.036134685763074964
SP110 (3431),0.036153749838917795
POLR2M (81488),0.03616616557639456
NUS1 (116150),0.03617013400477876
TMEM14C (51522),0.03619992625052844
APIP (51074),0.036221283170682066
ATP6V1E1 (529),0.03622350337283335
ZNF556 (80032),0.03624189535391452
FBXO42 (54455),0.036260644372845166
DEFB131A (644414),0.03626438133691228
UAP1L1 (91373),0.03628887776182339
ERVW-1 (30816),0.036297308585472456
CLK4 (57396),0.03630811208147031
DTX1 (1840),0.03631255182234165
SLC41A1 (254428),0.03632006695709228
PISD (23761),0.03632560282747611
UBE2K (3093),0.03633192960620761
SHKBP1 (92799),0.036345980495144446
NHERF2 (9351),0.036349385762264465
SVBP (374969),0.036365785640931
SOX1 (6656),0.03637784841989518
ZYG11B (79699),0.03638638482423234
DNAJA3 (9093),0.03641143147442615
ADCK2 (90956),0.036411471124540795
OR51F2 (119694),0.03644286921855918
GAN (8139),0.03647747871457202
FGF20 (26281),0.03650687011176252
SKP1 (6500),0.03650906867500378
SLC36A1 (206358),0.03650985306455804
ETFRF1 (144363),0.03652034913677907
ARL4A (10124),0.03653533475182227
PCDHA10 (56139),0.036545899459078976
PAPPA (5069),0.03655472964522654
MAP3K3 (4215),0.03658846547144452
VEZF1 (7716),0.03659521512050119
TDRD6 (221400),0.036613280190647954
POLR2E (5434),0.036629001549887706
BTN2A2 (10385),0.03664593078660433
APOBEC3B (9582),0.036646995066539345
ITPRID1 (223075),0.03665462336698486
AKAP8L (26993),0.03667272043722639
TFCP2 (7024),0.03668657752836866
ATG14 (22863),0.03670051526931575
PCDHA6 (56142),0.03670416304044151
GOLIM4 (27333),0.03670982459668922
DACT1 (51339),0.03672392727097574
GARIN1B (84691),0.03672512892342334
KLRC1 (3821),0.036744253076956127
IQUB (154865),0.0367512111348591
SLC22A12 (116085),0.03675322628732373
CEMIP2 (23670),0.036769803768491795
SP2 (6668),0.03677270318372992
PPP1R35 (221908),0.036780251844470514
TMEM167A (153339),0.036782213110900415
RNF122 (79845),0.0367854132542999
WASHC5 (9897),0.03680039765654461
MGST3 (4259),0.0368282476307512
C1orf50 (79078),0.03683580743431191
SUB1 (10923),0.03684110610763414
HAVCR1 (26762),0.036848971795270476
FGD6 (55785),0.036865704654511
SLC6A9 (6536),0.03687421967492882
GOLGA8N (643699),0.03687905270741142
DUSP8 (1850),0.03688424229410177
NCR1 (9437),0.03690060942420724
ADGRE3 (84658),0.036925970568793785
PXK (54899),0.036998772848290264
RXFP3 (51289),0.037000507085884746
TIAL1 (7073),0.03701388817002964
DHRS4L2 (317749),0.037026584236486575
EFCAB13 (124989),0.0370290002625648
TADA2A (6871),0.037039667876373236
ELFN1 (392617),0.0370396770477483
GPR65 (8477),0.037072482651927426
PAGE2 (203569),0.037075976905914076
CYTL1 (54360),0.03708178673606956
SLC46A3 (283537),0.03709014886562664
PPP1CC (5501),0.037095472281713955
CGB7 (94027),0.03710085334503144
ZC3H14 (79882),0.037103804518913965
NEURL1B (54492),0.037115741240685944
EIF4ENIF1 (56478),0.03713270591852391
MUC16 (94025),0.03713524751038971
SLC38A6 (145389),0.037183396721054175
MGAT4B (11282),0.037184418933910834
NPY (4852),0.03722111738812637
ADAMTS13 (11093),0.03722636291423305
CATSPER2 (117155),0.037231877413135196
TTC8 (123016),0.03724239849648131
DYNLL2 (140735),0.03726334155167733
HDAC11 (79885),0.03727632566061663
ANXA2 (302),0.03729450913725006
RAI14 (26064),0.03730668498110011
TFEC (22797),0.03731021768376126
CASP1 (834),0.03732403148643763
IFNG (3458),0.03732744064369619
KIR2DL4 (3805),0.037332592363483526
CDCP1 (64866),0.03733713984029135
TIE1 (7075),0.03733801020997679
EN2 (2020),0.037364929268525506
CFAP410 (755),0.037372535970184716
ZNF439 (90594),0.037374561647680424
ZBTB8A (653121),0.03738611312316961
ADD2 (119),0.03739747992112182
PCDHA8 (56140),0.03740926209970929
SNX24 (28966),0.03741795594150221
MSI2 (124540),0.037420125652214975
ZNF257 (113835),0.03745633128995267
RIIAD1 (284485),0.03746440413913632
HLA-DRB1 (3123),0.03747306655351661
TMEM65 (157378),0.037489070879754956
FEM1C (56929),0.0374913413782848
RPS6KL1 (83694),0.03749453305762194
ORM1 (5004),0.03749889380998007
PBOV1 (59351),0.03750092793087214
ZXDA (7789),0.03752300938349907
SLC2A9 (56606),0.037526049066301546
RNF135 (84282),0.037567874142787616
RAD51 (5888),0.0375715142342888
PCDHGB4 (8641),0.037596723149692216
STK17B (9262),0.03761303184090794
IFNA10 (3446),0.03762554589679969
ADAM33 (80332),0.037640742282306634
FAM111A (63901),0.037646241118214824
MCMDC2 (157777),0.03765518318967396
TBPL1 (9519),0.03769430997382569
SORBS2 (8470),0.037699609269521116
USP13 (8975),0.037702951407999084
ATOSA (56204),0.03771246989605417
PHAX (51808),0.03773510302256467
PIGG (54872),0.0377545476613738
MAGEB18 (286514),0.037775592720428436
MATN3 (4148),0.03778021375959286
ERCC6L (54821),0.03779221247657942
CTDP1 (9150),0.03779462807080728
USP1 (7398),0.03782582329990849
ARF6 (382),0.03785172954848224
NUP214 (8021),0.03786075858373503
RAB8A (4218),0.03786084213712881
MCOLN3 (55283),0.03786249258026836
CHAF1A (10036),0.03786540623688749
FOXF2 (2295),0.03786678810935428
ATP9A (10079),0.03787340009725254
RER1 (11079),0.037903734871432906
KIF1A (547),0.03791771204480821
TUBA1B (10376),0.03791878885971929
PCDHB11 (56125),0.037936459718438335
SLC37A1 (54020),0.037939085329894116
NPBWR1 (2831),0.037939373462628365
WWOX (51741),0.03795676844599607
RRAGC (64121),0.03796050630773089
VPS50 (55610),0.037965721428829126
PRKCQ (5588),0.03797999554848626
RPL41 (6171),0.03798815480538359
PSG9 (5678),0.03798997633619081
GPR22 (2845),0.03801582591069465
LMNB1 (4001),0.038017216056178874
ARHGEF5 (7984),0.03803231344923623
GOLPH3L (55204),0.038034240782278565
ZDHHC11 (79844),0.038046331570614225
OSBPL8 (114882),0.038078532392245214
DNAJC28 (54943),0.03813499819784178
DNAAF5 (54919),0.03819164951691125
MPC1 (51660),0.03820614843864943
DGKB (1607),0.038207800148633855
ARV1 (64801),0.03822202078008675
CHCT1 (124773),0.038263064918404234
GNLY (10578),0.03826548252343865
PCDHB1 (29930),0.038358330867114196
TBK1 (29110),0.03836246754583489
STXBP3 (6814),0.03837108927405236
POMP (51371),0.03838024170548195
CEBPA (1050),0.038392717946955056
TUBB3 (10381),0.038399265248902914
KIF20B (9585),0.038402289211334435
CDH8 (1006),0.038405967174265844
ZNF440 (126070),0.03843087544578414
PIM1 (5292),0.03846354330391856
NHLRC3 (387921),0.03847086404257915
HLX (3142),0.03851447553402053
TAP2 (6891),0.03852854119441669
EXT1 (2131),0.03853261625240991
ZNF518B (85460),0.03855713928665332
UBAP2 (55833),0.038565605695053504
ARVCF (421),0.038572160859148136
ABLIM1 (3983),0.03859000192537014
SH3GLB1 (51100),0.038591812210018436
PSTK (118672),0.03859764213919315
SGO2 (151246),0.038605959004192045
MAGED2 (10916),0.038616962288091895
NAV1 (89796),0.03862202567393889
ALPP (250),0.03862633312576509
DNAJA4 (55466),0.03863667683147169
SOX14 (8403),0.03864956826515449
GULP1 (51454),0.03870954186166148
TM4SF18 (116441),0.03874117271668775
CNPPD1 (27013),0.0387425735599364
ETV1 (2115),0.038750837428044804
CSPP1 (79848),0.038808867259918015
TM2D1 (83941),0.03881179366741846
CCER1 (196477),0.03881679654626604
GALNT2 (2590),0.03882357370948549
SLC30A10 (55532),0.038824310797587074
TRIM37 (4591),0.03884968396617502
POLR3B (55703),0.038856347592891374
CLDN12 (9069),0.0388773399791726
ZNF575 (284346),0.03887950761509689
MTF2 (22823),0.038905259337685384
SRBD1 (55133),0.03890911321791502
APOBEC3D (140564),0.038909307467061595
ADGRL2 (23266),0.03894461931448531
TFF2 (7032),0.038981266344451114
TPCN2 (219931),0.03902001638783241
ITGB3 (3690),0.03903693805341431
SHCBP1L (81626),0.03904915117167534
ATP5MJ (9556),0.03905929188951706
POR (5447),0.03907472259115445
RLIG1 (91298),0.039092495677853875
GUCA1B (2979),0.03909253526465926
LGALS8 (3964),0.03910235557329443
TLN1 (7094),0.03910889572460434
HS3ST3B1 (9953),0.039120647865076894
DMRTA1 (63951),0.03912163971259415
PVRIG (79037),0.03916540177192848
IL17RD (54756),0.03916567516895329
STK40 (83931),0.039183038313801655
SLC22A10 (387775),0.039185648705182874
TUBA1A (7846),0.03919928879503801
USP45 (85015),0.03920583070473131
SEPTIN6 (23157),0.03920792518822538
BARHL2 (343472),0.03921999893509871
TRIQK (286144),0.039230497077669464
ARPC3 (10094),0.03923228395081891
RTN2 (6253),0.039239063604256275
HELZ2 (85441),0.03925020014392786
AP1S3 (130340),0.039262440565589134
SEMA3D (223117),0.03928367593688645
ZNF727 (442319),0.039300280529184974
KIF4A (24137),0.03930471840696879
CCDC177 (56936),0.039329957459100034
SPEF2 (79925),0.03935082983756746
DEK (7913),0.03935870956788662
WDR5 (11091),0.03936340184241372
METRN (79006),0.03937267093594661
EHD1 (10938),0.039403455341538454
KBTBD7 (84078),0.03941456201062669
ZNF597 (146434),0.039452600097949965
DGCR6L (85359),0.039495471388353055
PATZ1 (23598),0.03950428587799971
PTPA (5524),0.03953935507418627
BBS12 (166379),0.039553739102197574
IRGC (56269),0.03955577353876614
NLRP14 (338323),0.03957204781200939
OR1E1 (8387),0.03957559958084518
GUF1 (60558),0.03957872729015945
H1-2 (3006),0.03960103017312551
CEBPB (1051),0.039603994432156224
SFPQ (6421),0.03960755848751078
MED23 (9439),0.03961483941920297
OR8B2 (26595),0.039656720523582246
P2RX1 (5023),0.03971409963269085
TLR7 (51284),0.039715498291778666
EFNB2 (1948),0.03972091415663485
GXYLT2 (727936),0.03974708969850577
KCNS2 (3788),0.03975192983064801
PHGR1 (644844),0.0397519530819009
SERGEF (26297),0.03978684723695468
OR1L3 (26735),0.03986287746086486
CFAP96 (441054),0.03989298490361517
IFT70B (150737),0.039898915291976235
CLN5 (1203),0.039907611470031946
DYNC1LI1 (51143),0.03992097573172777
KRT222 (125113),0.03992753083171036
ZNF320 (162967),0.03994454548792592
CCDC50 (152137),0.03995473745548615
ZNF740 (283337),0.03996101935933181
RC3H1 (149041),0.040020187066343846
CYP21A2 (1589),0.04004133539165328
PPRC1 (23082),0.040042908212049054
TRAPPC4 (51399),0.04007923760783352
IGFBP3 (3486),0.040085599604459385
DYRK1B (9149),0.04008770057292656
MTM1 (4534),0.04009913943211723
UBR5 (51366),0.040111920824939834
PPM1N (147699),0.040120392143091245
E2F6 (1876),0.04013886814774737
TEKTL1 (126402),0.0401728159369804
ASF1A (25842),0.04017322482208395
TGFBRAP1 (9392),0.04019390612281681
GSTA1 (2938),0.04019675368560609
TSG101 (7251),0.04020119782685953
NFRKB (4798),0.04022471919965672
IARS2 (55699),0.04022926786291645
CCDC174 (51244),0.04023171656116711
SNX32 (254122),0.040258998885220595
MAP2K4 (6416),0.040280635428822105
SMAD9 (4093),0.04029128705491964
DPYS (1807),0.040295469520342825
FADD (8772),0.04030555537011684
KPNA6 (23633),0.04032798997976828
BBOX1 (8424),0.040336513741432385
USP32 (84669),0.04034193916286266
ETV5 (2119),0.04034965362102598
BIRC2 (329),0.04035399558523505
EPOP (100170841),0.04042836172072081
LRRC41 (10489),0.040448113482098626
PCDHB14 (56122),0.04045493407385032
GH1 (2688),0.040496550356409575
EAPP (55837),0.040507036116449485
CCDC169 (728591),0.04053213094820205
PSMD8 (5714),0.04054584717515991
PRAMEF14 (729528),0.04054861907744709
ZFYVE28 (57732),0.04055710400447323
RABEP2 (79874),0.04059824545019891
MAN2B2 (23324),0.040601714421181656
THOC2 (57187),0.040602689141693814
PLPPR1 (54886),0.04060445535258616
AMN (81693),0.04061232869578613
BTBD10 (84280),0.040613449792351465
UCHL5 (51377),0.04063853623696199
C22orf39 (128977),0.040642605161623505
CEL (1056),0.04064924425076395
CENPE (1062),0.040653249436245494
MVP (9961),0.04065784727419106
PIK3R3 (8503),0.040662036208364394
NR2F6 (2063),0.04072415619109602
CHMP3 (51652),0.040737498862924985
ZNF182 (7569),0.040759865220335985
NID1 (4811),0.04077185729185757
PTPRF (5792),0.04078302879785888
METAP1 (23173),0.040783303583145324
LYSMD4 (145748),0.0409008518231336
FEZ1 (9638),0.04090258470981154
CLDN22 (53842),0.04098199771012131
SMC3 (9126),0.041011884579817706
UGT1A5 (54579),0.0410227641122592
NCK1 (4690),0.0410338924282822
HDAC7 (51564),0.04104864350820386
KLRC3 (3823),0.0410718808405308
SST (6750),0.041103530619783404
BBIP1 (92482),0.04110502422624839
C1orf74 (148304),0.04112086187396552
DIS3L2 (129563),0.04114033872215717
TUT4 (23318),0.04114214267749584
OOSP2 (219990),0.0411536247403207
SLC39A6 (25800),0.04115979629063273
DNAJC8 (22826),0.041174721720428804
PNPLA7 (375775),0.041186818381603964
H2AC17 (8336),0.041192129455704406
NFE2L2 (4780),0.04119328359689825
SPECC1L (23384),0.04120174963371862
TMEM184C (55751),0.041209716921022405
HAND2 (9464),0.04123629192785784
TMEM231 (79583),0.04124373577678569
MIA3 (375056),0.04124428850033402
RAPH1 (65059),0.041249924603120554
ITPKB (3707),0.04126058522653227
RDH10 (157506),0.0412632591935096
RFC1 (5981),0.041294871759284014
HMHB1 (57824),0.04130075497084312
CAB39 (51719),0.041304822474310894
RWDD3 (25950),0.0413082948984567
XYLT2 (64132),0.041334772907652174
C9orf57 (138240),0.041338980611128236
COPS3 (8533),0.04135041407711286
MED30 (90390),0.04136341706323475
NAP1L2 (4674),0.041365222990467174
SIRT6 (51548),0.04136645343549954
CITED2 (10370),0.04136757071993372
SYCE1L (100130958),0.041368216359423664
NREP (9315),0.04138895815236705
STOX1 (219736),0.04143658512406698
TIGD4 (201798),0.04144629535986773
C1orf56 (54964),0.041459076526190575
TMEM178A (130733),0.041497028863460524
ZDHHC8 (29801),0.04152591839018297
KIFC3 (3801),0.04153087770953665
KLB (152831),0.0415382708551027
PROM1 (8842),0.0415559170894049
DMAC2L (27109),0.04159880623077682
NHSL1 (57224),0.041602849535311306
ZNF302 (55900),0.04162140504105878
KNL1 (57082),0.041632254107580924
GPR85 (54329),0.04164053921810893
AADAT (51166),0.041696559016612934
TPSD1 (23430),0.04170182835298662
TBL1Y (90665),0.04170790902152795
PRKAR1A (5573),0.04170870204147549
SERPINB3 (6317),0.04172122439230984
SMIM6 (100130933),0.041768478125095695
NOXO1 (124056),0.04177331107961502
P3H2 (55214),0.04177434639189772
PSME3 (10197),0.041784694974551964
ZIC5 (85416),0.041788024936459126
PSG8 (440533),0.04180081214438143
RRAGA (10670),0.0418160958475576
OR5AS1 (219447),0.04183079256201348
COG3 (83548),0.04183695148659155
SEC61G (23480),0.04184326495851129
GAB1 (2549),0.041845450670025326
ABHD2 (11057),0.04186260920720124
CEP95 (90799),0.041876947418948825
MEIOB (254528),0.041888094082688454
H2AC16 (8332),0.04191474176160727
CX3CL1 (6376),0.04192560953780984
CLTA (1211),0.04193260533794157
FAM9A (171482),0.041938397415042884
ZNF267 (10308),0.04195031432386506
HELZ (9931),0.041975265815384695
SKAP2 (8935),0.041976431795663995
LMAN1 (3998),0.04197886623816591
ACAP2 (23527),0.04200942165843699
HLA-DRB5 (3127),0.04201193317425511
LILRB1 (10859),0.04204222120975041
KIR3DL3 (115653),0.042050412325102864
DNAAF6 (139212),0.04205135848944339
GP1BB (2812),0.04205690180483833
ALG9 (79796),0.04208316135508178
ASF1B (55723),0.04209103066094903
HDX (139324),0.042127838926077035
PRC1 (9055),0.0421297837967445
ATP11B (23200),0.042180583729236415
C5orf46 (389336),0.04219628882985947
CCDC175 (729665),0.04220656983517985
RBM14 (10432),0.042218094048088795
ACAT2 (39),0.042221907167722963
TNRC6A (27327),0.04223411716462098
PCGF5 (84333),0.04225785804797119
SIVA1 (10572),0.042270134130153465
CCDC91 (55297),0.04228396375683525
ADGRA2 (25960),0.04231543786005741
PICK1 (9463),0.04232308724351638
PIK3CD (5293),0.04232399502703318
WDR44 (54521),0.042331166947793875
KCNAB1 (7881),0.042340110072749085
KERA (11081),0.04234588490733532
GNPDA2 (132789),0.04241730806691284
ST6GAL2 (84620),0.042428679982287366
COX7B2 (170712),0.04246152775653644
NIPSNAP2 (2631),0.04247171859804904
NETO1 (81832),0.042475641852966824
NUDT17 (200035),0.04248146612367552
KIFBP (26128),0.042503474947188404
MYF6 (4618),0.042539228865831946
DCTN4 (51164),0.04256509658917723
FRRS1L (23732),0.04256720042907395
KRT6C (286887),0.042576443322505556
WDR45B (56270),0.04262173346469583
PCDHGA10 (56106),0.042627554656308894
TM9SF3 (56889),0.042673675799063025
ST13 (6767),0.04267618367805553
FBXO17 (115290),0.04268242468383828
DDRGK1 (65992),0.042690628936632426
CAAP1 (79886),0.04270502518985984
ATG2A (23130),0.04275038155073289
HOXC9 (3225),0.04276228861896079
DEFB128 (245939),0.04276336692204606
TIMM8A (1678),0.042788198141311885
PPARG (5468),0.042790717883386245
RBAK (57786),0.04283234820411017
TECR (9524),0.042845666597084955
PRRT2 (112476),0.042863414210251076
KLHL13 (90293),0.04287422758150884
RAD21L1 (642636),0.0428808502843201
ZNF92 (168374),0.04290284937819847
UGT1A9 (54600),0.04293661950982287
NRSN1 (140767),0.04293818673450726
ALPG (251),0.04297445110097781
RCOR2 (283248),0.04299990178542084
RBM12 (10137),0.043000269074562406
PPME1 (51400),0.04307223770355424
SHC3 (53358),0.043092820315434995
BCL6 (604),0.043104020432439556
NUTM2F (54754),0.04312968017759746
SOX8 (30812),0.04313612855236313
ZNF146 (7705),0.04327042002436777
TAS2R46 (259292),0.043274226452444664
VTA1 (51534),0.04333215711772375
IFI44 (10561),0.04335074070224496
TTYH3 (80727),0.04336280698319717
PMS2 (5395),0.043369335368126684
GOT1 (2805),0.04338581101851909
KBTBD6 (89890),0.04341629180351216
ZNF813 (126017),0.04346091883813924
GLI4 (2738),0.04352290290465544
TALDO1 (6888),0.04355976681429887
MND1 (84057),0.04357643397117744
ABRACL (58527),0.043584411018112404
OLFM3 (118427),0.04360948467483585
SKOR2 (652991),0.04362633289257257
SLAIN1 (122060),0.043628714398563154
CLCNKA (1187),0.04364948093982239
PSMC3IP (29893),0.04365245928066937
ZNF549 (256051),0.04366075633091593
SLC26A2 (1836),0.04367404825507945
SPDYE1 (285955),0.04367829580940558
MYCT1 (80177),0.043678302033989556
SLC22A17 (51310),0.04371008190602201
HNRNPD (3184),0.04372355957043498
RPRD2 (23248),0.04380379236997429
VKORC1L1 (154807),0.043820930736204404
ZNF384 (171017),0.04384555251652218
SOX30 (11063),0.043859636156962756
GMNC (647309),0.04386192308348449
STAU2 (27067),0.043882401361657115
CCDC28A (25901),0.0438907368568791
KMT5B (51111),0.043893322387817124
FAM153A (285596),0.04391363646427135
CETN2 (1069),0.04394119829113155
RGS6 (9628),0.04394318763266786
HLA-B (3106),0.0439641580973137
MUC17 (140453),0.043972955161620864
ARHGEF2 (9181),0.043994292389729184
SETD1B (23067),0.04399596419834689
SSR2 (6746),0.04400274381945981
ARHGEF35 (445328),0.0440127407925808
TAS2R5 (54429),0.044025976762207104
KCTD2 (23510),0.044038267306014456
GGNBP2 (79893),0.044047927075742496
GIGYF2 (26058),0.04406821480054994
NR1H3 (10062),0.04412320311251343
HS6ST2 (90161),0.04416870426681805
THRB (7068),0.044186217134376496
ANTKMT (65990),0.04419254778694063
ARL1 (400),0.044217199437972254
BTN3A3 (10384),0.044230518135154495
VEGFD (2277),0.0442805624765139
MITF (4286),0.04429175127732482
MIDN (90007),0.04439052531139269
RTL8B (441518),0.04442891107928787
TNFAIP3 (7128),0.04444042965071095
SEPTIN10 (151011),0.04446838001514151
TBC1D8B (54885),0.044486092892350726
ACVR1B (91),0.04448810714140645
ACAD10 (80724),0.04449120542652441
VSX1 (30813),0.04449468086163557
HACD3 (51495),0.04452782838371948
UBL7 (84993),0.0445292834071489
CD209 (30835),0.04453394588316878
PRDM10 (56980),0.04454939384463384
MED22 (6837),0.0445992813611411
ZEB2 (9839),0.044601349276119924
EHD4 (30844),0.044630342603131264
VPS35L (57020),0.04463472071757071
HSD17B1 (3292),0.044654589796552534
BBOF1 (80127),0.04467023469553976
KAT5 (10524),0.04473356022260706
SDR42E1 (93517),0.04478399453788041
R3HCC1L (27291),0.044805160359020706
INSM1 (3642),0.044851504176726016
ZNF391 (346157),0.04485859915608444
COL4A1 (1282),0.04489751497173088
SPINT1 (6692),0.0449024673181901
CUL4B (8450),0.044912418442679465
FBXO25 (26260),0.044939124801220746
ATP2C1 (27032),0.04494510643949097
SSX7 (280658),0.0449747082972261
DCTN5 (84516),0.044981466232289026
RBMS1 (5937),0.04498334431369943
PTTG1 (9232),0.04502355354241926
SMARCC1 (6599),0.045027325677583246
SETD5 (55209),0.04505528565225434
PPARA (5465),0.045056958342304144
CNPY2 (10330),0.045062586617805135
GYPC (2995),0.04506571464727891
ATP4A (495),0.04506668152542839
WDR33 (55339),0.045171296795580095
SERPINB4 (6318),0.045182010337422966
CAPRIN1 (4076),0.04520567074670745
AGFG1 (3267),0.045241609954136834
KIF17 (57576),0.04525252960223656
PHOX2B (8929),0.04525376502153954
LCMT1 (51451),0.0452868114213143
ABCE1 (6059),0.04530008664027179
PCDHA11 (56138),0.04533061443623219
PCDHA7 (56141),0.04538097729660464
SETX (23064),0.04538241947055708
LIN52 (91750),0.04538486403354197
FBXW11 (23291),0.0453951134276344
NKX1-2 (390010),0.045398299220045436
CROCC (9696),0.04542928703428959
OR5M10 (390167),0.04547116646374623
COG6 (57511),0.04554300289090283
ZNF780B (163131),0.04556538801929732
ZNF207 (7756),0.045570076016760594
FAM83G (644815),0.045597411598466704
FZD5 (7855),0.04561198592223567
HCAR3 (8843),0.04561923779078659
HMGB1 (3146),0.045656875320319944
NHERF1 (9368),0.045661355250675224
GEN1 (348654),0.04566652892324843
KCNG2 (26251),0.045725575556618867
SLC31A2 (1318),0.04576613644766605
OR52H1 (390067),0.04576766841151281
FUT6 (2528),0.04581438545977414
IL20RA (53832),0.04582508671980869
ZNF844 (284391),0.045855681482964
OR2B3 (442184),0.0458618655466705
RPP40 (10799),0.04586479885161545
KLC1 (3831),0.045880556391850784
PGP (283871),0.04588952978327266
DGAT2 (84649),0.045909601750449044
DMBT1 (1755),0.04591602091707902
CLNS1A (1207),0.04593657072996004
DESI2 (51029),0.045939744303914586
ZNF587B (100293516),0.04599152277026467
YTHDC2 (64848),0.046006620741181135
PANK2 (80025),0.046043680352602
PSG4 (5672),0.04606607464388756
DHX40 (79665),0.04610845392877342
MYL7 (58498),0.046136134665915304
RINT1 (60561),0.04614410279269666
SCAF8 (22828),0.04615595457126492
OXCT2 (64064),0.04617552866425647
STAMBP (10617),0.04621710637667628
LINGO1 (84894),0.046249930312403154
TXNL4B (54957),0.04630154593172094
ZNF564 (163050),0.0463423770798791
ENTPD7 (57089),0.046351130822182875
DCXR (51181),0.04639158036649602
TPR (7175),0.04643999424639501
EPB41L4A (64097),0.04645405466681373
ADAMDEC1 (27299),0.046459359224018885
CCKBR (887),0.046515133883963486
PEAK3 (374872),0.04657475967714731
MIS18A (54069),0.04662820474813138
ZNF776 (284309),0.04663751930737729
PCDHA3 (56145),0.04663769329984873
SMIM13 (221710),0.04675980973340015
GRB14 (2888),0.04676022404657178
RPS27L (51065),0.04679440873110846
EDARADD (128178),0.04680875436029935
ERCC5 (2073),0.0468558513631153
BTN3A2 (11118),0.04687348203449677
AHI1 (54806),0.046894339231859684
RUNDC3B (154661),0.046912957560138135
NEMF (9147),0.04694435487041932
KIR2DL1 (3802),0.04700272017930706
ATP6V0D2 (245972),0.04702090642567098
OR4X1 (390113),0.04704383672724852
TMX4 (56255),0.04707557861857414
PGBD4 (161779),0.04718436243012887
SGCD (6444),0.047281597637024345
CCT2 (10576),0.04728311608231186
RPS16 (6217),0.04729068052681575
ZNF443 (10224),0.047291618031438096
PABIR1 (116224),0.04732766154972107
CEPT1 (10390),0.04733907338324301
CERT1 (10087),0.04736169577904848
HSPB6 (126393),0.04742831039881072
PLK2 (10769),0.047429876369422856
TSR3 (115939),0.04744109002717912
NCKAP5L (57701),0.04755359572952582
ST8SIA6 (338596),0.04756584913510143
GLCCI1 (113263),0.04757370243022
APC (324),0.04759339763353737
DPM3 (54344),0.04762324012789804
ANGPTL5 (253935),0.047630663665364524
INO80 (54617),0.04765377384115041
PDZD8 (118987),0.04769165673873086
PTP4A2 (8073),0.04770769379761119
TERF2 (7014),0.04779652418139768
DR1 (1810),0.04780120163467322
RLF (6018),0.047809880706399084
PDZD4 (57595),0.04787178420945283
NAE1 (8883),0.04788636246195888
BIRC6 (57448),0.0479501591944666
OR7A10 (390892),0.04798055523762649
CHD2 (1106),0.04801415724419949
PKN1 (5585),0.048051128725535484
AURKC (6795),0.04807785982875239
SRY (6736),0.048079552131983415
PNPLA6 (10908),0.04809218121819808
HPR (3250),0.04817263164418795
EPB41L5 (57669),0.04820028056727303
PCDHB15 (56121),0.048212638917654704
TAFA5 (25817),0.0482144010193691
ZNF331 (55422),0.04822418565793241
H4C13 (8368),0.048226064541482976
ENDOG (2021),0.04826736574072419
SIRT7 (51547),0.04828922638916566
PIK3CB (5291),0.0483055385493182
PNPLA8 (50640),0.04831088949559047
PI4KB (5298),0.04832472178827275
H4C8 (8365),0.04837493114011698
FNBP1L (54874),0.04838942279986795
RAPGEF1 (2889),0.04842759981038825
HPGDS (27306),0.04843788082133729
ADCY7 (113),0.04846343474337113
ZIM2 (23619),0.04850517196931264
ARHGEF25 (115557),0.04854267586817557
PCDHB13 (56123),0.04855221954339438
DAZL (1618),0.04855226908520626
TRPC7 (57113),0.04855499897665463
RASA4 (10156),0.04855741750918116
LSM4 (25804),0.04857672551501794
RPS17 (6218),0.04860813479466195
ZNF746 (155061),0.04861706059651275
INA (9118),0.048668780698198265
ZNF814 (730051),0.04867105129929432
CD55 (1604),0.04868580180855624
GSE1 (23199),0.04871172175124271
TGIF2 (60436),0.048715274214126955
PSG6 (5675),0.048812111831253474
GNAO1 (2775),0.04882359508746823
NPVF (64111),0.04887173930731092
ZNF426 (79088),0.048888458314959526
SERPINB12 (89777),0.0489007405663573
CCDC122 (160857),0.04894134271973704
ARFGAP3 (26286),0.048991425149571576
KLRC4 (8302),0.0490145984661108
ZNF823 (55552),0.04903446299029398
GINS3 (64785),0.04913390017764795
NUP88 (4927),0.049153068701384875
STEAP1 (26872),0.04922121214562552
SYCP1 (6847),0.04924901951447325
APLNR (187),0.04927347991573549
MACC1 (346389),0.04928100804904324
NISCH (11188),0.04928517034143654
ZFAT (57623),0.04929926264051784
SKA2 (348235),0.049329044840435446
CYP2A6 (1548),0.04936306532967683
OXA1L (5018),0.049371333344284556
PCDHA5 (56143),0.04948869433988904
PSKH1 (5681),0.04950086797743434
CCDC30 (728621),0.04953422123495391
PRPS1L1 (221823),0.04955979981015802
NDC80 (10403),0.049574878360092466
SYNJ1 (8867),0.04960234258337687
TRAPPC13 (80006),0.04980509352676439
EIF2S1 (1965),0.04982743117988818
H2AC8 (3012),0.04987902135800009
NCOR2 (9612),0.05000404345004367
PIGX (54965),0.05003070073448589
CARNS1 (57571),0.05005176109535101
ABHD18 (80167),0.05005715103406915
C12orf42 (374470),0.05008060662734019
SUDS3 (64426),0.0501019543906502
IL2RA (3559),0.050159185535748566
SCAND3 (114821),0.050161773625130836
TRAPPC5 (126003),0.050177871299598095
PSG2 (5670),0.05018491925195031
C22orf42 (150297),0.05025365780051673
CHD1 (1105),0.05026760100495961
FRK (2444),0.05031582304516152
SPTSSA (171546),0.0503459834465469
ZC3H15 (55854),0.0503622125619992
PANX2 (56666),0.050371361651080776
GEMIN5 (25929),0.05037403302520123
SEPTIN9 (10801),0.050396633307794335
ATXN7L3 (56970),0.050417832194350344
RB1 (5925),0.05041814188729814
FAM171B (165215),0.05047489583061335
POGLUT2 (79070),0.05049370174668313
ESPN (83715),0.05051016178015288
DCTN6 (10671),0.05054004675797313
ADAM21 (8747),0.0505451936984955
SHLD2 (54537),0.050578994817650116
SLIRP (81892),0.05058812535817654
PSG3 (5671),0.05062121584216005
HLA-DQB1 (3119),0.05062989965879051
TNRC18 (84629),0.05069530360598394
POTEI (653269),0.050741950323266
CHRNG (1146),0.05078721357816793
GLUD2 (2747),0.05079213933884348
ULK2 (9706),0.05080716192535415
NEFH (4744),0.05081355385244691
INTS10 (55174),0.05082346264831518
ZNF221 (7638),0.05083096232186509
MAK (4117),0.05083947070441565
IL12RB2 (3595),0.050905202234574835
SNX1 (6642),0.05091124646193797
DENND5B (160518),0.05094057286108054
CCDC6 (8030),0.05096539780931034
ARHGAP1 (392),0.05096990188243467
PEX11B (8799),0.05098134518213532
TAS2R30 (259293),0.050993337844486654
AGPAT5 (55326),0.05100788677601221
EIF3G (8666),0.05104102128057923
FEM1B (10116),0.05104392123766053
FBXL12 (54850),0.0510809741669213
GARS1 (2617),0.051095085857138074
TOP2B (7155),0.05111574462495076
NLRP11 (204801),0.051308085829510686
NR0B1 (190),0.051370927923255476
WBP11 (51729),0.05138397474804705
ZC3HC1 (51530),0.051473575413632844
CTSW (1521),0.05162457224237472
ZNF773 (374928),0.05163393234858399
SRP19 (6728),0.05163813200534981
SDCCAG8 (10806),0.05166153206369708
CTR9 (9646),0.051816280732226445
TRIM50 (135892),0.051831409344359855
HSPA6 (3310),0.0518511932546877
AIDA (64853),0.051956632819362435
NAA38 (84316),0.051963613705555696
DCTN3 (11258),0.05201688380789649
UBA1 (7317),0.05210083210047327
BNIP1 (662),0.05215733823368445
H4C7 (8369),0.05224802024720623
EGLN3 (112399),0.05225030114351001
SLC4A11 (83959),0.052286185091044275
OBSL1 (23363),0.052289874867216354
NGLY1 (55768),0.0523049940600752
RBM12B (389677),0.05231728461287625
SUCO (51430),0.0523721448328251
YLPM1 (56252),0.05240040242274056
THAP12 (5612),0.05242066447929929
SPANXN4 (441525),0.05244268134916771
OR5M1 (390168),0.05247645523390117
ETF1 (2107),0.05247974957473241
EFCC1 (79825),0.05250146464595996
B4GALT5 (9334),0.052582219230661406
CYP2A7 (1549),0.0525855359504383
FAM200C (63920),0.052588796102060964
ZNF404 (342908),0.05266861732372341
NUTM2G (441457),0.052699117736027104
UBALD2 (283991),0.05271178383774932
AKT3 (10000),0.05271631262861617
PCYT2 (5833),0.052736599233953914
ICMT (23463),0.05288362575082313
NRN1 (51299),0.05292093606258385
FRG1 (2483),0.052979296953929375
HAUS2 (55142),0.053030283975879854
RCOR3 (55758),0.05305048474908291
NRG2 (9542),0.05308615091253617
RCCD1 (91433),0.05322752736904548
PTPN1 (5770),0.05331184877872528
WDR49 (151790),0.05349398606215467
CRTC3 (64784),0.05349819425012753
E2F1 (1869),0.053503139134732626
SPNS1 (83985),0.053575299713675854
SIGLEC6 (946),0.05363912933544862
PRDX1 (5052),0.053662840424334626
RNASEK (440400),0.053704779523598596
GTF2F1 (2962),0.05377090418514524
MEIG1 (644890),0.05385413976915441
SPATA31F1 (259308),0.05385939178206506
NUP54 (53371),0.05386154567547489
H2AC12 (85235),0.05391682063547834
ZNF99 (7652),0.0539906317306691
LELP1 (149018),0.054016867713732514
ARHGAP11A (9824),0.054039098718795905
PITPNB (23760),0.05416612940269975
ARMH2 (101928603),0.05425934632624281
USP9X (8239),0.054274750601646285
ZPBP (11055),0.05438876893881314
POLA1 (5422),0.05448677181517739
RPS6KA4 (8986),0.05449896531113975
RBM15 (64783),0.05450255560144796
SLC5A11 (115584),0.05450555227288823
SF1 (7536),0.054505558107111385
APOBEC3H (164668),0.05452313245984354
TADA3 (10474),0.054538721453175266
PCDHB10 (56126),0.054634691652124576
CACNG6 (59285),0.05473910461794855
FDFT1 (2222),0.05474810580510071
TBX3 (6926),0.05477476381230163
ZNF579 (163033),0.054777017659434636
DPM1 (8813),0.054793136620564925
CFH (3075),0.05481013330243531
BRPF1 (7862),0.05484679776174355
ATP6V0A2 (23545),0.05486121536775408
NTN1 (9423),0.05491211335452307
B2M (567),0.054935326382331486
PPP6C (5537),0.05504335364706322
BRAF (673),0.055116923864284864
MARK1 (4139),0.05512330659963203
KIF14 (9928),0.05513759184789321
DOCK10 (55619),0.05513805566038564
SLC7A11 (23657),0.055256212565758175
COG8 (84342),0.055259311846422625
ZNF143 (7702),0.05528741590683166
PCDHB12 (56124),0.055374111740176424
AP1G1 (164),0.055391692536709
SMC1B (27127),0.05540893562887625
SMARCA4 (6597),0.05549572761850236
GFRA4 (64096),0.055544688865783606
PCDHGA2 (56113),0.05573702996686787
PURB (5814),0.05578484709343304
EIPR1 (7260),0.05583386818732815
CNPY1 (285888),0.05583748106884204
STT3A (3703),0.0558588784262917
NLRP6 (171389),0.05586469658597358
OR6Y1 (391112),0.05589289705500102
EIF3A (8661),0.05590721666053824
GH2 (2689),0.05597445384688911
HABP4 (22927),0.05607640712727354
ZNF816 (125893),0.0561042434190034
OXSR1 (9943),0.05611117707684698
PDZD9 (255762),0.05613030954480062
ARRB2 (409),0.056143808017892385
ZNF600 (162966),0.0562218101760014
H1-1 (3024),0.056226426133181816
DBX2 (440097),0.05628384441584846
ZNF419 (79744),0.056309517468015984
CCNL1 (57018),0.05632970588147856
VPS36 (51028),0.05646204638093868
MED25 (81857),0.056467579180895455
UGGT2 (55757),0.05652752659675624
TTLL3 (26140),0.056651302466140065
IQGAP3 (128239),0.05669749859672845
CRTC2 (200186),0.05675459680771929
IFNL2 (282616),0.056808133119920015
PAPLN (89932),0.056809097231008236
RMDN2 (151393),0.05681571970134543
CTNND1 (1500),0.05682220577004246
ANKRD34A (284615),0.05686251487836863
GABPB1 (2553),0.0569487873465316
GYPA (2993),0.05702144115328209
KIF2C (11004),0.0570253498694182
KAT2A (2648),0.05717640940420989
YEATS2 (55689),0.05721052282771838
STX4 (6810),0.057210700313895996
NUP42 (11097),0.05728781747006639
UFC1 (51506),0.057349365984115185
SEPHS1 (22929),0.0573661300006751
TIMM23 (100287932),0.05750280983882216
RBPMS (11030),0.057519695555831224
DCAF12 (25853),0.05755970205065806
KMT2B (9757),0.057568172131052815
SNW1 (22938),0.05774197891378221
KCNE3 (10008),0.05782668154165689
ZNF729 (100287226),0.05785025343893923
FAM220A (84792),0.05786228275836714
DUSP10 (11221),0.05792735446015531
CFHR4 (10877),0.0579544103932757
CERS2 (29956),0.05798143683250283
GCNA (93953),0.058021556157171715
KCMF1 (56888),0.05811704145697163
ZNF211 (10520),0.05816900751159286
CUEDC2 (79004),0.05829987963716788
ACOT2 (10965),0.05834449258355
GPN3 (51184),0.0583449712813004
CNEP1R1 (255919),0.058399691614200194
PCMT1 (5110),0.05846732008559212
NCKAP1 (10787),0.05847717735202394
CNTROB (116840),0.05861787584655285
KCTD18 (130535),0.058634401647922524
SNAI2 (6591),0.05864638603443075
NAA50 (80218),0.05864933344999139
LAIR2 (3904),0.05868792507599142
IFIT3 (3437),0.058722541999168494
GYPE (2996),0.058783217738474086
BTG1 (694),0.05878912600889081
COG2 (22796),0.058817597115877675
SPTLC2 (9517),0.059012138924247705
MYCN (4613),0.05902758790047424
EFCAB9 (285588),0.05910579578997946
MED20 (9477),0.05911517340183453
EPC1 (80314),0.059122119663104454
C5orf58 (133874),0.05927123927387374
OR10H3 (26532),0.05927771710599403
SLC39A10 (57181),0.05928482760047002
PIK3AP1 (118788),0.05935251322861097
CCDC51 (79714),0.05939634746329311
ESCO2 (157570),0.05952388547694579
ADAMTS7 (11173),0.05953080719641119
DDX50 (79009),0.05965036062084191
KRT8 (3856),0.05965652534909323
SLC7A6OS (84138),0.05967552068000659
PTGFR (5737),0.05971227631448506
PDZRN3 (23024),0.05973732642730548
AMDHD1 (144193),0.059941846816251435
ZNF799 (90576),0.05996387993482671
TAF6L (10629),0.05997027186822824
YME1L1 (10730),0.06006346635011678
TRIO (7204),0.060069621374105674
CEACAM5 (1048),0.06010135821907407
ERH (2079),0.0601379808566851
MT1M (4499),0.060187031229524665
POC1B (282809),0.060251511622707116
IRX2 (153572),0.06026569616759205
NPY1R (4886),0.06032299221807038
GET3 (439),0.06032657386012242
PCDHA2 (56146),0.06033027964563868
CREB1 (1385),0.06036476851724965
PFDN1 (5201),0.060384835736179705
KANSL1 (284058),0.06044959760771306
MAEA (10296),0.06055190538158316
PSG11 (5680),0.06057016384291554
RAF1 (5894),0.0608757642444021
DPM2 (8818),0.06097529914079269
ZNF726 (730087),0.06099902729445623
SNAP47 (116841),0.061002043224462114
KIR2DL3 (3804),0.06110271043007348
S100A7 (6278),0.061120743511973476
PACRG (135138),0.06143985808846498
SUPT20H (55578),0.0615436432978993
CHIC2 (26511),0.061616271586472905
MAFG (4097),0.0618050269234661
TUT1 (64852),0.061825630233438164
TAFAZZIN (6901),0.061845454343686254
PSME4 (23198),0.06185084299339722
BBS10 (79738),0.06186129690301162
TEAD1 (7003),0.061898623508184494
MNS1 (55329),0.06198219691821767
PELI1 (57162),0.06204609281063786
MZT2A (653784),0.06207863637504087
CTNNA1 (1495),0.06214029462970263
H3C10 (8357),0.062287106478906534
PNO1 (56902),0.06231022730078848
MICU1 (10367),0.062438851497040405
ZNF808 (388558),0.06256338509499447
TRRAP (8295),0.0626158165285168
TMOD2 (29767),0.06269759296585425
SRP14 (6727),0.06275929633209178
CLPP (8192),0.06277102291601776
MST1 (4485),0.06284365829101761
DEFB110 (245913),0.06292933158952099
RBM5 (10181),0.06313912833413436
PTPRC (5788),0.06323245696819284
HIF1A (3091),0.06325367596571181
PSG5 (5673),0.06329963741429154
UGT2B15 (7366),0.06341906888832353
QRICH1 (54870),0.0634459564087253
CSHL1 (1444),0.06348779547355354
UGT2B17 (7367),0.06352409829477633
IRF2 (3660),0.06357247567004114
TBC1D10B (26000),0.0635787713438603
WASHC3 (51019),0.06372383177484826
BUD31 (8896),0.06374594947036381
SRSF11 (9295),0.06380414607067723
KIR3DL1 (3811),0.0638506644345567
ALG8 (79053),0.06386252353777062
COX19 (90639),0.06390081838832928
DHRS4 (10901),0.06394114982653408
KAT8 (84148),0.06405579439456459
MTBP (27085),0.06410208090230549
MED16 (10025),0.06410453606357568
LRRC45 (201255),0.06421376797135933
HDLBP (3069),0.06434372030830358
PPP1CA (5499),0.06440720617865173
CDK7 (1022),0.06443468355688116
GRHL2 (79977),0.06446692363460017
BRAT1 (221927),0.06462755429883572
COPZ1 (22818),0.0646426872541546
ZNF44 (51710),0.06469739317412014
TCEAL7 (56849),0.06470702412145309
LSM7 (51690),0.06471385848408426
DYNC2LI1 (51626),0.0647573653057025
DNAJC3 (5611),0.06502976193725087
RCN2 (5955),0.06515883725555689
SCFD1 (23256),0.0654825262282905
HIRA (7290),0.06554783039697097
CT47B1 (643311),0.06561683809572207
DSN1 (79980),0.06591251242466613
GRK2 (156),0.06591274297998441
DDI2 (84301),0.06613400757778087
FCGR1A (2209),0.06614304051158564
CNOT9 (9125),0.06631441206753572
LPA (4018),0.0663447610158817
CCDC178 (374864),0.06644965236607522
C14orf39 (317761),0.06645620484759866
CXADR (1525),0.06659626841776158
ANKRD35 (148741),0.06664238121662006
FOXK1 (221937),0.06666803098950744
PKN2 (5586),0.06667015674699303
MBTPS2 (51360),0.06668770991478828
DICER1 (23405),0.06670725299210059
ZNF491 (126069),0.06692601995277166
H3C2 (8358),0.06715236164720104
PTGR2 (145482),0.06719604593608608
OR5L2 (26338),0.06722762422093562
ELOC (6921),0.067348808133605
RPRD1B (58490),0.0673866723238046
KIR3DL2 (3812),0.06746481332383164
LPAR1 (1902),0.06767075151084866
CKAP2L (150468),0.06793749618826676
KIF22 (3835),0.06795033941176522
CASC3 (22794),0.06813718032167204
DSC2 (1824),0.06817720793550035
RHEB (6009),0.06821567293568032
MSMO1 (6307),0.06821986036953466
UBE2J2 (118424),0.06824986227436314
ZBTB41 (360023),0.06844859327622943
PSMC3 (5702),0.06846912827197885
H2BC6 (8344),0.068488847820289
INTS15 (79034),0.06849222277123673
DYNC1H1 (1778),0.06867474617376951
CWC22 (57703),0.06890394990613281
MED28 (80306),0.06895894202431528
FNDC3B (64778),0.06906684115702054
ZNF407 (55628),0.06907708697389965
GOLGA6L6 (727832),0.06917719442026128
H3C3 (8352),0.0692986200759194
SCYL1 (57410),0.06930285162904212
DRAP1 (10589),0.06945438813846863
KDM8 (79831),0.06949450387852721
H1-3 (3007),0.06965669706533877
HMGXB3 (22993),0.06966409680680871
MNAT1 (4331),0.07004040516280258
ATAD3C (219293),0.07020613438167961
MN1 (4330),0.07027249764304803
RAB11A (8766),0.07033362335657864
ZNFX1 (57169),0.0703375255686971
UBE4B (10277),0.07037505344019489
H3C8 (8355),0.07039814302147021
UFSP2 (55325),0.0704280235490001
UBE2R2 (54926),0.07062643762021457
RANBP9 (10048),0.07063514755397307
ZNF845 (91664),0.07071231596111961
ATP6V1C1 (528),0.07074226507404681
POLR2H (5437),0.0709570868685772
PITRM1 (10531),0.07112177954994832
POLR3F (10621),0.07122573118290873
LRRC37A3 (374819),0.07133397331486233
ZFP36L2 (678),0.07140374936089325
RMND5A (64795),0.07145350437080646
RPS6KA3 (6197),0.07146187142657574
VARS1 (7407),0.07147072206590352
NAT8 (9027),0.07153506733188324
NUBP1 (4682),0.0715414115291017
RTF2 (51507),0.07173954656682426
EFNA3 (1944),0.0722739406364707
TNPO1 (3842),0.07248877823524097
COPS4 (51138),0.07250131935014002
SMARCC2 (6601),0.0725321722354245
U2AF1 (7307),0.07257070922699388
UBE2G1 (7326),0.0725856334033843
MOB4 (25843),0.07301754574631199
EVC (2121),0.07309085409418346
H2BC10 (8346),0.07316298495450203
CR1 (1378),0.07323675435758907
EFL1 (79631),0.07332502280367924
SOS1 (6654),0.07338816963336037
KCNK4 (50801),0.07353986973599476
IPO11 (51194),0.07390029254397791
ACSS2 (55902),0.07397211132822196
FBXO43 (286151),0.07431362834832579
UGT1A10 (54575),0.07437894403664495
RCOR1 (23186),0.07439448669965323
H3C11 (8354),0.07449890119906981
CDCA5 (113130),0.07453465499347019
KIF20A (10112),0.0747137181122185
PPP2R2A (5520),0.07473512886728488
CACNG3 (10368),0.07473948232832237
URI1 (8725),0.07480926573680419
TUBA1C (84790),0.07497903927780832
CTDNEP1 (23399),0.07503245569160445
OSTC (58505),0.07520148580198585
SREK1IP1 (285672),0.07533883954882203
DOCK5 (80005),0.07555914348206817
MRGPRX3 (117195),0.07560066213703676
SETD2 (29072),0.07570458412297239
RBM22 (55696),0.07574574998332015
VPS53 (55275),0.07595447778809952
SOX2 (6657),0.07603643092514886
TP63 (8626),0.07609940526931921
PSMC6 (5706),0.07620298285358572
BCL9 (607),0.07629658199099562
ZNF28 (7576),0.07631575345496044
EAF1 (85403),0.0769447923169252
MED7 (9443),0.07727512817511807
FURIN (5045),0.07733122177478792
NKAIN3 (286183),0.07736595092089465
FLII (2314),0.07769291522780013
RBM4 (5936),0.07794879282646695
ARPC2 (10109),0.07811618182662676
MAD2L2 (10459),0.07814811107709808
ODR4 (54953),0.07834286063148803
ZNF585A (199704),0.07843628235180572
ARCN1 (372),0.07871812424734587
MSL1 (339287),0.07874227205291343
KLF10 (7071),0.07883852831928247
PGGT1B (5229),0.0788936832082322
SRP54 (6729),0.0792528764363578
STAT3 (6774),0.07942488679356932
CLCC1 (23155),0.07949650224017764
MED10 (84246),0.0797424798457547
FOSL1 (8061),0.07974885965014238
PPIAL4G (644591),0.07985083124619988
SEC62 (7095),0.08000327079183568
NRF1 (4899),0.08034769136090944
ALG5 (29880),0.08044928881754307
TNPO3 (23534),0.08045921389129272
CCDC159 (126075),0.0806801623736629
YJU2 (55702),0.0807612479420048
CDK12 (51755),0.08076521408707717
OSBP (5007),0.08081147233931342
H2BC8 (8339),0.08087624266948552
CHMP6 (79643),0.08101825740268497
CCNC (892),0.08112220572563636
PSG1 (5669),0.08124309025827234
FEN1 (2237),0.08131824966487183
PSMA5 (5686),0.08142428256562305
DERL1 (79139),0.0817718258828081
SUGT1 (10910),0.08222933027137726
STEAP2 (261729),0.08232406797171621
MRGBP (55257),0.08235808104879934
IRF4 (3662),0.08269577847943645
RABGGTB (5876),0.08279358681601755
ABCC6 (368),0.08281790113716263
APOBEC3F (200316),0.0828197378876231
VPS52 (6293),0.08294751218724866
LIN9 (286826),0.08328294843878957
NASP (4678),0.08379280029527195
ACTR2 (10097),0.08383359577034832
RBBP7 (5931),0.08468634780995224
PIAS1 (8554),0.08550227935899553
SNAPC1 (6617),0.08568674422106178
VPS51 (738),0.0862610669088739
PSMC2 (5701),0.0862653160003145
HSPA5 (3309),0.08694603894701367
NUP35 (129401),0.08735676003471916
ACLY (47),0.08765068817620918
NSMCE2 (286053),0.08774598384421954
ATAD3B (83858),0.08780610665263885
DTX2 (113878),0.08782770375817611
NRBP1 (29959),0.08855598018561263
GET1 (7485),0.08914229125231107
USP14 (9097),0.08937207662209924
E4F1 (1877),0.08955799462124289
UFL1 (23376),0.08962554412946751
NAPA (8775),0.08964258744294003
CSH2 (1443),0.08976440460523777
HCFC1 (3054),0.08979555150650524
MED9 (55090),0.08983605165835708
CMIP (80790),0.08984538586324409
MED14 (9282),0.09029240746855734
PSMB2 (5690),0.09052616012621624
CDK2 (1017),0.09057969967329674
HAUS6 (54801),0.09064449530014708
WDR12 (55759),0.09065863816266281
PSMD1 (5707),0.09066218271907607
SOX10 (6663),0.09087578991517488
OST4 (100128731),0.0909178433905123
SOCS3 (9021),0.09108669731906854
ELOVL1 (64834),0.09152785157694691
ZNF732 (654254),0.09178072033395146
GTF2B (2959),0.09229224281490744
RAC1 (5879),0.09273168615134898
GPI (2821),0.0929442042763118
IFT70A (92104),0.09295431163878685
POLR2F (5435),0.09309274006248792
PTDSS1 (9791),0.09344615013916253
SRP9 (6726),0.09363368014603404
MARK2 (2011),0.09403619203614488
TIPARP (25976),0.09420433489496766
LSM6 (11157),0.09427178941873467
VPS4B (9525),0.09444342568057434
ZMYND8 (23613),0.09462115641142951
CCT8 (10694),0.09463018869975388
MED4 (29079),0.09494669452433513
PSMD6 (9861),0.09565701999197955
ING3 (54556),0.09610540642089224
DYNC1LI2 (1783),0.09692899359054338
WWTR1 (25937),0.09715562527206713
PSMC5 (5705),0.0972772652375669
WDR26 (80232),0.09740424565498958
THAP11 (57215),0.09771220609418195
C19orf25 (148223),0.09804260463716696
AIFM1 (9131),0.09821147882825744
ALG1 (56052),0.0983278293124093
SEH1L (81929),0.09869751232965548
PSMB1 (5689),0.09893725788710638
DDX47 (51202),0.09894382700002899
DDX3Y (8653),0.09932956247715037
MED6 (10001),0.0993854073281406
RBM4B (83759),0.09943129493040367
ACTR3 (10096),0.09976747358147187
USE1 (55850),0.10014657086673875
POLR2G (5436),0.10017828317100688
PAXIP1 (22976),0.10019732819313798
PRAMEF19 (645414),0.10030951850090356
VPS4A (27183),0.10075498594006387
RANBP2 (5903),0.10109315562062296
POLR2D (5433),0.10112379848555071
GTF2E2 (2961),0.10138723904517331
CYFIP1 (23191),0.10240754404691865
PSMD3 (5709),0.10280175743153656
MED31 (51003),0.10310086339792432
PSMD11 (5717),0.10321787899193285
SEC61A1 (29927),0.10392752412738648
CYB5B (80777),0.10398537786303891
ADAR (103),0.10430847533664588
RABGEF1 (27342),0.10446037507716466
CCL4 (6351),0.10456116695749362
IRS2 (8660),0.10511188099243012
ALPK3 (57538),0.10511629632472236
FBXO5 (26271),0.10540999869577598
COPB2 (9276),0.10558836054871955
ZNF626 (199777),0.10568583713910044
SLBP (7884),0.10666711210837457
RGP1 (9827),0.10671771765451232
EIF1AY (9086),0.10725471068780452
RAD21 (5885),0.10729501574516728
INTS9 (55756),0.10732756179329378
SHOC2 (8036),0.10755054843609015
VPS28 (51160),0.10765601806986061
IGF1R (3480),0.10792872836871713
CHEK1 (1111),0.10850759841856888
GOLT1B (51026),0.1089080986871147
JUN (3725),0.10919856684683828
ELAVL1 (1994),0.1096092928558776
TBL1XR1 (79718),0.11022907548232397
MED17 (9440),0.11043125168898298
TSEN54 (283989),0.11107027275117053
CHMP7 (91782),0.11122834608797212
CDC25B (994),0.11215451672748208
HAUS3 (79441),0.11228026707080488
EFR3A (23167),0.11237300107579752
GINS4 (84296),0.11305063570948395
MZT1 (440145),0.11462455184538013
SNAPC3 (6619),0.11546726644591301
DOLPP1 (57171),0.11664651357770822
NUTF2 (10204),0.11673892023269423
HSP90B1 (7184),0.11958337724746018
NBAS (51594),0.1206655189558074
VRK1 (7443),0.12114533619226842
ANAPC4 (29945),0.12195626728859374
ICE2 (79664),0.12209181818665717
VPS54 (51542),0.12291951441793413
DDX11 (1663),0.12302481643084123
TSC22D2 (9819),0.12317217781782173
RPL5 (6125),0.1238048201385991
UBE2H (7328),0.12476082578302003
SGO1 (151648),0.12486428305868444
MED8 (112950),0.126282626466602
PTPN11 (5781),0.12724593370621615
ATP6V1D (51382),0.1280222331137075
UBE2L3 (7332),0.12867498137592456
RPAP2 (79871),0.12881762556375204
NUP205 (23165),0.12997752208501345
ACTR10 (55860),0.13012524565068012
EPC2 (26122),0.13081822183588304
STX5 (6811),0.1310287841008417
COPE (11316),0.13614856064341121
SNUPN (10073),0.1364811001894865
ANAPC2 (29882),0.13694212062068808
USPL1 (10208),0.13705475791070748
PPP1CB (5500),0.1386755287539216
ARID1A (8289),0.14024584786418212
LSM5 (23658),0.14187049456355197
DBF4 (10926),0.14412699676579346
STAG2 (10735),0.15203105897365538
PSMB7 (5695),0.15813524170049775
RNF4 (6047),0.16377583537172075
PSMA4 (5685),0.1698504981546338
MED26 (9441),0.17027105348014124
XPO1 (7514),0.21183549785638583
UBC (7316),0.2808995631212627
SMG1 (23049),0.349084870758556
