,0
MYC (4609),-0.44089393543646443
ATP6AP2 (10159),-0.41001472283458484
LONP1 (9361),-0.4051108229179933
TAMM41 (132001),-0.40413795448622986
XRCC2 (7516),-0.385385108315441
NOP9 (161424),-0.3805584194081995
TRIAP1 (51499),-0.3703440274254564
VARS2 (57176),-0.36996109414801587
XPO5 (57510),-0.3560202961863987
LSM3 (27258),-0.3508905419713529
PGS1 (9489),-0.34678548722868496
VPS25 (84313),-0.3447773553273795
MRPS5 (64969),-0.3348027047150691
YARS2 (51067),-0.33122310362092616
PELP1 (27043),-0.3301933247203198
TRMT112 (51504),-0.3301327201937258
TRAF2 (7186),-0.32659384582812756
LAMTOR4 (389541),-0.32106006191729736
RPP21 (79897),-0.32081368762614243
RTTN (25914),-0.3207748438072449
TAF10 (6881),-0.31933190959237584
ADAT2 (134637),-0.31714763410100055
DENR (8562),-0.30585345291991656
VMA21 (203547),-0.30315175653117443
GTF2B (2959),-0.3022224808652988
BOP1 (23246),-0.30085533791388125
PKMYT1 (9088),-0.29986068308308256
CLNS1A (1207),-0.29827034051757007
SKP2 (6502),-0.2978304268635196
DPH6 (89978),-0.2933243031878996
RFT1 (91869),-0.28728117595099584
ATP6AP1 (537),-0.2866530804567914
ZNF222 (7673),-0.285940533949277
COX19 (90639),-0.2847222143220988
ERCC4 (2072),-0.28397439121763146
TIMM22 (29928),-0.28387515817825926
CCT2 (10576),-0.2834050237504554
FIP1L1 (81608),-0.28249661078105015
NACA (4666),-0.28023379915896507
HSP90B1 (7184),-0.27926289512227875
MED12 (9968),-0.2768124091815888
CCDC115 (84317),-0.2734718681187317
CHORDC1 (26973),-0.27183388463152874
MRPL23 (6150),-0.26928214295942554
RASA4 (10156),-0.26883416056724285
KRTAP10-9 (386676),-0.26849806480724536
AFG2A (166378),-0.26627984462523424
RNASEH2C (84153),-0.26482884274771956
MRPS16 (51021),-0.2639446432460647
HSD17B10 (3028),-0.2614737930450894
MOCS3 (27304),-0.2609147570530296
WDR48 (57599),-0.2586179550499468
PPARG (5468),-0.25798498493209615
CIAO1 (9391),-0.25432280647853756
NSMCE1 (197370),-0.25401748829974224
THOC7 (80145),-0.2520509844088435
AAMP (14),-0.25023638291234873
TXNL4A (10907),-0.2500174498527511
MRE11 (4361),-0.24987401901138254
OR2V1 (26693),-0.2475655251703748
ABCB7 (22),-0.24582214481663628
ANKRD49 (54851),-0.2457434801861635
VEZT (55591),-0.24561360948534908
DDX51 (317781),-0.2444073360082621
GTF2H4 (2968),-0.2435449014905698
LAMTOR3 (8649),-0.2427050993091438
CINP (51550),-0.24074028038988357
EIF5A (1984),-0.23974051921921308
DHPS (1725),-0.23867574968696884
MARS2 (92935),-0.23742352621713875
TRAPPC8 (22878),-0.2364335582229901
OPA1 (4976),-0.23625505171371283
ALG13 (79868),-0.23585805938526222
SCD (6319),-0.2351829869504347
PRELID1 (27166),-0.23444735644976564
ADAM17 (6868),-0.234300517998122
RNMT (8731),-0.23311614677699716
TRNAU1AP (54952),-0.23280731467596297
CEND1 (51286),-0.2314461502082652
PPP2R3C (55012),-0.23104858352386795
SYT5 (6861),-0.23082565239678746
WDR82 (80335),-0.23037349794370648
NAA10 (8260),-0.23015282164266404
TOMM22 (56993),-0.22997026927830272
UFM1 (51569),-0.229125300657902
NHP2 (55651),-0.22911052373309754
METRNL (284207),-0.22868962768412185
EFR3A (23167),-0.22867702701393414
SS18L2 (51188),-0.22816193815776895
ATP6V1G1 (9550),-0.22782912747705258
PRKRIP1 (79706),-0.22774637486950797
RPS5 (6193),-0.22761471138087397
CRCP (27297),-0.22729614261261938
CENPE (1062),-0.2265661804649913
RBM14 (10432),-0.22550981962508038
TMEM165 (55858),-0.22503094738201795
GPBP1L1 (60313),-0.2249901261407962
OR7A17 (26333),-0.22415711049295145
PCMTD2 (55251),-0.22386512133069938
TADA3 (10474),-0.22316439754624423
CCP110 (9738),-0.22315011248122882
MRPL11 (65003),-0.2230539419028726
RC3H1 (149041),-0.2225766801358616
UBA5 (79876),-0.2223104185053301
RAD51D (5892),-0.22165895058245919
KIFBP (26128),-0.22016463023375468
RNASEH2A (10535),-0.22006162922518485
BTF3 (689),-0.21985846169210754
MAU2 (23383),-0.21950926945296811
KMT2D (8085),-0.2186893790468485
MED16 (10025),-0.2180515401031574
SKIC8 (80349),-0.21778496641542594
DGCR8 (54487),-0.21768951920736698
EIF2B1 (1967),-0.21751913889626148
NAF1 (92345),-0.21713794412643445
RAD9A (5883),-0.21695320386363903
CENPA (1058),-0.21590144073119752
TFB2M (64216),-0.21486100575249295
FAM133A (286499),-0.2144651756996724
COQ2 (27235),-0.2138614591716149
QARS1 (5859),-0.21357520849326508
MED19 (219541),-0.2131822312907791
PPP6C (5537),-0.21228651517474523
MRPL21 (219927),-0.21136095605751973
KIF23 (9493),-0.21124764960355563
CXXC1 (30827),-0.21018063097561873
MRPS34 (65993),-0.2091771559226832
CCNH (902),-0.20917617304497824
CSTF3 (1479),-0.20873611780992674
MLST8 (64223),-0.20841643390895448
SYNCRIP (10492),-0.20756074466365368
RHEB (6009),-0.20592613360972808
THAP12 (5612),-0.2058851728495971
TMEM41B (440026),-0.20566172353100373
PCNA (5111),-0.20506186101546248
NKAP (79576),-0.2050277437746789
COQ5 (84274),-0.204305921805501
IKZF2 (22807),-0.20397844374747684
OR2S2 (56656),-0.20375914608764645
AASDHPPT (60496),-0.2035328214437066
RARG (5916),-0.2033999318925525
SAMD4A (23034),-0.2025203384726464
GADD45GIP1 (90480),-0.20234892063780582
CR1L (1379),-0.201927818601609
ALYREF (10189),-0.20091081034644875
NPLOC4 (55666),-0.2008508550349523
SDE2 (163859),-0.2001389522502194
FRRS1L (23732),-0.1997447434065392
FANCI (55215),-0.19932509293019293
CAMLG (819),-0.19904865711104874
FGD5 (152273),-0.1985925250627321
KCTD5 (54442),-0.19850894840452726
INTS11 (54973),-0.19835916906459058
DICER1 (23405),-0.19778037439532287
NMT1 (4836),-0.19747286420402205
DNAJC24 (120526),-0.19728101138440152
ABCF1 (23),-0.19713286442096387
DRAP1 (10589),-0.19672103509131142
IPO7 (10527),-0.19642946649847046
COX15 (1355),-0.1961081402929939
PRB2 (653247),-0.19561449830655211
CARM1 (10498),-0.19554955091333232
TSEN2 (80746),-0.19549578646013593
DDX18 (8886),-0.19522656354040033
MBNL1 (4154),-0.1951076647366301
NHLRC4 (283948),-0.19507762401557444
PRCC (5546),-0.19465123492491504
KDM5C (8242),-0.19448161841821204
MRPL14 (64928),-0.1941985171182504
RAB35 (11021),-0.1940610386751222
POLRMT (5442),-0.1934806072978179
MRPL16 (54948),-0.19346020447992582
DOLK (22845),-0.1925535743998131
TOMM40 (10452),-0.1923567122008362
SLC25A3 (5250),-0.19234312193627381
MANSC1 (54682),-0.1921710876919796
DDX54 (79039),-0.19193067019964358
BCL6 (604),-0.1915585961866986
MRPS18C (51023),-0.19138300078285211
SF3B5 (83443),-0.1913717624364475
PAK1IP1 (55003),-0.19114843346850377
NIP7 (51388),-0.19060201406166605
HARS1 (3035),-0.18984486256340985
HDAC3 (8841),-0.1893634238397773
SNAPC4 (6621),-0.1891356889321682
CARS2 (79587),-0.1889069068511175
IFNA5 (3442),-0.18885797000468402
RPL12 (6136),-0.18854696752042335
NF2 (4771),-0.18829297295564146
XRCC3 (7517),-0.18821852514603912
SEC14L1 (6397),-0.18793423220181038
CCNC (892),-0.18756174920517443
TMEM126B (55863),-0.18735620384711288
RBM15 (64783),-0.18677722030472424
SLC25A25 (114789),-0.18676220675416277
HINFP (25988),-0.1867610941152738
RIOK1 (83732),-0.18640722909096757
EIF4E (1977),-0.18637527545432145
SLC19A1 (6573),-0.1854615536355903
GUCA2A (2980),-0.18521291496456307
NELFB (25920),-0.1848342772989447
GTPBP4 (23560),-0.1847073276625076
GNB1L (54584),-0.18409622748156798
EMC7 (56851),-0.18350551472940174
SP1 (6667),-0.1834020054877656
RPL8 (6132),-0.183182595810461
AGL (178),-0.18316148821548986
SURF6 (6838),-0.18311993914332064
TLE3 (7090),-0.18201324478035807
MYO15A (51168),-0.1818244083258154
TTYH3 (80727),-0.18180714868070133
TSR2 (90121),-0.18177018949587725
FDX2 (112812),-0.1816779539029497
PPCS (79717),-0.18153419781903338
NDOR1 (27158),-0.1812518014013505
WDR74 (54663),-0.18103834732844387
MRPL18 (29074),-0.18093632678285498
COBLL1 (22837),-0.1806068971059705
TTC5 (91875),-0.18044370713345842
ATF4 (468),-0.18020960035412584
CDC25A (993),-0.18018020928665163
AIRIM (54955),-0.17945140783481678
SLC25A26 (115286),-0.17873130827897674
MRPL28 (10573),-0.17868350779631967
EIF4G2 (1982),-0.17834941485988604
CHMP5 (51510),-0.17832446752240894
COG5 (10466),-0.1783082469838259
LGALS9C (654346),-0.1783008485383149
LAMTOR1 (55004),-0.17822081970624032
CLCN1 (1180),-0.1779366851909138
RBMX (27316),-0.1778145298182059
AURKAIP1 (54998),-0.17779259387132726
TMEM42 (131616),-0.1772537977608549
TUBE1 (51175),-0.17701043714109277
ADCK5 (203054),-0.1769265605664333
TTF2 (8458),-0.17688177675777775
PRAMEF20 (645425),-0.17651139671539906
TUBD1 (51174),-0.17649037467241574
SCLY (51540),-0.17600606768941077
IFNA21 (3452),-0.17565881641893838
DENND4C (55667),-0.1750759954376238
NCKAP5L (57701),-0.17483626933149382
CAP1 (10487),-0.17449282190079535
ARMCX6 (54470),-0.17429347065787443
TYK2 (7297),-0.1741728643350194
NOP10 (55505),-0.17415916680905588
DNAJC11 (55735),-0.1741523870089619
TSEN54 (283989),-0.17406124384277322
ZNF574 (64763),-0.17375986831122067
NAE1 (8883),-0.17367608298433018
MAPK1 (5594),-0.17290203657310613
LETM1 (3954),-0.1728427709953255
AP3B1 (8546),-0.1726559453963926
TMEM80 (283232),-0.17217062404901282
CDK9 (1025),-0.17200943653602985
GDPGP1 (390637),-0.1718954770089583
EXOSC4 (54512),-0.17189325047750006
MRPL17 (63875),-0.1717602963210897
CYP4F12 (66002),-0.171361910461934
ITGA5 (3678),-0.17104198507750526
ZNF484 (83744),-0.17091555699821775
TRPV6 (55503),-0.17061590149198233
WNT10B (7480),-0.17025752799989508
GEN1 (348654),-0.17008363453060318
POT1 (25913),-0.16987129886486463
BRD4 (23476),-0.16986099308986552
VPS41 (27072),-0.16983636408686942
SMURF1 (57154),-0.1698217446371349
MTOR (2475),-0.16957749500687128
RPL39 (6170),-0.16916352974612872
LARS2 (23395),-0.1690425573351449
ZFX (7543),-0.16901203626140146
ATRIP (84126),-0.16835085768269312
WSB2 (55884),-0.16783753579931351
FHL3 (2275),-0.1676892230870652
MRPL35 (51318),-0.16762340317769944
ISG20L2 (81875),-0.16761049965699346
CCDC86 (79080),-0.16719227362889283
C1orf21 (81563),-0.16700720682854536
POLG (5428),-0.16651789224545838
MYT1 (4661),-0.1663434911439123
PTTG1 (9232),-0.16578263728810266
SGF29 (112869),-0.16561548329897458
RAPGEFL1 (51195),-0.1654855103657235
RANBP9 (10048),-0.1654652202919495
GTF3C4 (9329),-0.16515559190860168
DYRK1A (1859),-0.1650321914026403
MYSM1 (114803),-0.16480047731268627
IER3 (8870),-0.16472003653007136
ATF7IP (55729),-0.16464326100651247
SLC16A5 (9121),-0.16450904899108162
MTCH2 (23788),-0.1643034310406956
SLC26A11 (284129),-0.16416394316162036
NWD2 (57495),-0.1639109846144456
RARS2 (57038),-0.16379462567711783
COA8 (84334),-0.16349607146397066
SPO11 (23626),-0.16325684008474084
C12orf50 (160419),-0.16283860230374636
RFWD3 (55159),-0.16220873003161404
DKK3 (27122),-0.16182160587390135
KDM4C (23081),-0.16170765063772483
LRRC57 (255252),-0.16163168355684698
PIK3R3 (8503),-0.1615423517271033
DDX50 (79009),-0.16146832399443173
NUCKS1 (64710),-0.161287311626871
CFC1 (55997),-0.16112552035336444
POLG2 (11232),-0.1605187948487045
FKBP1B (2281),-0.16040907839198135
PI4KA (5297),-0.16032096056757522
RTRAF (51637),-0.16011444534186428
GNL2 (29889),-0.15956417962497596
PRORP (9692),-0.15931197968489424
TTC4 (7268),-0.1593025790805137
ODR4 (54953),-0.15921881064397297
OR2G2 (81470),-0.1587300674108858
KIF15 (56992),-0.15870490559831796
CENPH (64946),-0.1585236120814162
SPOP (8405),-0.1582437125592882
ADAM10 (102),-0.15805587536727203
RNF214 (257160),-0.1580492416916767
SAP30BP (29115),-0.1579048603800622
MAD2L2 (10459),-0.15740003146917952
EXOSC7 (23016),-0.15710312612436766
TRAF3 (7187),-0.15680590709765826
SSB (6741),-0.15676972136625414
SNRNP40 (9410),-0.15661484937012762
TAX1BP1 (8887),-0.15661144936379018
SLTM (79811),-0.15660971712272903
LDHAL6A (160287),-0.15659145446992936
CBS (875),-0.1561804228182962
FBXL7 (23194),-0.15587078500253757
LIPA (3988),-0.15584522224618466
RAC3 (5881),-0.1556340550244233
MRPS18B (28973),-0.15526642580293035
MRPL55 (128308),-0.15494385693709045
DPF2 (5977),-0.15454212886928026
OTUD4 (54726),-0.154347404215267
FAM25A (643161),-0.15431440029434026
ZNF706 (51123),-0.15419119158703717
HACD4 (401494),-0.1541877584552423
RNF113A (7737),-0.15393546941763966
CENPW (387103),-0.1538487276285982
NDST4 (64579),-0.15365621753912723
ADORA1 (134),-0.15360489191695598
INTS5 (80789),-0.15349136271790817
RHPN1 (114822),-0.15334121345959506
MRPS24 (64951),-0.15288482505374695
PSMG4 (389362),-0.1527845237792888
NCOA6 (23054),-0.15277972278698543
HTATSF1 (27336),-0.15273041069881443
FRS2 (10818),-0.1527297835399833
AMDHD1 (144193),-0.1526636856993429
MIXL1 (83881),-0.15253907484607393
DKC1 (1736),-0.15247626296409078
UFSP2 (55325),-0.15243698670250272
SETDB1 (9869),-0.1523648695562853
PAX6 (5080),-0.15220457477235536
RAP2C (57826),-0.15216765378703123
HLA-C (3107),-0.15198162440607815
PODXL2 (50512),-0.1518069430299914
EIF4G3 (8672),-0.15177444185392383
EMC1 (23065),-0.1516565545997087
WDR3 (10885),-0.1512324512900416
BMAL1 (406),-0.15093081744877282
LAS1L (81887),-0.15088618682295016
SCIN (85477),-0.15088376605728188
GRIN3B (116444),-0.15082654593167388
TERB2 (145645),-0.15074488343818332
TAF6L (10629),-0.15068269630078032
CCDC174 (51244),-0.15065479173279003
MRPS30 (10884),-0.15062227773376188
C5orf52 (100190949),-0.15051272823572087
MVB12A (93343),-0.1504996228635686
TBP (6908),-0.1503469738260415
DAZL (1618),-0.14997229224122402
CEP63 (80254),-0.1499362622780603
RNF212 (285498),-0.14976368836849321
POLR2K (5440),-0.1496862142665928
SENP6 (26054),-0.14952746619003343
TMBIM4 (51643),-0.1491940843124568
TRAPPC4 (51399),-0.1491130332468686
NFASC (23114),-0.14909768277534946
CMC1 (152100),-0.1490638751026299
URB2 (9816),-0.14899045855902943
KIF14 (9928),-0.1489720030919674
JADE2 (23338),-0.1488867382483439
TTI2 (80185),-0.14882198183495093
NOL12 (79159),-0.14866494101644143
ASXL3 (80816),-0.1485746702676826
RHOXF2 (84528),-0.14848811661645747
PNMA1 (9240),-0.14844188013666532
WDR77 (79084),-0.14841003513052614
INTS10 (55174),-0.1482299778831366
OR2L5 (81466),-0.1479652782189823
C11orf65 (160140),-0.14790176824449672
GAR1 (54433),-0.14789532246378412
ZYX (7791),-0.14780116896592002
ATRX (546),-0.14776806407199844
GRXCR2 (643226),-0.14771655002987077
MRPL38 (64978),-0.14767320251596136
GSTM3 (2947),-0.1473485937056526
THUMPD2 (80745),-0.14729426930798442
MNT (4335),-0.14721963553870515
NSFL1C (55968),-0.14695856932921866
DHCR7 (1717),-0.14685379817611655
TRAF4 (9618),-0.14675730478162002
MRPL46 (26589),-0.14661001800766174
CHST8 (64377),-0.14660951945089826
ZNF839 (55778),-0.146502144085539
HOXB3 (3213),-0.1464294398418689
NRDC (4898),-0.1462752411413648
TBC1D5 (9779),-0.14624278484543493
TBC1D28 (254272),-0.1462230051976578
TFAP2C (7022),-0.1460222731094088
NR2C2 (7182),-0.14578678478972176
MYBL2 (4605),-0.14575290452534903
DDX17 (10521),-0.14571087964937618
ATXN1L (342371),-0.1456824965187352
WEE1 (7465),-0.14559974007206938
TIPIN (54962),-0.14554656853068418
WDR12 (55759),-0.1454179365697014
HECTD1 (25831),-0.14533822328291646
C1GALT1 (56913),-0.14523985635371067
IFT81 (28981),-0.1446143388679583
ACAP2 (23527),-0.14460653243965121
MAGIX (79917),-0.14457284890834585
MRPL32 (64983),-0.1444366723652984
OGG1 (4968),-0.14436912398932167
PYM1 (84305),-0.1441287956459551
ACTR6 (64431),-0.14409196858524403
LHX1 (3975),-0.14380378932949178
NOP14 (8602),-0.14369861267474518
CXCL16 (58191),-0.14338965829732217
EARS2 (124454),-0.14329469820976648
TTC33 (23548),-0.14278963620419557
ZNF501 (115560),-0.14258836786312573
NDUFA11 (126328),-0.14237941518345223
PPFIBP2 (8495),-0.14228916464133468
PDLIM2 (64236),-0.14227288990766124
CFAP77 (389799),-0.14188970405179252
TSPAN18 (90139),-0.14187334699076795
RASA3 (22821),-0.14186991402087135
COG4 (25839),-0.14186168756170758
OXLD1 (339229),-0.14180352151575942
ADAMTS13 (11093),-0.14168762259818649
MCTS1 (28985),-0.14156879240264844
KCNA4 (3739),-0.1415094444067699
ENO1 (2023),-0.1414132057340583
RFTN1 (23180),-0.14130894106229494
CUL2 (8453),-0.14119988910922485
USP14 (9097),-0.14105518689471602
GPN2 (54707),-0.14097872662834451
DROSHA (29102),-0.14084907791452683
PSENEN (55851),-0.1407749137506254
GXYLT1 (283464),-0.14072228454323246
L3MBTL3 (84456),-0.14070103248329285
AKT1 (207),-0.14067211794053058
MYCBPAP (84073),-0.14067211751818715
DSC2 (1824),-0.14058535870898664
PFDN4 (5203),-0.14046318821082668
HAAO (23498),-0.1402475443815197
BCL2L2 (599),-0.14013565809058318
MRPL47 (57129),-0.140009893873534
CNKSR1 (10256),-0.13992256083697857
KRTAP21-2 (337978),-0.1398247726965343
BHLHE23 (128408),-0.1397857166204635
ZNF592 (9640),-0.13961049860600158
COA6 (388753),-0.13952347791345474
TRA2A (29896),-0.13940972590428685
WDR83 (84292),-0.13925908507377055
PIK3R1 (5295),-0.13919955586702698
VMP1 (81671),-0.13916492863576768
GKAP1 (80318),-0.1391426418480178
MPPE1 (65258),-0.1390211643993863
PRSS50 (29122),-0.1390040496590224
GINS2 (51659),-0.13897783435298194
OR2T29 (343563),-0.13893918773718872
METTL15 (196074),-0.1389349590816018
CEP126 (57562),-0.13889064631201492
POGLUT1 (56983),-0.13885746561899598
DET1 (55070),-0.13882670863487281
TRMT61A (115708),-0.13871371691979378
NUP42 (11097),-0.1386798546108912
ITGA2B (3674),-0.13865798406418633
SLC22A18 (5002),-0.138348922413629
PCDHGA7 (56108),-0.13832387811993777
SERGEF (26297),-0.1383234300480813
TTBK1 (84630),-0.13802102898592636
TPSG1 (25823),-0.137962083537832
TMA16 (55319),-0.13791941396462343
SLC25A53 (401612),-0.13785682970945817
CENPV (201161),-0.13778772237732975
RREB1 (6239),-0.1377575937820263
RFLNA (144347),-0.1377448025124106
EXOSC3 (51010),-0.13770517177436195
LRRC14 (9684),-0.13760821899438322
PAPOLA (10914),-0.13738851806513214
KIF7 (374654),-0.13736408002602435
EXOSC9 (5393),-0.1371339637068404
CAPZB (832),-0.13701046797002142
RELL1 (768211),-0.13695554209479693
ELF3 (1999),-0.13692455603775897
COX11 (1353),-0.136912179789336
GAPVD1 (26130),-0.13690512578488642
AP3D1 (8943),-0.1368714979091867
UFL1 (23376),-0.13683200377923507
PCDHB3 (56132),-0.13670049136057946
CRIPT (9419),-0.13667781770104676
NFKB2 (4791),-0.13656627384783102
OLA1 (29789),-0.13653332563501444
IFNA14 (3448),-0.13649352331634362
CYP21A2 (1589),-0.13648049360335607
EIF4G1 (1981),-0.13624460967946717
COG7 (91949),-0.1362259670201676
WDR86 (349136),-0.13608202911120032
MR1 (3140),-0.1360187973615676
SVIP (258010),-0.1359746816105873
BDKRB2 (624),-0.13596551846442553
ERG28 (11161),-0.13594243974042147
COX16 (51241),-0.1358118752967536
MAGEH1 (28986),-0.13574614019537795
RPS6KA4 (8986),-0.13573053397474485
CIMAP3 (128344),-0.13554343996468624
ANKRD52 (283373),-0.13543897782605346
SSH3 (54961),-0.13539246029683666
BMPR1A (657),-0.1353795946977804
DPY30 (84661),-0.13521605998998593
TEDC2 (80178),-0.1350769205866375
BUD31 (8896),-0.1350587446838083
TXN (7295),-0.1348510591119463
POLK (51426),-0.13484929969908402
IGF1R (3480),-0.13478619685941542
CEPT1 (10390),-0.13477366673824473
CHPF2 (54480),-0.134651327215961
ACTR10 (55860),-0.1345997181247184
METAP2 (10988),-0.13446721705088457
PACS2 (23241),-0.13444247561800196
AATF (26574),-0.13435781414198927
PTPN22 (26191),-0.13432724814075767
PRAMEF12 (390999),-0.13419417312581922
SPEF1 (25876),-0.1340739156043615
PPP6R3 (55291),-0.13402547913853724
IQGAP1 (8826),-0.13400410031137996
WDR1 (9948),-0.13386453458918618
SH3BP5 (9467),-0.13380495499765427
SPG21 (51324),-0.13371132605777128
TPM3 (7170),-0.1336769580490919
PEX26 (55670),-0.13344866434564862
C1GALT1C1 (29071),-0.13333010148010835
HUS1 (3364),-0.13331757772213526
KRT86 (3892),-0.13329815443189225
H2BW1 (158983),-0.13328308351994314
SLC6A4 (6532),-0.13320243000322246
ZMYM1 (79830),-0.13305165462042348
SOS1 (6654),-0.13297041287131445
NAP1L1 (4673),-0.13271296257989967
RMDN3 (55177),-0.13239462335233312
ARID5B (84159),-0.13234336855565856
OR2A5 (393046),-0.13232842255127897
PRKAG2 (51422),-0.13208935113170295
APOOL (139322),-0.13206113404247394
FES (2242),-0.13196637746526582
SNAP29 (9342),-0.13185884369610232
POFUT1 (23509),-0.13179018651281055
ARIH2 (10425),-0.13160508641257004
PTDSS1 (9791),-0.13158169865284292
NSMCE4A (54780),-0.13149735246644173
GET1 (7485),-0.13146515030027497
TLE5 (166),-0.13140044276286228
ANAPC11 (51529),-0.1312334758897428
SETMAR (6419),-0.13123148173048846
RAD52 (5893),-0.13121020077531287
STAG1 (10274),-0.1311046988394127
MRPL4 (51073),-0.13110179834883276
USP17L13 (100287238),-0.13109631143936645
TAS2R39 (259285),-0.13105606117095475
FAM20C (56975),-0.13098424167686795
OTOL1 (131149),-0.13097820400794735
LIN28A (79727),-0.13090222005733707
DCLRE1A (9937),-0.13074099285283092
MIS18BP1 (55320),-0.1307160834364349
KAT2A (2648),-0.13070899561020483
DUSP12 (11266),-0.13052671204856692
PDGFC (56034),-0.1305192057395969
SH3GL2 (6456),-0.13047980489920133
HDAC11 (79885),-0.13046926559288016
TOR2A (27433),-0.13044412786433
C6orf120 (387263),-0.13028080850789742
TTF1 (7270),-0.13023673382766562
CLEC4A (50856),-0.1297810304549249
TTYH2 (94015),-0.12969066172046287
TOMM70 (9868),-0.12955259677297223
GRIN1 (2902),-0.12954449112417785
CHL1 (10752),-0.12943547167503477
TPPP (11076),-0.12943388610403445
ZNF511 (118472),-0.12943001226837159
DDX41 (51428),-0.12940969522468054
TCEA3 (6920),-0.12940472026827898
C1QTNF12 (388581),-0.1293735987481695
CHCHD4 (131474),-0.12932055686338226
MTRF1L (54516),-0.12932045777085682
ZNF43 (7594),-0.1291786753387356
ZNF407 (55628),-0.12913739320681833
MCMBP (79892),-0.12900809137772212
TMC2 (117532),-0.12893835034676218
YIPF1 (54432),-0.1289235880237329
ADAT3 (113179),-0.12885154987644892
STMN1 (3925),-0.12877834088104131
ARHGAP35 (2909),-0.1287294429743089
HCAR1 (27198),-0.1286222820866008
PRR12 (57479),-0.12843214638317013
ABI1 (10006),-0.12840007283241903
DLX3 (1747),-0.12831571715915352
FAM186B (84070),-0.12827959584089002
ARHGAP20 (57569),-0.12827241344497511
JMJD8 (339123),-0.12826080087538233
MRPS17 (51373),-0.1282007912237187
MBTPS1 (8720),-0.12813178683347812
XRN2 (22803),-0.1280764874364873
PIGY (84992),-0.1279761182955978
GRB14 (2888),-0.12790778377363904
PCDHGB1 (56104),-0.1279002504187241
PPP1R15A (23645),-0.1278265207041501
ACTG1 (71),-0.127752171766585
HNRNPA3 (220988),-0.12748615237423114
CHCHD3 (54927),-0.1273577370577339
TAF9B (51616),-0.12714669198009862
IL17REL (400935),-0.1270911413973903
UGT2B4 (7363),-0.1270014258560975
QRSL1 (55278),-0.1269757751672743
VANGL1 (81839),-0.126953494019387
ZNF286A (57335),-0.12691415411840498
SLC25A40 (55972),-0.12673015814707597
PHYH (5264),-0.12665843688337425
DCTN5 (84516),-0.12665497952734323
PTGER4 (5734),-0.12664341966400866
HSPE1 (3336),-0.12658199204971368
NMD3 (51068),-0.12655547096346154
ARHGDIG (398),-0.12639297991032405
CYS1 (192668),-0.12618746826125243
IFNA4 (3441),-0.12609383857215134
OGT (8473),-0.12603982750024256
PLK4 (10733),-0.126021254327963
IFT56 (79989),-0.12584663500940566
PIM1 (5292),-0.12583862688549555
HPS1 (3257),-0.12571271538217504
PAGR1 (79447),-0.12557192573685033
MT1G (4495),-0.12557013240645115
SPINK9 (643394),-0.12548767150947
ZNF674 (641339),-0.12539196928995489
EXOC3L4 (91828),-0.12539175256823257
STEEP1 (63932),-0.1253231931718284
NUP98 (4928),-0.12531928045618762
CTRL (1506),-0.1252538690960707
TTLL11 (158135),-0.12519444937842977
CD27 (939),-0.12513504727342323
WDR46 (9277),-0.12499167027941707
TSPO (706),-0.12490896356791961
HMGN5 (79366),-0.1248965485008903
TMEM161B (153396),-0.12485333992546448
POP7 (10248),-0.12483755966436627
GPSM3 (63940),-0.12468509677752755
SNAPC5 (10302),-0.12465497101778533
DLK1 (8788),-0.12459427164651829
FAM98C (147965),-0.12437606253468707
CASP3 (836),-0.1242091526009137
SYT2 (127833),-0.12420045290183715
RFPL3 (10738),-0.12403718210002557
ASB7 (140460),-0.12402803868272246
PRELID2 (153768),-0.12393091990315057
PDSS2 (57107),-0.12392984585150038
DDX27 (55661),-0.12391579919072296
SPINT2 (10653),-0.12380949590594477
TMEM220 (388335),-0.12380396201106406
FAM220A (84792),-0.12379202231811175
MED8 (112950),-0.12371969364033195
MLYCD (23417),-0.1236233805182585
SLC52A3 (113278),-0.12352983545553338
THOC1 (9984),-0.1234226413552566
CSNK1G3 (1456),-0.12335901481277722
SLC25A5 (292),-0.12330059466103424
MNAT1 (4331),-0.12329080246368891
EFNB2 (1948),-0.1231519436541064
GSS (2937),-0.12314738447945636
NARF (26502),-0.12311879292542524
OR10H5 (284433),-0.1230154976613267
RPP40 (10799),-0.12301330488354474
WFIKKN1 (117166),-0.12298155401809505
DEPDC1 (55635),-0.12291625993801772
ZFYVE16 (9765),-0.12259431426518001
NDUFV3 (4731),-0.1225315801224082
CHD6 (84181),-0.12244978223379774
HJURP (55355),-0.12242227867894165
ACY3 (91703),-0.12230341179636514
FOXH1 (8928),-0.12227730294497594
C7orf50 (84310),-0.12224427971947512
UBE2E2 (7325),-0.12211768330898665
EIF5AL1 (143244),-0.12207352631833099
PFDN5 (5204),-0.12192185966168878
HTR3E (285242),-0.12190936954765752
SPANXN2 (494119),-0.12180571292478262
MYBBP1A (10514),-0.12179848361667744
TAS2R19 (259294),-0.12179251357316892
ATP13A1 (57130),-0.1217800822385999
XCL1 (6375),-0.12164167821547395
SIK2 (23235),-0.12163027368004961
ABITRAM (54942),-0.12160389769755713
GBP7 (388646),-0.12157598239607152
PLRG1 (5356),-0.12152763908555056
DCLK3 (85443),-0.12148604991463936
KBTBD4 (55709),-0.12146945063881336
MCM7 (4176),-0.12144857926320488
SYCP1 (6847),-0.12144791325155657
KIAA1210 (57481),-0.12137024335788693
GLB1L (79411),-0.12128589849396612
EDF1 (8721),-0.12113018528093829
DARS1 (1615),-0.12099932848608211
PIGW (284098),-0.12086767205891602
PRSS33 (260429),-0.12085611765407475
NUMA1 (4926),-0.12084688590680062
CEACAM7 (1087),-0.12080216683133686
TRAIP (10293),-0.12058617707559809
ZNF174 (7727),-0.12058060785778668
TRMT6 (51605),-0.12050012132726293
UBAP1 (51271),-0.1204713836492914
ZBTB17 (7709),-0.12043474538093506
MCF2L2 (23101),-0.12032951934427913
KRTAP4-8 (728224),-0.12020745160943083
LOX (4015),-0.12018549491698809
CFHR1 (3078),-0.12018229670977962
DENND2A (27147),-0.12014192460905013
MZF1 (7593),-0.11987561220943918
SPANXB1 (728695),-0.11976850304692158
SPI1 (6688),-0.11975754720882008
RNASET2 (8635),-0.11961417561387244
CD44 (960),-0.11948156265575849
NFKBIE (4794),-0.11935641101028019
SERPINA1 (5265),-0.11934370998772392
ARHGEF25 (115557),-0.11930636942643488
ANAPC1 (64682),-0.11923321763860058
LAMTOR2 (28956),-0.11922753989991386
S1PR2 (9294),-0.11918379306440419
CACNG3 (10368),-0.11913750684229658
CCDC180 (100499483),-0.119124368690345
KCNA2 (3737),-0.11905936523822147
UCKL1 (54963),-0.11892456608241356
SPIN3 (169981),-0.11890849946835017
GTF3C6 (112495),-0.11888698122711475
CCDC77 (84318),-0.11888526373193961
CFDP1 (10428),-0.1188532000806497
TNPO3 (23534),-0.11880244549294941
JHY (79864),-0.11870406245011873
NDUFA12 (55967),-0.1186949747299493
MRPL34 (64981),-0.11868383243417316
THAP11 (57215),-0.11866016738259899
MRGPRX1 (259249),-0.1186482510732237
KLF12 (11278),-0.11860129021235513
GML (2765),-0.11858976330970201
COMMD10 (51397),-0.11856223205587187
STXBP3 (6814),-0.11846208494019309
GPR18 (2841),-0.11845689669896038
SUPT20H (55578),-0.11843797260600075
RAD9B (144715),-0.11840548285934156
TATDN2 (9797),-0.11819758654864417
CBX7 (23492),-0.1181786671885889
CEP135 (9662),-0.11817587838526851
GNA11 (2767),-0.11816337489283672
FLVCR2 (55640),-0.11814143819530365
CCL23 (6368),-0.1181058428741351
FOXF2 (2295),-0.11806098394916505
PRSS1 (5644),-0.11802948884718996
PMPCB (9512),-0.11801914935602031
CCDC78 (124093),-0.1179204422367045
RIMKLB (57494),-0.11778366562043048
ITPR1 (3708),-0.11778330735466402
RBMS3 (27303),-0.11777997726376069
ABCA5 (23461),-0.11771532385278842
WASF2 (10163),-0.1174593327701375
EFHB (151651),-0.11729793670561736
GTF2A1 (2957),-0.11717990269142342
GRAMD4 (23151),-0.11695623083583553
LRP8 (7804),-0.11679757563953357
ZCCHC7 (84186),-0.11672024860303302
CNBP (7555),-0.11650766775609811
FBXW10B (374286),-0.11646720631416427
COX14 (84987),-0.11646712001561918
TMIGD1 (388364),-0.11639830635386735
RMDN1 (51115),-0.11638762381393183
SLC2A6 (11182),-0.11637641559057317
CRLS1 (54675),-0.11633604098999037
MRGPRX3 (117195),-0.11632174325073859
SUPV3L1 (6832),-0.11620574963181954
TAF1B (9014),-0.11616454102569132
DNMT1 (1786),-0.11612558846336123
UBE2K (3093),-0.11604786022105676
COQ3 (51805),-0.11604107761305975
HPR (3250),-0.1158905901565914
MOV10L1 (54456),-0.1157666297998607
RBMS1 (5937),-0.11571871146915949
SLC35G1 (159371),-0.11570994660128839
CUEDC1 (404093),-0.1156716385165977
DDI1 (414301),-0.11563593206800682
KIFC1 (3833),-0.11563505513837335
CD19 (930),-0.11557857880077707
UGT1A5 (54579),-0.11551447905025185
EVX1 (2128),-0.11550261246893612
ETS1 (2113),-0.11547373023527199
RPS6KA6 (27330),-0.1154127517523749
MED13 (9969),-0.11541203912665347
SIX4 (51804),-0.11535329108543442
SLC44A3 (126969),-0.11533844328357327
PPP1CB (5500),-0.115247005113517
GRAMD2B (65983),-0.11522148956509862
DMAC2 (55101),-0.1152128653903782
SF3B3 (23450),-0.11520810246780275
DBR1 (51163),-0.115203007997335
NDUFB2 (4708),-0.11518563767609269
TCEAL1 (9338),-0.11516129204496577
SFXN3 (81855),-0.11514421552227701
C4BPB (725),-0.11511390286660492
MZT1 (440145),-0.11511083479442771
LPA (4018),-0.11503223113293756
RHOT1 (55288),-0.11502989083414286
ITGB1 (3688),-0.11492948990969158
HNRNPR (10236),-0.11490080115706411
PPIA (5478),-0.11486053252700182
CDKN1A (1026),-0.11475263476501796
SPINK14 (408187),-0.11473429210448885
HENMT1 (113802),-0.11469952446854079
COQ7 (10229),-0.11467721214952276
FANCD2 (2177),-0.11455737991321782
SLC2A5 (6518),-0.11444272868511454
PCDHB15 (56121),-0.11443469722653825
TCFL5 (10732),-0.11442840336616733
CRYBA2 (1412),-0.11435594708636805
CLINT1 (9685),-0.11435273559092411
MRPL43 (84545),-0.11429249910215891
LMAN1L (79748),-0.11426261980956678
CWF19L1 (55280),-0.11402451232053615
CDC73 (79577),-0.11397659120455383
MYT1L (23040),-0.113946196701911
RFC4 (5984),-0.11390383004739349
COPRS (55352),-0.11384520386431225
FBLIM1 (54751),-0.11370286795528359
ERCC1 (2067),-0.11356907365901188
ZSWIM7 (125150),-0.11353949089312158
NOL6 (65083),-0.1135240296444883
CIB4 (130106),-0.11339910069480279
TAF11 (6882),-0.11325982279698996
MRPL37 (51253),-0.11319694430620371
SMIM8 (57150),-0.11316979854487101
BEX5 (340542),-0.11308835256926646
OR4N5 (390437),-0.11307826803334986
INHBB (3625),-0.11298361666155643
RXRB (6257),-0.11291396526797101
GIMAP8 (155038),-0.1129115920777581
TMEM176B (28959),-0.1129100844544417
CDIN1 (84529),-0.1129056947774878
GABARAP (11337),-0.11280963053694844
CAND1 (55832),-0.11269324558347638
WDR33 (55339),-0.11267574487112086
HOXB9 (3219),-0.11265962364220976
SMIM21 (284274),-0.11258675876234307
COX7B (1349),-0.11257267145595166
NIT2 (56954),-0.11255346428933999
MRPS6 (64968),-0.11255234400489897
CARS1 (833),-0.11253773662057287
MDM1 (56890),-0.11246773675039845
LIN7C (55327),-0.1124454035162519
NCEH1 (57552),-0.1123725573607498
DHX30 (22907),-0.112332664894042
HMMR (3161),-0.11229589893162273
MAPK6 (5597),-0.1122532046673149
BBS4 (585),-0.11215072986125955
KRTAP4-4 (84616),-0.11206823303670428
MAP2K5 (5607),-0.11201697460465246
DDAH1 (23576),-0.11199168158419984
KLRC1 (3821),-0.11197566744851477
CNPY2 (10330),-0.1118458040765871
BNC2 (54796),-0.11181459079346143
ADAMTS4 (9507),-0.11175990632057056
TIAM2 (26230),-0.11162193814037402
MTMR3 (8897),-0.11159139670681306
TRMU (55687),-0.11153222310541677
GPR179 (440435),-0.11148968157789488
ZDHHC19 (131540),-0.11131238853642403
CELF5 (60680),-0.11130790748389889
OR1L3 (26735),-0.11129885630327005
PMFBP1 (83449),-0.11128981169554789
TYSND1 (219743),-0.11126406068150925
LPL (4023),-0.11121479477220611
PCDHB16 (57717),-0.11119940698493666
MEF2A (4205),-0.11112629437456908
TTLL10 (254173),-0.11111399706532539
OR2G6 (391211),-0.11100711739398006
AURKB (9212),-0.11100556003028483
ZBTB41 (360023),-0.11096211933206009
GPR139 (124274),-0.1109435709366126
RHO (6010),-0.11091683193311104
SMCHD1 (23347),-0.11090321883652143
H2AJ (55766),-0.11085213206069666
YBX2 (51087),-0.11084672123027568
PLCL2 (23228),-0.110812247666634
FAM91A1 (157769),-0.11078812619156894
CELA1 (1990),-0.11078462354805127
LRFN5 (145581),-0.11071261369824967
CCND3 (896),-0.11059636110348223
CDK7 (1022),-0.11058874297891733
ADAM2 (2515),-0.11058688210755659
GEMIN8 (54960),-0.11054477905925494
MTMR14 (64419),-0.11053134124318789
FAM217A (222826),-0.11052479037557192
YWHAQ (10971),-0.11051519268584734
COX8C (341947),-0.11039820589454419
CDK8 (1024),-0.11039691119405559
SEC22C (9117),-0.11038812644613141
FAM181B (220382),-0.11033522114000502
HYPK (25764),-0.11029345987272639
RPS16 (6217),-0.11024268843700073
MAPK14 (1432),-0.11014009144691705
SNX14 (57231),-0.11003171472237186
TRIML2 (205860),-0.11001489322664293
METTL14 (57721),-0.11001228332718138
BBS10 (79738),-0.10996889432107793
RRP1B (23076),-0.10990984360008534
CYBRD1 (79901),-0.1098949062824445
AKR1C3 (8644),-0.10984927631830496
FA2H (79152),-0.10982597945491632
FZD3 (7976),-0.10977264801306023
PRMT1 (3276),-0.10971384367644363
C17orf50 (146853),-0.10971365141601494
LGALS9 (3965),-0.1096424709435869
EXOSC2 (23404),-0.10960136951419364
TDP1 (55775),-0.10955747626554632
ZNHIT6 (54680),-0.10948318297208522
DNM2 (1785),-0.10946223383529037
CRYGD (1421),-0.10944613609646621
CIR1 (9541),-0.10944250096741426
PRR22 (163154),-0.10941443857190755
GORASP1 (64689),-0.10933138284390558
ZNF2 (7549),-0.10931426867907985
PIGT (51604),-0.10928718924903554
CPD (1362),-0.10927768874235393
BSG (682),-0.1092629107124341
UBASH3B (84959),-0.10923004266716563
GRPR (2925),-0.10922164324161214
SLC25A33 (84275),-0.10921999616341316
OR1J1 (347168),-0.10907808340771952
STK24 (8428),-0.10904216974219863
OCM2 (4951),-0.108992985958549
PAM (5066),-0.10897249242344456
MED20 (9477),-0.1089030520126443
STAM2 (10254),-0.10889914677673004
MRPS22 (56945),-0.10877986486396432
RTKN (6242),-0.10864251617038694
DNAJA1 (3301),-0.10856117945415145
SYDE1 (85360),-0.10853355270602116
ZNF665 (79788),-0.10852882072628411
MAML1 (9794),-0.10843785814163451
AKIRIN1 (79647),-0.10842150964997765
CATSPERE (257044),-0.10842096065973587
TAF1C (9013),-0.1083161956407948
HS3ST3A1 (9955),-0.10829094656718712
ACACB (32),-0.10824941404275072
NKTR (4820),-0.10819952727223969
TRIM40 (135644),-0.10816034575195366
UBR2 (23304),-0.1080796122390221
ABCD3 (5825),-0.10807312369025475
HMGXB4 (10042),-0.10807304263328583
FITM2 (128486),-0.1080082730454556
C12orf56 (115749),-0.1079786048366141
TAS2R40 (259286),-0.10776902486972739
HSD17B4 (3295),-0.10775948005864225
IFT140 (9742),-0.1075151472187947
LIFR (3977),-0.10748009379527204
RGS10 (6001),-0.10734223135974048
KDELR3 (11015),-0.10733384264355017
BEND7 (222389),-0.10721442538137176
NUP107 (57122),-0.10715914408653548
LAX1 (54900),-0.10715600775378323
MYH7 (4625),-0.10711364893133254
LTBP3 (4054),-0.10710326496850175
CADM4 (199731),-0.10710181619252665
RHBDL2 (54933),-0.10692344721409863
DPH2 (1802),-0.10691611746018141
HBB (3043),-0.10689905077691875
YTHDC1 (91746),-0.10686279107080762
PEX13 (5194),-0.10678020047243131
KLRD1 (3824),-0.1067779309919074
RPS6KB1 (6198),-0.10672969562503151
GPM6A (2823),-0.1067207429013588
CCDC137 (339230),-0.10671003868540714
FAM222B (55731),-0.10664824642234831
HMBS (3145),-0.10664721252671512
PSMA1 (5682),-0.1066443487101508
RRAGA (10670),-0.10661417418179768
MATN3 (4148),-0.10656541748723355
MOB4 (25843),-0.10656109547350437
PLD4 (122618),-0.10652934661926419
NUDT11 (55190),-0.10642655086703276
RRAGD (58528),-0.10640922935613768
SART3 (9733),-0.10638721571937215
GLT1D1 (144423),-0.10637054272612693
CCDC160 (347475),-0.10635312140180671
RNF151 (146310),-0.1063299729993747
ZNF492 (57615),-0.10632825552984318
COX5A (9377),-0.10631937525130257
GPR160 (26996),-0.10629653305426386
KDM8 (79831),-0.106240001917055
ZNHIT2 (741),-0.10622897406541028
RELCH (57614),-0.10619681196855726
DHDH (27294),-0.10618359995468737
LIPK (643414),-0.10614822281626006
KAZN (23254),-0.1061011399581037
ZNF343 (79175),-0.10609540251489795
ZNF696 (79943),-0.10608986542256296
NEK5 (341676),-0.10600987288523382
TIMM44 (10469),-0.10598432556711042
LY6D (8581),-0.10597183533515393
SC5D (6309),-0.10596746135133492
IL18RAP (8807),-0.10591170510306011
OR9Q1 (219956),-0.10583794754233547
RAB10 (10890),-0.10575632970500384
PHLDB1 (23187),-0.10570730478945282
DR1 (1810),-0.10570120113057849
RAB5A (5868),-0.10569873404317984
RAB40C (57799),-0.10568684081229925
BARHL2 (343472),-0.10561401229824212
WFIKKN2 (124857),-0.10551108236318411
ARFGAP3 (26286),-0.10545264779548318
ASAH1 (427),-0.10542306946275153
ACBD5 (91452),-0.10536270145721911
BIVM (54841),-0.10531760880774846
HNRNPAB (3182),-0.10516295146248425
ECD (11319),-0.10511735647222595
TOP3A (7156),-0.10499021614459943
HOXA9 (3205),-0.1049758207072224
CMBL (134147),-0.10496191656867308
CYC1 (1537),-0.10492474951154414
PIGX (54965),-0.10487925332136319
ZNF335 (63925),-0.10486576286105635
TCAF1 (9747),-0.10485937120463278
UBE2V1 (7335),-0.10478228611760784
CUL5 (8065),-0.10472566697470313
VAMP4 (8674),-0.10464291624523289
DNAJB2 (3300),-0.1046379890002688
AFG1L (246269),-0.10460430634887816
DPH3 (285381),-0.10456569208473279
COG1 (9382),-0.10452016563984153
BUD23 (114049),-0.10447354625288932
NOP56 (10528),-0.10446861882061302
SLC2A13 (114134),-0.10446002893446178
LYPD2 (137797),-0.10444443601600359
AGR3 (155465),-0.10439991780351528
PSG8 (440533),-0.10438249429403326
RGS11 (8786),-0.10432249662586146
TUFT1 (7286),-0.10430454217183782
KCNAB1 (7881),-0.10427745946458225
KCNK4 (50801),-0.10424188668101772
EEF1E1 (9521),-0.10420310526771985
GYS1 (2997),-0.10417988410743577
ADGRE3 (84658),-0.10414680933703727
LYPLA2 (11313),-0.10409566829641745
KLHDC8A (55220),-0.10407633299974647
MLANA (2315),-0.10404213710428631
AKT2 (208),-0.10388444251498652
MYL6B (140465),-0.10388242404527159
CPOX (1371),-0.10388178721855898
PXDN (7837),-0.10382762238373469
CFAP90 (134121),-0.1036603165626561
COPS4 (51138),-0.10363924097617776
OR2V2 (285659),-0.10360270428952142
TESK2 (10420),-0.10354597480665576
FJX1 (24147),-0.10342776981278252
KRTAP9-8 (83901),-0.1033910849623006
SMARCB1 (6598),-0.10338299807987869
LRTM2 (654429),-0.10333802524518942
RHOT2 (89941),-0.10300618516510048
ISYNA1 (51477),-0.10299683463406548
SRFBP1 (153443),-0.10297240283069617
TCEAL9 (51186),-0.10297213242202799
LILRB2 (10288),-0.10295881296952555
METTL9 (51108),-0.10293184905207016
MEX3B (84206),-0.10287959836909484
VPS18 (57617),-0.10284959125912096
ZNF750 (79755),-0.10278571110265891
KCNQ2 (3785),-0.1027624345435654
PALLD (23022),-0.10270860865672579
KNL1 (57082),-0.10262328859609096
NXPE2 (120406),-0.10253515507692776
MICAL2 (9645),-0.1025133617473416
ENTREP2 (23359),-0.10250947563881745
SHQ1 (55164),-0.10248419699632094
MON2 (23041),-0.10240905248929641
SLX4 (84464),-0.10224460291304731
ELMOD2 (255520),-0.102227392399959
CBX4 (8535),-0.10217683417868684
SWI5 (375757),-0.10217331837331103
PPRC1 (23082),-0.10214389203621281
OSBPL10 (114884),-0.1021122262783952
PRIMPOL (201973),-0.10207206595437639
PARP11 (57097),-0.10204994970976852
SDAD1 (55153),-0.10204276315691965
CYP2A13 (1553),-0.10202134395040956
TEAD3 (7005),-0.10200655922392823
FOXN1 (8456),-0.10188083745850747
EZR (7430),-0.10183169778120513
NDUFS6 (4726),-0.10179932683064004
NAA38 (84316),-0.10175078263123505
CHRND (1144),-0.10171885608627489
SCEL (8796),-0.10171863183079506
FBXO48 (554251),-0.1016864164136037
CHEK2 (11200),-0.1016664753123799
ENTPD1 (953),-0.10157349352404317
PROCA1 (147011),-0.10150447630660478
HR (55806),-0.10146429596127526
PASD1 (139135),-0.10146426373261537
PEX14 (5195),-0.10142684088398053
KCNG1 (3755),-0.10132870281639297
ATP6V1H (51606),-0.10131630996362566
CCDC106 (29903),-0.101268050686557
ZNF134 (7693),-0.10121821710296548
PAX5 (5079),-0.10120310363118423
OR6V1 (346517),-0.10119415730605767
ADCY8 (114),-0.1010336539550809
PCGF3 (10336),-0.10098618418149603
FBLN1 (2192),-0.10089167263018413
ZNF609 (23060),-0.10083892516729134
SSR1 (6745),-0.10082479950506514
PLTP (5360),-0.10079204762227574
RBM44 (375316),-0.10077746758467443
CYTH3 (9265),-0.10077458349705315
OR10A5 (144124),-0.10073990267481489
FAM184A (79632),-0.10064513647794018
GPR22 (2845),-0.10062005810578367
ZNF256 (10172),-0.1004962923269519
DYNC1LI1 (51143),-0.10049341674732024
CYRIB (51571),-0.10047181364785937
NSUN4 (387338),-0.10045762193786997
CAPNS2 (84290),-0.10029960772031869
CDKL4 (344387),-0.10026610779026313
MED17 (9440),-0.10024954362754893
TXNDC11 (51061),-0.10020063212584893
TMEM255A (55026),-0.10014009777996455
HSBP1L1 (440498),-0.10011522058127756
SRSF7 (6432),-0.10002193323913891
CLP1 (10978),-0.10001259113365908
MAGEA11 (4110),-0.09999776200449736
ULBP1 (80329),-0.09996894440766858
RPS9 (6203),-0.09996587472132804
SLC36A2 (153201),-0.09996287289388128
CBX3 (11335),-0.09988283826288027
DDRGK1 (65992),-0.09985899193638079
UBE2G1 (7326),-0.09985184135265758
VAMP7 (6845),-0.09984746916776968
LRRC4 (64101),-0.09983662008831823
USP34 (9736),-0.09981833034281304
PXYLP1 (92370),-0.099807795608542
MBNL2 (10150),-0.09976553114752182
SSR2 (6746),-0.09975301448224243
TJAP1 (93643),-0.09973732291652786
IZUMO2 (126123),-0.09968895506889028
ZNF10 (7556),-0.09963584493157167
FCHO2 (115548),-0.09963032320026219
KRT24 (192666),-0.09961305384671021
TNNI1 (7135),-0.09948620038575075
TREML2 (79865),-0.09944384872265352
KYAT3 (56267),-0.09940285782199623
RRP15 (51018),-0.09927017261213973
IFNA8 (3445),-0.0992432527901584
KRTAP10-11 (386678),-0.09923580425511849
TCF3 (6929),-0.0992295587448029
FGF21 (26291),-0.09921785202974528
TMEM199 (147007),-0.09917804108068093
TDRD12 (91646),-0.0991341564115463
HYAL4 (23553),-0.09911859287809954
KRTAP10-8 (386681),-0.09909237596588419
IPO9 (55705),-0.09897940523951115
ZNF318 (24149),-0.09893236280720248
CDH1 (999),-0.09888359195437471
MAS1 (4142),-0.09880310938442262
CSTF2T (23283),-0.09879725835062635
LHX4 (89884),-0.09875909317384222
RNASEH1 (246243),-0.09873529938755184
KCNJ9 (3765),-0.09866573253549699
OR8D1 (283159),-0.0986104491166401
SCO2 (9997),-0.09858576146293331
FUT5 (2527),-0.09858199033134933
AURKC (6795),-0.09844283055748172
DCAF17 (80067),-0.09839976532045913
SIRPD (128646),-0.09835481040823305
CACNG2 (10369),-0.09827971011128127
DDOST (1650),-0.09826166372667636
GGN (199720),-0.09824703551345564
CEP57 (9702),-0.09819636034100583
IL1RL2 (8808),-0.09818678877002548
FBLN5 (10516),-0.0981658069997748
CLIC1 (1192),-0.09811090860477568
TNFSF13 (8741),-0.09807059851623896
KICS2 (144577),-0.0980580523712965
DHX32 (55760),-0.09804725904743561
STMN2 (11075),-0.09794405746727214
BCORL1 (63035),-0.09792813784281701
EP400 (57634),-0.0978928650822408
SKAP2 (8935),-0.0978693473560873
NDUFA1 (4694),-0.0977950943327077
KRTAP4-6 (81871),-0.09775703330233014
MFAP3 (4238),-0.0977262399454258
PCDHA8 (56140),-0.09761008302981852
CST2 (1470),-0.09761003143725507
JCAD (57608),-0.09760592163411597
INSC (387755),-0.09751132091539852
ELL (8178),-0.09749053943450123
ZP1 (22917),-0.0974585297169723
TNFRSF10C (8794),-0.09744208350326262
CEP19 (84984),-0.09743374687134503
OST4 (100128731),-0.09736911620048608
KCNIP4 (80333),-0.09727497263993379
TGFB3 (7043),-0.09727463193529091
B3GAT3 (26229),-0.09723567189203836
EFCAB11 (90141),-0.09711668867187875
CTSL (1514),-0.09711389982879685
CCDC27 (148870),-0.09700233959979672
ANTKMT (65990),-0.09685221366473529
CDYL2 (124359),-0.09680748591180668
CDCA8 (55143),-0.09680043575824837
LTBP2 (4053),-0.09676816042174696
GSTM2 (2946),-0.09675926653319847
TAS2R5 (54429),-0.09672129208997216
EMILIN2 (84034),-0.09664439224679333
TPD52L1 (7164),-0.0966132935015249
C1orf146 (388649),-0.09659902731515162
EPS15L1 (58513),-0.09659383364933194
KCTD7 (154881),-0.09656182047397183
CDRT15L2 (256223),-0.09649173675896867
RPL3L (6123),-0.09648043818428674
ACBD7 (414149),-0.0964302810757873
UCK2 (7371),-0.0963480207442809
NUMB (8650),-0.09623921641531066
SEC22A (26984),-0.09619250589902596
SLFN13 (146857),-0.09616899825047251
NCKIPSD (51517),-0.09612519519609779
RIPOR2 (9750),-0.09612053967921999
FXYD6 (53826),-0.0961119848615762
OR2T2 (401992),-0.09610352418795931
MBOAT2 (129642),-0.0960951926869064
PDCD10 (11235),-0.0960417032225881
CNN2 (1265),-0.09600098345475948
SUGP2 (10147),-0.09599817716591566
RTP2 (344892),-0.09597712006580914
GTSE1 (51512),-0.09592889077929559
USP2 (9099),-0.0959282852517937
NEIL3 (55247),-0.09589679661503532
MAP3K4 (4216),-0.09589144608033813
DCAF12 (25853),-0.0958511467509613
ZBTB46 (140685),-0.09571641251389745
TTLL6 (284076),-0.09568548736696586
MASP1 (5648),-0.09565320402395569
CCR10 (2826),-0.09558239025660904
CRTC3 (64784),-0.09554875662772971
RNF31 (55072),-0.09553904688487418
MTO1 (25821),-0.09551356072600714
MTUS1 (57509),-0.09550250657737422
ELN (2006),-0.09540222608991053
BPHL (670),-0.09540184061921128
TBCK (93627),-0.09533565944291143
ZKSCAN7 (55888),-0.09533514860723526
ODC1 (4953),-0.09530805380463371
LSM11 (134353),-0.09529597161291414
NUDT14 (256281),-0.09524534056336961
SLC5A5 (6528),-0.09521483605347061
SPEM2 (201243),-0.09510881184763566
ZNF384 (171017),-0.09497997467007596
CHP1 (11261),-0.09495692044253681
MAD2L1 (4085),-0.09495575227559669
FRG2B (441581),-0.09481431420085407
KAT14 (57325),-0.0948059862426963
YPEL4 (219539),-0.0947859033928686
ASIC3 (9311),-0.09472192401052877
CNTNAP4 (85445),-0.09470104927071031
UBE2QL1 (134111),-0.09464013629888635
HSF5 (124535),-0.09460253086810456
SPAG9 (9043),-0.09458379526524127
BRI3 (25798),-0.0945809575898194
SEPTIN5 (5413),-0.09457351830860093
LMAN2L (81562),-0.09452210619114007
ZNF57 (126295),-0.09452077570798864
NAA16 (79612),-0.09450598773819226
ANKHD1 (54882),-0.09443762689385249
XPNPEP3 (63929),-0.09443660983589187
CYP4F22 (126410),-0.09442479393755976
TRUB2 (26995),-0.0943965756522653
CEP68 (23177),-0.0943884295284028
MLX (6945),-0.09436936566201282
BPIFC (254240),-0.09433604831450482
PDCD2 (5134),-0.0943123364635696
ZNF284 (342909),-0.09430088654713982
PCDHGA4 (56111),-0.09429976291674086
ZNF267 (10308),-0.09426983538235496
STOX1 (219736),-0.09424036598971801
PCK2 (5106),-0.09419190540454023
TAF1 (6872),-0.09416689333413755
SSX1 (6756),-0.09414820119509273
GPR151 (134391),-0.09412680487125154
PRPS1 (5631),-0.09406322576762281
SLC19A3 (80704),-0.09404673850790408
OR2AG1 (144125),-0.09401587938697159
RPP38 (10557),-0.09400055914837183
FERMT3 (83706),-0.09400019307981691
NAA20 (51126),-0.0939847928071856
CAPN9 (10753),-0.09396357964342439
TBC1D9B (23061),-0.09395970145442403
HEMGN (55363),-0.09393409736301546
DRAM1 (55332),-0.09391431925874491
UQCRFS1 (7386),-0.09387745663844818
CD7 (924),-0.09386238359760414
CHRNE (1145),-0.09380613265285123
DCAF8 (50717),-0.09374540018267374
BAG3 (9531),-0.09369622650651181
NDUFS3 (4722),-0.09369101535218169
SPRY1 (10252),-0.09366897634463699
RTKN2 (219790),-0.09362269770718963
NCOR2 (9612),-0.0935666126767521
TMEM132B (114795),-0.09355174961430987
SAPCD1 (401251),-0.0935240851322375
RNF10 (9921),-0.09349429859391842
CEP104 (9731),-0.0934915590687642
NCR1 (9437),-0.09348804351872628
FH (2271),-0.09343383855666643
GTF3C2 (2976),-0.09342809119263899
CNTROB (116840),-0.09339502653408359
MMRN2 (79812),-0.09338014970772905
KCNK9 (51305),-0.09331607788266459
NOL8 (55035),-0.09330655586338339
KIF1A (547),-0.09330411109283393
KCNJ10 (3766),-0.09328561862491713
RABEPK (10244),-0.09328321699156802
LRRC49 (54839),-0.09328230430497184
ADAMTS2 (9509),-0.09325016690782365
ITSN2 (50618),-0.09324541088427388
DPH5 (51611),-0.09323268857278776
ADAM23 (8745),-0.09321724573312577
RFK (55312),-0.09315352549089115
SLC20A1 (6574),-0.0930730785891402
CMA1 (1215),-0.09303327414876963
ZFAT (57623),-0.09303009485149574
RMI1 (80010),-0.09302541961760755
CCDC59 (29080),-0.09299815049850531
DPAGT1 (1798),-0.09299366654137975
TOMM20 (9804),-0.0929530304662039
SLC34A3 (142680),-0.09291655896612086
PRRT1 (80863),-0.09282042541937505
PUS10 (150962),-0.09280913242779358
SAMD10 (140700),-0.09279412506126114
RNF146 (81847),-0.09270146058418188
ZFP37 (7539),-0.09266067079840241
APOL6 (80830),-0.09251636572821179
ARV1 (64801),-0.0924462382116347
HOXA11 (3207),-0.09244479913481789
PPM1J (333926),-0.09235838496405901
SRGN (5552),-0.09233633064196571
BRD7 (29117),-0.09232696638694247
ZNF469 (84627),-0.09226138519083188
RASAL2 (9462),-0.09225980961649177
UNC5CL (222643),-0.09217566505426791
MED10 (84246),-0.09210829390963138
FPR2 (2358),-0.09210819440573657
SPIB (6689),-0.09204940664890435
UCP2 (7351),-0.09203122102813106
TWF1 (5756),-0.09203001038395711
KTI12 (112970),-0.09202270714531238
ANKRD16 (54522),-0.09199664921512646
PIWIL1 (9271),-0.09199528794930113
STT3A (3703),-0.09197470028224129
SGCD (6444),-0.09189667793997966
C1S (716),-0.09180767240148072
PUS1 (80324),-0.09175938030039787
OR4B1 (119765),-0.09175206012165375
SLC32A1 (140679),-0.09166877433215384
TNFRSF13C (115650),-0.09165371446934653
TAF1A (9015),-0.09162312718422419
ZNF620 (253639),-0.09158102637199919
ZNF221 (7638),-0.09156586965612461
IRS2 (8660),-0.09154203235070406
CCDC181 (57821),-0.09138894636025616
SLITRK6 (84189),-0.09131621373457734
CYP1A1 (1543),-0.09130100729565112
FAM170B (170370),-0.09128684959135094
MOG (4340),-0.09123082112623179
RBMXL2 (27288),-0.09122638970855267
PLA1A (51365),-0.0912065519351071
IGBP1 (3476),-0.09119383102128978
PMP22 (5376),-0.09119262456331231
COX6C (1345),-0.09115464569838068
C20orf141 (128653),-0.09102764072364897
MAP4K4 (9448),-0.09095785937679936
OR10G2 (26534),-0.09095168326343926
HYOU1 (10525),-0.09094801146017098
LYPD3 (27076),-0.09094764338431392
FBXW2 (26190),-0.09090468253201317
UBASH3A (53347),-0.09088912630507426
STIP1 (10963),-0.09081579553543906
LAP3 (51056),-0.09079713390301317
TNFRSF1A (7132),-0.09075634313526351
RFNG (5986),-0.09067071782522057
CFAP221 (200373),-0.0905902207841422
TIGD6 (81789),-0.0905888097947799
BDH2 (56898),-0.09057606173612859
SRPK2 (6733),-0.09056277308119529
H1-8 (132243),-0.09055186493455611
EIF3H (8667),-0.09044267275281978
EIF2AK2 (5610),-0.09033608075389139
NR4A3 (8013),-0.0902970674704751
IRF2 (3660),-0.09026914616906746
PNLDC1 (154197),-0.09025406010982122
BAG4 (9530),-0.09024899854095504
SUMF2 (25870),-0.09021509948905775
ZNF837 (116412),-0.09019705624757793
MRPL54 (116541),-0.09017499438516634
SRPX2 (27286),-0.09017490511188497
SSC4D (136853),-0.0901713654819021
CDIPT (10423),-0.09016595915176795
TMEM184C (55751),-0.09008448315997832
SF1 (7536),-0.09007037160114102
SMARCE1 (6605),-0.09004086397017015
IDS (3423),-0.09003868810929554
CHIA (27159),-0.09003758382715919
ZDHHC13 (54503),-0.09003645765932076
OR2F2 (135948),-0.08995221417150631
UBE2U (148581),-0.08995014832306138
ACR (49),-0.08993275546329363
TMEM144 (55314),-0.08989488765522534
SETD1A (9739),-0.08986749170904514
TOP2B (7155),-0.08983318052267356
RTL3 (203430),-0.08976394172189948
CLTA (1211),-0.08975962433347753
LPCAT2 (54947),-0.08974181784576771
NDUFA10 (4705),-0.08966803086710079
LGALS7 (3963),-0.08963728834547398
GLMN (11146),-0.0896284725208324
CHAMP1 (283489),-0.08958484181189322
UGGT2 (55757),-0.08955393730216019
FAAP100 (80233),-0.08952616216177596
H1-1 (3024),-0.08946966649460647
DCAF12L2 (340578),-0.08945103667364768
ELL2 (22936),-0.0894095774626113
ENTREP1 (9413),-0.08938733239406964
PDIA4 (9601),-0.08936840280367801
ATP2B4 (493),-0.08931640258125423
RAET1G (353091),-0.08931517595301106
LRRN2 (10446),-0.08928035642610402
LAMA1 (284217),-0.08927828066729142
ASH2L (9070),-0.08925149406346033
UBE2F (140739),-0.08923910171880245
SPMIP3 (200159),-0.08922402815808328
CTNND1 (1500),-0.08921857383053063
SPATA20 (64847),-0.08919998085960919
C1QTNF9B (387911),-0.0891580493311524
PRELID3B (51012),-0.08913911553232934
ARR3 (407),-0.08906223290199848
ARHGAP11A (9824),-0.08903328092365675
CARD19 (84270),-0.08903069222154589
KRTAP19-3 (337970),-0.08901325385500113
PEG3 (5178),-0.08900995056412445
CCDC30 (728621),-0.08900687877971936
SMG7 (9887),-0.08899758059320943
CDHR2 (54825),-0.08898278899173778
AGBL3 (340351),-0.08897884596765251
TBX3 (6926),-0.08897418063473787
ZBTB42 (100128927),-0.08897217442282142
SNRPN (6638),-0.0889686401305205
C2orf49 (79074),-0.08896432846885942
LCORL (254251),-0.08896399379788913
RNF6 (6049),-0.0888584457543813
AOAH (313),-0.08882879753707218
TRPM1 (4308),-0.08877782524763106
KRTCAP2 (200185),-0.08876122677096546
CHD5 (26038),-0.08870954280996939
ST7 (7982),-0.08854910765422667
EHBP1L1 (254102),-0.08852803200433071
UGT2B28 (54490),-0.08852377347989751
MATCAP1 (653319),-0.08850631828029454
SMIM13 (221710),-0.08849300105254883
KRT33B (3884),-0.0884797108641136
TP53 (7157),-0.0883950891878314
C1QTNF3 (114899),-0.0883752658481044
GAL3ST4 (79690),-0.08835734379837774
CRYBB3 (1417),-0.08832092374090002
KXD1 (79036),-0.0882558684484149
DMBT1 (1755),-0.08825493865221931
TTI1 (9675),-0.08824713370464776
LGALS3 (3958),-0.08821052076865747
SKA1 (220134),-0.08816398974566206
SLC22A16 (85413),-0.088140565454881
CTNND2 (1501),-0.08807703888235598
NKAPD1 (55216),-0.08805364026391704
CALM2 (805),-0.08802711292341521
METTL5 (29081),-0.08801096018333596
ADAMTS10 (81794),-0.08795669663550677
TM2D1 (83941),-0.08794697679841798
APCDD1L (164284),-0.08789826762698438
MTG2 (26164),-0.08789621569825846
FXN (2395),-0.08783923510518224
ZNF808 (388558),-0.0877628772931224
LILRB5 (10990),-0.08775627396927387
ST8SIA6 (338596),-0.0877100436445047
MT4 (84560),-0.08768612419002539
API5 (8539),-0.08768591242898224
ZSCAN4 (201516),-0.08758685013543498
TMEM178B (100507421),-0.08756828255701177
UGT1A7 (54577),-0.08755792359976704
ABR (29),-0.08753841890189908
RNF181 (51255),-0.08749763771019632
CACNA1C (775),-0.08748983171065469
IGF2BP3 (10643),-0.08745334818599751
FANCD2OS (115795),-0.08744586255109892
FAM9A (171482),-0.0874452857992771
BCO2 (83875),-0.08741784587139993
NDUFC1 (4717),-0.08736570273062613
FKBP8 (23770),-0.08732378126506056
COL15A1 (1306),-0.08728586661969225
C9orf43 (257169),-0.08728579882842628
GSC2 (2928),-0.08727595874333018
PDXDC1 (23042),-0.08726569296531185
PMEPA1 (56937),-0.08724675245970293
SLC46A3 (283537),-0.08723782586016497
FANK1 (92565),-0.08720146266191478
CDC42BPB (9578),-0.0871680448946536
DYRK2 (8445),-0.08716379617301248
IGFBP1 (3484),-0.08713607035965776
GPIHBP1 (338328),-0.08712817293592334
SH2D1A (4068),-0.0871238053561633
LRRC24 (441381),-0.08710908714232256
OR10H2 (26538),-0.0870973267688799
CENATAC (338657),-0.08705025079637277
SCAF8 (22828),-0.08694380389885836
C1orf159 (54991),-0.08689113582521266
ENC1 (8507),-0.08679244449828942
SLCO6A1 (133482),-0.0867914282531842
SLC16A11 (162515),-0.08676795980365379
DCLK1 (9201),-0.08667573906665338
DGAT1 (8694),-0.08665351751771301
TMEM270 (135886),-0.08664111825014723
UNC119B (84747),-0.08662034088489183
TEX47 (219557),-0.0866167531849604
PIGV (55650),-0.08657954163055204
STRIP1 (85369),-0.08657754361967353
PIGK (10026),-0.08648219137652173
EXOC1 (55763),-0.08633546340930295
DUS4L (11062),-0.08632798304416611
SZT2 (23334),-0.08624914457673051
GPR132 (29933),-0.08616282286106466
GPR135 (64582),-0.08614836564845647
TMEM255B (348013),-0.08613012398158267
CMTM6 (54918),-0.08608075444626852
SPAG7 (9552),-0.08607248666865856
TP53I3 (9540),-0.08602533788133045
PAXIP1 (22976),-0.08602512418517244
IFNA2 (3440),-0.0860140541799342
POLDIP3 (84271),-0.0860108565266415
USP10 (9100),-0.08600753673179913
INSL4 (3641),-0.08600610777435529
SERTAD4 (56256),-0.08598350241851951
TAF7 (6879),-0.0859592860354432
PSG6 (5675),-0.085924650265233
ARID5A (10865),-0.08591192781197758
ZNF789 (285989),-0.08585279782019675
ALG2 (85365),-0.08580268340186437
DEDD (9191),-0.0857261489336665
ADRB1 (153),-0.08570711774885079
IFI6 (2537),-0.0857057360966335
HDHD3 (81932),-0.08568330121041318
C6orf58 (352999),-0.08564714078366717
KIR3DL3 (115653),-0.08563077066382749
SCN3B (55800),-0.08560937038555393
CCDC74B (91409),-0.08559103477235179
ABCD2 (225),-0.08558893802908826
IRAK1BP1 (134728),-0.08552400776770272
PLCL1 (5334),-0.08551454967536624
DUSP21 (63904),-0.08551239798014512
RBSN (64145),-0.0855123460500826
RPS14 (6208),-0.08544387154806614
PDIK1L (149420),-0.08540067640922323
NDUFAF1 (51103),-0.08538167690107307
CENPI (2491),-0.08537629380205351
PDE5A (8654),-0.08524673580284436
NARS2 (79731),-0.08522557870745992
ARHGAP23 (57636),-0.08522178705505752
FAM177A1 (283635),-0.08519448708937762
POTEI (653269),-0.08512628972468772
HRK (8739),-0.08507811264004939
PCM1 (5108),-0.08506424048325727
CASP9 (842),-0.08504636225511678
BSN (8927),-0.08503741005379711
CCDC93 (54520),-0.08499548405045619
CD28 (940),-0.08498285103775105
DYDC1 (143241),-0.08496418515509027
STRA6 (64220),-0.08494509961445178
LRG1 (116844),-0.08494487008271541
LCA5L (150082),-0.08494130784188947
PKD1L1 (168507),-0.08484182500239175
ORC5 (5001),-0.08482677445765016
GIPC3 (126326),-0.08479099392864878
RPS20 (6224),-0.0847839208675147
CLEC18B (497190),-0.0847371757016606
USP40 (55230),-0.08473155288367513
NUDT21 (11051),-0.08469640848039064
DNAJB7 (150353),-0.08467431099786124
AADACL4 (343066),-0.08462957086405612
SYTL4 (94121),-0.0845286320537612
BAP1 (8314),-0.0844861598614938
ATP6V0A1 (535),-0.08445542541959476
EEF1A2 (1917),-0.08445215529010237
TRH (7200),-0.08445125736147399
PRAMEF18 (391003),-0.08445124879977622
HOXC13 (3229),-0.08444980454432363
PIGC (5279),-0.08440444261633989
FAM9B (171483),-0.08439958680192435
KRT13 (3860),-0.08438745432223294
ECM2 (1842),-0.08438734018337138
KATNA1 (11104),-0.08435468217869538
ZNF714 (148206),-0.08435161821278224
LTF (4057),-0.08433630686929028
TM4SF4 (7104),-0.08433388024478075
CDRT15 (146822),-0.08432036792855524
VPS37A (137492),-0.08421080867492921
STS (412),-0.08420911299394153
APBA2 (321),-0.08417419316472644
PSMD10 (5716),-0.08415270507760042
ANKRD50 (57182),-0.08409105921260322
NTF3 (4908),-0.08406324372811416
PLEKHN1 (84069),-0.0840593162448866
OR10H3 (26532),-0.08398720882091078
HCRTR1 (3061),-0.08397846604015993
RAD50 (10111),-0.0839658317823699
ANKRD13D (338692),-0.08383216099528844
CHGA (1113),-0.08380774121059824
KRT72 (140807),-0.08377152387126602
ATL1 (51062),-0.08373814498551083
ZNF28 (7576),-0.0837277987511991
FAM241A (132720),-0.08371056594541212
MTG1 (92170),-0.0837064783734602
SHROOM3 (57619),-0.08367417194553232
CTNS (1497),-0.08360356297764006
IFIT1 (3434),-0.08359967766424033
PPP1R14D (54866),-0.08357549999101035
GATC (283459),-0.08357208112289362
CD200R1L (344807),-0.08353251895487393
CDC25C (995),-0.08345478028004792
INPP5B (3633),-0.08345195530540264
BLOC1S3 (388552),-0.08344137585858517
SH2D1B (117157),-0.08338093005222734
COL1A1 (1277),-0.08337126746017139
MYCBP (26292),-0.0833561863477339
RAD21L1 (642636),-0.08335387168953154
KIAA0753 (9851),-0.0833393110910807
TRIM35 (23087),-0.08332594402947124
DSEL (92126),-0.0832980668392986
ZC2HC1C (79696),-0.08329339028915853
CCR3 (1232),-0.0832725672744806
CCNB2 (9133),-0.083257778678763
GPAT4 (137964),-0.08322684750179345
PAPSS2 (9060),-0.08320799936375409
CDH4 (1002),-0.08318926018955071
HAND1 (9421),-0.08318325220154757
LHX8 (431707),-0.0831616679148067
ZNF212 (7988),-0.0831405204858791
CFAP69 (79846),-0.08309995760550892
CD59 (966),-0.08309708666525517
C7orf33 (202865),-0.08308019723211826
KLF7 (8609),-0.08300514971186528
PTCD1 (26024),-0.08298300139937735
MRPS27 (23107),-0.08295867430772805
LTB (4050),-0.0829500361662887
SSH2 (85464),-0.08294076270435727
DLL1 (28514),-0.08292124489278284
CRELD2 (79174),-0.08291662362047554
ECM1 (1893),-0.08290538965710512
PALS2 (51678),-0.08290401962201487
CHCT1 (124773),-0.08290236787465048
ZNF358 (140467),-0.08289104455172039
LAMA5 (3911),-0.08289030927353953
TK2 (7084),-0.08285277351611202
FBXL4 (26235),-0.08281670031314053
ZNF280D (54816),-0.0827572893644115
ELP3 (55140),-0.08268873602985134
ATXN1 (6310),-0.08267497294347384
BNC1 (646),-0.08265904407097868
TCTA (6988),-0.08264878130176058
BSDC1 (55108),-0.08263922669371196
OR5AN1 (390195),-0.08263409020344625
MRPS31 (10240),-0.08260029782192921
GPR17 (2840),-0.08258799772378381
C15orf40 (123207),-0.08252829505053111
WDR91 (29062),-0.0825043740298876
EPG5 (57724),-0.08248695937660848
RAET1L (154064),-0.08247259111179717
GTF2H1 (2965),-0.08244608982501392
ATP4B (496),-0.08239452780438591
VGLL3 (389136),-0.08239225819946645
CCT8 (10694),-0.08236174682354198
GDF7 (151449),-0.08232296804319861
PRSS3 (5646),-0.08219065692760523
CENPJ (55835),-0.08214334673874919
TXNDC12 (51060),-0.08204319523761623
ZNF280C (55609),-0.08198565843309238
EBNA1BP2 (10969),-0.08197070509320173
PTPRN (5798),-0.081956096909204
B9D2 (80776),-0.08188728327989056
GLYATL3 (389396),-0.08186134212990508
AHCYL2 (23382),-0.08183291452619816
ELOA2 (51224),-0.08179373412412136
IL5RA (3568),-0.08172974890267586
TEKT4 (150483),-0.08169664694481943
EDEM2 (55741),-0.08169400911844867
FRMD7 (90167),-0.08166877963697061
FAM47B (170062),-0.08165945587588387
C20orf202 (400831),-0.08164045574553647
RAPSN (5913),-0.0816275360400319
HCCS (3052),-0.08159812600885222
ZNF644 (84146),-0.08155892567511747
ANKRD11 (29123),-0.08150377656579565
MRPL53 (116540),-0.08150370983536685
FAM210B (116151),-0.08149409194730184
FASTKD5 (60493),-0.08149028508691658
TBC1D16 (125058),-0.08146965790718688
SYNPO (11346),-0.08144992331431686
GADD45G (10912),-0.0814422302632236
RTN4IP1 (84816),-0.08144157058260902
RGPD4 (285190),-0.08142561150040084
THAP4 (51078),-0.08140940968145334
UNC45A (55898),-0.08140248799006636
MORN2 (729967),-0.0814021448104066
NCOA1 (8648),-0.08133970593024761
SPOCK3 (50859),-0.08133730513842338
CLCA1 (1179),-0.08131139776578716
SPATA4 (132851),-0.08129042438261162
THAP2 (83591),-0.08125228154759631
KLHL34 (257240),-0.08123335591509635
SCO1 (6341),-0.08119095328949398
TYRO3 (7301),-0.08118018981209751
OR2T5 (401993),-0.08117414043681384
KRTAP27-1 (643812),-0.08115916504535087
MMP10 (4319),-0.08115466655120962
HLA-G (3135),-0.0811469387839973
UTP14A (10813),-0.08114208458625152
SLC22A12 (116085),-0.08112468000533966
ZNF547 (284306),-0.08112098524224878
MRPL52 (122704),-0.08112033860759638
AIMP2 (7965),-0.0810697057123615
LIPM (340654),-0.08106784794623181
HPS5 (11234),-0.08106761874244608
DBN1 (1627),-0.08104648291983182
ZCWPW2 (152098),-0.08102040548350199
ZNF345 (25850),-0.08096811238959034
ZRANB1 (54764),-0.08094632019938708
RCOR2 (283248),-0.08094093288132935
PSMD5 (5711),-0.08092030572914025
DSG4 (147409),-0.08090503338195387
SRI (6717),-0.0808160651203165
PEX5 (5830),-0.08080913366040268
EPB41L5 (57669),-0.08080456763099118
OR10H4 (126541),-0.08079631331787003
CTSG (1511),-0.08078555225700954
ZBTB9 (221504),-0.08068989604280957
ABT1 (29777),-0.08066482284738426
SAMD8 (142891),-0.08063671282089321
SEC31B (25956),-0.08063070025787474
NDUFA13 (51079),-0.08057228286589319
ZDHHC5 (25921),-0.08055882193957038
RBM26 (64062),-0.08052925072505801
ITGB7 (3695),-0.080498244897005
IFNW1 (3467),-0.08047866701042473
PPM1E (22843),-0.08044944588897192
PLD5 (200150),-0.08043511036125553
PDCD6 (10016),-0.08043394156258066
RBCK1 (10616),-0.08038583264030982
TYW1 (55253),-0.08034443697857843
NGRN (51335),-0.08032356141561801
GPT (2875),-0.08031461454970183
PRKACB (5567),-0.08031111390200645
NAGS (162417),-0.08026099513548787
SOX18 (54345),-0.08022939507273348
HBS1L (10767),-0.08021534472969824
RPL26 (6154),-0.08010414385120526
HAPLN2 (60484),-0.08009188957291014
GFRA3 (2676),-0.08008705148854958
COMMD5 (28991),-0.08007478085564552
OR2A2 (442361),-0.08006751524875812
MYF6 (4618),-0.08004043727334986
CEP85 (64793),-0.08003475814996096
RPH3AL (9501),-0.07999893005023553
SOX21 (11166),-0.07999858877838732
OR2H1 (26716),-0.07997845771898096
DTNBP1 (84062),-0.07996014563201152
AK5 (26289),-0.07995021113938736
MLC1 (23209),-0.07990026744374605
NTPCR (84284),-0.07984744312268097
RGS13 (6003),-0.07983580243405405
PRMT2 (3275),-0.07983021173382472
PIP5KL1 (138429),-0.0798243730542413
CDH24 (64403),-0.07980502779051935
ZFYVE27 (118813),-0.07979656999650284
GDPD3 (79153),-0.079796136260452
TXLNG (55787),-0.07978431189113568
PLEKHO1 (51177),-0.07977472401939625
AHSG (197),-0.07976310724799851
ZWINT (11130),-0.07971063529106126
FANCG (2189),-0.07970866955199787
ABHD14A (25864),-0.07969317038237327
NFKB1 (4790),-0.07966652665668798
CENPC (1060),-0.07958003877144296
VNN2 (8875),-0.07955960399767484
PSTPIP1 (9051),-0.07953251399560092
LRRC41 (10489),-0.07951097199576006
ANKRD28 (23243),-0.07948893172090785
PRPF39 (55015),-0.07947783670971367
MATN4 (8785),-0.0794752392468054
BARX2 (8538),-0.07937831708073824
ABCA1 (19),-0.07935571764344876
IL2RB (3560),-0.07923932829984683
RNF141 (50862),-0.0792381641387612
SULT2A1 (6822),-0.07920839641554019
NPSR1 (387129),-0.07920721581194434
TPRG1L (127262),-0.07918311806089007
TIMD4 (91937),-0.07912851060004619
SLC7A6 (9057),-0.07909782926866728
MAGED1 (9500),-0.0790888725881491
KLKB1 (3818),-0.07906791023005175
REXO5 (81691),-0.07904771326749607
CWC27 (10283),-0.07902292842449525
SPINT4 (391253),-0.0789794827027099
ABCG4 (64137),-0.07897443538884308
CFAP210 (129881),-0.07894983456037225
CDKL5 (6792),-0.07894105229710849
PIWIL3 (440822),-0.07890932658251595
CGAS (115004),-0.0788990197796774
PODN (127435),-0.07884718939559592
RAB3A (5864),-0.07883553440417349
TBC1D9 (23158),-0.07882752995327356
RBM22 (55696),-0.07876208685446065
FAAP20 (199990),-0.07875840747162277
CEP350 (9857),-0.07873277184799256
TEKT3 (64518),-0.07868814686323285
EGLN3 (112399),-0.07867118192266176
ZNF175 (7728),-0.07866717270780284
TRIM33 (51592),-0.0786639751905387
WNT5B (81029),-0.07865038228919959
CCDC175 (729665),-0.07856490171774014
JCHAIN (3512),-0.07850767626196667
PPARGC1B (133522),-0.07844851069947475
RAB21 (23011),-0.0784030933051704
RPS12 (6206),-0.07833902111334679
MAS1L (116511),-0.07832665919898482
DNAJC17 (55192),-0.07830957286657339
AGPS (8540),-0.07829297167554676
ASGR1 (432),-0.07828055379833072
IRAG2 (4033),-0.07825686959320541
ANKK1 (255239),-0.07822556388609361
VOPP1 (81552),-0.07819551952537852
ANGEL1 (23357),-0.07816083049683042
EEF1D (1936),-0.07815327621929091
KIAA0513 (9764),-0.07814057577155842
ALAS1 (211),-0.07812898660993609
GCSH (2653),-0.07812469634523807
CHST6 (4166),-0.07811519340534778
TSFM (10102),-0.07805891381881967
PYGO1 (26108),-0.0780432667135142
ZNF154 (7710),-0.07803119366222655
SH3GL1 (6455),-0.0780249121313395
REPS2 (9185),-0.07794735774036073
PRXL2A (84293),-0.07793245924558262
ADCY6 (112),-0.07791354247661939
OBI1 (79596),-0.07790890245736853
MYO6 (4646),-0.07788525302455049
RAD51AP1 (10635),-0.0778756118212724
CYP2B6 (1555),-0.07785105323840327
HGF (3082),-0.07782318295996275
DDX59 (83479),-0.07778234546358982
SIGLEC7 (27036),-0.07777107383240818
WDR37 (22884),-0.077759955525146
TMEM150B (284417),-0.07773869436359863
MBNL3 (55796),-0.07772011111650859
ZNF276 (92822),-0.07770145210853664
AMOTL2 (51421),-0.07769444956140603
TMEM178A (130733),-0.07764086873297818
RNF24 (11237),-0.07754521239664863
ZNF658 (26149),-0.07752034169473453
TAB3 (257397),-0.0775068974114831
SYT17 (51760),-0.07749332405640333
ZNF467 (168544),-0.07748872874745907
HIPK1 (204851),-0.0774884950047019
CRIP3 (401262),-0.07748463792004671
ECH1 (1891),-0.07747545385691815
MOGAT3 (346606),-0.07746394732183604
UMODL1 (89766),-0.07745304649134661
ZC3H18 (124245),-0.07744643509629215
GLRA2 (2742),-0.07740158251859688
ADIRF (10974),-0.07737271049022215
MS4A5 (64232),-0.0773445343216139
ZNF564 (163050),-0.07734419522135777
MRTO4 (51154),-0.07733799123239422
LPGAT1 (9926),-0.07728701696925563
OLFML3 (56944),-0.0772788830594394
KRTAP5-5 (439915),-0.07727146725996041
MRPS15 (64960),-0.0772710650834104
ZNF133 (7692),-0.07723378140229895
OR2T8 (343172),-0.07722235560059501
IRF2BP1 (26145),-0.0771993732368439
GNB4 (59345),-0.07718504049459005
GFER (2671),-0.07715580885491566
NOP16 (51491),-0.07713084348582129
SIRT2 (22933),-0.0771246610615434
CCNDBP1 (23582),-0.07711719540734308
METTL16 (79066),-0.07711007584044319
KLK14 (43847),-0.07710080791394033
SEMA3C (10512),-0.07708347884397886
TM6SF2 (53345),-0.07707588312024045
COMMD4 (54939),-0.07705169543115595
IAH1 (285148),-0.07701819647235328
PDX1 (3651),-0.07699086431524185
IRAG1 (10335),-0.07696863361251081
CENPF (1063),-0.07696367478795835
ABCD1 (215),-0.0769411687201628
USP47 (55031),-0.0769373473206916
NXPE3 (91775),-0.07693171168193566
ADGRB1 (575),-0.07691602759506175
RBP2 (5948),-0.07688619011231866
LAYN (143903),-0.07686097473775946
ADGRL4 (64123),-0.07681918527890708
MCHR1 (2847),-0.07680921866874038
NHSL3 (57648),-0.07680836039575326
ACSM5 (54988),-0.07678475531111946
CHST9 (83539),-0.0767168926833292
PHAX (51808),-0.07669385202942211
PLEKHG4B (153478),-0.07667166481150256
SMIM6 (100130933),-0.07665815843321298
DEFB1 (1672),-0.07662158556709323
TG (7038),-0.07660773735063152
SPOCD1 (90853),-0.07659772269582092
OR6X1 (390260),-0.07659361994639408
NOPCHAP1 (121053),-0.07658402449778423
ETV7 (51513),-0.0765563201170547
PNMA8A (55228),-0.07654656636822388
CHD3 (1107),-0.07651123703524457
XXYLT1 (152002),-0.0764793455765704
IL37 (27178),-0.07647062717392646
SUSD4 (55061),-0.0764581801619257
MANEA (79694),-0.07645070290817639
SCAND3 (114821),-0.07644868791976347
MT1M (4499),-0.07644328576706497
VWC2L (402117),-0.07643296360606414
FOLH1 (2346),-0.07636630246704465
KRTAP29-1 (100533177),-0.07636112934609071
SBF1 (6305),-0.07635771461222578
PDXK (8566),-0.07634949566439558
HCN3 (57657),-0.0763366995791805
UTP11 (51118),-0.07632869442200259
DEFB129 (140881),-0.07630778195036395
NOTCH2 (4853),-0.07628685520542036
GRSF1 (2926),-0.07626945566014154
ZNF875 (284459),-0.07626644874780175
GABRG2 (2566),-0.07622810739429195
PRPH (5630),-0.0762044162453025
MTRF1 (9617),-0.07615908236487272
CAPZA2 (830),-0.07613480616096222
OR2M7 (391196),-0.07612012201867477
RNF26 (79102),-0.07610283977010521
PCDHB4 (56131),-0.07608810199088081
GSN (2934),-0.0760532450113841
FKTN (2218),-0.07605251695204929
TTK (7272),-0.07604400271190884
SSC5D (284297),-0.07598773000625034
NFKBIB (4793),-0.07597332841131106
WIZ (58525),-0.07594812610195292
GSTA5 (221357),-0.07594707523917846
SCGB3A1 (92304),-0.07593197806227206
HS6ST2 (90161),-0.07590646795192896
WNT1 (7471),-0.0758929545244115
RMI2 (116028),-0.07589230010823445
CCK (885),-0.0758756794129963
C16orf89 (146556),-0.07585856885349626
A3GALT2 (127550),-0.07585417083833193
NDUFAF8 (284184),-0.07584782826798628
DHX33 (56919),-0.07584780981493063
NPY1R (4886),-0.07582555963381656
EVI2B (2124),-0.07582549824853937
RNF114 (55905),-0.07577396630228975
LRRC8D (55144),-0.07576055848900738
ZRSR2 (8233),-0.07571128797320317
HMGCL (3155),-0.07566284432284284
POLR1C (9533),-0.07565738131580986
CWC25 (54883),-0.07565625468584884
RETSAT (54884),-0.07564778399126496
CLEC9A (283420),-0.07561273286254369
FCGR2B (2213),-0.07554465079566133
SCN1B (6324),-0.07553856978641352
OR2M3 (127062),-0.07553503511630293
ACO1 (48),-0.07547120632598533
MMP21 (118856),-0.07546365479211552
GALE (2582),-0.0754337052717215
C16orf95 (100506581),-0.07540098148348914
OR5A2 (219981),-0.07536585877610762
PSMC6 (5706),-0.07536266023410665
AADACL3 (126767),-0.07532721824286394
TRIM15 (89870),-0.07528925439136339
ZNF506 (440515),-0.07525319518392926
GIPC2 (54810),-0.07522341187739875
PSME4 (23198),-0.0752049954354091
DCUN1D5 (84259),-0.07518089247076118
TRIM16 (10626),-0.07511720019510224
GHDC (84514),-0.07511481423007624
ABCG1 (9619),-0.07506806846289857
CLTRN (57393),-0.07506319485022823
PHLPP2 (23035),-0.07505150796881152
PITHD1 (57095),-0.07503970967821282
STARD6 (147323),-0.07502578919965919
B4GALNT1 (2583),-0.07500111993481037
OR1I1 (126370),-0.07498443691428347
GLIS2 (84662),-0.07491192862553402
ZC3H12C (85463),-0.0748780129227211
RBM33 (155435),-0.07486192287041657
FAM217B (63939),-0.07486155741266345
ZDHHC20 (253832),-0.07484083749135133
SLC35G3 (146861),-0.07480469888230121
ZNF780B (163131),-0.07477685581217021
GPR68 (8111),-0.07477461148991757
ATP9A (10079),-0.07474493452401135
ALPP (250),-0.07473472637799594
CCL7 (6354),-0.0746867987233254
DOCK6 (57572),-0.07464148396479414
PDIA2 (64714),-0.07460495779271976
JARID2 (3720),-0.07460144138526197
MRPL51 (51258),-0.07459943916355045
CTSF (8722),-0.07454443756201319
SYF2 (25949),-0.07453967656281182
ZNF446 (55663),-0.0745199508641127
TRIB3 (57761),-0.07449075331730184
PHTF2 (57157),-0.07438299916756103
SIRT4 (23409),-0.07435676247775372
USP45 (85015),-0.0743526282262795
ZNF865 (100507290),-0.0743126486174949
PDLIM4 (8572),-0.07430539971046343
SDR42E1 (93517),-0.07421265333873352
DPEP1 (1800),-0.07418209151570723
SHMT2 (6472),-0.07417123691736024
APPBP2 (10513),-0.07415990810781721
PIGM (93183),-0.07415834104942962
GAREM1 (64762),-0.07414654332385479
EREG (2069),-0.07411037780477642
ZFPM2 (23414),-0.07410214733535556
MAJIN (283129),-0.07404477746759988
LY86 (9450),-0.07400905033052937
SLC25A16 (8034),-0.07400671922012245
PF4V1 (5197),-0.07400377807386566
TMCO2 (127391),-0.07400320503062321
RLN1 (6013),-0.07398919228908703
TNFRSF13B (23495),-0.07391189354290446
KHDRBS3 (10656),-0.07390523151421113
FAM118A (55007),-0.0738873222479752
SFT2D1 (113402),-0.07388658102305605
DRD2 (1813),-0.07387620576282908
GTSF1L (149699),-0.07387428814771271
FAM3B (54097),-0.0738509277761428
SMIM24 (284422),-0.07384283723777693
MS4A12 (54860),-0.07373308742913406
CYP3A5 (1577),-0.07365877721067111
PGPEP1 (54858),-0.07360523939595368
CYP27C1 (339761),-0.07358070556470563
MUC20 (200958),-0.07355793438922047
SCNN1D (6339),-0.07351210819446334
AMN1 (196394),-0.07349729495457127
FSCN3 (29999),-0.07341054269137005
MAMDC2 (256691),-0.07339985278246523
CYP4V2 (285440),-0.07337800420332477
MARCKSL1 (65108),-0.07335433509301266
SUPT7L (9913),-0.07334609313105314
STK17B (9262),-0.07331150984848854
WDR44 (54521),-0.07330965447569433
RASL12 (51285),-0.07330862928714134
PHTF1 (10745),-0.07329296205083148
RPL4 (6124),-0.07327759722062051
LYRM1 (57149),-0.07326531590660902
PRPF40A (55660),-0.07325879202865453
PLD1 (5337),-0.07325309715230977
AAGAB (79719),-0.07323922932063405
ZNF557 (79230),-0.07322064710391897
SLC19A2 (10560),-0.07317165695940923
PROKR2 (128674),-0.07315086910590149
ZNF311 (282890),-0.073145849923578
MRPS26 (64949),-0.07310655431941152
ZMIZ1 (57178),-0.07308117253113725
CIMAP2 (163747),-0.07307306884777971
TAOK1 (57551),-0.07305801207762988
DYNLT2 (6991),-0.07305209424652742
FMOD (2331),-0.0730276480546318
FIG4 (9896),-0.07300607186124308
PLEC (5339),-0.07299643814329951
CHI3L1 (1116),-0.07295414412190747
UQCC1 (55245),-0.07295232246974967
TMEM54 (113452),-0.07291578855444505
LATS2 (26524),-0.0728826836149895
LMCD1 (29995),-0.07282076358326944
LYRM7 (90624),-0.07281296738091848
SMS (6611),-0.07277452294136705
CFAP91 (89876),-0.07276807105865792
CFAP68 (64776),-0.07276614637545765
RSPH1 (89765),-0.07270393421724716
CSTPP1 (79096),-0.07268217698712094
LIPF (8513),-0.07268187816275193
RAMP2 (10266),-0.07268151357261532
CYP2D6 (1565),-0.07266573309658558
TIMM21 (29090),-0.07264380768315926
POLR3B (55703),-0.07259522135946814
SH3BGRL2 (83699),-0.07258469560626754
ELOB (6923),-0.07258115301475287
CDK18 (5129),-0.07257836233673576
KRTAP5-10 (387273),-0.07256981540488106
CCDC14 (64770),-0.07254097167862743
MAGEB1 (4112),-0.07254020190184796
YEATS2 (55689),-0.07253154967071691
GALNT5 (11227),-0.07253121636582913
TRIM29 (23650),-0.07252231370082822
BAZ2B (29994),-0.07249677713643625
COMMD1 (150684),-0.0724781627268238
TASOR2 (54906),-0.07246045381740382
SMYD4 (114826),-0.07244448093069322
CTNNA3 (29119),-0.07242584856468504
MAGT1 (84061),-0.07234300472178862
CLDN25 (644672),-0.07231377562739971
FERRY3 (57102),-0.07227342259911812
ZBTB7B (51043),-0.0722568599382227
S100B (6285),-0.07225245811765182
AREG (374),-0.07224273451057432
RPL27A (6157),-0.07220536305442163
GPR21 (2844),-0.07218145160132536
SPATA32 (124783),-0.07217934136738559
PRKACA (5566),-0.07214881981823025
VAMP8 (8673),-0.07214128165468696
RNF41 (10193),-0.07211910743807393
BTBD10 (84280),-0.07210458639631856
IRAK4 (51135),-0.07208304636133064
GAS8 (2622),-0.07208057806643856
RDX (5962),-0.07204347119505165
CACNA1H (8912),-0.07203659806019595
GOLGB1 (2804),-0.07202559671502909
CYP4Z1 (199974),-0.07202483510786865
ATL2 (64225),-0.07200430646859182
MAP4K3 (8491),-0.0719935005279207
ANKIB1 (54467),-0.07198513092468092
SHLD2 (54537),-0.07194070809192925
ZNF521 (25925),-0.07192443850795649
LCE3A (353142),-0.07188157210912703
TLR5 (7100),-0.07184149244754603
TMEM97 (27346),-0.07183716940873859
FRAT1 (10023),-0.07181908933194851
PMM2 (5373),-0.07179345900661338
ATP6V0E2 (155066),-0.07167612719533258
GPR87 (53836),-0.07166935804715797
LRRC32 (2615),-0.07165565390074485
ZNF638 (27332),-0.07162034481803223
UBE2J1 (51465),-0.07161701442085264
FMO1 (2326),-0.07160970126193325
PCDHA12 (56137),-0.07152104951058733
VGLL2 (245806),-0.07149629060523924
ALG10 (84920),-0.0714603060149355
ADAM29 (11086),-0.07144125761915002
ATP1A3 (478),-0.07143936890052316
SLC27A4 (10999),-0.071436332088367
KIRREL1 (55243),-0.07141240927747022
KLRC4 (8302),-0.0713803783812618
OR2B11 (127623),-0.07133778100173346
SATB2 (23314),-0.07128151430751009
DLX2 (1746),-0.0712597279672686
C1QTNF1 (114897),-0.07124890932982163
ZNRF2 (223082),-0.07124030091616688
FTHL17 (53940),-0.07123693551331957
MRRF (92399),-0.07120165146268456
TAF13 (6884),-0.07119923741675102
FUNDC2 (65991),-0.0711673300258594
TMEM18 (129787),-0.07114690286098285
TEK (7010),-0.07112074822939782
LY75 (4065),-0.07110012700765087
PLA2R1 (22925),-0.07106214223645296
BRK1 (55845),-0.07104845877068441
H1-2 (3006),-0.07103092277909706
SAXO2 (283726),-0.07102288804570873
ARID1A (8289),-0.07101402175620464
H2AC16 (8332),-0.07101253936594873
VPS33B (26276),-0.07101016798500227
USB1 (79650),-0.07100842443927483
TRIT1 (54802),-0.07098316868348313
UGT2B7 (7364),-0.07096188892195236
DHX37 (57647),-0.07096042684628748
HOXD9 (3235),-0.0709245920312013
PYGB (5834),-0.07086914347207783
DHRS11 (79154),-0.07084091619795083
RSL24D1 (51187),-0.07083860602066294
KSR1 (8844),-0.07083802004887912
PRKCZ (5590),-0.07081391889849387
ZNF91 (7644),-0.07072115188080338
PACSIN3 (29763),-0.07071767238516495
JMJD1C (221037),-0.07069268277552568
TPRA1 (131601),-0.07069156675238461
DOLPP1 (57171),-0.0706882899594455
CHN1 (1123),-0.07068468378316507
RNF182 (221687),-0.0706793661818479
DGKZ (8525),-0.07066055441317173
CEP55 (55165),-0.07066035186251914
COMT (1312),-0.07065094867076763
FMR1 (2332),-0.0706185540308488
SNTA1 (6640),-0.07059801978305105
UBE2B (7320),-0.07058045828043716
MEGF6 (1953),-0.0705753224454458
TMEM67 (91147),-0.07053402211643817
EIF2AK4 (440275),-0.07053399192641557
CTBP2 (1488),-0.07050323917886493
GSAP (54103),-0.0704843039724932
IQCC (55721),-0.07047769969803422
CCL25 (6370),-0.07035243160001779
SERPINA12 (145264),-0.07033732780836181
STUB1 (10273),-0.07033270911088008
UQCC2 (84300),-0.07032541388054991
LY6E (4061),-0.0702965000307207
ARHGAP6 (395),-0.07028668889987147
OR7C2 (26658),-0.07025619668590173
MAP10 (54627),-0.07024344623554409
NDUFA5 (4698),-0.07023559948345004
NFYC (4802),-0.07022337452309957
N4BP1 (9683),-0.07021849807830438
ARB2A (83989),-0.07021794577003622
FNDC10 (643988),-0.0702035432568113
NOSTRIN (115677),-0.07020069131852998
PRKG1 (5592),-0.07018705479817122
RPUSD4 (84881),-0.07018279881600982
PHACTR2 (9749),-0.07017340677104815
MXRA7 (439921),-0.07011919934875395
SFXN1 (94081),-0.07008926520231477
SLC41A1 (254428),-0.07007482230808623
CPA2 (1358),-0.07006745736709566
ASPM (259266),-0.07005501332885813
ITIH1 (3697),-0.07004763694267487
MRPS9 (64965),-0.07004212860974447
OR2T12 (127064),-0.07004116492594029
POLR3C (10623),-0.07002591769951905
BICDL1 (92558),-0.06999166168071955
HMGA1 (3159),-0.06996413644918095
SPTLC1 (10558),-0.0699399142274233
PHF23 (79142),-0.0699379850697778
ZNF823 (55552),-0.06993558829644322
LYRM2 (57226),-0.06991418328016519
ARHGAP32 (9743),-0.06991402646954806
CFAP157 (286207),-0.06990861474749889
NUAK2 (81788),-0.06990106474948514
VN1R2 (317701),-0.06981477683595225
TVP23A (780776),-0.06975234747735519
ABRA (137735),-0.06975198699288764
SLC12A2 (6558),-0.06973091253327746
LCN12 (286256),-0.0697154181931637
LEMD1 (93273),-0.06970152218070483
LEKR1 (389170),-0.06968592084498053
ABCC4 (10257),-0.06968290892890967
TMEM192 (201931),-0.06968119362199238
LRRC28 (123355),-0.06965671152322483
RALB (5899),-0.06964783208927915
SLC6A20 (54716),-0.06963613027497995
OR51B5 (282763),-0.06962817175479474
DEPDC7 (91614),-0.06962700173785188
VPS36 (51028),-0.06962622575759539
EXOG (9941),-0.06959576248610619
TDG (6996),-0.06957047921281442
EAF2 (55840),-0.06956785680158456
GALNT3 (2591),-0.0695455842923486
ANP32B (10541),-0.06953038531680951
CCDC6 (8030),-0.06951839935803081
GRK2 (156),-0.06949563448839677
ARHGAP29 (9411),-0.0694829857381357
SYNC (81493),-0.06946265359818485
POTEM (641455),-0.06945938808225106
RIPPLY3 (53820),-0.06944921788150651
RFC5 (5985),-0.06940419636259328
SIRT6 (51548),-0.0693958525040644
PAWR (5074),-0.06938660909650274
CRX (1406),-0.06937981214179625
CPNE7 (27132),-0.06937124215807686
BEX1 (55859),-0.06936753729374723
SYT4 (6860),-0.06935838799071048
MRO (83876),-0.06933844246210093
C16orf90 (646174),-0.06931168770434612
IFFO1 (25900),-0.06930476168304212
COL9A1 (1297),-0.06929723231754553
SOCS6 (9306),-0.06929300568515905
SP8 (221833),-0.06927329274266636
PSMC4 (5704),-0.06923268988043874
CIBAR2 (339145),-0.06923229680927707
CARD18 (59082),-0.06922165908582502
TEX19 (400629),-0.069205531747467
KRTAP5-9 (3846),-0.06918510745838242
LBHD1 (79081),-0.06917927260392746
ATOH8 (84913),-0.069156470135291
TULP2 (7288),-0.06915586366369357
MAGEC1 (9947),-0.06908149465633513
HIGD2A (192286),-0.06907323947921924
RD3 (343035),-0.06905022725954414
SYNJ1 (8867),-0.06902742546721682
C16orf96 (342346),-0.06902447166634484
OR5H6 (79295),-0.06894700361771317
AKNAD1 (254268),-0.06892373079423984
FBXO44 (93611),-0.06888861358046848
ACP4 (93650),-0.06883652005159134
ISL2 (64843),-0.06881585072409627
VPS16 (64601),-0.06879868885992173
NME3 (4832),-0.06878033042703154
RTN1 (6252),-0.0687172395427221
TAF4B (6875),-0.06868704350863045
IL3 (3562),-0.06866588280944971
KRT83 (3889),-0.06865845600658735
ZNF236 (7776),-0.06865159055453254
WFDC10B (280664),-0.06862854618076984
GATA3 (2625),-0.06862714105591528
RHCE (6006),-0.06862706392339976
SLC22A17 (51310),-0.06862139305886317
MEF2B (100271849),-0.06861705691379469
MEAF6 (64769),-0.06861548313092014
TRPV5 (56302),-0.06857564715841716
UBLCP1 (134510),-0.0685135173904832
LSM4 (25804),-0.06850869538781956
TMEM212 (389177),-0.06848986693325738
SNPH (9751),-0.06845854002074184
CFAP300 (85016),-0.06845672133143536
SCARF1 (8578),-0.0684521062454434
MTF2 (22823),-0.06841134854528322
ROCK1 (6093),-0.06838728539490253
LATS1 (9113),-0.06838174663877875
CRYBB1 (1414),-0.06835554494765957
ADCY9 (115),-0.06835137767705038
ZSCAN22 (342945),-0.06832675143073783
VAX1 (11023),-0.0682586803564715
NGEF (25791),-0.06825472575833141
TBCEL (219899),-0.06825358902127832
PIM2 (11040),-0.06820231239569405
MOB3B (79817),-0.06819423180329726
GALNT11 (63917),-0.06819132883427736
SLC6A16 (28968),-0.06816595608157566
ZFPM1 (161882),-0.06814951596906611
GFRA1 (2674),-0.06813119066997107
TSPYL2 (64061),-0.06812553770238383
C14orf28 (122525),-0.06812516582270298
ZNF689 (115509),-0.06811904231613122
SHOC2 (8036),-0.06811532456430339
UROC1 (131669),-0.06809846091477631
ZBTB8A (653121),-0.06809680037911774
MYH14 (79784),-0.06807805422449914
RRP36 (88745),-0.06803743567178804
DHRS7B (25979),-0.06794304119301851
PCP2 (126006),-0.06790335682447235
GBA2 (57704),-0.06790086776332502
AQP6 (363),-0.0678676174729734
EDRF1 (26098),-0.06785810358124654
OSBP (5007),-0.06783278059444049
NHS (4810),-0.06783079116511556
GPR37L1 (9283),-0.06778921825529863
ESRP1 (54845),-0.06778147588526742
UGT3A2 (167127),-0.06777574927438422
RABIF (5877),-0.0677739320127408
NACAD (23148),-0.06775780134183267
CHRNA6 (8973),-0.06766606139078526
TRDN (10345),-0.06765690041885218
CACNG1 (786),-0.06762478213303025
TECPR2 (9895),-0.06758521348270027
HGS (9146),-0.0675710999331878
RBFOX3 (146713),-0.0675654908127451
DPYSL3 (1809),-0.06752095647308504
WLS (79971),-0.0675083217263295
HOMER1 (9456),-0.06749540591663242
PPP1R13B (23368),-0.0674723471424252
RNF20 (56254),-0.06746737238857667
PIK3CD (5293),-0.06744456944113279
DLEC1 (9940),-0.06744379905197931
SNIP1 (79753),-0.06744277648525038
TRDMT1 (1787),-0.06740939233797202
CCR4 (1233),-0.06737196427997436
PRR35 (146325),-0.06731911486035831
RYR2 (6262),-0.06731769683375032
TEDDM1 (127670),-0.06729971093906333
DENND5B (160518),-0.0672795462240793
RPL14 (9045),-0.06727581397867648
BRIP1 (83990),-0.0672740243256236
TMEM108 (66000),-0.06727330347041764
ZNF17 (7565),-0.06727200158127489
FOXE1 (2304),-0.06720422013879283
SMTN (6525),-0.0671733980052577
TALDO1 (6888),-0.06715831773757773
CPED1 (79974),-0.06715583207257309
METTL18 (92342),-0.06711172123680222
ZBTB48 (3104),-0.06709422752701322
DENND6B (414918),-0.0670575554395501
DOHH (83475),-0.06704304224640564
CAAP1 (79886),-0.06703048096826604
TMOD1 (7111),-0.0670072980334552
H1-10 (8971),-0.06700707097306571
CCDC17 (149483),-0.06698955936992483
FBXO5 (26271),-0.06698839783020086
WWC2 (80014),-0.06698706278353234
RARS1 (5917),-0.06698426444516996
MCTP2 (55784),-0.06693212336654034
CHGB (1114),-0.06686713391918238
ART4 (420),-0.06686299752327651
F2R (2149),-0.06685769135192485
UBE2D2 (7322),-0.06683263530648248
RFPL2 (10739),-0.06683120051962532
PEX6 (5190),-0.0668072245487458
NPVF (64111),-0.0667961011254881
CPLX1 (10815),-0.06677017955924551
GRB10 (2887),-0.06676333637867513
PROX1 (5629),-0.06674452226947729
GHITM (27069),-0.0667404077445207
RBPMS (11030),-0.06674001658336456
ALDH1L2 (160428),-0.06673835442416684
TGM5 (9333),-0.06673191808241734
MRAP2 (112609),-0.06672373495328582
CBY1 (25776),-0.06671795979858823
RASD2 (23551),-0.06671414032917664
SEC63 (11231),-0.06667477894722443
METTL13 (51603),-0.0666531561056406
NECTIN4 (81607),-0.06663290630104249
PEX7 (5191),-0.06661074668199632
PON1 (5444),-0.06659444257701892
RHOXF2B (727940),-0.06659057142908979
FBXO40 (51725),-0.0665664423808667
SPATA45 (149643),-0.06653057562526653
MMP13 (4322),-0.06651101778994314
NEU4 (129807),-0.06648042700901238
MPPED2 (744),-0.06645427900175158
PDHX (8050),-0.06643728641934014
CCDC69 (26112),-0.06642827975784388
AGO2 (27161),-0.06641653473312863
PRDX3 (10935),-0.06639703524081443
RXYLT1 (10329),-0.06638452394367421
RAD1 (5810),-0.06637980598427493
OR9A4 (130075),-0.06637462097654631
CEP295NL (100653515),-0.06636258975604135
ERCC6L (54821),-0.06631121385341898
RFX6 (222546),-0.06629474251849916
SELENOI (85465),-0.06625170968621255
PGAM5 (192111),-0.06623677171439604
ELAC1 (55520),-0.06619442366766111
POU3F3 (5455),-0.06616812771925193
RSBN1 (54665),-0.06615718779976222
IFT122 (55764),-0.06614026202721504
RFX2 (5990),-0.06612559337761723
UBXN6 (80700),-0.06611307473173522
POU2AF1 (5450),-0.06610979267460246
MINDY2 (54629),-0.06610796103591925
HIP1R (9026),-0.06608888292435268
ABCB10 (23456),-0.06606051556202244
SCN8A (6334),-0.06603277576752076
SP100 (6672),-0.06602796286704585
NDUFB9 (4715),-0.06602255934819296
C8orf74 (203076),-0.06599822713388326
GLRX (2745),-0.06597013170326649
RBAK (57786),-0.06596118562162367
ZCCHC3 (85364),-0.06593910933191927
DNMT3A (1788),-0.06593434792455237
PKN1 (5585),-0.06590004549692119
YES1 (7525),-0.06588345747921155
TRIM28 (10155),-0.06579802101230545
RBM25 (58517),-0.06573024089881829
TSHB (7252),-0.06568843589783938
TIMP3 (7078),-0.06567816970179777
MRPL2 (51069),-0.06563322985518112
DNAL1 (83544),-0.06558648949512431
PHYHD1 (254295),-0.06557721942354036
MYADML2 (255275),-0.06556956311548996
RPS6KA2 (6196),-0.06554851059206518
MAGEB5 (347541),-0.06554373175170242
CCDC186 (55088),-0.0655358027384743
ZIM3 (114026),-0.06549288962722076
BCL9 (607),-0.06545175977674401
MKNK1 (8569),-0.06543530346503282
DCDC1 (341019),-0.06543200315459696
USP11 (8237),-0.06540279208260635
KIF6 (221458),-0.06537712846326185
PYURF (100996939),-0.06533318659635427
PLAGL1 (5325),-0.06529879094382404
SHLD1 (149840),-0.06527415674271067
ZNF442 (79973),-0.06527183566356778
ARSH (347527),-0.0652633155097441
CD8A (925),-0.06522254056305071
ANKRD44 (91526),-0.06521768938745681
OR12D3 (81797),-0.0651987849758659
TMEM151A (256472),-0.06518563166162186
BRSK2 (9024),-0.06517645019229945
RCOR1 (23186),-0.06513159006579672
LYPD4 (147719),-0.06505798711671829
FSTL5 (56884),-0.0649887886341727
KRT74 (121391),-0.06498340526020989
BDH1 (622),-0.06497342133439511
CATSPER2 (117155),-0.06491094698621414
ZKSCAN5 (23660),-0.06488079329620874
MGAT2 (4247),-0.06488012074315963
KCNAB2 (8514),-0.06487411258895033
UCHL1 (7345),-0.06486921313242663
KCNS1 (3787),-0.06484826391271485
KLHDC7A (127707),-0.06483820641471336
ARNT2 (9915),-0.06483394781630976
INPP5F (22876),-0.06483380999696822
TLK1 (9874),-0.06482845695312496
DTNB (1838),-0.06481895551892226
TECRL (253017),-0.06480644708632598
MMP15 (4324),-0.06476227504123963
TBX15 (6913),-0.06476136337805283
NECAP1 (25977),-0.06475054717517571
SOWAHB (345079),-0.06473501805002099
RWDD3 (25950),-0.06472978802506828
DUSP10 (11221),-0.06471036120551328
TWF2 (11344),-0.06465974757657982
LDAH (60526),-0.06464338021073676
IRF9 (10379),-0.06462758408017283
CCNB1 (891),-0.06462758120764507
GSDMC (56169),-0.06460095366339022
DSPP (1834),-0.06453802556519957
SLC12A8 (84561),-0.0645336730060854
CHFR (55743),-0.06453328458430939
PKD2L1 (9033),-0.06453194001764477
CLPS (1208),-0.06451892644025764
C2orf50 (130813),-0.06451379467064916
LRIT1 (26103),-0.06450077776473594
ZBTB37 (84614),-0.06445589569845837
LRRN1 (57633),-0.06442317866623146
TMED6 (146456),-0.0644117294314984
SREK1IP1 (285672),-0.0643909058205131
KCTD9 (54793),-0.06435871301582097
TNFRSF8 (943),-0.06432684686498438
KATNBL1 (79768),-0.06432366032585647
ANGPTL5 (253935),-0.06430816184008087
UVRAG (7405),-0.06429641401014673
UBAC1 (10422),-0.06426887605949183
TLR1 (7096),-0.06426542962149522
UBE2D1 (7321),-0.06426004641147168
MFSD14A (64645),-0.06425222977140613
FGF14 (2259),-0.0642412392852998
CPA6 (57094),-0.0642299903960512
ZNF35 (7584),-0.06419060573064786
MLLT6 (4302),-0.06418658020750727
ZFYVE19 (84936),-0.06418615896651306
EVI2A (2123),-0.064171112448694
PCF11 (51585),-0.06415137052488842
DMPK (1760),-0.06413506130270873
SNCA (6622),-0.06410314607398555
LIN7A (8825),-0.06409610356232559
MTMR2 (8898),-0.06405504787929611
SBF2 (81846),-0.06401705380763208
CELA2A (63036),-0.06401593263690841
SLC44A2 (57153),-0.06399865759270569
CALCR (799),-0.06398065474327283
CFAP206 (154313),-0.06397588869411806
TPRX1 (284355),-0.06396756769001069
CXCR2 (3579),-0.06396448969206388
FAM241B (219738),-0.0639636417863977
NUCB2 (4925),-0.06395610104046269
RASSF4 (83937),-0.0639526726084185
ZDHHC15 (158866),-0.06393074559638377
USP21 (27005),-0.06391298212569732
ENDOG (2021),-0.06388648358596921
AKAP10 (11216),-0.06388442297887215
ANGEL2 (90806),-0.06386468778329628
PTCRA (171558),-0.06386364106915678
F11 (2160),-0.06386255662131285
SPMAP1 (388381),-0.06384523862161456
MED15 (51586),-0.06382972129234485
KIRREL3 (84623),-0.06382576368966311
NDUFB7 (4713),-0.06381760349539049
BTBD6 (90135),-0.06380705228769001
ABLIM2 (84448),-0.06377955941683751
EIF2AK1 (27102),-0.0637564811438808
LRRC14B (389257),-0.06375340188260922
ZNF554 (115196),-0.06368303446360808
HSDL2 (84263),-0.06367755558825436
C21orf58 (54058),-0.06367430740737316
BOD1L1 (259282),-0.06367277172738735
PXDC1 (221749),-0.06355177196587077
KARS1 (3735),-0.0635242992222111
NKAIN4 (128414),-0.06351496570239004
SPIN1 (10927),-0.06351249723203012
MRFAP1 (93621),-0.06348914545571963
CTDSP1 (58190),-0.06346834490053439
SSX5 (6758),-0.06346191081910382
RPS27L (51065),-0.06345697742409684
LRRCC1 (85444),-0.06344502753403407
MBD4 (8930),-0.06343357274464755
GLB1L2 (89944),-0.06340035386754735
MMP25 (64386),-0.06335718515682826
PRG2 (5553),-0.06333671878207128
LSR (51599),-0.06331605740031672
ZFP2 (80108),-0.06330382654037367
KIF9 (64147),-0.06328515579535823
CD274 (29126),-0.06328088819577105
ABCG8 (64241),-0.06324387214880842
SLC44A5 (204962),-0.06323997738217851
CEP162 (22832),-0.06321281088718136
NHERF4 (79849),-0.06319453193302857
FCER2 (2208),-0.06319160372727751
PLEKHA3 (65977),-0.06318266351752762
CENPK (64105),-0.06315932135972177
TGM4 (7047),-0.06314618144104027
LUM (4060),-0.0631446606458271
ZNF425 (155054),-0.06313400932747558
ICA1 (3382),-0.06312715970221708
EPB41L4B (54566),-0.06309096261138704
VCF2 (90736),-0.06308967543386357
RABEP1 (9135),-0.06308698683633529
DDX1 (1653),-0.06306765101536418
ALCAM (214),-0.06306414817250162
SLC18A2 (6571),-0.06305780839182903
ELP4 (26610),-0.06305515643769516
MAK (4117),-0.06303531670321835
DMTN (2039),-0.06303530384104027
LRRC37B (114659),-0.06303204098872066
RPL22 (6146),-0.06299887586477716
NHLH2 (4808),-0.06297037317403589
MX1 (4599),-0.06296972790375466
CRYGB (1419),-0.06296539808414534
ZNF189 (7743),-0.06295799608873667
MPV17 (4358),-0.06295285475543469
CBLC (23624),-0.06294806912694098
RPS24 (6229),-0.06294705019409697
ART1 (417),-0.06293824532113942
POC1B (282809),-0.06291620745202743
ZNF791 (163049),-0.06290732599329499
TM2D3 (80213),-0.0628809010420424
SCNN1G (6340),-0.06286272621465586
SLC16A6 (9120),-0.0628579947748407
OR2M2 (391194),-0.0628410249836509
CCNYL1 (151195),-0.06281944363605471
KIF26B (55083),-0.06281305690659307
TNRC6A (27327),-0.06278829058135686
CES2 (8824),-0.06277273807012874
MRPL22 (29093),-0.06276292289281771
DCTD (1635),-0.06276188656372987
MESD (23184),-0.062753648256894
PANK4 (55229),-0.06273804736037503
HUWE1 (10075),-0.06269942929082879
FGF20 (26281),-0.0626723152564184
PET100 (100131801),-0.06266196265382526
PANK1 (53354),-0.06265473988497336
JMJD7 (100137047),-0.06265469396422278
ONECUT3 (390874),-0.06264052854521159
ZNF786 (136051),-0.06260799847964156
PRTN3 (5657),-0.06251230918594171
NTN5 (126147),-0.06250790210667516
FAM131C (348487),-0.06249852773770827
C17orf99 (100141515),-0.0624419283913958
HOXC9 (3225),-0.0624362930470493
ZNF155 (7711),-0.062425368819584194
NPW (283869),-0.06242302902407841
GABBR2 (9568),-0.06239511899876201
NT5DC3 (51559),-0.062357882483366565
SLC30A6 (55676),-0.062328275254199164
SPAM1 (6677),-0.062326981435581796
OXT (5020),-0.062306344438035365
XYLT1 (64131),-0.0622717998326743
ZMYM5 (9205),-0.06226456625498813
TMEM234 (56063),-0.06225112953913864
PADI4 (23569),-0.06223155661313586
PLEK (5341),-0.062227441035695996
C15orf39 (56905),-0.062222832130976236
GSTA2 (2939),-0.062167789544669096
SPMIP5 (143379),-0.06215896731874317
IL17C (27189),-0.06213700335001855
UBE2L3 (7332),-0.06213074630140558
HNRNPU (3192),-0.062124750426042194
SLF1 (84250),-0.06212275985558456
TAS2R8 (50836),-0.06207853451155336
SCYL2 (55681),-0.06205806173368663
ZBTB8OS (339487),-0.06201995678194518
PEBP4 (157310),-0.062019801980937164
ZNRF1 (84937),-0.061988311153931185
WDR41 (55255),-0.06198297326031114
PGGT1B (5229),-0.06195767637280777
ESRRG (2104),-0.06194997090725224
ZNF419 (79744),-0.061931560405877426
TRIM61 (391712),-0.061927535694817536
PROX2 (283571),-0.06190144271473443
PRAM1 (84106),-0.06189208212105389
CSNK2A2 (1459),-0.061888081838526454
TBCA (6902),-0.06186936906300955
KIAA1958 (158405),-0.06185477460997847
SLC25A45 (283130),-0.061816342188514416
LIN52 (91750),-0.06180650189740957
DSE (29940),-0.06180333512049444
SLC15A3 (51296),-0.0617959126399242
CCDC150 (284992),-0.061786285993417824
COL6A2 (1292),-0.06177029561431442
IGFLR1 (79713),-0.06175647424094059
NDFIP1 (80762),-0.061721764976219486
CFAP36 (112942),-0.061713608492145355
NCF2 (4688),-0.061701546802720976
LACTB (114294),-0.06166536114260859
SYP (6855),-0.0616501917783272
HPF1 (54969),-0.06161060891405197
FASLG (356),-0.06159658969911473
PHC2 (1912),-0.06157741989360144
AIF1L (83543),-0.061561895833769975
LSM10 (84967),-0.0615508900240595
EYS (346007),-0.06152269478538745
CYP1A2 (1544),-0.061488602328190256
ASTN1 (460),-0.06147082860780471
MOSPD1 (56180),-0.061443177447425945
GPALPP1 (55425),-0.06143574024122228
SLC35G2 (80723),-0.06142357700154851
OR4F6 (390648),-0.06141490072354175
WFDC10A (140832),-0.06141180165363467
SFT2D2 (375035),-0.061410318016568335
HMGB4 (127540),-0.061370677220117034
DMAC1 (90871),-0.06135263168088402
CCDC9 (26093),-0.061322387485785945
GCNT2 (2651),-0.06132021572699248
RFPL1 (5988),-0.06131603450918349
SNF8 (11267),-0.061316024212987916
ZXDA (7789),-0.061288242434194784
CXCL17 (284340),-0.06128395592522422
MLPH (79083),-0.06127572479439778
FLII (2314),-0.06125769465134521
OR2J3 (442186),-0.06125214578037073
TSPAN14 (81619),-0.061251806498274566
CDO1 (1036),-0.06123736403186081
DNAAF6 (139212),-0.061230017953520496
GTF3C1 (2975),-0.06121562242835028
SCAMP2 (10066),-0.06121001579836448
DNAJB13 (374407),-0.06117933903630218
TANC1 (85461),-0.061162848560248076
RBM12 (10137),-0.06110488824369892
PHLPP1 (23239),-0.061100126172170685
WFDC12 (128488),-0.061096852921076604
TPD52L3 (89882),-0.061088982226848595
CYB5R1 (51706),-0.06106485516388439
RAD18 (56852),-0.061017666824024264
TARS2 (80222),-0.06100939114183349
PDE8B (8622),-0.060976041453849196
IRS4 (8471),-0.06096793142059331
ANKRD2 (26287),-0.06096144288397341
SCRT1 (83482),-0.06095218994499711
ELOVL3 (83401),-0.06094588814165223
NFKBIA (4792),-0.06092952207141723
LRIG2 (9860),-0.06092625418722867
CLSTN3 (9746),-0.06090022725345272
GOSR1 (9527),-0.060881251568272045
PPP1R14A (94274),-0.06086678469359254
H1-7 (341567),-0.060866267400369545
DVL3 (1857),-0.06084450874677455
SH3PXD2A (9644),-0.06084364080341884
PTP4A1 (7803),-0.060833110750087994
ATF7 (11016),-0.06082114412109918
HS3ST5 (222537),-0.060805837620218975
EVX2 (344191),-0.0607724121097881
TRAK1 (22906),-0.060765547665013
TNNI2 (7136),-0.06076104861890861
PTGER1 (5731),-0.06075632535502037
CAPN15 (6650),-0.06075257206188327
PTP4A2 (8073),-0.06072684605737656
SIN3B (23309),-0.060695792278493754
HGFAC (3083),-0.06069348496980054
THRA (7067),-0.0606900349140224
FMN1 (342184),-0.06065818596785847
CD81 (975),-0.06065017257791305
EGR2 (1959),-0.060649937592420766
TLR6 (10333),-0.060638469589051204
HMOX2 (3163),-0.06062010623814269
FAR1 (84188),-0.06058706010351957
ZNF195 (7748),-0.06058550881360336
GUCY1B1 (2983),-0.06057606310918966
PGAP2 (27315),-0.06056639333424716
LTB4R (1241),-0.06053307140714884
AZGP1 (563),-0.0605221674475781
RTEL1 (51750),-0.06048223860170436
INSYN2B (100131897),-0.06045521429018762
TRIM44 (54765),-0.06044069315200111
ZNF682 (91120),-0.06042547639784468
PLXNA1 (5361),-0.060419496037211605
ZNF556 (80032),-0.06037992004764081
MATN2 (4147),-0.06037960368099241
CD9 (928),-0.060376480562495304
TCAIM (285343),-0.06035137677765342
ZNF844 (284391),-0.060325136250223454
CFB (629),-0.060309888009891024
LYRM4 (57128),-0.060296334202872705
COL22A1 (169044),-0.06029551922142249
URM1 (81605),-0.060279265279851814
COA5 (493753),-0.06024801200318699
DUS1L (64118),-0.06023021896374401
PEX12 (5193),-0.06021733577776893
RGS22 (26166),-0.060194960015934516
VPS33A (65082),-0.060186985085783205
FKBPL (63943),-0.06017479231815701
KIN (22944),-0.06013586249263496
RNASE10 (338879),-0.06013457419363224
CPSF7 (79869),-0.06009649568340529
ZNF814 (730051),-0.06007268816208955
GADL1 (339896),-0.06004903337109111
SAMD4B (55095),-0.06004792883483181
WT1 (7490),-0.06003576410893478
TNIP2 (79155),-0.06003162070548511
UPF3A (65110),-0.06003072449595389
MAST3 (23031),-0.06002816702952596
ZNF223 (7766),-0.060019319875158184
RCN3 (57333),-0.05997544328336154
CEP152 (22995),-0.0599602840205295
FLCN (201163),-0.05995882832149106
UPF2 (26019),-0.059942570832205576
OTUD6B (51633),-0.05987241278212724
TWIST1 (7291),-0.05985000874828987
PRR4 (11272),-0.05984602566749715
ALLC (55821),-0.059784784525640774
GAA (2548),-0.05976256977105761
RDH12 (145226),-0.05976146656180783
MAP3K13 (9175),-0.05975344410404693
NCR3LG1 (374383),-0.05975334999605456
FABP7 (2173),-0.05972567299406452
NECAB1 (64168),-0.05969499527972002
MAP4 (4134),-0.059673471243357014
DPYSL5 (56896),-0.059645733569945715
MMP27 (64066),-0.05963651953979725
INO80B (83444),-0.059604468694006284
CRBN (51185),-0.0595967580969348
C1orf87 (127795),-0.05957976008855116
VTA1 (51534),-0.059572721523088956
CHMP1B (57132),-0.059563583688587364
PLEKHG6 (55200),-0.059537304681482106
GSE1 (23199),-0.059520009828037804
TP53TG5 (27296),-0.059517859204313184
GALNT16 (57452),-0.05951439918945407
MTPN (136319),-0.05950457196040435
AHR (196),-0.05947569197207172
PLCB1 (23236),-0.05946882482540994
SF3B1 (23451),-0.059461276103625685
SOX30 (11063),-0.05945741924940477
PF4 (5196),-0.05945025922666615
TMEM40 (55287),-0.05943160831856541
EIF3L (51386),-0.059380183009680565
COQ10A (93058),-0.0593720045766433
VSTM5 (387804),-0.05935910941655487
CCAR2 (57805),-0.05935852796339873
RHBDF2 (79651),-0.05934654597767726
PCGF5 (84333),-0.059345167706055815
OR1E2 (8388),-0.059267585552737576
NEIL2 (252969),-0.05925128624352274
PNKP (11284),-0.05925113763187684
ZNF579 (163033),-0.0592323177099261
CNOT6L (246175),-0.05922044101947364
PJA2 (9867),-0.05920749731190268
USE1 (55850),-0.059205051610093304
PIBF1 (10464),-0.05916499287037776
SLC35D2 (11046),-0.05915153604787451
OR13C3 (138803),-0.05911472577388284
IPPK (64768),-0.05909874695392955
LAIR2 (3904),-0.05909777935655913
NPS (594857),-0.05909725676537973
G6PD (2539),-0.0590970003361039
SLC25A24 (29957),-0.05908693795860638
OPTC (26254),-0.05907669207426308
CPVL (54504),-0.05902498544567493
TACC2 (10579),-0.05901982957377035
WWP1 (11059),-0.05901417151192413
DRC1 (92749),-0.05897121130914559
CCDC73 (493860),-0.058958179908435326
PRKCQ (5588),-0.058914992087096295
OR2H2 (7932),-0.05887294446221873
RNF169 (254225),-0.0588615756051646
SMC1A (8243),-0.058817273472083806
SPRED2 (200734),-0.058770704884347345
ZNF273 (10793),-0.058766971801460934
ZBP1 (81030),-0.058724762507110076
ARL14 (80117),-0.05871232606834621
GLS (2744),-0.05868203758460209
VAT1 (10493),-0.058675962148867764
ILDR2 (387597),-0.05864396596128013
DAB2IP (153090),-0.05864016959617282
COMMD3 (23412),-0.05863956039970135
TM2D2 (83877),-0.058614252640646236
CYP2C18 (1562),-0.05860732067632836
NUP214 (8021),-0.05858764752986434
SRARP (149563),-0.058571767293450504
PPM1M (132160),-0.058569437319319725
MARCHF11 (441061),-0.05854552971026919
FGF18 (8817),-0.05854210988789923
IFI44 (10561),-0.058532393203869916
IL17A (3605),-0.058528400033624625
PMS2 (5395),-0.058501560298457454
PEX16 (9409),-0.05849205184222147
H4C2 (8366),-0.058475204537165405
BTN3A1 (11119),-0.05845807183146555
CUTA (51596),-0.05845408140090619
FABP2 (2169),-0.058442531011062185
TAS2R1 (50834),-0.05843319759283745
SGIP1 (84251),-0.05842402242336364
DIP2A (23181),-0.058423456685004704
EHF (26298),-0.0584186829439902
POTEF (728378),-0.05841533096128757
ING1 (3621),-0.05839480760153164
LMO1 (4004),-0.058381758180668264
TXNIP (10628),-0.05837436588591206
C1orf54 (79630),-0.058373895555114755
ALDH2 (217),-0.05837370316399228
FANCA (2175),-0.058362759600689054
RAB11FIP1 (80223),-0.058348032947264705
CEP97 (79598),-0.058321293805783304
HAUS8 (93323),-0.05830906154950215
RCSD1 (92241),-0.05830003745880904
GTF2E1 (2960),-0.05825666321610386
TTC23 (64927),-0.05825109256567651
CDC7 (8317),-0.05824919915304631
GOLGA7B (401647),-0.05824866590742887
LRP1 (4035),-0.05823859899520837
DMRT3 (58524),-0.05821757194851733
EBF3 (253738),-0.058211365486195196
SCG2 (7857),-0.05819965904584098
RPS19BP1 (91582),-0.05819793443043075
TDRD10 (126668),-0.058187650931230996
MAPK15 (225689),-0.05816854119098362
RETREG1 (54463),-0.05816312499864671
PEAK3 (374872),-0.05813821143045249
LACTB2 (51110),-0.0580943459103183
TPH1 (7166),-0.05807884128596071
DIAPH2 (1730),-0.05806355166725331
CMTM8 (152189),-0.05805910902517532
ENGASE (64772),-0.058028519394709266
MITD1 (129531),-0.05800097455608209
RBM45 (129831),-0.05797201933343423
KRTAP4-2 (85291),-0.05796734259787797
NUDT2 (318),-0.05796690360350396
PDK4 (5166),-0.05791147222855447
GLTPD2 (388323),-0.05788782379487959
GPR155 (151556),-0.05787323852131236
LSM5 (23658),-0.05786993785782246
PRR7 (80758),-0.057861007485701985
ZNF584 (201514),-0.05783814314219353
REXO2 (25996),-0.05783676449618038
TP53BP1 (7158),-0.057827090145333715
REV3L (5980),-0.057821972154151635
CTAG2 (30848),-0.057817838144741875
MORC3 (23515),-0.05780575971765509
SIAH3 (283514),-0.05778000111448739
PRX (57716),-0.05777867386247667
HABP4 (22927),-0.05777578410753046
SPARCL1 (8404),-0.05775751667579154
SEZ6 (124925),-0.05774247104033585
CASP6 (839),-0.057710808272150305
FBXO9 (26268),-0.05765628130315994
ADH5 (128),-0.057644353104248335
PDCD7 (10081),-0.05763144069818053
TANK (10010),-0.057617469245295226
APCS (325),-0.0575885688177191
APOBEC3D (140564),-0.05757239658825053
RAB17 (64284),-0.05756002726465333
UMOD (7369),-0.0575146894887932
SLC35B4 (84912),-0.05750774388985484
FARSB (10056),-0.05749790184648566
USP44 (84101),-0.05747351301227597
FRYL (285527),-0.057472388498666226
SVIL (6840),-0.05747120019313774
C11orf68 (83638),-0.05745496327115314
ITPKB (3707),-0.057454331195529715
TNP2 (7142),-0.057428003999666764
ERAP2 (64167),-0.05740721110544551
PLEKHB2 (55041),-0.057405900141760544
IDI2 (91734),-0.0573875582302231
CNBD1 (168975),-0.05737722787402956
KRT36 (8689),-0.057359814544825714
SOS2 (6655),-0.05734723112585981
SCN10A (6336),-0.05731449202901166
MTERF1 (7978),-0.05731312758441255
STT3B (201595),-0.0572916051698311
HIBCH (26275),-0.05728768765355914
ZNF394 (84124),-0.05728631331915983
KIAA1143 (57456),-0.05727193397028535
CFH (3075),-0.05727004971545022
TMEM132D (121256),-0.05726849773651209
PKNOX1 (5316),-0.057240986562056395
CNOT6 (57472),-0.05721068315498028
GPR84 (53831),-0.05718998754474802
CBARP (255057),-0.0571698395775644
CYP4F11 (57834),-0.05716562675185519
NDUFAF4 (29078),-0.05712734120899095
GATD3 (8209),-0.0571258914211204
IL1RAPL2 (26280),-0.05712546836086713
TTLL7 (79739),-0.057089601583195294
ECT2 (1894),-0.05708871858709837
L3MBTL1 (26013),-0.05706366793580443
NAA35 (60560),-0.05705557701852347
ERCC2 (2068),-0.05703439998257749
TSPAN33 (340348),-0.05702105790487607
SLC6A17 (388662),-0.05702017423919893
FLYWCH2 (114984),-0.05701853816103956
MYPOP (339344),-0.05699267139728535
OR10G7 (390265),-0.05697365730063095
DDX60 (55601),-0.05697066939940039
OPRPN (58503),-0.056959163640092104
TDRD9 (122402),-0.05694756285145001
OR13J1 (392309),-0.05693302347231142
CHP2 (63928),-0.05692907836115768
PUF60 (22827),-0.05690873164163106
GATB (5188),-0.05689740930918504
TMEM86A (144110),-0.056877231947032536
PRKN (5071),-0.056861539551919735
LHFPL4 (375323),-0.0568348331167691
RIN3 (79890),-0.056832469787219286
SMARCD1 (6602),-0.056829239463217496
FGF22 (27006),-0.05682745103074107
TMEM45A (55076),-0.05682719854844429
APLNR (187),-0.05681171280709291
COL9A3 (1299),-0.05680131023094685
TMEM276 (84773),-0.05676888328710814
CSRP3 (8048),-0.05676604173765868
TRAPPC5 (126003),-0.056764722346827036
SPSB1 (80176),-0.05674813521478615
OR10G4 (390264),-0.056743908023807535
SPATA17 (128153),-0.05673570714096262
ADAMTS16 (170690),-0.056730308920631856
PHOSPHO2 (493911),-0.05671986827477939
RRP1 (8568),-0.05671344288592413
HIPK3 (10114),-0.056713150548353186
LUC7L (55692),-0.05669361754129802
SAAL1 (113174),-0.05669282566562765
GDF15 (9518),-0.05668994069351976
RSRC2 (65117),-0.0566775322594254
FANCL (55120),-0.05664219242054136
PRDM2 (7799),-0.05660904998806081
GGCT (79017),-0.056594207533628885
NME7 (29922),-0.05659246877631159
VPS39 (23339),-0.05656726472674982
NRK (203447),-0.05655660594417282
ATP6V0D1 (9114),-0.05654688302805901
MEN1 (4221),-0.05653635278404219
SEC14L2 (23541),-0.05651875109821336
ENKUR (219670),-0.05650215241230779
FYCO1 (79443),-0.05648536522086246
LGALS12 (85329),-0.05647944128583313
LMOD1 (25802),-0.056452967291072985
KRTAP10-5 (386680),-0.056429190007212734
CLN5 (1203),-0.05642080649752469
GARS1 (2617),-0.05640421775474884
SLFNL1 (200172),-0.05639907048640169
TAF1D (79101),-0.056374585782535604
WDR81 (124997),-0.05634106724493739
OTUD7A (161725),-0.05633601712937049
COL19A1 (1310),-0.05629719216605099
TAS2R20 (259295),-0.05628693695716065
TMEM240 (339453),-0.05625959452640383
NPBWR2 (2832),-0.05625620794991425
TFPT (29844),-0.05622487773878472
NFIX (4784),-0.05622461859156088
ZNF615 (284370),-0.05621703665904323
HSD17B3 (3293),-0.0561840725714474
TRIM14 (9830),-0.056160370418625
ATP1B4 (23439),-0.05611637380333399
WWP2 (11060),-0.05610458105711652
OR8B12 (219858),-0.05609686173169465
UQCC4 (283951),-0.056082163277977194
SNAPIN (23557),-0.056069318354899964
PCDHB11 (56125),-0.05606672994062545
SMC6 (79677),-0.05601023717465807
HERC3 (8916),-0.05600139100105352
DAPL1 (92196),-0.05599774068598466
MIEF1 (54471),-0.05599634510836939
SUOX (6821),-0.05598971994974522
MFAP4 (4239),-0.05596568642687416
DEFB136 (613210),-0.055945246206529894
SATB1 (6304),-0.0559314124547603
SAG (6295),-0.05592856863576329
GCNT1 (2650),-0.05592073292900772
DIMT1 (27292),-0.055914800990955096
ABCA10 (10349),-0.055866820733827274
UBR3 (130507),-0.05586569518953203
PDE6G (5148),-0.05585757928526587
MTARC1 (64757),-0.05585270013626541
OLFM1 (10439),-0.05583098682653902
KBTBD11 (9920),-0.05582177670504357
SPATA2L (124044),-0.05576492574477769
FOXJ2 (55810),-0.05576236463597498
BST1 (683),-0.05574722608875402
MYO7B (4648),-0.05573461533263163
GTF2H5 (404672),-0.05571703444784604
LIME1 (54923),-0.05571278209547707
EAPP (55837),-0.055657781090278705
ZBTB20 (26137),-0.05564673005451395
ZFAND2A (90637),-0.055626407936617016
BAX (581),-0.05561133970922074
SAT2 (112483),-0.055579761682805706
GRTP1 (79774),-0.05555552982309693
PRRG4 (79056),-0.05548228216526073
PISD (23761),-0.05547808978092657
XIRP1 (165904),-0.055460538659993855
IL18 (3606),-0.055456736334541804
A2ML1 (144568),-0.05541812539991733
HTRA4 (203100),-0.05540496954104514
DNAH14 (127602),-0.05539569212723241
CA5B (11238),-0.05537788662375713
FBXL2 (25827),-0.05537265283851942
TTC19 (54902),-0.05536251944205992
CFP (5199),-0.05536148049386854
KRTAP5-11 (440051),-0.055340846711262326
NQO2 (4835),-0.05533983031977063
PTPN7 (5778),-0.055325264524207794
CDK13 (8621),-0.055312967868714424
CSF3 (1440),-0.055297121217145716
TRIP11 (9321),-0.05529704783819008
ZNF165 (7718),-0.05528040576028672
RASSF3 (283349),-0.05527130150227424
FBXO25 (26260),-0.05527014630115116
DTHD1 (401124),-0.05525145949643619
CENPP (401541),-0.05524494439504631
TNMD (64102),-0.0552418453279655
EGR1 (1958),-0.055230031076050866
ZNF268 (10795),-0.05518398100068763
FLRT3 (23767),-0.055181242837815135
MOAP1 (64112),-0.055166407402068296
CPA3 (1359),-0.0551548759102385
ALG8 (79053),-0.05514743731240572
METTL6 (131965),-0.05513135145591921
TMEM127 (55654),-0.055129411304218154
CYP4A11 (1579),-0.05511872611607849
TMEM71 (137835),-0.05510814731457285
TDRP (157695),-0.0550809203774036
TAC3 (6866),-0.05507816403490211
TNNI3K (51086),-0.055016374841533655
AKNA (80709),-0.055004469643970856
DNAJB9 (4189),-0.055002120997881244
PCDHGC5 (56097),-0.05497950278560089
EPB41 (2035),-0.05496333649977163
CPA4 (51200),-0.054946963591821274
AJAP1 (55966),-0.05492522661244657
ACSM3 (6296),-0.054915314071153465
EXOC2 (55770),-0.05491095055339314
LEMD3 (23592),-0.05490220388474944
TMTC3 (160418),-0.05489077382323637
NENF (29937),-0.05488596318530612
SARNP (84324),-0.05488231161156996
TWIST2 (117581),-0.05488181741520155
ZDHHC23 (254887),-0.054863829376997776
GALNTL5 (168391),-0.05484214692240151
REP15 (387849),-0.05482179283764643
FCMR (9214),-0.05481709222600782
TLR8 (51311),-0.05481570223349567
QSER1 (79832),-0.054797568601292014
SYT1 (6857),-0.054790945348499154
C2orf66 (401027),-0.05479044742209732
MRPL36 (64979),-0.05478793509870779
TIMP4 (7079),-0.054768052675067805
IL12A (3592),-0.0547647611908469
ANXA6 (309),-0.054714780057481704
CRLF3 (51379),-0.05470347868749505
CUL4A (8451),-0.05468871525408507
IMP4 (92856),-0.054676533616138646
YIPF3 (25844),-0.054675349050351686
MYBPH (4608),-0.05467092127288923
LCN8 (138307),-0.054654816128079965
ZDHHC17 (23390),-0.05463449117940432
SH3RF1 (57630),-0.054616962146063264
ATPAF1 (64756),-0.05461486151403363
PTH1R (5745),-0.054588454821129485
PCDHGA6 (56109),-0.05458701881711586
ERGIC1 (57222),-0.05454539482034545
AMHR2 (269),-0.054524850738549256
TMEM123 (114908),-0.05452420965433076
ATP1B1 (481),-0.05452108334035814
TUSC3 (7991),-0.05451437687414708
SWAP70 (23075),-0.054500588905077064
TEX10 (54881),-0.05448636817915198
ASPG (374569),-0.054465034401317246
RXFP3 (51289),-0.05445195572339064
BPIFB4 (149954),-0.05444382450350329
DCTN4 (51164),-0.054433876788730684
PRDX6 (9588),-0.054427091232827185
SSBP3 (23648),-0.054414138213097464
SMCO3 (440087),-0.05440717353285864
CHI3L2 (1117),-0.05440640350779681
TKTL1 (8277),-0.05440252754846153
NEDD4 (4734),-0.05440101784258835
LAGE3 (8270),-0.054397406515929704
ACTR3C (653857),-0.05438000267545396
TRMT1 (55621),-0.05437474458336862
OR51A2 (401667),-0.05436730478140714
HOXA3 (3200),-0.054352618049083604
GFY (100507003),-0.054351606621132476
AGR2 (10551),-0.05431344714806543
LRRC25 (126364),-0.05425775831721378
TMEM260 (54916),-0.05425751920381958
PIK3CA (5290),-0.054256620267603396
IGSF6 (10261),-0.054230630596287056
BMP2K (55589),-0.05422906981219302
SLC10A7 (84068),-0.05422473945725503
VXN (254778),-0.05421965286816496
COCH (1690),-0.054217125219641116
ZNF512B (57473),-0.05420858403474428
ADGRA1 (84435),-0.05419995667753018
SYK (6850),-0.05416365263400961
RIMOC1 (285636),-0.05415097264295972
EFEMP1 (2202),-0.054107239820189924
SLC25A4 (291),-0.054098870529837376
TRPC5 (7224),-0.05409127328458058
RAB26 (25837),-0.05405719246413652
MCFD2 (90411),-0.05403204719455906
GLRB (2743),-0.05400968887826261
EDAR (10913),-0.05399481274161522
RNF166 (115992),-0.05398935469205107
GATA1 (2623),-0.05397947506388501
OXNAD1 (92106),-0.05395781401159544
TSPAN2 (10100),-0.05395319327229982
SAXO1 (158297),-0.0539313399610802
UPP2 (151531),-0.05389370163573517
OR1L4 (254973),-0.05388900515986966
PFN2 (5217),-0.053883806007781
STK39 (27347),-0.05385765949385786
SGCB (6443),-0.05383800628926758
HES7 (84667),-0.05382802347123774
SMYD3 (64754),-0.05382126803314905
OSTC (58505),-0.05380151868865045
BDKRB1 (623),-0.05379235994901106
CNDP2 (55748),-0.05378902840511944
CDK14 (5218),-0.05377896370360933
EHMT2 (10919),-0.0537251041796626
FAM81A (145773),-0.05372235483078093
TARBP2 (6895),-0.05370478754012198
HIF1AN (55662),-0.05370117034798124
CFAP20DC (200844),-0.05365752223546507
MKRN2OS (100129480),-0.05363651054881495
INF2 (64423),-0.053633977417286684
VTI1B (10490),-0.05362447851668718
RBM19 (9904),-0.05359240719551879
PDPK1 (5170),-0.053585255724675894
AQR (9716),-0.05358296176000334
TMEM182 (130827),-0.05355805458240809
SLC39A10 (57181),-0.05354867589611234
SPANXN3 (139067),-0.053539702475820614
COL11A2 (1302),-0.05352278920386646
RIGI (23586),-0.05351465244312888
BRS3 (680),-0.05350561508348637
DPM1 (8813),-0.05348653946507541
OPN5 (221391),-0.05348186724272963
PFKFB2 (5208),-0.053472956346652445
PDE9A (5152),-0.05346536739618688
RCL1 (10171),-0.053383641211775856
TSPAN7 (7102),-0.053361918008561895
LPAR3 (23566),-0.053356118519677496
PTPN6 (5777),-0.05334627910485651
SLC3A1 (6519),-0.05330619958533358
MTNAP1 (55028),-0.05329145169602674
ABHD8 (79575),-0.05328471660638494
PCDHGB4 (8641),-0.05328398561890246
RGN (9104),-0.0532796861828464
E2F2 (1870),-0.05327091355799668
SRXN1 (140809),-0.05326408831462289
TUT7 (79670),-0.05325217904065328
GNAL (2774),-0.05324506153531723
POLD1 (5424),-0.05324243724002642
KRT40 (125115),-0.05321572345677648
WDR4 (10785),-0.05321374212334151
OOEP (441161),-0.05319632615567895
LILRB3 (11025),-0.05318509101637951
SPOCK1 (6695),-0.05318034724018204
ZNF763 (284390),-0.053178620394455825
RHOB (388),-0.05316549019197694
CAMP (820),-0.05312445655594602
WDR55 (54853),-0.05311795349737376
PBX3 (5090),-0.05310416878448805
ZDHHC18 (84243),-0.053085223105045876
TNFSF9 (8744),-0.053085037219064525
MLH1 (4292),-0.05306785043034544
GPI (2821),-0.05303957758357793
TXNRD2 (10587),-0.053029476980901435
PKIG (11142),-0.053026811868578584
TOE1 (114034),-0.05300141389238823
OOSP2 (219990),-0.05294915028039822
PLEK2 (26499),-0.05292842867562501
CNEP1R1 (255919),-0.05290030009008797
SLC36A4 (120103),-0.05289646962915391
USP4 (7375),-0.05289375425158087
MMP17 (4326),-0.0528864411494297
ZFP42 (132625),-0.05286602030556985
SERP2 (387923),-0.052836013215638175
BMP8A (353500),-0.05282591990340886
GBE1 (2632),-0.052818121344487566
G3BP1 (10146),-0.0528102882068834
MCUR1 (63933),-0.05279773626432105
CDH18 (1016),-0.052776275463470634
RRH (10692),-0.052767812280638406
WDR72 (256764),-0.052762655203753825
BBS12 (166379),-0.05275186157142577
ZFP30 (22835),-0.052733513723337955
CTSA (5476),-0.05272298552088136
ARHGAP8 (23779),-0.052700907086087136
PPID (5481),-0.05270088617171429
ANGPTL4 (51129),-0.05269806386113722
ATRAID (51374),-0.05269476093269454
CCDC47 (57003),-0.0526861894386759
LGR6 (59352),-0.05265778119020028
CAPN2 (824),-0.05264112934472394
HVCN1 (84329),-0.052627753970995714
CMC2 (56942),-0.05261925963307136
CD3G (917),-0.05261426478322049
DIPK2A (205428),-0.052608719833287944
KRTAP13-4 (284827),-0.0525832572505995
PIM3 (415116),-0.05257054703005446
SLC6A6 (6533),-0.05256483123090352
H3C2 (8358),-0.052562923523721515
RACGAP1 (29127),-0.05255934393180972
CEP170B (283638),-0.052559144320830774
ZNF675 (171392),-0.052539935699048676
UTS2R (2837),-0.05253648670801281
KRTAP12-4 (386684),-0.05247753438237109
FBXL5 (26234),-0.052465781319634155
PCDHA2 (56146),-0.05244487693753604
SLC24A3 (57419),-0.05243972320691716
LEPROT (54741),-0.05243573836231271
CCDC134 (79879),-0.05242365321611529
HSP90AA1 (3320),-0.05240577286375177
FNDC11 (79025),-0.052388228410078105
LRP2BP (55805),-0.052372713349050984
TXNL4B (54957),-0.05236016720684973
DENND1A (57706),-0.0523493040968077
GTF2IRD1 (9569),-0.05231411294437838
GJA10 (84694),-0.05230482550860331
CRIP2 (1397),-0.05229719464920894
NOVA2 (4858),-0.05229164790368198
BSCL2 (26580),-0.052288241133669956
EXTL2 (2135),-0.052251880906903095
GPR32 (2854),-0.05224058365970071
SMARCAD1 (56916),-0.052230161936583495
AIDA (64853),-0.052206121526654804
SERPINI2 (5276),-0.052203711492941486
RNF217 (154214),-0.05217771638300517
THOC6 (79228),-0.05211381670094932
KRT15 (3866),-0.05210206523178573
CLIC2 (1193),-0.05205822360340899
NDUFS7 (374291),-0.05204771959934694
PSG9 (5678),-0.05203682233968886
ACVR2A (92),-0.05202702311636388
SLC26A2 (1836),-0.05200370468336749
NSUN5 (55695),-0.0519828694840692
SLC5A12 (159963),-0.05196243412309813
ST8SIA2 (8128),-0.05194138161096068
SPTBN4 (57731),-0.05193853987176621
MS4A6A (64231),-0.05193664171527083
IK (3550),-0.05193628556409711
CCL24 (6369),-0.051933467835895086
N4BP3 (23138),-0.05191417302707628
GDF1 (2657),-0.051900061232379745
ANXA2 (302),-0.05189679000970748
OR1J4 (26219),-0.05189502368780533
ERMP1 (79956),-0.05186369501659838
WSB1 (26118),-0.05184285643381144
SLC38A11 (151258),-0.051815537106298534
IFNGR1 (3459),-0.05181027117980108
OR51S1 (119692),-0.05175386577228011
GCSAML (148823),-0.05172157655650711
ORMDL3 (94103),-0.05168435296299192
IL10RB (3588),-0.05167320937502997
CIDEC (63924),-0.051668041145558855
WRAP53 (55135),-0.05165172245318472
ITGB8 (3696),-0.05164641571361894
ZNF669 (79862),-0.051644992042604934
LHFPL1 (340596),-0.05159512889903502
TSBP1 (10665),-0.05158325885309066
NPAS4 (266743),-0.05156219505063675
FPR1 (2357),-0.051531523482271656
RPL19 (6143),-0.05152437274847914
NPHP3 (27031),-0.051502158927526166
CRYGA (1418),-0.051449922717378097
NBN (4683),-0.05144535404331764
TOM1L2 (146691),-0.051439737002318554
SPSB3 (90864),-0.051431049507407435
INHBC (3626),-0.05142758312423841
OR5M8 (219484),-0.05142145768816673
P3H1 (64175),-0.051421344519810674
SLC39A14 (23516),-0.05139463893063795
CHRNA2 (1135),-0.051367689474748804
GTPBP10 (85865),-0.0513675683949929
SENP8 (123228),-0.05136356398269872
TMEM45B (120224),-0.051347208255289156
ACP1 (52),-0.05131178375938474
ATP5MJ (9556),-0.0513076160398136
SNAP23 (8773),-0.05130606681402037
AOX1 (316),-0.051297463355916964
DNAL4 (10126),-0.05128777982120181
CMAS (55907),-0.05128221861787634
OCIAD1 (54940),-0.051272362205062726
CDC34 (997),-0.05124546795086697
RIIAD1 (284485),-0.05124536825209991
FLOT1 (10211),-0.05123869506420351
DESI1 (27351),-0.051227351225554364
TCHH (7062),-0.05122261955208546
AMT (275),-0.05119956540695335
PSG11 (5680),-0.051194714283928036
MAPK11 (5600),-0.05119124697856381
ADPRH (141),-0.05118366856316803
GRP (2922),-0.05117506275932422
KRTAP9-9 (81870),-0.05115677276238458
ZC3HAV1 (56829),-0.05113772205397245
TESC (54997),-0.051132070038204136
IL13 (3596),-0.05111403562277361
PDAP1 (11333),-0.05106719278405445
LCN15 (389812),-0.0510607051396752
SFTPA1 (653509),-0.051059999126010405
KLHL26 (55295),-0.05105279024755873
LKAAEAR1 (198437),-0.05104997093153415
MBD1 (4152),-0.05103362371550071
OR8B2 (26595),-0.051031041762036614
ATP6V1B1 (525),-0.05102611749799783
CALY (50632),-0.05102526404508199
SYT14 (255928),-0.050990978851894506
RD3L (647286),-0.050978894012783015
TMEM43 (79188),-0.050975348723419946
HIGD1B (51751),-0.05096209758373438
PGLS (25796),-0.050958423854373026
CH25H (9023),-0.05095420454747831
PRAME (23532),-0.05095194961319237
PRELP (5549),-0.050924533983148224
CHRNA3 (1136),-0.05091373380837998
RAB37 (326624),-0.050907924010912306
SLC38A6 (145389),-0.05087904206357839
RBFA (79863),-0.050839603409142106
FNDC7 (163479),-0.05082012108683935
VPS26C (10311),-0.05081312853937305
UQCRB (7381),-0.050798324910666624
TMTC2 (160335),-0.05078478258961324
LRCH2 (57631),-0.0507719982072161
TRIM67 (440730),-0.050741326059876676
HEYL (26508),-0.05072673095805419
TMEM169 (92691),-0.05072143025458577
ZNF543 (125919),-0.050708715181437915
OR6N2 (81442),-0.05068033229110352
C16orf86 (388284),-0.05067206148991171
SGPP2 (130367),-0.05067006545601503
RTN2 (6253),-0.050665664581672785
PMAIP1 (5366),-0.050651194569063605
HOXD12 (3238),-0.050646724813069886
RLN3 (117579),-0.05062873134162562
KRT34 (3885),-0.05061529479109263
CELF1 (10658),-0.050613862837792345
GHRL (51738),-0.05061017982705024
DEFB125 (245938),-0.05060944709734727
PLEKHA6 (22874),-0.050595924202804655
OR2M5 (127059),-0.0505591493771289
BMP2 (650),-0.05054045834878544
HOATZ (399949),-0.050519710444473856
MZB1 (51237),-0.050503151801607436
SLC25A30 (253512),-0.05049466354157968
PLPP2 (8612),-0.050484345890300805
PLPPR4 (9890),-0.05048243235928207
CLUL1 (27098),-0.05046396289827539
ADM (133),-0.05044826166889673
S100P (6286),-0.05044380500960209
RASAL3 (64926),-0.05043529496089817
RTN4RL1 (146760),-0.050430040686247866
SLC35A5 (55032),-0.050422538059738044
TFG (10342),-0.05041327428310864
ITIH2 (3698),-0.050412442016448664
EPO (2056),-0.05039899326781705
SMR3A (26952),-0.05039259546787441
TUBB2A (7280),-0.05039036823379402
RMC1 (29919),-0.050377721248998274
TMEM116 (89894),-0.05036597675844453
MYF5 (4617),-0.05034378188959223
CD3E (916),-0.050331379526930634
NECTIN3 (25945),-0.05032830463334383
NSRP1 (84081),-0.050326458812535634
ZNF784 (147808),-0.05027694383196076
CHD2 (1106),-0.0502572066366084
CYP20A1 (57404),-0.050256066974594484
RPEL1 (729020),-0.050252818933802554
LARGE2 (120071),-0.05024286702028069
STK3 (6788),-0.05023751471133495
AEBP1 (165),-0.05023647363810735
PDE6A (5145),-0.05022161315446951
ABCA9 (10350),-0.050203525518408454
OSCP1 (127700),-0.05019276406175133
PPARA (5465),-0.05019124152442063
PRKCA (5578),-0.050191194613105485
XIAP (331),-0.05015804853907628
TACSTD2 (4070),-0.050152057423507077
SCAF1 (58506),-0.05014733208834656
CFAP97 (57587),-0.050128531879408786
SHANK1 (50944),-0.050113219986495317
ARMC10 (83787),-0.050101878780373164
DMC1 (11144),-0.05007241908647997
OR8J3 (81168),-0.050056218149210976
SOCS4 (122809),-0.05004694578363391
TMPRSS9 (360200),-0.050045359112787326
GYPE (2996),-0.05001536468996945
FLT1 (2321),-0.05000830227482045
ZBTB34 (403341),-0.04996534683413904
SULT1E1 (6783),-0.04994327749559018
FAM135A (57579),-0.04994184712144238
IRAK2 (3656),-0.04993920022948024
E2F1 (1869),-0.04993691342359556
PIGA (5277),-0.049924241352771244
TLR10 (81793),-0.04988675949878288
TUFM (7284),-0.049886751262645114
SERPINB9 (5272),-0.04987260091073903
SPMAP2 (51298),-0.04987086909778711
ALKBH1 (8846),-0.04985968455170771
ARMCX4 (100131755),-0.04985442504330099
ZSWIM1 (90204),-0.04985342179194433
DECR2 (26063),-0.049833459335341716
GCGR (2642),-0.04980812818706783
STOM (2040),-0.049792094273288845
FBXO3 (26273),-0.04979046473442546
MAP7D1 (55700),-0.04978951599614156
ANGPTL1 (9068),-0.04977746613733859
PAEP (5047),-0.049772030297841566
HSPA12A (259217),-0.049769631094988734
ENTPD5 (957),-0.04976237048437217
CEMP1 (752014),-0.049738528430908764
GPR20 (2843),-0.049736734429320015
FAM50B (26240),-0.04970186199194364
UNC79 (57578),-0.04968180387193148
ZNF14 (7561),-0.04968026901599905
PNPLA8 (50640),-0.04967253486855341
EHD3 (30845),-0.049648877744678674
ACAD8 (27034),-0.04963386698791909
MRGPRX2 (117194),-0.04960965071957378
NR1D2 (9975),-0.049598957055355906
CLCA2 (9635),-0.049591912365402155
OR9G1 (390174),-0.049586600197800326
C10orf62 (414157),-0.04953735188075928
EIF5 (1983),-0.04952586173798603
SLC2A4 (6517),-0.04952321634055523
ZNF208 (7757),-0.04951076532154821
ATXN3L (92552),-0.049500264355062815
NPAT (4863),-0.04948993662874672
STK17A (9263),-0.04947555037669997
NR1H4 (9971),-0.04944456291276012
SPRR3 (6707),-0.049440219092323136
SUSD5 (26032),-0.049430627922765154
DSP (1832),-0.04942342601149798
ZCCHC9 (84240),-0.04939324173915525
IGSF9 (57549),-0.04936100130128836
MRPL24 (79590),-0.04931669025392114
TDO2 (6999),-0.049308026301670284
OSBPL8 (114882),-0.04930391015621795
FXYD4 (53828),-0.049271461198089055
PDE6C (5146),-0.049252328344195184
DDX52 (11056),-0.04925215848905355
KLF2 (10365),-0.04924221515978647
ZNF845 (91664),-0.04921242080079815
DPF1 (8193),-0.049204464525149115
SETBP1 (26040),-0.049200268935749414
RGS2 (5997),-0.0491793175068639
RARRES1 (5918),-0.04917888936411398
MTX2 (10651),-0.04917852388208208
MTMR1 (8776),-0.04917044845040059
STX1B (112755),-0.049161207893961556
INTS13 (55726),-0.04913847257474918
INPP5K (51763),-0.049125223569229694
ZIC3 (7547),-0.049107754811118294
FBXO28 (23219),-0.049072154857044414
FBXO43 (286151),-0.04902562192369814
PNLIPRP1 (5407),-0.04898792710261492
FCRL4 (83417),-0.04898411774560022
OR1D5 (8386),-0.04896457783218707
SLC34A2 (10568),-0.048960184606625726
CRIP1 (1396),-0.04895994394042731
SP7 (121340),-0.048951520864345024
NR5A1 (2516),-0.04892191592826071
CCDC127 (133957),-0.048920001997207176
STK35 (140901),-0.04889593338884596
PYY (5697),-0.04888722257661852
GPD1 (2819),-0.04888100008249398
PCDHB14 (56122),-0.04887826355640525
APBA3 (9546),-0.04887193127805568
LIAT1 (400566),-0.04885857417955712
GNPAT (8443),-0.048776310366591344
ECHDC1 (55862),-0.04877336351780423
SPATA3 (130560),-0.04876884630509481
EPAS1 (2034),-0.04876842158867967
PACC1 (55248),-0.04875028087386523
FRA10AC1 (118924),-0.04871085409331026
SCRIB (23513),-0.048683971013264306
AP4B1 (10717),-0.04866733212275409
DNAJC7 (7266),-0.04865003539728277
OAT (4942),-0.04858724591342542
JAK2 (3717),-0.04857210228114654
NTAN1 (123803),-0.04855669852905187
ATP1B2 (482),-0.048554493128404694
TBC1D22A (25771),-0.048549281427193725
TEP1 (7011),-0.048548083461806724
PAOX (196743),-0.04853816509173016
C11orf52 (91894),-0.04853240839264535
PDCD4 (27250),-0.048530277902268104
FABP4 (2167),-0.048524372515430694
MMAA (166785),-0.04852224056778249
OR5AK2 (390181),-0.04850685189044758
EEF1G (1937),-0.04850118046179534
MRPL42 (28977),-0.048490668944326354
AGK (55750),-0.048485343958304714
GPS2 (2874),-0.04848521688695505
CILP2 (148113),-0.04847524750565102
TSPAN9 (10867),-0.04846442960697998
TRPC7 (57113),-0.048431271706079394
ARMH1 (339541),-0.04839397122225647
PI4K2B (55300),-0.04838895833527838
C9orf153 (389766),-0.04833659739004195
EIF4EBP3 (8637),-0.04833350103798054
NRBP2 (340371),-0.04833237353522779
MUC15 (143662),-0.04832014318024529
CFAP161 (161502),-0.04827304819476323
NUTM2G (441457),-0.048248358364863665
SERPINA5 (5104),-0.048246539010584524
GGA2 (23062),-0.04823794524417231
KHDRBS1 (10657),-0.048231672194569704
UBE2T (29089),-0.04822760568085216
PRTG (283659),-0.04822692336860698
CA5A (763),-0.04822475440703289
NLRP2 (55655),-0.0482096986050534
SLC11A1 (6556),-0.04820374441011386
TRIM49D1 (399939),-0.04820140195879348
ACAD9 (28976),-0.04818237333682203
RBMS2 (5939),-0.048160800871615325
KHNYN (23351),-0.0481471614626641
ZNF783 (100289678),-0.04814092530391563
NDUFS8 (4728),-0.04812451501769026
NCK1 (4690),-0.04811752835147395
LCN10 (414332),-0.04808983056269644
ACHE (43),-0.048043191116496534
TAPBPL (55080),-0.048038610245637464
RBMXL3 (139804),-0.04803270457198346
IFITM10 (402778),-0.0480296363737905
TMEM135 (65084),-0.04800769308973101
SOX14 (8403),-0.048006705082944794
SLC25A2 (83884),-0.04796031694896776
AARD (441376),-0.0479546382928277
UGT2B15 (7366),-0.047943472032859986
UBE2C (11065),-0.047940022151848935
TPRG1 (285386),-0.047934507746498836
GGT6 (124975),-0.047930043906694836
NFATC1 (4772),-0.047929437525734434
HIVEP3 (59269),-0.04789056740256169
ADA (100),-0.047876864607070344
EFHC2 (80258),-0.04787683257692268
TLR2 (7097),-0.04784583726995356
ROCK2 (9475),-0.04784517684635146
PRR15 (222171),-0.047829103771993196
MACROH2A2 (55506),-0.04782775103545457
CLIP1 (6249),-0.04782567278234538
VWF (7450),-0.04781133722781256
TMEM247 (388946),-0.04781066663713611
SYPL1 (6856),-0.047808344209782735
WBP2 (23558),-0.04780803501586017
CYB5R2 (51700),-0.0478060744719289
NOTCH3 (4854),-0.04778827428305669
EFCAB2 (84288),-0.04777183211446402
FZD6 (8323),-0.04776107585059018
STXBP1 (6812),-0.04776050677525768
EHD1 (10938),-0.047760290548097425
RIN2 (54453),-0.04774467399048808
PDE7A (5150),-0.04772330146308411
ZNF146 (7705),-0.047716135425873184
C1QTNF7 (114905),-0.04769337872966699
MFSD12 (126321),-0.047684039921341195
NOP2 (4839),-0.04767501684344444
CABCOCO1 (219621),-0.04761811345134951
TMEM196 (256130),-0.047605018638401296
KRT12 (3859),-0.04759765048862146
FAM53B (9679),-0.04758802019842544
BRAF (673),-0.047541576864178495
RBM28 (55131),-0.047535062534536966
NT5C2 (22978),-0.04753087678168492
CYP3A43 (64816),-0.0475289740218698
SLC39A8 (64116),-0.04751972700927589
PAQR8 (85315),-0.04749256846656206
SHISA4 (149345),-0.04747759322031205
FOXJ1 (2302),-0.04747634140192051
SUN5 (140732),-0.047457240008913396
C2CD3 (26005),-0.04745324093319536
LACC1 (144811),-0.047446381146786655
FAM234A (83986),-0.04741642990804133
ANKRD54 (129138),-0.04738911303407097
SLC22A10 (387775),-0.04737186235263212
TMEM204 (79652),-0.047361446639200416
GUCY2F (2986),-0.0473599572169067
GLYR1 (84656),-0.04734903911987903
TTC23L (153657),-0.04734800573526018
TGFB2 (7042),-0.04732773415017205
KRT31 (3881),-0.047318801219195135
QRFP (347148),-0.04731342389993783
RAB38 (23682),-0.04731185796807334
ZNF790 (388536),-0.04728583216109319
OR51G2 (81282),-0.04726078889316882
GSTM5 (2949),-0.047253419107728414
ATP5MGL (267020),-0.04722422023736912
SCGB3A2 (117156),-0.0472095535037229
RP1 (6101),-0.047208884423696404
DPPA4 (55211),-0.04717034312993351
CRABP1 (1381),-0.04713668247437971
SLC46A2 (57864),-0.0471217947456554
SLCO3A1 (28232),-0.047106949007359955
SERPINB1 (1992),-0.047101938893512905
ACVR1B (91),-0.04708694881077621
TMEM267 (64417),-0.04708115448235626
MLLT1 (4298),-0.04707885962233592
CACNA1B (774),-0.04707880067742848
RGS19 (10287),-0.047076854709056905
IFITM1 (8519),-0.04706528654312994
NFIA (4774),-0.04704291849932117
HS6ST3 (266722),-0.04703454289027633
CBLN3 (643866),-0.04702824031279979
ZNF83 (55769),-0.04701004251539528
TBKBP1 (9755),-0.04695592259344005
S100A10 (6281),-0.04695400258140576
CCDC148 (130940),-0.04694339088523105
CD3D (915),-0.046936656273497704
ELAPOR2 (222223),-0.04691485648788524
SLC39A7 (7922),-0.04688115566366095
CCL5 (6352),-0.04688047350139052
FAM216A (29902),-0.04684082398486495
DENND1C (79958),-0.04682807997941101
TCP11 (6954),-0.046812667449758365
NIF3L1 (60491),-0.04678993682163808
GPR149 (344758),-0.04678553003463003
GBP1 (2633),-0.046783416247372964
SPDYE1 (285955),-0.04676862519354761
STX7 (8417),-0.04676617856173284
RCC1 (1104),-0.04674560808549706
UBE2E1 (7324),-0.04673640160412305
TRIM58 (25893),-0.0467256392157679
TMC5 (79838),-0.046700736388206855
MYRIP (25924),-0.04668994399021676
BZW2 (28969),-0.04667213081313327
OTUB2 (78990),-0.046662737249702955
HOXA2 (3199),-0.04665897849054823
PCDHA7 (56141),-0.046620674520089014
C11orf16 (56673),-0.04658374742123943
H1-0 (3005),-0.046579831012472525
PLCXD3 (345557),-0.04657562096576569
SPATC1 (375686),-0.04655751721843777
PSIP1 (11168),-0.046542484529658715
HOXB6 (3216),-0.04650458906822894
BAG5 (9529),-0.04648015403116108
SCN2A (6326),-0.046470217789171334
ENOX1 (55068),-0.04646563429639354
NEUROG2 (63973),-0.04645685945348577
HMG20B (10362),-0.04643414866352753
ADRA1D (146),-0.0464340428019752
PNMA5 (114824),-0.046421515946541536
B3GALNT2 (148789),-0.04640083344565964
NUP54 (53371),-0.04638109852973602
MFSD2B (388931),-0.04637910170552987
NAT2 (10),-0.04637406219243754
PSMC2 (5701),-0.04637293768429025
TNNT2 (7139),-0.046367358396792284
TBK1 (29110),-0.046358152621412824
SSBP4 (170463),-0.04634494472827345
FAM187B (148109),-0.04631863601175601
MFSD13A (79847),-0.04631292073028585
TRPM4 (54795),-0.04630655673619537
TRIM4 (89122),-0.046300168160645486
NELL1 (4745),-0.04629814374518314
RNF185 (91445),-0.046294236848274294
GIP (2695),-0.046277342015305416
C9orf78 (51759),-0.046271489730173275
AK1 (203),-0.04625938016906841
EIF2B3 (8891),-0.04625690108164351
MRGPRX4 (117196),-0.04625348707372817
ADPRHL1 (113622),-0.046253007421960056
PLA2G12A (81579),-0.046251097974346865
ZNF90 (7643),-0.04622911555311933
ZNF628 (89887),-0.04621244484930121
CD33 (945),-0.046207526517853134
ADORA2B (136),-0.04620715079462697
GALK2 (2585),-0.04619882962238185
TNFRSF21 (27242),-0.046167151514854496
ERI1 (90459),-0.04614994728720208
CCDC90B (60492),-0.046123959891706603
MBOAT4 (619373),-0.04610857410030002
GDNF (2668),-0.04609192872190766
LPCAT3 (10162),-0.04602870520438441
RNLS (55328),-0.04601611034822157
PROP1 (5626),-0.04597652917920575
MLEC (9761),-0.045973577622691345
XAGE2 (9502),-0.04595961606121491
MB (4151),-0.04595860012671741
IL31 (386653),-0.04593736373573474
CEP83 (51134),-0.04591344219620538
ADK (132),-0.045913078718575515
PNMA2 (10687),-0.04590741591371093
TMCC1 (23023),-0.04590642641324405
SALL4 (57167),-0.0458761520064103
LRRC19 (64922),-0.045872493195836084
S100A12 (6283),-0.04586786702626159
SPAG16 (79582),-0.04586653847188113
ARHGEF35 (445328),-0.04585927400748481
SLCO2B1 (11309),-0.045849680955390146
DYM (54808),-0.04584845656268631
HINT1 (3094),-0.045827848257707644
PRR5L (79899),-0.045821539800527736
RSPH14 (27156),-0.04581585269584258
PCDHGA11 (56105),-0.04581495073180905
AMPD1 (270),-0.0458132007584499
CSNK1G2 (1455),-0.04581053498589841
FAM110A (83541),-0.04580688318171492
SEMA4G (57715),-0.04580083790070037
CSMD1 (64478),-0.04579799328142968
GOLGA5 (9950),-0.045785093555485226
SMNDC1 (10285),-0.045781892244207034
CARD14 (79092),-0.04577800586919528
CAB39L (81617),-0.04577676881965761
CDKN3 (1033),-0.04577080091179112
TSR3 (115939),-0.045744296710420275
FAM229B (619208),-0.04573573575253183
LRPAP1 (4043),-0.045731035905284864
ANKRD66 (100287718),-0.04573015963771665
MS4A13 (503497),-0.045713546189349724
PADI2 (11240),-0.04569430280026037
TUBB4B (10383),-0.04566890033817187
SUCLG2 (8801),-0.04566509208299767
YBX3 (8531),-0.04565849273659383
SLC35A1 (10559),-0.045653688733448786
NAALAD2 (10003),-0.04561601466137667
ROPN1L (83853),-0.04560257986650819
TNFSF11 (8600),-0.04559993248806461
MAPKAP1 (79109),-0.04559202183246769
LZTFL1 (54585),-0.04558882822518648
DNAI7 (55259),-0.04556949803762991
THAP3 (90326),-0.04556775719380281
SHMT1 (6470),-0.04554040615703563
GIMAP5 (55340),-0.045540261463523767
GDAP2 (54834),-0.045529197542071
PRLH (51052),-0.04552206989150563
WASHC2A (387680),-0.045498443928962296
DIP2C (22982),-0.04549047936036745
P2RX7 (5027),-0.04548048688282226
CHRNG (1146),-0.04545023097022432
ZNF621 (285268),-0.045427159044413565
ADAM32 (203102),-0.045415194836715383
EPPIN (57119),-0.045408040286532905
ZIC1 (7545),-0.045389622147137924
SH2D3C (10044),-0.045388534200302685
PNPLA3 (80339),-0.04537436539503388
PROK1 (84432),-0.045363416968518984
GPATCH11 (253635),-0.045338927033055094
CCDC152 (100129792),-0.045317182820568
NLGN2 (57555),-0.04531149753576198
TSPAN8 (7103),-0.045275178176284334
C16orf46 (123775),-0.045261886740669686
IL27 (246778),-0.04525572136631502
NAP1L2 (4674),-0.04525239739082511
DYNC2I1 (55112),-0.04525138343055042
ING2 (3622),-0.04525132651241351
NECTIN1 (5818),-0.045232140518476474
PTCHD4 (442213),-0.045224919608124456
SNTG2 (54221),-0.0452141520012103
DPEP2 (64174),-0.04520980647424089
DDO (8528),-0.04517742240703121
TCHHL1 (126637),-0.04517584584061731
TTC32 (130502),-0.0451756469695489
NR1D1 (9572),-0.045154127688639537
MAP3K5 (4217),-0.045150233456040516
LIG4 (3981),-0.045134827813308416
SPINT1 (6692),-0.04512786880591981
GGA1 (26088),-0.04512655277508955
MTMR8 (55613),-0.04512002667157468
HMX3 (340784),-0.045097594488601046
OR52E8 (390079),-0.04508354820026626
CHMP1A (5119),-0.04505424351730943
MAGEB3 (4114),-0.04505322573681256
COX5B (1329),-0.04504669714496199
PLK5 (126520),-0.0450451026095471
TRMT5 (57570),-0.04504468384145741
PRMT9 (90826),-0.045036537718927225
LPCAT1 (79888),-0.045006580048928144
MRPL19 (9801),-0.044994593986449526
FBF1 (85302),-0.04499355528497771
AHSA1 (10598),-0.04498910530551631
ANGPT1 (284),-0.04498734614797762
GRINA (2907),-0.0449788374060688
VENTX (27287),-0.04495818725291094
KIR3DL2 (3812),-0.04495482658072465
NID1 (4811),-0.044945120065444044
FNDC9 (408263),-0.04493730839449002
MGAT4D (152586),-0.04493702762288999
ARL4A (10124),-0.04493662261514336
PIDD1 (55367),-0.04490508326251982
HAUS1 (115106),-0.04490395106746252
HRH1 (3269),-0.04489284156560839
CARD11 (84433),-0.04488192641379722
CASP4 (837),-0.0448778158681869
CFD (1675),-0.04487623488532103
GJA3 (2700),-0.04487590660621381
OR8S1 (341568),-0.04486738533618473
CDKN1B (1027),-0.044855812379368476
COL6A6 (131873),-0.04484941953552145
CST11 (140880),-0.0448481083966582
E2F8 (79733),-0.04484529305546199
EFNB3 (1949),-0.04483643049715909
STAT5A (6776),-0.04482534116515603
SRSF10 (10772),-0.04482383733743987
ZBTB38 (253461),-0.044812325817689555
OR6C1 (390321),-0.044803362375494114
ZNF202 (7753),-0.044788807364258006
TMEM170A (124491),-0.04475899041509339
TUBA3E (112714),-0.04475223222795608
CLEC1A (51267),-0.044710657317255445
ANXA5 (308),-0.04467050694027162
AP3S1 (1176),-0.04465920828131002
ITGA8 (8516),-0.044633728912984796
CYFIP1 (23191),-0.044628039414563135
TMPPE (643853),-0.044591675036237045
SEC61A2 (55176),-0.044589360271342283
DCUN1D2 (55208),-0.04458538146821399
ZMYM6 (9204),-0.04458091058104967
SEMA3G (56920),-0.044573782461607404
SGSM3 (27352),-0.04456345609403755
CLDN23 (137075),-0.04454109197001583
SLIT2 (9353),-0.044535223536240086
GYG2 (8908),-0.04453468059858374
PRR18 (285800),-0.04452347948017568
ECHS1 (1892),-0.044510615056749206
CNTN6 (27255),-0.04450940621033191
PLPPR5 (163404),-0.0444993563398723
SCLT1 (132320),-0.044496979537043846
PWWP3B (139221),-0.044486311924449407
THSD4 (79875),-0.04446832595695633
EIF1B (10289),-0.04446132565447887
NKX1-2 (390010),-0.044440496128382
FBXO47 (494188),-0.044431126636405936
AQP1 (358),-0.04442682656239246
ZNF124 (7678),-0.04441285034646195
NMB (4828),-0.044408615420675826
PLA2G2D (26279),-0.04437483321691007
CLDN6 (9074),-0.04436866320282508
NPHS2 (7827),-0.04436665413729389
DPP4 (1803),-0.04432875957400912
ATP13A3 (79572),-0.04432519102337003
SP2 (6668),-0.04428360867894662
FAM177B (400823),-0.04426309903882618
SATL1 (340562),-0.04426074901375846
TRMT11 (60487),-0.04425644057991637
CSTA (1475),-0.04422565130177168
NCOR1 (9611),-0.044209694631991585
GLB1 (2720),-0.04420053165985107
ARHGDIB (397),-0.044193765381437246
SMOC1 (64093),-0.04419007364462557
AAAS (8086),-0.044177835796479256
WDR11 (55717),-0.04417625521771999
IFT25 (51668),-0.044156566234608834
ZNF300 (91975),-0.044134608323964646
MAN2C1 (4123),-0.044129504767228524
KRTAP4-9 (100132386),-0.04411322780047229
INO80D (54891),-0.04409946584812836
GALNT13 (114805),-0.04409186992333884
TSHZ2 (128553),-0.044089837511151336
FAM110B (90362),-0.044084832222082745
SLC2A7 (155184),-0.04405989535194297
GRK4 (2868),-0.044057363327673654
WDR18 (57418),-0.044053374280400924
KRTAP3-2 (83897),-0.04405318204849307
NSD1 (64324),-0.04405146753481707
FYTTD1 (84248),-0.04402667447052945
TLE6 (79816),-0.044021264792594106
TRIB2 (28951),-0.04401965383326332
GBP4 (115361),-0.04401417229276398
PNPLA7 (375775),-0.0439863980927976
SCRT2 (85508),-0.04396786297123649
NMT2 (9397),-0.04396657824171453
PRPS2 (5634),-0.04396183925053607
SS18L1 (26039),-0.04391522342606637
COMTD1 (118881),-0.04387881474459544
OR4C3 (256144),-0.04387846037861208
SSR4 (6748),-0.04386998746170784
PPT2 (9374),-0.04386699436780208
FNBP4 (23360),-0.0438661973448097
IQCF3 (401067),-0.04386064496110957
FCHSD1 (89848),-0.04385567450967596
OR52L1 (338751),-0.043829404737060006
SH2B3 (10019),-0.04381836766093537
GLO1 (2739),-0.04381663467245789
RANBP3 (8498),-0.043805424405082005
GOLIM4 (27333),-0.04375161281914229
NUTM2F (54754),-0.043739794282241465
TNFRSF11A (8792),-0.04371068715783027
CD180 (4064),-0.0437104930502002
OR2T35 (403244),-0.043707432977348415
CAPN14 (440854),-0.043699745240478136
TPGS1 (91978),-0.04367118283906821
ZNF805 (390980),-0.043665394810917454
PLSCR1 (5359),-0.043655575752691765
C10orf88 (80007),-0.04363745319242489
ANGPTL8 (55908),-0.04362463077680623
CLBA1 (122616),-0.04358904329768953
RRP8 (23378),-0.04356215996106249
DYRK3 (8444),-0.04355420225188346
APLP2 (334),-0.043538029631906415
PRSS35 (167681),-0.04353241143817858
CCDC88A (55704),-0.04353206263851227
LLPH (84298),-0.043523447574503604
CPO (130749),-0.043476240192812037
C12orf75 (387882),-0.043472853468831764
CENPM (79019),-0.04345582364031129
GALNS (2588),-0.043454941399137
CIMIP1 (128602),-0.04345401621477342
BLOC1S1 (2647),-0.043452878408268635
ARL3 (403),-0.04344946690630656
RRAS (6237),-0.04343172782101867
NIPA2 (81614),-0.0434253623572912
C12orf57 (113246),-0.04341046801115679
TENT5C (54855),-0.04340768878016849
IFI27 (3429),-0.0433956645025322
PDZD8 (118987),-0.043368587426921
DRGX (644168),-0.043359143180090105
CD302 (9936),-0.043347934585757114
CLCF1 (23529),-0.043333510379192385
APBB1IP (54518),-0.04333235293586405
PCDHGB7 (56099),-0.04331805845479082
PPP2CB (5516),-0.04328509267653189
AGTPBP1 (23287),-0.043272170492528295
KCNH4 (23415),-0.04326210954828179
EED (8726),-0.04325918765891039
FAM171B (165215),-0.043252366108533655
DBX2 (440097),-0.043222105011293324
APEX2 (27301),-0.04316428205004103
GPR88 (54112),-0.043161731256173744
PDGFD (80310),-0.04315586375749615
OR1A2 (26189),-0.04315174362280443
VAC14 (55697),-0.043147344896246345
C19orf33 (64073),-0.04314532998096997
H3C6 (8353),-0.04313328401922462
SVOPL (136306),-0.04312364668588263
ZG16B (124220),-0.043108379759215755
LURAP1L (286343),-0.04310374509026922
PJA1 (64219),-0.04310149062422118
EPS8L1 (54869),-0.043097123591260764
KCTD14 (65987),-0.04308352880922761
TMEM92 (162461),-0.04307050010440752
HTN3 (3347),-0.04304961300314848
TARM1 (441864),-0.04303019869793619
SPRY2 (10253),-0.04302027513956126
APEX1 (328),-0.04301890919770492
LY6H (4062),-0.04301136484450709
CCL17 (6361),-0.04300564941886331
TMEM50A (23585),-0.04300400228073194
SUV39H2 (79723),-0.04299841108345594
SLC39A12 (221074),-0.042990767950059905
TLL1 (7092),-0.04297395213102878
TIRAP (114609),-0.04295469756317558
SOX2 (6657),-0.04295420086780793
KBTBD6 (89890),-0.042953030470561836
RGS9 (8787),-0.0429466787666314
PVALB (5816),-0.04294154607487385
PCGF1 (84759),-0.04293431411795984
CCL1 (6346),-0.042932076068818874
OR51D1 (390038),-0.042917014112922834
FGF10 (2255),-0.042916295855151054
AASS (10157),-0.042900389524286826
NEK9 (91754),-0.04287576763337242
USP16 (10600),-0.04287015658057479
EPOR (2057),-0.042862425152090135
ZNF775 (285971),-0.04286240588201715
ZNF280A (129025),-0.042858639845032305
RO60 (6738),-0.042857142735531505
GFM1 (85476),-0.04285062789831149
GOLGA8M (653720),-0.04284660917277016
FCGRT (2217),-0.042837773206037544
ZNF670 (93474),-0.042807435520126454
FNTA (2339),-0.04280450166295009
GK2 (2712),-0.04280273593365318
DDX19B (11269),-0.042797762561602955
SLC22A1 (6580),-0.04279394443575042
HEATR6 (63897),-0.04274740222211312
CCDC89 (220388),-0.04274461685621385
CAPN13 (92291),-0.04269889690680444
OR1C1 (26188),-0.042693011815829296
STAU2 (27067),-0.042677387785262
SYCE1L (100130958),-0.04267498048975878
TMEM87B (84910),-0.0426727362091381
CELF2 (10659),-0.04267184321271446
KCNIP3 (30818),-0.042657053563913104
EGLN2 (112398),-0.042655244972013416
ZNF350 (59348),-0.04264513206121521
SERTAD3 (29946),-0.04264049235209746
CENPU (79682),-0.04263782895374683
FAM24B (196792),-0.04260667825474403
PTGR1 (22949),-0.04260337015589247
ZC3HAV1L (92092),-0.04256366878685173
GPR152 (390212),-0.042562696542957495
NEUROD4 (58158),-0.042538931174190185
RAP2B (5912),-0.04253120021109043
MIF4GD (57409),-0.0425203081311641
RHOH (399),-0.04251024475007151
DDX4 (54514),-0.042503005347371
CCR2 (729230),-0.04249619762735642
SERPINA11 (256394),-0.04244709051017515
AP4E1 (23431),-0.04241566546033601
KLB (152831),-0.04241144084661443
EDEM1 (9695),-0.04240992675470044
CNBD2 (140894),-0.042371468897972574
SEZ6L (23544),-0.04236473428733021
ST6GALNAC5 (81849),-0.04236454876267565
ZNF549 (256051),-0.04235289188590691
PLCD1 (5333),-0.04235088401049559
PIGZ (80235),-0.04234561555914551
SELENOK (58515),-0.04233899645359505
SNTG1 (54212),-0.04231192211348192
CFAP52 (146845),-0.04228985031174087
OAF (220323),-0.04228856398796642
INO80C (125476),-0.04225771481347283
NFX1 (4799),-0.042231482466976576
ACSBG1 (23205),-0.04222671663094748
OR2L3 (391192),-0.042216783201534526
PDIA3 (2923),-0.04218242149731886
FCSK (197258),-0.04217990514590032
ALKAL2 (285016),-0.042173088170494956
MPHOSPH10 (10199),-0.04216846712082891
TMED4 (222068),-0.042163511158595214
OR1L1 (26737),-0.04211331213337038
PORCN (64840),-0.04211040599911659
ZNF680 (340252),-0.042107043070208204
NANS (54187),-0.04201882469599887
BBIP1 (92482),-0.042004985846551254
HAPLN1 (1404),-0.04199388348660808
ZNF880 (400713),-0.04199102681887291
MLIP (90523),-0.04192943356910735
PIGP (51227),-0.04191778287669395
RGS12 (6002),-0.04191684129564189
IL36RN (26525),-0.041906248175950664
FEV (54738),-0.04189818310786701
KLHL2 (11275),-0.04187339081933381
MELTF (4241),-0.041871781324117306
QTRT2 (79691),-0.0418693237971227
STAT5B (6777),-0.04183443667438891
ANKRD46 (157567),-0.0418300359880041
ANO3 (63982),-0.041806440674262625
SGSM1 (129049),-0.04180538790769543
XKR4 (114786),-0.04178633200139178
EYA2 (2139),-0.04176875972105455
TPSAB1 (7177),-0.04176641708886449
TMEM248 (55069),-0.04175614377768253
CD2 (914),-0.041746303287615374
CGA (1081),-0.04174086021484366
ELF5 (2001),-0.04169381810211217
KBTBD8 (84541),-0.04169098905831535
MSMO1 (6307),-0.04167000947185234
PROSER1 (80209),-0.041666227623699814
MROH6 (642475),-0.04166448485893742
LRRTM4 (80059),-0.041643961586894526
ENTPD4 (9583),-0.04162914525175655
UPB1 (51733),-0.04160921267410939
TAAR2 (9287),-0.04158594140826923
GORASP2 (26003),-0.04158298879068847
FBXO27 (126433),-0.04157297254993323
IL17RB (55540),-0.04153896613454765
CNOT7 (29883),-0.04153390093735833
KRT10 (3858),-0.04152762080116465
CELSR2 (1952),-0.041514551838407625
SMO (6608),-0.04150603692929796
UVSSA (57654),-0.04150234453346989
LMX1A (4009),-0.04149748090603521
DGLUCY (80017),-0.041477409508899735
PELI1 (57162),-0.041476385730386686
WIPF1 (7456),-0.041473433332246776
KLHDC9 (126823),-0.04147227525887366
PRDM11 (56981),-0.04145431290446159
BAZ1B (9031),-0.041449434174819944
FAM120AOS (158293),-0.04144020701625967
ZCCHC14 (23174),-0.041394799484807406
THG1L (54974),-0.04138759264173997
S100PBP (64766),-0.041380432572271156
FEZ1 (9638),-0.041378657838513425
CTRB2 (440387),-0.04137862884257758
NFATC4 (4776),-0.04137261183811342
OLR1 (4973),-0.04135033440403215
SYCP3 (50511),-0.04134404983219222
C1QA (712),-0.04127680403264698
BEX3 (27018),-0.04126898187802096
PGM5 (5239),-0.04125718749179312
U2AF1L4 (199746),-0.04124535576990084
CPEB2 (132864),-0.041231548216664804
BGLAP (632),-0.041231438792287245
MPHOSPH8 (54737),-0.041224911933220344
MASTL (84930),-0.041223142162720716
TNFSF8 (944),-0.04120976057499097
GNRH2 (2797),-0.04120434537710773
ZNF835 (90485),-0.041196278127588595
PGBD1 (84547),-0.04119332753658686
SORL1 (6653),-0.04119281524448208
COL23A1 (91522),-0.04117790302804107
PRRT2 (112476),-0.041161345992448015
ZNF26 (7574),-0.04112685601996967
OR3A1 (4994),-0.04111601316424221
NXPH3 (11248),-0.04111531389206581
SLC39A5 (283375),-0.041077425961817224
NRAP (4892),-0.0410681431326251
SI (6476),-0.04105744110341899
SPEN (23013),-0.04105721230412855
POMGNT2 (84892),-0.041053779921311526
CCER1 (196477),-0.041047492165039313
IFIH1 (64135),-0.04104660688091113
SPATS2L (26010),-0.0409715674315164
PPP1R3C (5507),-0.04097002578816094
HLF (3131),-0.04095514402482673
AKAP3 (10566),-0.04094684859146488
ASPHD2 (57168),-0.040939629731779836
POU4F2 (5458),-0.0409373193543597
RBFOX1 (54715),-0.04092315858316705
LRATD1 (151354),-0.04091094808646315
TP53AIP1 (63970),-0.040910935559529606
GHRHR (2692),-0.04091076726105487
RAB34 (83871),-0.040896395816213287
UBE3C (9690),-0.04087421254881867
CERS6 (253782),-0.0408504453312375
RDH13 (112724),-0.04084267678996957
ETV4 (2118),-0.04083657620066011
KANK1 (23189),-0.04083123462130776
WDFY1 (57590),-0.0408289460918529
HCN2 (610),-0.040822824057626036
PABIR2 (159090),-0.04080817585995401
SUCNR1 (56670),-0.040807006639528416
C10orf71 (118461),-0.0407943417279655
CYSLTR1 (10800),-0.040794132916792354
SOCS2 (8835),-0.04079305424126051
GOLGA1 (2800),-0.04077849270295435
PCSK5 (5125),-0.040752904281543254
CCDC198 (55195),-0.040728628079268775
HESX1 (8820),-0.040724179653545675
MLH3 (27030),-0.04070244397809852
MPDU1 (9526),-0.04070152972641658
WDTC1 (23038),-0.0406977220172027
XKRX (402415),-0.04069451353335746
SLC39A11 (201266),-0.04064201891201644
NTNG2 (84628),-0.04063997340837009
XCR1 (2829),-0.04062126971779898
CANT1 (124583),-0.040619524130072596
KANK4 (163782),-0.040617246209595816
SLC45A4 (57210),-0.04061088651799828
KRTAP25-1 (100131902),-0.040602253189159984
PLXNB3 (5365),-0.04059449126002238
WDR76 (79968),-0.040585050799267795
PDLIM5 (10611),-0.04055130581496565
TATDN3 (128387),-0.04055065146116667
ZMAT3 (64393),-0.04054690505290532
ANPEP (290),-0.040529971183180816
GRIN2D (2906),-0.04050587088963181
ARID1B (57492),-0.04049294593823548
CXCL12 (6387),-0.04048645019943659
LIPJ (142910),-0.040465723021122536
FKBP7 (51661),-0.04045790063037157
FN3K (64122),-0.04043551321885165
ALKBH6 (84964),-0.040417950344947516
TMEM235 (283999),-0.04040944831744427
ENPP1 (5167),-0.040394993013592145
UNC13A (23025),-0.04037998821660482
HYCC1 (84668),-0.040373128119152626
CAGE1 (285782),-0.04036941130193955
TMC6 (11322),-0.0403648104204898
GOPC (57120),-0.04036398574591692
MMP23B (8510),-0.040338504261374794
SIK3 (23387),-0.04033806980220199
ADAM18 (8749),-0.04033435717040163
ERCC3 (2071),-0.040331804248465095
KDELR2 (11014),-0.04032615355262281
SMARCA4 (6597),-0.04032059765222083
OR2Y1 (134083),-0.04030453296873929
CEP44 (80817),-0.040292097893217214
ZDHHC8 (29801),-0.040290346846818675
KRT5 (3852),-0.04027519611195339
TYMP (1890),-0.04024267560465241
EHMT1 (79813),-0.040238064393139754
KLHL28 (54813),-0.040236013830055026
OR5B3 (441608),-0.04020902748409698
CSRP1 (1465),-0.04019129481624566
SPAG8 (26206),-0.0401890387132471
BNIP3 (664),-0.040162377619418474
HHIP (64399),-0.040161097831340996
GOLGA8N (643699),-0.04014198613918393
OR10K1 (391109),-0.04013741846410818
IL17RC (84818),-0.04013331661528532
GPR137C (283554),-0.040130770792830915
TEX29 (121793),-0.040108161352823093
BEND2 (139105),-0.040099179290815634
KIAA0319 (9856),-0.040087813953473814
REG3A (5068),-0.04008016449793496
CTBP1 (1487),-0.04006744300236482
PCMTD1 (115294),-0.040050945507704216
GMNN (51053),-0.040043314208429034
HSPH1 (10808),-0.04002793710557442
TBC1D15 (64786),-0.04002690301349078
LRFN1 (57622),-0.04002487106531238
ARHGAP21 (57584),-0.04000594848899522
IFT80 (57560),-0.03999223977568663
SCN7A (6332),-0.03992771406475213
GZMM (3004),-0.039919154511653246
STK32A (202374),-0.039917777644826534
PCNX2 (80003),-0.039907106409389534
ATE1 (11101),-0.03989385068328639
OR6C75 (390323),-0.03988311799011062
ARMC9 (80210),-0.03988152506751184
TENT2 (167153),-0.039864726342822475
CBX8 (57332),-0.03985461963545567
SIGLEC1 (6614),-0.03984367367704576
ARSA (410),-0.03982502509999496
TRMT10A (93587),-0.039818667231690245
TPM4 (7171),-0.039775058251215946
MAP7 (9053),-0.03976287630296395
RLN2 (6019),-0.03971899431366328
FGF12 (2257),-0.03970126307054801
DLST (1743),-0.039700692758284625
GAS2 (2620),-0.03969208554741483
EBI3 (10148),-0.03967305375947479
COQ9 (57017),-0.03961441083397566
LHX3 (8022),-0.039610819158172515
PPIE (10450),-0.03960676954899456
TTC22 (55001),-0.03960544790458612
TLCD2 (727910),-0.03960432999322281
CEMIP2 (23670),-0.03958636184322262
BMT2 (154743),-0.039585976306704435
TPGS2 (25941),-0.039585396797457525
HOXC4 (3221),-0.039584829002227165
PCBP1 (5093),-0.03955323195889693
CTSB (1508),-0.039545902425348
ZNF253 (56242),-0.03954218061574537
CFAP47 (286464),-0.03952397821314241
TSG101 (7251),-0.03945237460762811
GMPR (2766),-0.039451737853325064
ZKSCAN4 (387032),-0.03943475908908342
PAIP1 (10605),-0.039431368776223864
PCID2 (55795),-0.03942173762070578
METTL21C (196541),-0.03939003423402118
CT83 (203413),-0.039358023266929186
ALKAL1 (389658),-0.03934916603980989
MPPED1 (758),-0.03934155106069209
CLEC2L (154790),-0.03931439457855166
OR5K3 (403277),-0.03930564674506035
MYADM (91663),-0.03929356633071137
FBXW8 (26259),-0.039265479834407035
DNAJC25 (548645),-0.0392279772641476
STARD5 (80765),-0.0392134558496259
KCNH2 (3757),-0.03919888841463391
PIK3C2G (5288),-0.03918361795961389
NAT14 (57106),-0.03918259720712029
C1orf122 (127687),-0.03917701397895001
FGGY (55277),-0.03916541847751313
CTXN2 (399697),-0.0391640289926978
ZNF660 (285349),-0.039162601971401624
ZNF433 (163059),-0.039135302138207304
CLIC4 (25932),-0.03910861301107748
FHL5 (9457),-0.03910030707818971
UTS2 (10911),-0.03908742116986728
VCF1 (84923),-0.03907549676568156
ALPI (248),-0.039037295557121314
GDF10 (2662),-0.03901243706882874
SLC25A15 (10166),-0.0390012212354517
CYGB (114757),-0.038993359062841
SLC25A51 (92014),-0.038992033868894285
PDE4B (5142),-0.03898219333403563
CCDC179 (100500938),-0.03896660403781167
ITGA2 (3673),-0.03894613547271562
SLC35E1 (79939),-0.03892813324579962
B4GALNT3 (283358),-0.0389212449865981
DUSP28 (285193),-0.03892056241209173
TRAPPC6B (122553),-0.03892055151740896
ZNF587 (84914),-0.038905322648353696
NKX2-3 (159296),-0.03890379587539596
FCN1 (2219),-0.03890091874945187
APOBEC2 (10930),-0.038887189459917225
COA4 (51287),-0.03886572143844634
CEACAM5 (1048),-0.03886273143763295
TMPRSS13 (84000),-0.03884605723803281
KRTAP4-5 (85289),-0.038832846100552876
CHAC2 (494143),-0.03877297697567674
PIGS (94005),-0.03876862967766015
IHO1 (339834),-0.03875181024578927
ADAMTSL4 (54507),-0.038739368247528105
CAMSAP1 (157922),-0.03873597818137503
PSMA8 (143471),-0.03873227867188176
AP2A1 (160),-0.0387074343275668
CCNB1IP1 (57820),-0.038697366209819783
GM2A (2760),-0.038686270545180826
NXPE1 (120400),-0.03868037164370912
PRKD2 (25865),-0.03866587256323669
BIRC3 (330),-0.03863732189466264
TSPAN12 (23554),-0.03860937019023649
TMEM217 (221468),-0.03860237680137589
AK7 (122481),-0.03859872349578165
BBS7 (55212),-0.038584436599512384
PXMP4 (11264),-0.03857677817099547
KHDC1L (100129128),-0.038557177844711514
HS3ST2 (9956),-0.03854138222389193
OR10A2 (341276),-0.03853980948437974
PNPO (55163),-0.03852588771323665
CDYL (9425),-0.03848713776531556
IL19 (29949),-0.038478493343547235
GPR143 (4935),-0.038477871641901175
DYNLT2B (255758),-0.03847542986947873
MTERF3 (51001),-0.03846738910633453
BDP1 (55814),-0.03845866309697103
CKS1B (1163),-0.03843547778894449
CDHR5 (53841),-0.03840719474714123
PELI3 (246330),-0.0383965661262451
C1QL4 (338761),-0.03837541238099777
C1QL2 (165257),-0.03835911580665781
MARCHF7 (64844),-0.038334325187019756
ARL1 (400),-0.038327152246741096
TAS2R60 (338398),-0.03831895320675686
TMED2 (10959),-0.038317102265954264
ZNF449 (203523),-0.038315394485893065
DENND11 (57189),-0.03831273226014497
SIRT3 (23410),-0.03827066432300396
NMUR2 (56923),-0.03822794292393505
LINGO2 (158038),-0.03821606573673683
PIERCE1 (138162),-0.03820934704582213
CRISPLD2 (83716),-0.0381969376411362
APOL1 (8542),-0.038190338214513155
MIA (8190),-0.038183617580111746
AGER (177),-0.038171039831164114
IRGC (56269),-0.03816557923439527
C1RL (51279),-0.03815120215470527
ZNF37A (7587),-0.03813955008961402
LAT2 (7462),-0.038130892179580815
TEX44 (165100),-0.038111240241459496
TPTE2 (93492),-0.03810702741583592
IL20 (50604),-0.038106098468323094
C1orf174 (339448),-0.03807841507926456
KYAT1 (883),-0.03805935410667956
TMEM132A (54972),-0.03804682258993116
ZNF540 (163255),-0.03803441896626096
RAC2 (5880),-0.038020105700090776
MSLN (10232),-0.03801900370588597
PDZD9 (255762),-0.038000123542707695
COIL (8161),-0.037992712414670136
SMYD1 (150572),-0.037992251904721004
NT5M (56953),-0.03795874630718807
FLT3 (2322),-0.03792343080790252
NTRK1 (4914),-0.03790386137060133
FBXW10 (10517),-0.03788865079732865
COX4I1 (1327),-0.03787672459622175
SCOC (60592),-0.03786437247844607
ZNF528 (84436),-0.037864223959662
IFITM2 (10581),-0.037846917198992955
OR13C9 (286362),-0.037846702393563844
CRYAA (1409),-0.0378412853242095
KDM7A (80853),-0.0378361380088924
PIGU (128869),-0.03782420443180703
GPR34 (2857),-0.03781982106369257
CDK5R2 (8941),-0.03780556204053821
BCAP29 (55973),-0.037804938703802804
SLC5A7 (60482),-0.03780069947915735
STAP2 (55620),-0.03779893183041446
IFNK (56832),-0.0377955039624525
KRTAP9-1 (728318),-0.0377631786601121
DENND3 (22898),-0.037755209812231925
LEPR (3953),-0.03775268847496317
CNPPD1 (27013),-0.03774567214201119
ELOF1 (84337),-0.03772614459406768
KLC1 (3831),-0.03771361006812117
FTO (79068),-0.0377078493913139
C1orf105 (92346),-0.037705969237600646
VTI1A (143187),-0.0376988989723443
PSEN2 (5664),-0.037686611006242474
TBC1D10A (83874),-0.03766771694831368
UGP2 (7360),-0.0376427428808064
SUSD2 (56241),-0.03763924804221482
NHERF2 (9351),-0.037597960221461335
C6orf89 (221477),-0.03756466578257794
C22orf15 (150248),-0.03750925170086456
ZNF491 (126069),-0.03750614996105117
ZNF778 (197320),-0.037501200631972376
TPH2 (121278),-0.037494683338339815
BTBD17 (388419),-0.03749236855525
CLEC4G (339390),-0.03747490668601444
TNNT1 (7138),-0.037453113315040434
GJB2 (2706),-0.03745067383469388
GATA5 (140628),-0.03743313843811853
DDR2 (4921),-0.037431574691735504
SLC26A9 (115019),-0.037429069072730595
SFRP4 (6424),-0.03742488718870655
STK38L (23012),-0.0374244902124235
SMCO1 (255798),-0.03741764202102511
SUPT5H (6829),-0.03741659985069714
FAM227B (196951),-0.037413842828496136
ANKMY2 (57037),-0.03740855960694989
ARMCX1 (51309),-0.03737011205576745
SELENOW (6415),-0.037368719821306566
CFHR5 (81494),-0.03736381763251275
ITFG2 (55846),-0.03734941397623742
PTPA (5524),-0.037335709629042244
SLIT1 (6585),-0.03733294505075604
OR4D5 (219875),-0.03731877469172832
APOLD1 (81575),-0.03731093327151291
GIMAP1 (170575),-0.03729384584121457
ZNF480 (147657),-0.03727833146895798
IPO8 (10526),-0.03726860480661172
MRPL30 (51263),-0.03725660587380457
OR6F1 (343169),-0.037246600146400306
HOXA13 (3209),-0.03722641871619961
CDC42SE2 (56990),-0.03722228958142117
VDAC2 (7417),-0.03721625330990401
SPHK2 (56848),-0.03720158929710286
ARTN (9048),-0.037199496944176846
HOXD4 (3233),-0.037191213352053
SULT6B1 (391365),-0.03718388499043651
FAM210A (125228),-0.03717364136854527
MTHFSD (64779),-0.0371521766557084
CFAP96 (441054),-0.03713143711240856
RFC1 (5981),-0.03710398131531549
NUDT6 (11162),-0.03709730871813075
DHX34 (9704),-0.03707731179495065
COL5A1 (1289),-0.03706614554570825
SH2D4A (63898),-0.03705976547416306
NIPSNAP3A (25934),-0.037042347327005835
HS6ST1 (9394),-0.03704230857839578
FLNB (2317),-0.03704143031967318
DNASE1L1 (1774),-0.0370385560368429
FAM3C (10447),-0.03702947585257988
ZNF324B (388569),-0.03701351294939899
NEXN (91624),-0.03694793576877664
MS4A3 (932),-0.03691170201071726
TNNT3 (7140),-0.036893574845834595
PNPLA6 (10908),-0.03687994364436559
RNASEH2B (79621),-0.03686658921205121
TIMP1 (7076),-0.03686620462096295
CAV2 (858),-0.03686359546090095
TRPV2 (51393),-0.036863151539015655
ABTB3 (121551),-0.036856172389242346
ZNF630 (57232),-0.036820359977362625
RCBTB2 (1102),-0.03681313296785188
CDH16 (1014),-0.03681168769426653
DNAJB11 (51726),-0.03680911021384621
KRTAP19-8 (728299),-0.036807836611217004
NCKAP1L (3071),-0.03680582363792077
C3orf62 (375341),-0.036791773652845826
ADSS1 (122622),-0.03676757586175169
PLS1 (5357),-0.03676603137807608
SRP9 (6726),-0.03674858770461995
PGBD4 (161779),-0.03674620602878666
ZFP62 (643836),-0.03672498602873666
AQP4 (361),-0.03670113621377178
PPA1 (5464),-0.03669726367843333
DEGS1 (8560),-0.036683226748150985
SPTLC3 (55304),-0.03666870472097566
LDHB (3945),-0.036666754293000314
WBP4 (11193),-0.03666282326321836
MGA (23269),-0.03661374741499606
NIBAN2 (64855),-0.03661078253939384
SLC9A3 (6550),-0.0365847263718887
KDM3A (55818),-0.03657227181297258
MECR (51102),-0.03654380198427296
OR5A1 (219982),-0.03653390097474659
SHARPIN (81858),-0.036493863956040186
HLCS (3141),-0.0364406610088013
HOOK1 (51361),-0.036439143861082955
PCYOX1L (78991),-0.03643479735914417
EPN1 (29924),-0.0364337427929006
C8orf58 (541565),-0.03637150670312122
SPATA25 (128497),-0.03636689786873908
GDF5 (8200),-0.03636305859058397
FAM120A (23196),-0.03636294959589916
CTU2 (348180),-0.03635840073023113
CRAMP1 (57585),-0.03634728926952294
APOL5 (80831),-0.036347175166262964
UPRT (139596),-0.036322192513148575
FOXR2 (139628),-0.03631897940592373
TFPI2 (7980),-0.03630831604122601
ELAVL2 (1993),-0.036273790873606694
LIMK1 (3984),-0.03626302263900675
DYDC2 (84332),-0.03625892764589797
TPST2 (8459),-0.03625679083392657
MEF2D (4209),-0.03623416575872486
KIAA2013 (90231),-0.0362324541249544
GNA15 (2769),-0.03622349843538047
LAG3 (3902),-0.03621942680748548
RIOK2 (55781),-0.0362139174454813
GMEB2 (26205),-0.03620231487582977
MMP24 (10893),-0.036184493851929234
ACSM2A (123876),-0.03618308285946552
POU4F3 (5459),-0.0361753952694729
GPSM2 (29899),-0.03616968669955358
RUNDC1 (146923),-0.03616767755234787
TMA7 (51372),-0.03616178814944851
ADAM21 (8747),-0.03613195924988689
PAX4 (5078),-0.03611805255794535
SELE (6401),-0.03608630408149769
MYH3 (4621),-0.03603857086176758
RS1 (6247),-0.03603207422393057
CYP24A1 (1591),-0.03601295132731038
NWD1 (284434),-0.03601249756402964
HMSD (284293),-0.03601015136998273
FETUB (26998),-0.0360100865402148
TNF (7124),-0.0360051520457339
PNKD (25953),-0.03599619409556885
FAM200A (221786),-0.03599316196622611
HEY1 (23462),-0.0359909075515262
TUBB1 (81027),-0.03597772928473351
ACAD11 (84129),-0.035977348132413114
HPRT1 (3251),-0.0359752741874423
ZNF215 (7762),-0.035971227057725534
RECQL (5965),-0.03594503415699771
GK5 (256356),-0.03594468463625329
NUP160 (23279),-0.0359320950082199
SIRPB2 (284759),-0.03592839874314448
XKR6 (286046),-0.03591557754966979
APOL3 (80833),-0.03588315257259837
LRRK1 (79705),-0.03587671684895931
EXD1 (161829),-0.03585956995159863
TGM6 (343641),-0.03584585017324891
WNT6 (7475),-0.035820481250769434
IL2RA (3559),-0.03582028016514262
SPEF2 (79925),-0.03581748197230245
HOPX (84525),-0.035811238699778244
PCIF1 (63935),-0.03580464694700713
MMP28 (79148),-0.035750661931672804
SULT2B1 (6820),-0.0357330765928332
PC (5091),-0.035729664560387495
DNAAF3 (352909),-0.035720233666369575
COL8A1 (1295),-0.035672477979573694
CDIP1 (29965),-0.035649627613165806
NOTCH1 (4851),-0.035642439615561204
LMOD2 (442721),-0.0356394898451644
ZFHX2 (85446),-0.035638132161516935
FOSL2 (2355),-0.035630536942152576
LENG8 (114823),-0.03560040894401588
GPC2 (221914),-0.035576075121954216
CCN4 (8840),-0.0355692017315491
TMEM147 (10430),-0.03554933680360919
REC114 (283677),-0.03554125227520637
RAB29 (8934),-0.03554073750421029
LNPK (80856),-0.03553068353097966
NXNL1 (115861),-0.035524592113344654
CD300E (342510),-0.03552353696623737
TCEAL5 (340543),-0.035514138247989505
KCNE1 (3753),-0.03551051879868413
CAPNS1 (826),-0.035503642812545505
SHOC1 (158401),-0.03546270133215882
SLC12A1 (6557),-0.03546065140453166
UCN2 (90226),-0.03543680209043265
OR56A3 (390083),-0.035426106939592
TYRP1 (7306),-0.035407900973180584
ZNF575 (284346),-0.035391917489333534
PATL1 (219988),-0.03538578431416921
SCAI (286205),-0.035375973108777305
SLC22A14 (9389),-0.03536772312903484
TAS2R42 (353164),-0.03535699633044981
DESI2 (51029),-0.03532814947550838
GNAI1 (2770),-0.03532695923375689
RMDN2 (151393),-0.03530888786130641
TNS2 (23371),-0.03527006047133174
PABPC3 (5042),-0.03526818942803242
PIAS3 (10401),-0.0352643540955236
SPATA7 (55812),-0.03522138830174045
SPRED3 (399473),-0.035216890434709755
C1QTNF6 (114904),-0.035210710346582505
RPRD1A (55197),-0.03519495137135433
FNIP1 (96459),-0.035170263187635296
ZNF383 (163087),-0.03514651318444241
FOXA1 (3169),-0.03513910993848654
KRTAP8-1 (337879),-0.03508689380431457
POU2AF3 (120376),-0.035075141425034206
PER1 (5187),-0.03502652737917532
EXD3 (54932),-0.03500966630620319
OCRL (4952),-0.03500612554070915
TMEM186 (25880),-0.03500252464130377
ZNF296 (162979),-0.03496786971280828
ARSL (415),-0.03495434814307374
PINX1 (54984),-0.03495185159347959
ZNF587B (100293516),-0.034951143344238045
NSA2 (10412),-0.03493701314012014
GFUS (7264),-0.034935804733367645
GPANK1 (7918),-0.03492487576491673
LUZP4 (51213),-0.034920484669483304
CIMAP1D (284451),-0.03488522304923227
HYLS1 (219844),-0.034878713838947896
MEX3C (51320),-0.034865358436240355
DHRS7C (201140),-0.03485960515255606
CALN1 (83698),-0.03485007298252764
RBMX2 (51634),-0.03481715624784287
PRKCSH (5589),-0.03480610883370959
CFAP57 (149465),-0.03479717631358859
MAFF (23764),-0.034788294408840514
TLX1 (3195),-0.03478484357310128
ACOT8 (10005),-0.034781935941808194
ICA1L (130026),-0.034776603437547
KASH5 (147872),-0.0347742467674237
OR52K2 (119774),-0.03476886895846469
C20orf144 (128864),-0.03476809363596072
C4orf36 (132989),-0.03475350102027401
SRRM1 (10250),-0.034748313400297846
SCP2 (6342),-0.034739130507487094
INTS14 (81556),-0.03471732989488437
HSF2BP (11077),-0.034711087097614855
ZNF19 (7567),-0.034701944509197336
SNX16 (64089),-0.03468809157253961
UGT1A4 (54657),-0.03465484315666232
CFL2 (1073),-0.03462890513935987
CALML4 (91860),-0.03462215664195302
CFAP144 (440585),-0.034616350005648264
COQ10B (80219),-0.034585309912255974
CEP170 (9859),-0.03458483870941208
SPATA31F1 (259308),-0.034582312024942316
ITGB1BP1 (9270),-0.03458005723958187
ACBD3 (64746),-0.03456760101914286
NEUROD6 (63974),-0.034523563760320584
TMEM239 (100288797),-0.03451569140499339
QPCTL (54814),-0.034503169383009104
OR4C6 (219432),-0.034493646603578725
SETD3 (84193),-0.034491225079568776
S1PR4 (8698),-0.03448472206716022
GABRR2 (2570),-0.03446938428771852
CD300LB (124599),-0.034465642842138926
RNF150 (57484),-0.0344643336467752
PTAFR (5724),-0.034463513476081606
PLAU (5328),-0.034459279968255
ATP1A4 (480),-0.03444692367537126
SPATA6 (54558),-0.03444067416494713
GALNT6 (11226),-0.034434792821100985
UCHL5 (51377),-0.03442412116734268
SELENOT (51714),-0.03441964842271346
ACSBG2 (81616),-0.0344118774499217
METAP1D (254042),-0.03439746604061009
SERPINA6 (866),-0.03439014308124551
YEATS4 (8089),-0.034382301518239164
KNDC1 (85442),-0.034370433030945585
EVI5 (7813),-0.03436235089421194
EPHB3 (2049),-0.03435338363738001
PKN2 (5586),-0.0343482174613158
CCDC172 (374355),-0.03434769972431958
ZNF841 (284371),-0.034342225143783114
CCDC12 (151903),-0.0343411520489839
ARHGAP22 (58504),-0.03433791614205906
PTGDR (5729),-0.03432983223677514
UBXN10 (127733),-0.03431394786220969
UBE2V2 (7336),-0.03431015336920418
KDM6B (23135),-0.034299672105953485
KIAA1671 (85379),-0.03428360104452592
SFTPD (6441),-0.03427332286684451
KCTD16 (57528),-0.03427229702209893
FAM174B (400451),-0.034260924593098104
RNF19A (25897),-0.03425951565712533
SRSF1 (6426),-0.034235316818832205
CFAP65 (255101),-0.034232952536895435
MIER2 (54531),-0.03422191175213036
TRIM55 (84675),-0.034213619196541575
ROBO4 (54538),-0.034203323576646294
EN1 (2019),-0.03419545710305223
RALGAPB (57148),-0.034190835119924386
KPNA7 (402569),-0.03417824242650457
MBD5 (55777),-0.0341649882215865
DIO3 (1735),-0.03415057541717999
OPRK1 (4986),-0.03414585110443306
DERA (51071),-0.03413840178622913
LRFN4 (78999),-0.034134385488841526
STPG1 (90529),-0.034134219394154404
CXCL1 (2919),-0.034132284137010103
CYP2C8 (1558),-0.03413048481459881
TCTN3 (26123),-0.03409798384050762
OR2L13 (284521),-0.0340851549076885
TRIM10 (10107),-0.03407471719304349
OXCT2 (64064),-0.0340738322946107
PLAC8L1 (153770),-0.034061565985279915
NRIP3 (56675),-0.03404521551797822
LRP4 (4038),-0.03403916509997319
ZNF34 (80778),-0.03402443457608536
LRFN3 (79414),-0.03401428595343591
CTAGE9 (643854),-0.034010564761775525
KRT75 (9119),-0.03399953986115482
PDCD2L (84306),-0.0339899860784734
LBP (3929),-0.03398656057897157
LPAR6 (10161),-0.03397961840292977
CCIN (881),-0.03394534164649441
CSNK1A1L (122011),-0.03393590156269895
KIF13A (63971),-0.03391994058167212
CALCOCO2 (10241),-0.0339134449823157
NELFCD (51497),-0.0339115342189464
DNAJA3 (9093),-0.033905652549200124
FOXE3 (2301),-0.03388034519745351
TINAG (27283),-0.033874735746856365
ZNF486 (90649),-0.03386867397133676
FBXW12 (285231),-0.033857536119790324
HNRNPH2 (3188),-0.03385354544562794
LHX6 (26468),-0.033851189729773475
SALL2 (6297),-0.03384883989560363
RNF144A (9781),-0.03384307118853512
OR2A25 (392138),-0.03383854490698176
STKLD1 (169436),-0.033834546462960566
MAN2A2 (4122),-0.033829487412858614
PNP (4860),-0.03380623494735929
GGPS1 (9453),-0.033798838495772185
TEKTIP1 (100128569),-0.033794987797804134
H1-5 (3009),-0.033793376751522705
PGP (283871),-0.03378481986452178
RHOU (58480),-0.033781958272246664
PARP8 (79668),-0.03377173252976449
SLC5A2 (6524),-0.03376546794055195
RGR (5995),-0.03374352051901983
AK9 (221264),-0.033742424617174735
MC4R (4160),-0.03373804256793514
CLN3 (1201),-0.03373267809890094
GABRA2 (2555),-0.03372071041594756
OSBPL2 (9885),-0.03371922989916441
COG8 (84342),-0.03370603349564283
ERP27 (121506),-0.03369919756995919
CDK16 (5127),-0.03368526569484254
IFNA17 (3451),-0.03366349395471621
PTPN4 (5775),-0.03365910992579998
SEPTIN12 (124404),-0.0336389735033388
PTN (5764),-0.033633904466456796
C1orf52 (148423),-0.03363168288832452
IFI30 (10437),-0.03361643602249596
PPP1CA (5499),-0.033613297300187125
METTL27 (155368),-0.033591422227955574
DOK7 (285489),-0.03357292825255707
GABRG3 (2567),-0.033566354883795155
MORN5 (254956),-0.033557574005226486
OR8K1 (390157),-0.033549654194873005
M6PR (4074),-0.03354834488279507
LRGUK (136332),-0.03354564855522422
MMP8 (4317),-0.033541965684468954
HLA-DQA1 (3117),-0.03353972513318704
NELFA (7469),-0.033505651656274324
TIE1 (7075),-0.03350543109690869
ADAMTS12 (81792),-0.033484699957208666
CCAR1 (55749),-0.03345725266661361
ERH (2079),-0.03344185870589955
IRF6 (3664),-0.033406187330660315
ZNF496 (84838),-0.03339401663287006
MYH4 (4622),-0.0333927677262549
ASB17 (127247),-0.03338507401379317
SLC9A2 (6549),-0.033372403331991894
MT1F (4494),-0.03337108746580172
COQ8A (56997),-0.033364767414370645
ZNF619 (285267),-0.03335537939476256
NRSN2 (80023),-0.03333059918837165
PYGM (5837),-0.03332186517232733
ZNF652 (22834),-0.0332865312166416
TRIM62 (55223),-0.033281107437202785
SLITRK4 (139065),-0.03324345647884121
ECI2 (10455),-0.03324147309511207
NABP2 (79035),-0.03323857778516523
HSBP1 (3281),-0.033237783719661275
ZNF568 (374900),-0.033221359256617365
PPP1R1B (84152),-0.0332096721122021
TREML4 (285852),-0.033203970830290655
ST3GAL3 (6487),-0.03320017840700008
STOML1 (9399),-0.0331940793136293
COMMD2 (51122),-0.033193075649032254
CPNE5 (57699),-0.03316620051174764
RDH14 (57665),-0.03315959661555427
RRP9 (9136),-0.03315690867767236
CD151 (977),-0.03315296878160557
SAA4 (6291),-0.033147644176573746
THBD (7056),-0.033144851581949526
CD244 (51744),-0.03313878182155553
PCDHB7 (56129),-0.03313747556280129
DIRAS3 (9077),-0.03312689820889503
INTS15 (79034),-0.033119017078474755
PEX19 (5824),-0.033114981937187295
BTD (686),-0.033113898490867474
PPP1R3F (89801),-0.033105558304538305
TAB2 (23118),-0.03307698386720502
MPO (4353),-0.03307519854889536
SMURF2 (64750),-0.03306103422913819
APAF1 (317),-0.03306100830963528
LILRA2 (11027),-0.03305012931197525
TENT4A (11044),-0.03304263047540089
MEAK7 (57707),-0.03303438333354069
PRRT4 (401399),-0.032989878045841414
SDR9C7 (121214),-0.03298332186790615
CHMP2A (27243),-0.032982465923361556
PARPBP (55010),-0.03297239398159842
WDR31 (114987),-0.03296068183831457
CRISP1 (167),-0.0329539391977265
NPNT (255743),-0.032952239206461106
CMTM7 (112616),-0.03292715887504684
PGM3 (5238),-0.032926378666873306
IL22RA1 (58985),-0.03291468539458499
TM6SF1 (53346),-0.0329031697290791
SOX15 (6665),-0.032889848271806285
LPIN2 (9663),-0.032886903184845516
MON1B (22879),-0.032886877307847895
TSTD2 (158427),-0.03287981707305139
PTGFRN (5738),-0.03286688013172579
CRHBP (1393),-0.03285728417326434
MYO19 (80179),-0.03285489294406509
FAH (2184),-0.03283394073371439
PARP2 (10038),-0.03283366003105716
CERS5 (91012),-0.03283056037683942
CRTAM (56253),-0.03278683308647427
TMEM125 (128218),-0.032763481099936195
RBM17 (84991),-0.03276314190435783
KIAA1191 (57179),-0.032725151302786096
DNAJC30 (84277),-0.03272321275979146
DHX35 (60625),-0.032704927920365674
VWA2 (340706),-0.032695648972266865
LYZL6 (57151),-0.03269564187562292
BICRA (29998),-0.032691979877409676
NTMT2 (149281),-0.03268685215509559
BTBD7 (55727),-0.032669469725283465
WFDC11 (259239),-0.032656284461981114
LRRIQ3 (127255),-0.03263064571617336
ACOT13 (55856),-0.03262794018940403
KRTAP4-11 (653240),-0.03262333110079015
CMTM4 (146223),-0.03261666120278535
YIPF4 (84272),-0.03261533898096907
RESF1 (55196),-0.032597908598634893
ULBP2 (80328),-0.03253692405312471
TP53RK (112858),-0.032494998344410345
ACAN (176),-0.032470579577177625
CRYGC (1420),-0.0324442711269729
CCDC54 (84692),-0.03244082009306696
MMP1 (4312),-0.03243197274830528
GTPBP8 (29083),-0.03240969912859183
SST (6750),-0.032402922520512835
ZMIZ2 (83637),-0.0323965938570661
CNTLN (54875),-0.03238228926260096
SLC34A1 (6569),-0.03236979142177422
KMT5C (84787),-0.032347536467383135
CPAMD8 (27151),-0.032347142762001006
SPZ1 (84654),-0.03233355174183439
BTBD18 (643376),-0.03233351725886807
POGK (57645),-0.032330764989403335
SLC45A1 (50651),-0.03232730806904318
ACER1 (125981),-0.032316912587836644
GMEB1 (10691),-0.03231144750392988
MPV17L (255027),-0.03230695725024771
CD55 (1604),-0.032295841318866626
RALBP1 (10928),-0.032287799835044796
UGT1A9 (54600),-0.03228371751739928
SLC22A9 (114571),-0.03228063081234017
MAP6 (4135),-0.032266401627733185
FBLN7 (129804),-0.03224893852310795
SHROOM4 (57477),-0.0322340203475203
PHACTR4 (65979),-0.032207799700991746
EDN1 (1906),-0.03219945361262895
RAB5C (5878),-0.03217931148072746
C3orf22 (152065),-0.03217685964241822
SPRY3 (10251),-0.03216715577850589
RAB27A (5873),-0.032143299735291515
OR52E2 (119678),-0.03213330470939117
UBR4 (23352),-0.03212782573443766
PON3 (5446),-0.032122903838351244
TRPM2 (7226),-0.032114119498725134
OR2AT4 (341152),-0.032102306355172194
SPEG (10290),-0.03209005399664998
HMGN2 (3151),-0.03207944647881626
MGMT (4255),-0.032069720293303385
GYG1 (2992),-0.03204443907479263
FSHR (2492),-0.032030169619008265
MOK (5891),-0.032022005505920555
MMGT1 (93380),-0.03201759502960148
EPHA6 (285220),-0.0319988302902666
SAMM50 (25813),-0.03196342002140982
BTN2A2 (10385),-0.031962838740721096
SERPINB8 (5271),-0.03196199760514066
ATOSA (56204),-0.03195705573466323
TSTD1 (100131187),-0.03194847970266102
SCUBE1 (80274),-0.031922792626086535
ASAH2 (56624),-0.031922670246317064
CCDC22 (28952),-0.03192198155675131
NPC1 (4864),-0.0319056560688725
NFAT5 (10725),-0.031899989527138274
VN1R1 (57191),-0.031898016257233874
KLHL18 (23276),-0.03189192540145892
DAPK1 (1612),-0.03188465349661309
PRSS27 (83886),-0.03187642492533292
F2RL3 (9002),-0.03186607313293068
MLLT3 (4300),-0.031857965802730724
TOMM7 (54543),-0.03185567253161933
SLC25A34 (284723),-0.03185317607269455
OTUD1 (220213),-0.031823502172960004
ANO2 (57101),-0.03182056396046293
PSRC1 (84722),-0.03182054095578061
LARP1B (55132),-0.031806467769408445
ADNP2 (22850),-0.03180206247540118
PRMT3 (10196),-0.031797066265834305
PI15 (51050),-0.031791267109145725
PLEKHA8 (84725),-0.03178831463188196
BORCS5 (118426),-0.03178328175508941
MICALL2 (79778),-0.03176926779302518
LCE1B (353132),-0.031767604251041984
ZNF629 (23361),-0.03175858551753317
ADAMTS14 (140766),-0.03175132844340982
RBM34 (23029),-0.03175106000182336
CEP112 (201134),-0.03174628303704743
INPPL1 (3636),-0.03174439722057436
MLLT11 (10962),-0.031727538180219374
CISD3 (284106),-0.031715628559998134
ADH4 (127),-0.03170941013538301
LRP5 (4041),-0.031705781299788016
OR2AE1 (81392),-0.03170078198995922
SPACA7 (122258),-0.03167694802972683
CRYAB (1410),-0.03167611767407683
ZNF662 (389114),-0.03167580977883028
KCNQ1 (3784),-0.031641535439261174
MTA1 (9112),-0.031639267319560335
CYP19A1 (1588),-0.03162463502064124
CAP2 (10486),-0.0316184797045647
CDS2 (8760),-0.03161580793806007
OR5T1 (390155),-0.031610024436705374
ST6GALNAC6 (30815),-0.03160566314862083
KIF20A (10112),-0.03155880047476327
POLA2 (23649),-0.03155796993417459
SHC3 (53358),-0.03152267715178967
ATF2 (1386),-0.031517710971869874
RAP1GDS1 (5910),-0.03149515774172512
CCDC177 (56936),-0.031494390133545457
ERGIC2 (51290),-0.03149046022416433
FBXW9 (84261),-0.03146455839023586
DEF6 (50619),-0.03143765796973947
LSM1 (27257),-0.031435804669228344
APLN (8862),-0.031429705463589155
LIMCH1 (22998),-0.03142388254553346
VIRMA (25962),-0.03141793335272229
MYOD1 (4654),-0.03141446830607597
ZDHHC7 (55625),-0.031401713351059256
ITGB1BP2 (26548),-0.031375393021768776
SIPA1L2 (57568),-0.031375118864184155
SYNDIG1L (646658),-0.03136868906463182
FASN (2194),-0.031366186949385144
AIRE (326),-0.031354207015308375
GARIN4 (149647),-0.031346915202755656
DPF3 (8110),-0.03133189093166242
ILKAP (80895),-0.031331638189530185
CLDN1 (9076),-0.03133036815049425
ACVR2B (93),-0.031329168762329065
KLHL15 (80311),-0.03132238541507822
RBM38 (55544),-0.03130211349375148
MRPL12 (6182),-0.03129616721994745
CAPN3 (825),-0.03128633848027969
AKAP14 (158798),-0.0312780183919658
IPO4 (79711),-0.03127789438781144
ZP3 (7784),-0.03126808202052972
RGS4 (5999),-0.031265269796415265
ZNF608 (57507),-0.031249795015775395
NSMF (26012),-0.031244519127094396
PIANP (196500),-0.031239000413241246
CRTC2 (200186),-0.03123657404860436
PRRC2C (23215),-0.031232326653514286
C2orf69 (205327),-0.031229227387623314
TSSK3 (81629),-0.03121224534078505
C5orf47 (133491),-0.031193358347730737
STK10 (6793),-0.031190954068108616
KRR1 (11103),-0.031186422125822233
ZNF497 (162968),-0.031180749555855737
CITED1 (4435),-0.0311717163846544
AARS2 (57505),-0.031169278972655014
SAMD15 (161394),-0.03116517378265245
MROH1 (727957),-0.031159984342278492
C19orf81 (342918),-0.03113390182902681
RBM11 (54033),-0.031131920981659116
PLA2G7 (7941),-0.031103620655880026
SRRD (402055),-0.031079563046860055
CUTC (51076),-0.031072979823083557
SLC25A29 (123096),-0.03106003304461622
GFM2 (84340),-0.031056115068706657
SMIM19 (114926),-0.031051734618062255
SARAF (51669),-0.031038430360545377
CTTNBP2 (83992),-0.03103058972689881
KBTBD12 (166348),-0.031001641637192094
MUSTN1 (389125),-0.031000168096219444
SP5 (389058),-0.030988899100391404
NHLRC3 (387921),-0.030985916323467155
EXO1 (9156),-0.03097741021803051
RAD17 (5884),-0.03096759383492298
AMPD3 (272),-0.030961498776165212
HOOK3 (84376),-0.03095927675534498
ZSCAN5A (79149),-0.030958514676453698
NNMT (4837),-0.030941171799646387
RNF11 (26994),-0.03093229082071867
CNGA3 (1261),-0.030899286987560448
TAGLN (6876),-0.030896700330234263
SNED1 (25992),-0.03087144953420941
YIPF2 (78992),-0.030868323546485176
TARS3 (123283),-0.03084817632581255
CDC42EP1 (11135),-0.03084588259351847
CD72 (971),-0.0308370789313298
KCNG2 (26251),-0.03082552142803897
YOD1 (55432),-0.030824289857837594
WASL (8976),-0.03078641970696182
GNMT (27232),-0.030776463734317007
TLR7 (51284),-0.03077299905365098
ODF1 (4956),-0.030765282431975367
TYW3 (127253),-0.03076194904049461
OR10P1 (121130),-0.030760292054100413
ZNF81 (347344),-0.030755478454948127
RNF38 (152006),-0.03075451411692671
SLC16A9 (220963),-0.030746999708489552
ABCG5 (64240),-0.030743669037901
LIMA1 (51474),-0.030741571936925415
NKIRAS1 (28512),-0.03073662235324199
ZNF25 (219749),-0.0307187238988448
GINM1 (116254),-0.030715430579239145
TTC1 (7265),-0.030709601266128227
FAM114A2 (10827),-0.030708376866214738
CCDC110 (256309),-0.030701596321805247
HMCES (56941),-0.030691880938539907
RNF34 (80196),-0.030683817604273966
TREM2 (54209),-0.030658968029279282
PICALM (8301),-0.030656860641458738
DCTN6 (10671),-0.030652931835707296
CRAT (1384),-0.030645867582221403
OR2B3 (442184),-0.030639137714266358
MRPL27 (51264),-0.030628355158195907
PAK2 (5062),-0.030617014485168858
ZNF439 (90594),-0.030606591784090975
GKN2 (200504),-0.030604074255585333
MGARP (84709),-0.030603346518074857
IL2RG (3561),-0.030594250690207082
SCT (6343),-0.03057538188299891
ZNF613 (79898),-0.030569959774122617
MSANTD4 (84437),-0.03056622279170984
AMN (81693),-0.030560809796922196
PRAF2 (11230),-0.030551863857315807
PTGR2 (145482),-0.03052789768877136
DPH1 (1801),-0.030527362505649643
FASTKD1 (79675),-0.03052734579060946
KIF5B (3799),-0.030520920624672508
TCF15 (6939),-0.03051513283663503
ANKRD30B (374860),-0.030507018594374997
TEX101 (83639),-0.03049433694235452
PTCD2 (79810),-0.030494302370413486
ACP6 (51205),-0.03044939535618102
FDXACB1 (91893),-0.030439500734207627
TTC29 (83894),-0.030432085903155805
SLC1A1 (6505),-0.03041653796658057
PARD3B (117583),-0.030415692828646913
ENTPD7 (57089),-0.030410718646343392
SERPINA3 (12),-0.030391727676738516
TRNP1 (388610),-0.03033403904323554
ADARB2 (105),-0.030329658453350162
KRT6A (3853),-0.030317194870785685
RBL1 (5933),-0.03031321198506215
KLHL9 (55958),-0.030296471423064873
TACC1 (6867),-0.03029062322451167
TMPRSS3 (64699),-0.030272576647346217
ARRDC2 (27106),-0.030271695383155252
LHPP (64077),-0.030258226826890167
VSIG10 (54621),-0.030233543132802167
MTERF2 (80298),-0.03021652973598212
CERS1 (10715),-0.030197757291958588
TNXB (7148),-0.030193500494132476
CSTB (1476),-0.03018524196637377
CARD9 (64170),-0.030182074898679766
EML4 (27436),-0.030177453638617124
RSPO4 (343637),-0.030170986287952357
RSF1 (51773),-0.030170611098317
MAGEA10 (4109),-0.030163094419025215
TAS1R2 (80834),-0.030151543091128264
TRIM24 (8805),-0.03012406939090203
PUSL1 (126789),-0.03011168746535841
TANGO6 (79613),-0.03007849422800568
SORBS2 (8470),-0.030058821488741994
RND3 (390),-0.030057149808191214
SIRPB1 (10326),-0.030051794743617372
DEUP1 (159989),-0.030040447794827764
TXNDC16 (57544),-0.03002235028942707
P2RY10 (27334),-0.030016341439430494
TTC39A (22996),-0.029983365205295744
GPR137 (56834),-0.02997769666232123
CASTOR2 (729438),-0.029971168219393145
MEGF10 (84466),-0.029954311965637293
KERA (11081),-0.029936672167478022
NAP1L3 (4675),-0.029929791116332805
KCNF1 (3754),-0.029923023778715863
ZNF691 (51058),-0.02990832465795489
MIPOL1 (145282),-0.029904967824693977
ATP11A (23250),-0.029900365053176874
KBTBD13 (390594),-0.0298295940969735
RIPK1 (8737),-0.02981820128535707
SLC9A7 (84679),-0.02981696074732914
NINJ2 (4815),-0.029790335182967413
CDHR3 (222256),-0.029784205817590403
PCDHA11 (56138),-0.029781588176162683
PROK2 (60675),-0.029777673726538733
SEC14L3 (266629),-0.02977330548906324
PRR16 (51334),-0.029767704967093033
KCNQ4 (9132),-0.02976751228643173
VAMP2 (6844),-0.029750114193723958
TRAF3IP2 (10758),-0.029746299296468277
TAL1 (6886),-0.02972907864963788
SOX8 (30812),-0.029727743346167335
ZBTB26 (57684),-0.02971152457897306
TXNRD1 (7296),-0.029710939059223996
VWA5A (4013),-0.029692176509038375
IGDCC4 (57722),-0.02968659112588422
SLC7A10 (56301),-0.029684469485194497
SYNPO2 (171024),-0.029666324436372384
C8orf76 (84933),-0.02965008288807286
TAS2R10 (50839),-0.02964062340934335
ZNF217 (7764),-0.029639076286537724
SERP1 (27230),-0.02963098426737858
SNX4 (8723),-0.02962551641773057
PLA2G4C (8605),-0.02959142460141532
YJU2B (81576),-0.029584466384036355
PPFIA1 (8500),-0.029546942780341156
ANKLE1 (126549),-0.02952510558164436
VEGFC (7424),-0.02952463042121995
HPS4 (89781),-0.029500787279955372
FMR1NB (158521),-0.02948917487588324
KLF17 (128209),-0.029482870730154275
ACSL1 (2180),-0.02947455826765851
ZNF48 (197407),-0.02946932995388648
ANXA8L1 (728113),-0.02946065387491665
WBP2NL (164684),-0.029450374719842427
MFSD5 (84975),-0.029445150791776908
ATP11B (23200),-0.02943240156376096
CAPN7 (23473),-0.029424150441232637
ZIK1 (284307),-0.029422419386777282
PKP2 (5318),-0.029412388140700834
CASP1 (834),-0.029401175360606963
BLTP3B (23074),-0.02938856956751861
EMILIN1 (11117),-0.02937540567629815
CENPT (80152),-0.029374699040337883
SLC6A13 (6540),-0.02937234387926104
NAALADL2 (254827),-0.029359284367801906
SLC1A6 (6511),-0.029334319842141354
UQCRQ (27089),-0.029332859717434278
ISLR2 (57611),-0.02932075576556985
LRRC23 (10233),-0.02931462023468314
CCDC117 (150275),-0.02928174179529256
EXTL3 (2137),-0.029270903384946888
NRGN (4900),-0.029262895726425785
SH3D19 (152503),-0.029262000293251583
LGALS4 (3960),-0.029249934118606026
RTP1 (132112),-0.029248474989062644
ATP2B2 (491),-0.029247103552202103
FAM186A (121006),-0.029236163873062705
ZNF709 (163051),-0.029219293923095552
PRKAG1 (5571),-0.029197656087317565
FGFR4 (2264),-0.029181445526235184
CHST1 (8534),-0.029180823207561025
ELP6 (54859),-0.029135831364063926
ADCY1 (107),-0.029107685724773392
SASS6 (163786),-0.02909391481081469
PITX3 (5309),-0.029078173218526876
HDAC8 (55869),-0.02907146009229756
FAP (2191),-0.029071236954256962
FKBP14 (55033),-0.02906678598793319
ILRUN (64771),-0.029061756030295493
HSPA2 (3306),-0.02905878539986782
PARP14 (54625),-0.02903049302492768
APOE (348),-0.029027722318414245
CT55 (54967),-0.028991836860828745
TMEM19 (55266),-0.02898548429142267
TINAGL1 (64129),-0.02898384578464764
MMEL1 (79258),-0.02897057637688455
ACSL5 (51703),-0.028969028734232898
TICAM1 (148022),-0.02895736652469525
ADGRE1 (2015),-0.028953385727231596
MAN1B1 (11253),-0.02894811161155685
RAD23B (5887),-0.028926633429525107
FREM3 (166752),-0.028926268747306073
HERC5 (51191),-0.028924789701746233
UBQLNL (143630),-0.02891386811391312
ZNF737 (100129842),-0.028910705315460992
YY1 (7528),-0.028910677891478588
FAM133B (257415),-0.02891008964394113
FUS (2521),-0.028896326200209616
MINAR2 (100127206),-0.02889427703734788
AP1M1 (8907),-0.028864784154848673
KCNQ3 (3786),-0.028857465194387033
H6PD (9563),-0.02885286092361717
TAS2R41 (259287),-0.028840226466232168
LGI2 (55203),-0.02883679644623467
COL17A1 (1308),-0.02883301967697635
SEMA4F (10505),-0.02883232907250673
ZNF441 (126068),-0.02882782450660102
SZRD1 (26099),-0.02882026740596197
SLC22A15 (55356),-0.028818241401349476
OR8D4 (338662),-0.028817039943199518
FHOD1 (29109),-0.02880941611242415
AUH (549),-0.028788269133170376
STAT2 (6773),-0.028755590614518135
ZFP64 (55734),-0.028750448069224582
REEP5 (7905),-0.028735090350072823
MMP7 (4316),-0.028728736072840953
TECTB (6975),-0.02871806802723037
ARMC2 (84071),-0.02868189949499249
KLHDC1 (122773),-0.028677584783867553
PDGFB (5155),-0.02865553108152044
GTPBP3 (84705),-0.028629782571463917
SLC37A1 (54020),-0.028628962488307364
ZNF229 (7772),-0.028617385859807574
TMED7 (51014),-0.02861142489664158
PPL (5493),-0.028604360244262862
SLC35B3 (51000),-0.028603920470697007
WFDC1 (58189),-0.028594955239309206
CTIF (9811),-0.02855887626735255
RP9 (6100),-0.028549569701373324
FAM13A (10144),-0.028539327473103233
ZNF793 (390927),-0.02851936879645689
KRT19 (3880),-0.02849758570374753
C6orf15 (29113),-0.028490353823778174
SH3BP5L (80851),-0.028473628063174335
CPEB3 (22849),-0.028473566077792035
NDUFB6 (4712),-0.028466064579982853
GPRIN1 (114787),-0.028420411061560374
SPDYA (245711),-0.02841952322282183
SLC26A5 (375611),-0.02839870320546873
EXO5 (64789),-0.028397035328524788
REG3G (130120),-0.028396585622831722
GEMIN4 (50628),-0.02835031273816324
USH1C (10083),-0.028347305865808636
APIP (51074),-0.028346470777363297
PA2G4 (5036),-0.02834578218612128
AADAC (13),-0.0283450498888848
TNN (63923),-0.028344827698748652
CYP2C9 (1559),-0.028322625555723548
SNX18 (112574),-0.02831673917513423
CABP7 (164633),-0.028316365514302798
GSDMD (79792),-0.028315707067982053
RHOV (171177),-0.02828259434339242
KMO (8564),-0.028266738072500814
ZMYND19 (116225),-0.02825000098034892
RAX2 (84839),-0.028218410728575942
NOL4 (8715),-0.02820802218949875
PLEKHB1 (58473),-0.02820271887598591
TGM3 (7053),-0.028194790460541314
TPT1 (7178),-0.028191992021605293
NME9 (347736),-0.02818773236072118
SPATA9 (83890),-0.028186314576771926
OR10G9 (219870),-0.02816270453084325
ZNF33A (7581),-0.02815549865072432
ZNF710 (374655),-0.02814649353112403
LMOD3 (56203),-0.028142872818519633
DDX43 (55510),-0.028124044415541023
MORC2 (22880),-0.028122156157513158
RGS17 (26575),-0.02809650901090514
EFCAB13 (124989),-0.02807226140351051
C4orf19 (55286),-0.028045043612801013
KLK5 (25818),-0.028026672377025618
ATP8A1 (10396),-0.028026122628751003
NME2 (4831),-0.02801462959704366
RHOJ (57381),-0.028009293707994452
ELK3 (2004),-0.0279873976741425
SCRG1 (11341),-0.02798648780287477
SMDT1 (91689),-0.0279836367446182
CARHSP1 (23589),-0.027979469538793426
TMEM200B (399474),-0.02797768758471515
KLHDC10 (23008),-0.027966838224210283
MAOB (4129),-0.027962754425235103
MINPP1 (9562),-0.0279564938729565
VPS13B (157680),-0.027937694121495084
SNX1 (6642),-0.027933916780791303
LRRC36 (55282),-0.027932123785976225
SEC11A (23478),-0.02791686683270263
MFAP2 (4237),-0.027907810259203115
PIGQ (9091),-0.027906490316556398
ZNF517 (340385),-0.02789969337453787
RPL24 (6152),-0.02787441369901149
MED18 (54797),-0.027845380953130605
KRTAP1-4 (728255),-0.02782349672971283
FNBP1L (54874),-0.02777393745151403
PTPN12 (5782),-0.027773692986158293
OR5C1 (392391),-0.027771668664827675
UBE2J2 (118424),-0.02775570861524792
ARL4D (379),-0.027724947616468827
EGFL7 (51162),-0.027709053879517165
ARHGEF26 (26084),-0.02770824805733969
OR4K15 (81127),-0.027708111663759707
H2BW2 (286436),-0.027707937031387925
LHFPL2 (10184),-0.027678861634920345
WDR53 (348793),-0.027654338225647314
MAN1A2 (10905),-0.027635227117913285
MRFAP1L1 (114932),-0.027621652606715463
MYO5C (55930),-0.027618729053012027
POLB (5423),-0.027608992361821162
HEXIM2 (124790),-0.027579681914590964
LDHA (3939),-0.027579497927761855
ASF1B (55723),-0.027575540104404273
ZNF417 (147687),-0.02754549940800175
PHLDB3 (653583),-0.02754364172971297
DEFB121 (245934),-0.02750951014706148
ZNF169 (169841),-0.02750822600410599
PSME3 (10197),-0.027504177941836443
RBM43 (375287),-0.027503656171655226
PPP2R1B (5519),-0.027485051122288405
POTEE (445582),-0.027479450287887414
ZNF227 (7770),-0.027476154752847915
RHBDL1 (9028),-0.027468697230143592
HMGN3 (9324),-0.027467667690089664
TAGLN2 (8407),-0.027447942909921634
PEAK1 (79834),-0.0274266081328119
ZZZ3 (26009),-0.027416553437496372
VMO1 (284013),-0.027360664276752357
FARSA (2193),-0.027348774518163643
SPANXN1 (494118),-0.027343923587177105
HIGD1A (25994),-0.027324559141562094
GPR39 (2863),-0.02731333549650975
PCDHAC2 (56134),-0.02726848102031012
ENPP7 (339221),-0.027223368055883247
PCDH7 (5099),-0.0272228996667358
RND2 (8153),-0.027212906392191726
KRT3 (3850),-0.027206438428089924
NUDT10 (170685),-0.02718918429589621
ZNF479 (90827),-0.027188433975883674
D2HGDH (728294),-0.02718192277787307
ELK4 (2005),-0.027154289853114043
IL13RA2 (3598),-0.027154007163125216
BANF2 (140836),-0.02712199767136777
PCDHB1 (29930),-0.027107939517906576
PRSS57 (400668),-0.027102841788705763
DDX20 (11218),-0.02707124792345441
KCNH8 (131096),-0.027065989316044696
SLFN11 (91607),-0.027047171784511263
KDF1 (126695),-0.02703959010782272
ZNF585B (92285),-0.027027241868224583
PLXDC2 (84898),-0.02701815113380923
GORAB (92344),-0.02701299301091479
DEPP1 (11067),-0.02700679418137324
MARCHF6 (10299),-0.027002697497139266
BTK (695),-0.02700210067958425
TRMO (51531),-0.026997054457890635
KCNK10 (54207),-0.026985349309603186
HADHA (3030),-0.026984560271457524
CNMD (11061),-0.0269827878713219
OSBPL6 (114880),-0.0269794294353154
LRWD1 (222229),-0.02697483881414862
MTSS1 (9788),-0.026962881177161557
KMT2B (9757),-0.026955524201774904
TENT5A (55603),-0.026951783130327644
ANP32A (8125),-0.0269416057975543
OR10K2 (391107),-0.026938117963706862
MGP (4256),-0.02692846772856175
LAMTOR5 (10542),-0.026927092964656472
STIM2 (57620),-0.026914678662878867
C17orf75 (64149),-0.026896584307495176
SLC25A20 (788),-0.026886620451291414
GRAMD1C (54762),-0.026871120079712013
NDC80 (10403),-0.026869542236758238
CHST5 (23563),-0.026846206040763432
LIN54 (132660),-0.026845966698129997
ACKR4 (51554),-0.026837659961649118
NEUROG3 (50674),-0.026829087132601143
SMOX (54498),-0.02682449877544741
TCEAL7 (56849),-0.02681697016988971
GPRC5D (55507),-0.02680233165477418
OR5V1 (81696),-0.026752725834563517
LMX1B (4010),-0.026751262027222538
P4HA3 (283208),-0.026748533773728655
CCDC183 (84960),-0.026733348743281315
CDKL1 (8814),-0.026731885823407676
BTRC (8945),-0.026727453373180228
SLC41A2 (84102),-0.02671306275424292
TCIM (56892),-0.026703888027656497
CTDNEP1 (23399),-0.026691838015736213
ABCE1 (6059),-0.02668461306998875
CPNE8 (144402),-0.026678481910414026
BHLHE40 (8553),-0.02666336139519445
SEPTIN10 (151011),-0.026653282487379706
MARCHF4 (57574),-0.026636019609855777
PKNOX2 (63876),-0.026634631227735905
NACA2 (342538),-0.026623138700641612
NR2C1 (7181),-0.02660486162103285
DAXX (1616),-0.02660146675021946
PHGR1 (644844),-0.02659871059554287
ZSCAN16 (80345),-0.02659672611917674
KLK1 (3816),-0.02659243071288029
TMEM161A (54929),-0.026554799628376858
LRIF1 (55791),-0.026533446597544474
CRYL1 (51084),-0.02652232354964331
FYB2 (199920),-0.026520256472613635
SLC4A1 (6521),-0.026519021474246996
CA3 (761),-0.026518073993936762
ERRFI1 (54206),-0.026505561446212172
POP4 (10775),-0.026502377360557095
CHRDL1 (91851),-0.02647475378235728
SLC11A2 (4891),-0.02646917975447849
SKIL (6498),-0.0264564336276016
OR52H1 (390067),-0.026454529027035968
TLE4 (7091),-0.026437707583349283
EDIL3 (10085),-0.02643027484147381
DHTKD1 (55526),-0.026429412764117022
KLF13 (51621),-0.026408106995333507
NLRP4 (147945),-0.026396311022343875
TWSG1 (57045),-0.026393770019550816
ALDH4A1 (8659),-0.026386038961975545
LCE5A (254910),-0.02637598623767693
SLFN5 (162394),-0.026373972640233945
AKIP1 (56672),-0.02637286704284477
C2CD4A (145741),-0.02636799036098412
ARL13A (392509),-0.026364817354283965
ARHGAP17 (55114),-0.02636082183661461
CLPTM1L (81037),-0.02635539660196145
ADM5 (199800),-0.02632694931961413
FTCD (10841),-0.02632582651525208
CUZD1 (50624),-0.026323599188314745
ABI3 (51225),-0.026310144821873577
ASPH (444),-0.02629796062846428
TSN (7247),-0.026285891480539936
ALX3 (257),-0.02628379632912805
ZNF232 (7775),-0.02627553001777274
ADARB1 (104),-0.02626974706586608
C2CD2 (25966),-0.026268432725777845
APOC4 (346),-0.026267058852983183
POU2F2 (5452),-0.026255713234486
FGFRL1 (53834),-0.026251386842445677
PRDX2 (7001),-0.026224271153253115
CPXCR1 (53336),-0.026221432013680507
HSPB2 (3316),-0.026212426817567264
SDHAF4 (135154),-0.026198419620687474
MYO1A (4640),-0.026197146436595226
FAM185A (222234),-0.02618391330067426
SLC22A13 (9390),-0.026176436926351715
TMEM130 (222865),-0.026169663501714978
HUNK (30811),-0.026150330434508484
ACTC1 (70),-0.026143971594354526
BMX (660),-0.026143809391990493
HSF2 (3298),-0.026133107086273748
TM4SF5 (9032),-0.026130492010602323
TMEM174 (134288),-0.026127803550912453
OR6C6 (283365),-0.026118277237140525
HOGA1 (112817),-0.026118174146671197
FXYD3 (5349),-0.02611425040319032
DNAJC5G (285126),-0.02610739188305659
SMAD2 (4087),-0.026084306732651358
STAU1 (6780),-0.02605535251088913
RNF7 (9616),-0.026048202525030352
GOLGA6B (55889),-0.026028825108175543
FLI1 (2313),-0.026018614576826006
EGFLAM (133584),-0.026014530783129958
CFAP43 (80217),-0.02599803647646277
DSG2 (1829),-0.02598377857543375
NBL1 (4681),-0.025983206134449544
PRDM13 (59336),-0.025978339732809108
TRIM46 (80128),-0.025977940471945737
NDEL1 (81565),-0.025975551603094615
HEY2 (23493),-0.025965983158053447
BCLAF1 (9774),-0.02596214696140551
EFNA2 (1943),-0.02595439055777333
PRDM7 (11105),-0.025951930514114808
RMND5B (64777),-0.0259489325475566
KRTCAP3 (200634),-0.025941488540422143
OR2J2 (26707),-0.02593265478393126
HLA-B (3106),-0.025924594805469835
TMEM74B (55321),-0.02591484002522576
IFT20 (90410),-0.02590241706015158
LBX1 (10660),-0.025899025618387344
C6orf132 (647024),-0.025883337393288287
OR10V1 (390201),-0.0258828711268224
MAPK10 (5602),-0.025871738914973928
ASB8 (140461),-0.02586905836518586
TMEM41A (90407),-0.025838709931973673
TMEM35B (100506144),-0.025832159980079882
ABRAXAS2 (23172),-0.025826151071817877
HNRNPD (3184),-0.025811298407032068
NDRG3 (57446),-0.02580526693717965
CORO2A (7464),-0.0257917411144103
POLR3E (55718),-0.02577646050054456
IPO5 (3843),-0.02577565015146601
CYBB (1536),-0.02576580269172237
SIRPG (55423),-0.02576520816318877
TEPSIN (146705),-0.0257252984569168
RNF126 (55658),-0.025721100668662306
SIGLEC9 (27180),-0.025708942403176577
IDH1 (3417),-0.025707942555039477
LRRC27 (80313),-0.02568121416382283
UBE3B (89910),-0.025678509721098336
FICD (11153),-0.025673508197999444
ZNF382 (84911),-0.025671167752155354
KLHL3 (26249),-0.025655449154094335
NHLRC1 (378884),-0.025646061032308116
COBL (23242),-0.025641995437257797
PLB1 (151056),-0.025639053365262142
B3GNT6 (192134),-0.025633115870178018
COL18A1 (80781),-0.025625122713658955
GOT2 (2806),-0.025617690806381738
SIGLEC12 (89858),-0.025617072873792057
OR5D16 (390144),-0.025602527628830165
GPR153 (387509),-0.025596759981767903
LSS (4047),-0.025596470125336994
GAS2L2 (246176),-0.025591947668806896
CYB5D2 (124936),-0.02558832756741407
KREMEN1 (83999),-0.025584485395332212
CCL3L3 (414062),-0.025574037644677295
DNAAF1 (123872),-0.025565839477110407
TBCCD1 (55171),-0.025562854180146477
MYO3B (140469),-0.02556138534284614
ATP2A1 (487),-0.025541244401763717
PCDHGA2 (56113),-0.025534668627589067
TPO (7173),-0.025521788312440414
OR1E1 (8387),-0.025520291293372202
TLX3 (30012),-0.025519548936065443
TMEM143 (55260),-0.025506773515357833
LYSMD4 (145748),-0.025502812564090725
RASSF6 (166824),-0.025480642201866455
STARD10 (10809),-0.025459058549874514
EYA4 (2070),-0.0254565599008029
PAAF1 (80227),-0.025446452342400845
SLC38A10 (124565),-0.025438850404358088
TTLL4 (9654),-0.02543139554917362
CCDC13 (152206),-0.02539921694524259
UBXN2B (137886),-0.025397181007144665
SLC25A17 (10478),-0.02539487706085582
PIKFYVE (200576),-0.025382471104677933
ZNF385D (79750),-0.0253802872926172
TET1 (80312),-0.02537308625586595
FANCF (2188),-0.025364063730568293
LINS1 (55180),-0.02535138426057464
LRP6 (4040),-0.025344853435807425
ITGA1 (3672),-0.02534475414266419
BACE1 (23621),-0.025344682975749933
MKLN1 (4289),-0.025332623775933805
REG4 (83998),-0.025314649148292505
DPT (1805),-0.02531370033277317
TENM1 (10178),-0.025311159193716765
LIN28B (389421),-0.02530784477265169
C11orf42 (160298),-0.025303828125975047
PSG2 (5670),-0.025294448081339245
TRMT10C (54931),-0.02527774083833496
CBY2 (220082),-0.025236362885742068
ZSCAN10 (84891),-0.02523610980368301
LRRC37A3 (374819),-0.025213082856564185
TAS2R7 (50837),-0.02520249120917477
LECT2 (3950),-0.02519883868613047
TUBB3 (10381),-0.025196414172338942
CCL26 (10344),-0.025191705105990298
EOMES (8320),-0.02518965115677115
PITPNA (5306),-0.025183619800028152
ERO1A (30001),-0.025166707788803033
CGB7 (94027),-0.025166489324044243
MYOG (4656),-0.025165655229050544
THRAP3 (9967),-0.025162925323187157
ACKR2 (1238),-0.02513296760336043
SERINC3 (10955),-0.02512343136886569
ZNF282 (8427),-0.025114700442623483
TRAPPC9 (83696),-0.025090439589982184
KRTAP19-1 (337882),-0.025087291318382488
IGFBP5 (3488),-0.025086279717911282
BLVRA (644),-0.02508311164393278
CD1D (912),-0.025071665616671752
KRI1 (65095),-0.025063559758984416
TEX261 (113419),-0.025063206470504824
CYP51A1 (1595),-0.025062600263857517
KCNA10 (3744),-0.02505987779964759
MKRN1 (23608),-0.02505841840530143
SLC49A4 (84925),-0.02505044422315179
VWA8 (23078),-0.025044799760100756
DNAH9 (1770),-0.0250165377368718
NECAB2 (54550),-0.025012820204498944
TBC1D2 (55357),-0.025006028050871366
TMEM170B (100113407),-0.025000686180569366
CA6 (765),-0.024996080376802073
ZFP41 (286128),-0.024995081786045308
GSDME (1687),-0.024971833000857556
GATA6 (2627),-0.024968617840576583
TMEM163 (81615),-0.0249516207072055
GFRAL (389400),-0.024946792000000294
ZCCHC10 (54819),-0.024931385767072146
NBEAL2 (23218),-0.024930428514310217
IGSF23 (147710),-0.024924526607821552
TMCO6 (55374),-0.024922269186569236
KLHL35 (283212),-0.024918590051697307
TTC27 (55622),-0.024910596945206188
PTPRS (5802),-0.02489939361282294
CCL20 (6364),-0.02489729327595192
FATE1 (89885),-0.02489390736250812
ERICH5 (203111),-0.024886986989519137
CST3 (1471),-0.02488323364085381
UBXN11 (91544),-0.024877310278925143
TASL (80231),-0.02485507373020606
MMACHC (25974),-0.024849386493607545
BTBD9 (114781),-0.024848189373651915
MSRB2 (22921),-0.024847633323244245
KIAA1328 (57536),-0.024836846919749547
MICU3 (286097),-0.024830809875563842
AMELX (265),-0.024827258434833833
IFNAR1 (3454),-0.024825481792427127
METTL26 (84326),-0.02480234532121147
CHKA (1119),-0.024801290152905275
ZHX2 (22882),-0.02480001973195714
DNAJC2 (27000),-0.024781164860190923
OTUB1 (55611),-0.024776731667790864
FOXB2 (442425),-0.02477460255769974
GFRA2 (2675),-0.024762147587225076
GRIK4 (2900),-0.024753785052369845
HES3 (390992),-0.024748484781074838
OGN (4969),-0.024735398947600906
B3GAT1 (27087),-0.024723065654716596
H3-4 (8290),-0.024722335331512274
ANKS1B (56899),-0.024722263400310914
BZW1 (9689),-0.024716502826329614
RAB23 (51715),-0.02471272066537188
ZNF541 (84215),-0.024709117619972
SEMG1 (6406),-0.02469313760572154
CEP20 (123811),-0.024689561491794597
CYP39A1 (51302),-0.024676552582113456
ANHX (647589),-0.024675510358499776
SEMA3D (223117),-0.024659166791378404
CHRNA4 (1137),-0.024656401679031697
IRF2BPL (64207),-0.0246557010543891
DCHS2 (54798),-0.024615015659879176
PGM2L1 (283209),-0.02461393534823513
PTDSS2 (81490),-0.024612154168102918
FABP3 (2170),-0.024588242042632023
IER5L (389792),-0.024584374122344394
CCDC91 (55297),-0.024573185872337696
TOM1L1 (10040),-0.02457303921768092
RBBP8NL (140893),-0.024567479855484284
SLC51B (123264),-0.02455624157057047
C4BPA (722),-0.024552353801834716
LMO4 (8543),-0.0245514319771002
C15orf48 (84419),-0.024533232816471694
XRCC1 (7515),-0.024483287777424277
NHSL1 (57224),-0.02447890206977261
MXRA5 (25878),-0.0244640812663924
ZDHHC14 (79683),-0.02446269416883646
STH (246744),-0.024447486464323678
TSGA13 (114960),-0.024446482923293014
FAM120C (54954),-0.02444580711550362
SOWAHD (347454),-0.024444629674832803
FNDC8 (54752),-0.024440457278815858
TPR (7175),-0.024417208418118695
SLC28A2 (9153),-0.024413446380975277
B4GALT4 (8702),-0.024412832535375587
C10orf120 (399814),-0.02441042736973826
MZT2B (80097),-0.02439982125923583
C15orf62 (643338),-0.024393428331277868
CLSTN2 (64084),-0.024387819301562946
COPS3 (8533),-0.024380031736604524
FAM111B (374393),-0.02437355958230172
RAB8A (4218),-0.02436146540503568
ANG (283),-0.024350517273954535
TMEM252 (169693),-0.024332680326552274
MYO7A (4647),-0.024332037393717594
ARL6 (84100),-0.024329829425253784
MPZL1 (9019),-0.02431301866483626
IGSF1 (3547),-0.02431265672476083
CORO6 (84940),-0.024302998372906264
SUN3 (256979),-0.024285749643183342
DYSF (8291),-0.024267107006875895
SCRN1 (9805),-0.02426167248503842
PCLAF (9768),-0.024260706550889112
DISP1 (84976),-0.024256854517476122
FUNDC1 (139341),-0.024255964197447376
PLA2G12B (84647),-0.02425365329614228
TIMM10 (26519),-0.024244346205375078
AKAP6 (9472),-0.024214936843019518
AS3MT (57412),-0.02421084776150531
SLC22A23 (63027),-0.024193736320183123
DHFR2 (200895),-0.024150066337179532
ARHGAP24 (83478),-0.024142418222581192
FHL2 (2274),-0.02413806872706884
GNB3 (2784),-0.024114683994614795
KCNG4 (93107),-0.02410109943485931
NLK (51701),-0.02409802954254613
CLASRP (11129),-0.02407244384387624
PEF1 (553115),-0.02406828430299036
ABCA6 (23460),-0.024067657027284133
HOMER3 (9454),-0.024060808311948005
CD300LD (100131439),-0.02405870106559877
SOSTDC1 (25928),-0.024054228191114597
MYOM1 (8736),-0.024040969553132303
GSTA3 (2940),-0.024030113579763094
NALF1 (728215),-0.024007772999782323
PIGH (5283),-0.023977379460209454
DUSP6 (1848),-0.02396747935664448
ZNF430 (80264),-0.02396348264454528
JPH3 (57338),-0.023962383165423217
FRMD6 (122786),-0.0239511072046255
BTNL8 (79908),-0.023905559094936628
CDC45 (8318),-0.023901986684176757
CDA (978),-0.023901984417164204
CLDN19 (149461),-0.023860021332641135
DMBX1 (127343),-0.023854731863576728
CCER2 (643669),-0.023851621970429226
EGR4 (1961),-0.023850702924496134
ESAM (90952),-0.02384984489650354
CYP2W1 (54905),-0.023848060998106036
LCP1 (3936),-0.02383998687905873
POU2F3 (25833),-0.02383553888233704
H4C7 (8369),-0.023817195212213114
ACSS3 (79611),-0.02379250123935419
ESYT3 (83850),-0.023785889164633853
THUMPD3 (25917),-0.023766760403420233
CXCL9 (4283),-0.023764788345893594
PIP4K2A (5305),-0.023759951890994915
OR4C15 (81309),-0.023756645936629864
PRSS16 (10279),-0.02375476596651971
PRMT7 (54496),-0.023736423041986605
ZNF160 (90338),-0.023729279222901144
GLP1R (2740),-0.02372361542282773
ABHD16B (140701),-0.023718859402410412
KCNJ16 (3773),-0.023718447097704605
TBC1D13 (54662),-0.023715174782714555
UBXN2A (165324),-0.023704793963306416
DCAF15 (90379),-0.023701415816691346
MAPK1IP1L (93487),-0.023700903355442948
EPB42 (2038),-0.023692367784496
GBP6 (163351),-0.02367045825520192
STX12 (23673),-0.023666813373808
USP6 (9098),-0.0236606217234141
KRTAP5-7 (440050),-0.02365653471755913
S100A6 (6277),-0.02364359658392674
ZNF827 (152485),-0.023625148591135077
JRKL (8690),-0.023614561955485263
TGDS (23483),-0.02361302599245031
FSBP (100861412),-0.02360207451161425
RASGRP2 (10235),-0.023595262628798387
SLC35F3 (148641),-0.023575979085877587
TMEM184A (202915),-0.023573856389401727
ITPK1 (3705),-0.023572646903195642
RAB3C (115827),-0.023552454304809005
SOCS5 (9655),-0.023544346739398408
FAS (355),-0.02352076462772237
NMRK1 (54981),-0.023518121528262475
ZFYVE9 (9372),-0.02350932468521575
TMEM266 (123591),-0.02350433151350865
TFAP2D (83741),-0.023488030952333067
PPP2R2A (5520),-0.023485204447311264
MINK1 (50488),-0.023485062951662892
SPINK7 (84651),-0.023484273224800737
FOXP2 (93986),-0.02348363521519148
LAMC1 (3915),-0.023476597321922588
LDLRAD2 (401944),-0.023469461429046923
CCR7 (1236),-0.02346902683430315
PITPNM3 (83394),-0.023466251059416833
ASAP2 (8853),-0.02345449516049284
FBRSL1 (57666),-0.023448588112613137
ZNF485 (220992),-0.023448392735025726
FLG2 (388698),-0.023433171019201955
CNIH1 (10175),-0.023417274681332426
TRIM59 (286827),-0.023414243203962105
SLC39A13 (91252),-0.023407956215870048
GRK3 (157),-0.023405662716947793
DDIAS (220042),-0.023369596921498703
ZNF862 (643641),-0.023334631423712438
RENBP (5973),-0.02333259547683269
MATR3 (9782),-0.02331931248893294
PPHLN1 (51535),-0.023310367500724922
FXYD1 (5348),-0.02328756215960922
MAP3K7CL (56911),-0.0232819745848729
COL4A3 (1285),-0.023264602561936985
OR4E2 (26686),-0.023258313249140572
UBP1 (7342),-0.023257225417665197
SRRM5 (100170229),-0.023252378784129994
RASGEF1C (255426),-0.023251016409936317
CREB1 (1385),-0.02324389559016407
TIMMDC1 (51300),-0.023243438432500145
DMKN (93099),-0.02323342276138701
HEBP1 (50865),-0.02323272655234348
PEX3 (8504),-0.02323222454007774
ZFP92 (139735),-0.02322995736798924
KCND1 (3750),-0.023221002054923806
EIF3K (27335),-0.02321864153811325
DYRK4 (8798),-0.02321223992410177
PDILT (204474),-0.02321106403100679
WNT7B (7477),-0.023206263061050364
CASTOR1 (652968),-0.023179458599846048
C8orf82 (414919),-0.023169248471504637
C9orf85 (138241),-0.023151381569839594
SPATA21 (374955),-0.0231502531970073
OTX2 (5015),-0.023136097865065215
FBXO6 (26270),-0.023135101620570628
SRGAP3 (9901),-0.02313342959505164
SPATA6L (55064),-0.02311037940348432
BOD1L2 (284257),-0.023104024549672395
EDARADD (128178),-0.023096168658459187
MARK1 (4139),-0.02309421331546821
CCR1 (1230),-0.02306769314838377
SIGLECL1 (284369),-0.023065988943600124
CYP4X1 (260293),-0.023064985418940077
ZWILCH (55055),-0.023051828714010802
OR13C8 (138802),-0.023029804770923035
AGAP3 (116988),-0.02301171844688455
GABRA1 (2554),-0.023002234892982115
ACCSL (390110),-0.022997913037153428
COL28A1 (340267),-0.022969500213631377
CAST (831),-0.022950979765274458
CIMIP2A (401565),-0.022939622839567776
FRMD5 (84978),-0.022939061314302307
REV1 (51455),-0.022936131983253255
ATP2C2 (9914),-0.022921052079765865
AP1AR (55435),-0.022916552024222644
POLR2E (5434),-0.022905717390844904
SULT1C3 (442038),-0.02288128983777976
PRR3 (80742),-0.022881071866243514
OR1L6 (392390),-0.022879256064552756
KLF11 (8462),-0.022871321415285206
TMEM53 (79639),-0.022865841959395526
CYP2A7 (1549),-0.022849011598993958
CETN3 (1070),-0.022842703306217897
TMPRSS11D (9407),-0.02283862638266179
RPL9 (6133),-0.02282697708651288
LRRC71 (149499),-0.022816598510140645
LDHAL6B (92483),-0.02281494334620513
PHOSPHO1 (162466),-0.02281184980180486
SERTM1 (400120),-0.02280752159330624
CFC1B (653275),-0.022786093650711894
OXER1 (165140),-0.022776562672858762
SOX12 (6666),-0.02277440379153676
EXOC3L2 (90332),-0.022762368747621803
PRAG1 (157285),-0.022761521205152763
PCDHGC3 (5098),-0.02274678539174583
C1QTNF9 (338872),-0.022706681864641094
BMP6 (654),-0.02270103562762637
FCER1A (2205),-0.022681432412089354
CNN1 (1264),-0.022676961408062347
GSC (145258),-0.0226742782742801
CYB5R3 (1727),-0.022670371094306058
ASB5 (140458),-0.02266962977896165
KLHL11 (55175),-0.022665616619369507
DDX60L (91351),-0.0226372299713473
FUCA1 (2517),-0.022636605460099705
SMLR1 (100507203),-0.02262917493907759
ARMC12 (221481),-0.02262148617540523
PLAAT3 (11145),-0.022600723620587737
MROH9 (80133),-0.022591917264676457
EYA3 (2140),-0.02257759383989605
NMBR (4829),-0.022550149938160353
BNIP1 (662),-0.022539947967268614
GDF9 (2661),-0.022532072766164753
ZSCAN23 (222696),-0.02251230996859292
GREB1 (9687),-0.02250812560248448
SCG5 (6447),-0.022477708563818078
ARL5C (390790),-0.022451178247569703
SOX1 (6656),-0.02243760388545992
LMF1 (64788),-0.02243725325319594
PERP (64065),-0.022430914728397977
NDUFAF7 (55471),-0.022418246962857703
MPIG6B (80739),-0.02241811806498144
FAM8A1 (51439),-0.02241432044052373
BCL2L14 (79370),-0.022378634492801676
ACOT12 (134526),-0.022375428859190638
CMYA5 (202333),-0.02236610766973677
TLE2 (7089),-0.022353662215064383
ETNK2 (55224),-0.0223234232080762
EXOC6 (54536),-0.02230793027466832
DPH7 (92715),-0.022302029449011336
GSTA4 (2941),-0.022267663006588143
CD74 (972),-0.022251959126699365
FBXL16 (146330),-0.02224794626480807
MEIOB (254528),-0.02223472628472802
PRKAA2 (5563),-0.022232340287489993
PLAAT4 (5920),-0.02223066807297789
SH2D3A (10045),-0.022219637530711073
KRTAP3-1 (83896),-0.022210232751896923
VAV3 (10451),-0.022208419416909608
CLDN11 (5010),-0.022196970743084077
ZNF445 (353274),-0.022195026335694628
PLCH2 (9651),-0.022172900995860056
FAM53C (51307),-0.02215953682484948
TRAFD1 (10906),-0.0221573091526132
REEP6 (92840),-0.022154699737620152
SSTR3 (6753),-0.02215276063517898
SUMF1 (285362),-0.022147677912961284
TJP3 (27134),-0.022136615674158838
MAP3K2 (10746),-0.02213284820629363
BLCAP (10904),-0.022130576877110102
XG (7499),-0.022118397966413756
IL5 (3567),-0.02211720082748232
C19orf47 (126526),-0.02210504634311393
OR8B3 (390271),-0.022090332404106176
SLC45A2 (51151),-0.022076009095048192
CLDN9 (9080),-0.022049138844606977
AKTIP (64400),-0.022046453642599717
NDUFAB1 (4706),-0.022045040284865657
GOLM1 (51280),-0.022036116776741648
USP51 (158880),-0.02201735969553261
S1PR5 (53637),-0.022004226739343935
NRL (4901),-0.02200156747976178
MTMR10 (54893),-0.02199730311207811
BARX1 (56033),-0.021997203013523568
CROT (54677),-0.02199070681565277
DYNLT4 (343521),-0.021987873051450103
DMRTA2 (63950),-0.021973622331130212
RAI2 (10742),-0.02196844784076065
PCDHA6 (56142),-0.021949429269128226
PCDHA1 (56147),-0.02194281705319664
RILP (83547),-0.02193468834418772
HOXA6 (3203),-0.021917240082033634
ARMC7 (79637),-0.02191662563477421
CZIB (54987),-0.021915008103069157
PSMC3IP (29893),-0.02190951426600843
EGFL8 (80864),-0.021906551919843382
SBK2 (646643),-0.021905307934359464
HERC6 (55008),-0.02189107756999775
AFTPH (54812),-0.021883889330258356
TRABD (80305),-0.021882530648388736
TM4SF20 (79853),-0.02187359649858822
MUC4 (4585),-0.02186911232097266
RBBP5 (5929),-0.021866970912500273
C12orf71 (728858),-0.02185303020916298
KNTC1 (9735),-0.021852485965076437
OR4A5 (81318),-0.021841087889251175
COA3 (28958),-0.021836321832857254
CCN5 (8839),-0.02182187916555868
TEKT5 (146279),-0.02180718416698917
NAGPA (51172),-0.02179506647068117
ADI1 (55256),-0.021779024403005984
SHC2 (25759),-0.021777045511139743
SREK1 (140890),-0.021771786291331786
PPAN (56342),-0.021771692880287862
FAM204A (63877),-0.021767285222627313
DDX28 (55794),-0.02176314115007715
CAV3 (859),-0.0217612824948635
INO80 (54617),-0.021758725101065933
PDZRN3 (23024),-0.021758067840462626
UQCC6 (728568),-0.021737617456164593
ACAT1 (38),-0.021736958033206022
SPMIP4 (136895),-0.021733338996619077
ZNF107 (51427),-0.021725170967487408
TNIP3 (79931),-0.02172117291870686
FAM117B (150864),-0.021687683530164654
APLP1 (333),-0.02168100313916153
CENPN (55839),-0.021661342353961333
CCDC125 (202243),-0.021656331519988976
NAGK (55577),-0.021647594699142892
RAMP1 (10267),-0.021637147068403844
WNK3 (65267),-0.02163421882484958
CRLF1 (9244),-0.02162814871982986
A4GALT (53947),-0.021628057873265955
NCLN (56926),-0.021606775386741977
OTOS (150677),-0.02160609684975561
BORCS6 (54785),-0.021563069227209512
ZNF490 (57474),-0.02155581508880553
RANGRF (29098),-0.021537883861820255
ZNF529 (57711),-0.02153440249619868
MAEL (84944),-0.021529884941466088
GPN3 (51184),-0.021523730560846978
ENTPD8 (377841),-0.021503775205120666
TSC22D2 (9819),-0.021502518924320247
GPR63 (81491),-0.02149950060880195
SUSD6 (9766),-0.021496711758875253
OR1L8 (138881),-0.0214693916721778
ZBTB14 (7541),-0.021458427585137326
CPN1 (1369),-0.021454907308568784
CDR2L (30850),-0.021447840185092278
SEC61B (10952),-0.021441548207240667
GPRIN2 (9721),-0.021439989992960463
SCGB2A2 (4250),-0.021428185173884454
OR2T27 (403239),-0.021399833736081335
TASP1 (55617),-0.02137886475721748
DYNC2I2 (89891),-0.02137506764349017
CDC40 (51362),-0.02135367990254409
SERPINE1 (5054),-0.021340938364507574
RFXAP (5994),-0.021337289357160272
RAG2 (5897),-0.021315429461284174
LCE1D (353134),-0.021315017796476834
TBX5 (6910),-0.02131397269618182
IGSF22 (283284),-0.021299168183336013
BIN1 (274),-0.02129860351075945
LYZL4 (131375),-0.021298538167455534
THEM5 (284486),-0.021269594594134085
MRGPRD (116512),-0.021256369919485825
CTHRC1 (115908),-0.02125202465938265
NOTUM (147111),-0.021223045446928317
ADGRL2 (23266),-0.02120077018054344
NPM2 (10361),-0.021184850118558352
CACNB4 (785),-0.021184732934707916
FANCC (2176),-0.021180928933432763
ZNF414 (84330),-0.021179011231163794
ADGRD1 (283383),-0.02117891165188996
RNF148 (378925),-0.021177146434733223
PITX1 (5307),-0.021169767187679583
EXTL1 (2134),-0.021141058641717912
ZNF708 (7562),-0.02113360148106644
NUMBL (9253),-0.021124234326674412
AGRP (181),-0.02111767058859903
ZNF749 (388567),-0.021116143551361204
SH3TC1 (54436),-0.0210510844049601
TRIM72 (493829),-0.02105073944855494
NXF3 (56000),-0.021047447603450047
AFAP1 (60312),-0.02104192995470411
RANBP6 (26953),-0.021040351719781657
CSF1 (1435),-0.02103788781274105
CCDC107 (203260),-0.021037519380332437
ZFP1 (162239),-0.021035748528416758
KLHL32 (114792),-0.021027706834997308
FNDC4 (64838),-0.021020246251316654
MAGEB4 (4115),-0.02101820543052697
WNT2B (7482),-0.021011282967492866
MMD (23531),-0.021007737968972647
NKIRAS2 (28511),-0.020991990339010596
RGS7BP (401190),-0.020988534273622773
POLN (353497),-0.020974416483710387
WASF3 (10810),-0.020951943745325725
CIB1 (10519),-0.02095164499202666
RDH8 (50700),-0.020941385635064962
ARHGEF16 (27237),-0.020931541633201874
CMIP (80790),-0.020890812934583225
RPL37A (6168),-0.02086973332692952
CACNA1G (8913),-0.020863633443566572
GNRH1 (2796),-0.02085957093083246
PCDHGB3 (56102),-0.02085567778525793
LYST (1130),-0.020848394458597853
ROPN1B (152015),-0.020836821301533075
GTF2E2 (2961),-0.0208305988724967
KCNMB4 (27345),-0.020829712749265223
ANKRD12 (23253),-0.020819410500074527
DMRT2 (10655),-0.020803932486008307
C9orf152 (401546),-0.020799882315157038
AMMECR1 (9949),-0.02079717743735712
MFSD11 (79157),-0.02076642980871042
CGGBP1 (8545),-0.020763816840618374
KRTAP13-3 (337960),-0.02075722297709112
IQCB1 (9657),-0.020754335950427243
FBXO32 (114907),-0.020745769368697604
SYBU (55638),-0.020726113446360685
DIRAS2 (54769),-0.020721839895506525
ST7L (54879),-0.02071436352656918
MDN1 (23195),-0.02071311448433022
DEFB110 (245913),-0.02070672341507866
TNFSF14 (8740),-0.020671246999949884
RFC3 (5983),-0.020665421012299845
SERINC4 (619189),-0.020646388312341852
CILK1 (22858),-0.020640290947820737
LCN6 (158062),-0.02063589575133809
ITM2A (9452),-0.020632321907988416
KRTAP12-2 (353323),-0.020626568228080434
OR51A4 (401666),-0.020615183261050885
PPP1R3E (90673),-0.020610520239522645
KLHL4 (56062),-0.02061018543276691
TMPRSS6 (164656),-0.020595153639109125
ZNF148 (7707),-0.0205896736182958
TMEM256 (254863),-0.02055285937690348
LCE3E (353145),-0.020546949572198943
PRR32 (100130613),-0.020522643063828002
FAT1 (2195),-0.020518746329788444
MCOLN1 (57192),-0.020509713979946324
IFNA7 (3444),-0.02050785186950093
INA (9118),-0.020504278724139298
LMTK3 (114783),-0.020493768282338683
FBXL20 (84961),-0.020477863192141725
PNCK (139728),-0.020458402210141058
SEC14L4 (284904),-0.020455172094635148
COL4A5 (1287),-0.020434088955433673
PKP1 (5317),-0.02042719447258145
CD79B (974),-0.020418278834848695
MND1 (84057),-0.02041110062025218
MIA2 (4253),-0.02040522278171484
KDR (3791),-0.020404180468704798
SMIM9 (100132963),-0.020398172427270496
ANKRD6 (22881),-0.020393639784850072
SPOPL (339745),-0.020384638664595407
DIS3L2 (129563),-0.020379241653037505
LRRC55 (219527),-0.020372238672756848
AADACL2 (344752),-0.020362663253677565
CCNP (79935),-0.020344231375148722
CALR3 (125972),-0.02033448768284013
PLEKHS1 (79949),-0.020328805161995346
PALM (5064),-0.020322341073300033
EPHA10 (284656),-0.020317835177823932
ZFP28 (140612),-0.020313878458079398
ATAD3B (83858),-0.020312603325345614
TCERG1 (10915),-0.020311032646401873
HLA-DRB5 (3127),-0.020310619629229663
TRIM77 (390231),-0.02030519772188201
ADAT1 (23536),-0.020297362287507843
EFNA4 (1945),-0.02029355208067255
PLEKHG3 (26030),-0.020290731312570504
OR5AU1 (390445),-0.020280750236219378
LAPTM4A (9741),-0.02027734499835692
NDRG2 (57447),-0.020275841621604805
GRID2IP (392862),-0.02026529355636353
NACC2 (138151),-0.02026161266320501
EIF4A2 (1974),-0.02025716493642344
KLLN (100144748),-0.0202506486487043
ZNF567 (163081),-0.02025050697600309
EPHX3 (79852),-0.02024808839750993
ZNF248 (57209),-0.020227964308529474
PCDHGA9 (56107),-0.02021742384364766
POU1F1 (5449),-0.020214794900965553
NPL (80896),-0.020209273730795105
CKLF (51192),-0.02017856725288444
HSPA5 (3309),-0.020175780110950246
NELL2 (4753),-0.020173243959462135
CFAP410 (755),-0.020168460591920852
FEM1B (10116),-0.020167598286011834
TNFAIP2 (7127),-0.020157325600336735
THNSL1 (79896),-0.020152060117790638
ASPRV1 (151516),-0.020148842507554054
MOCOS (55034),-0.02012006956545557
RTL8C (8933),-0.020112848273068827
B4GALT3 (8703),-0.020098433775425896
FCAR (2204),-0.020073823934790312
ADAM7 (8756),-0.020065823370973117
STXBP5 (134957),-0.02005296902201375
RAB11A (8766),-0.02003191206185172
NANP (140838),-0.02000870570019402
PIP5K1B (8395),-0.020007742963224155
TCF7 (6932),-0.020000011213523045
TBC1D8B (54885),-0.019999357270065805
TSSK4 (283629),-0.01996356071615803
CRNN (49860),-0.019962494038822477
CAMK2B (816),-0.0199533568716416
RHCG (51458),-0.019951895095331237
SAT1 (6303),-0.019948489084965736
BLID (414899),-0.01989746068581042
NXPE4 (54827),-0.01989365212936502
AIFM2 (84883),-0.01989107333874989
ZNF250 (58500),-0.01988730301154034
MTMR7 (9108),-0.01987435484974254
OR5AC2 (81050),-0.01986224983946925
ZDHHC21 (340481),-0.019858821881571
JAK1 (3716),-0.01985011353564502
NMRK2 (27231),-0.019822229010481536
PPOX (5498),-0.019795618085624224
CNRIP1 (25927),-0.019782236162671395
C1orf94 (84970),-0.019775846688610748
FYN (2534),-0.019773894410513755
TMEM47 (83604),-0.01977023190779454
KDM4B (23030),-0.019769996522817454
DYNLL2 (140735),-0.019764687934055877
ZNF416 (55659),-0.019752484305638827
DOCK11 (139818),-0.01974356891413466
NOMO1 (23420),-0.019738240799953705
ARMC1 (55156),-0.019727643509657396
VPREB1 (7441),-0.019710249745667145
PLEKHO2 (80301),-0.01970864369823312
LCK (3932),-0.01970253452311855
RIPOR3 (140876),-0.019686261431242864
FGA (2243),-0.01967609454557013
KY (339855),-0.01966971304214514
FFAR2 (2867),-0.01963693542587173
SP140 (11262),-0.019635021228136262
OR8H1 (219469),-0.019623017626341256
ZBTB39 (9880),-0.019613983090225988
PAK1 (5058),-0.01961081576580101
CIRBP (1153),-0.019605582505370638
RNF223 (401934),-0.019604093074734368
MORN1 (79906),-0.019594178215312934
CMTM1 (113540),-0.019574076595137692
C11orf58 (10944),-0.019559621900010045
ZNF804A (91752),-0.019546283515990276
PLA2G4F (255189),-0.01952178696391676
ELMOD1 (55531),-0.019518723527233144
OR51B6 (390058),-0.019518137167735837
TAS2R3 (50831),-0.019516925133104816
FASTKD3 (79072),-0.01951641035140149
SIPA1L3 (23094),-0.01950866085716551
ANKRD23 (200539),-0.0195046168224799
MFSD4A (148808),-0.01948293543467687
CDK17 (5128),-0.019478944260854097
SH3GLB2 (56904),-0.019468889924017733
ZNF264 (9422),-0.019457398921192717
BMPR2 (659),-0.019422824064663353
ANAPC4 (29945),-0.019422473253174123
UCP1 (7350),-0.019421422956070834
TCEAL3 (85012),-0.019417249588310655
SLIT3 (6586),-0.019389346692132416
PHACTR3 (116154),-0.019388523909988114
OGFOD2 (79676),-0.019388265287558108
DUSP9 (1852),-0.01935946969871768
SALL3 (27164),-0.019351093557216658
MRC1 (4360),-0.01934502451393391
HADHB (3032),-0.0193424594479272
GRK7 (131890),-0.019336068265662233
KPNA4 (3840),-0.019330933303805253
COA1 (55744),-0.019328950047810448
GNPNAT1 (64841),-0.019317517485143043
MYOZ2 (51778),-0.019316275005268037
SNX7 (51375),-0.019303525415501243
HSD17B13 (345275),-0.019296509478792058
FADS3 (3995),-0.019251194377272768
USP8 (9101),-0.01924736822385572
CAMKK1 (84254),-0.01924205585035999
TRPV3 (162514),-0.019231512166910734
MAGI2 (9863),-0.019230686796519975
B4GALT2 (8704),-0.01922705938422085
TPX2 (22974),-0.019210791876462706
PAQR4 (124222),-0.01921017770175914
PRSS58 (136541),-0.019189437691243164
ASL (435),-0.019178823020483148
SLC25A35 (399512),-0.019162756696350793
CCDC191 (57577),-0.01916218797743474
ZFP69B (65243),-0.01915400683000802
CDKL3 (51265),-0.01915245152803025
ANXA8 (653145),-0.019150862142922803
NEURL1B (54492),-0.019139390932862883
EIF4E1B (253314),-0.019128663459566764
RBM47 (54502),-0.019126256114573283
SOX7 (83595),-0.019122392846031365
GCA (25801),-0.01912167756313067
RLIM (51132),-0.01911698196359623
STX16 (8675),-0.019114788762618486
CCL3 (6348),-0.01910731738599907
ALS2 (57679),-0.019098823937744955
PRKAR1B (5575),-0.0190666743130252
BCL11A (53335),-0.019053372432631867
PKDCC (91461),-0.019043423606980303
TCEAL4 (79921),-0.019012288822293305
CD109 (135228),-0.019009431629354884
CRTAP (10491),-0.018987721205401896
CACTIN (58509),-0.018943965099703863
CDK10 (8558),-0.018938198710111535
FZD10 (11211),-0.01892669333747272
SMPD1 (6609),-0.01891670469315778
SCN3A (6328),-0.018913608726655047
CPA5 (93979),-0.018912708853617687
OR8B4 (283162),-0.018908552816781662
TDRKH (11022),-0.018907322014924535
OTUD7B (56957),-0.018906392372784235
APOC2 (344),-0.01890256145138597
SPACA4 (171169),-0.018863325322464226
GALT (2592),-0.018862392101624947
TNS4 (84951),-0.018841314678498488
ZNF92 (168374),-0.018823865126230323
TRIM43 (129868),-0.018818486487549052
TSSK1B (83942),-0.018809993563936117
CARD8 (22900),-0.018805158185972403
SLC35G6 (643664),-0.018747757437609154
DDX39A (10212),-0.01872854275507515
TP73 (7161),-0.018708169078470456
AVPR2 (554),-0.018695690155226454
AVPR1B (553),-0.018689006188550357
PJVK (494513),-0.018656878166995065
WFDC9 (259240),-0.018654110792218237
TRIM27 (5987),-0.018623860551935732
UBE2O (63893),-0.018620332285561713
SH3GL3 (6457),-0.018619931729724443
PNPLA5 (150379),-0.018619655578872307
ZNF76 (7629),-0.01861637552909123
COL13A1 (1305),-0.01861435503030479
YAE1 (57002),-0.01860582243289526
DNMT3L (29947),-0.018596728136792813
XPC (7508),-0.01858871958868595
CCDC32 (90416),-0.018577931352429987
BPIFB3 (359710),-0.018577214660537033
IL25 (64806),-0.01854132974000203
RASEF (158158),-0.018536644173643736
KDM4E (390245),-0.018532520597354857
ZNF649 (65251),-0.018526036154130503
ITM2C (81618),-0.018520406553225642
RAB4B (53916),-0.01851353684935895
CR2 (1380),-0.018511698953019344
F2RL1 (2150),-0.01851152061954
TLCD5 (219902),-0.018509280460240276
GPR142 (350383),-0.018506668618376115
SCN5A (6331),-0.018503434669648704
ADPGK (83440),-0.01850060604153849
SPTAN1 (6709),-0.018479512559837118
CORT (1325),-0.018467523712786888
IL16 (3603),-0.018442391601524874
GLUD1 (2746),-0.018428688605242466
INSL6 (11172),-0.018422593193223195
STK16 (8576),-0.01838880040895933
SLAMF1 (6504),-0.018378299298832352
CATSPERB (79820),-0.018370348852544065
VCAM1 (7412),-0.018369400919169464
ZGLP1 (100125288),-0.01836319601227488
PATE1 (160065),-0.018336057101476393
PIEZO1 (9780),-0.018327947239826448
OLFML2B (25903),-0.018325402609716396
ABTB1 (80325),-0.01832292307120799
NOXO1 (124056),-0.01832279538085684
ILF2 (3608),-0.01832193817139065
GNAS (2778),-0.01831851715385706
DAZAP2 (9802),-0.018315994970413814
LCN9 (392399),-0.01831233797934844
SNAI3 (333929),-0.018308908722472393
MYMK (389827),-0.018300851410385503
AMZ1 (155185),-0.01828706854930083
PPP2R2B (5521),-0.01826674633394566
OTOA (146183),-0.018255340643715555
CDR2 (1039),-0.01824781753390509
NUB1 (51667),-0.01824649412531205
CENPB (1059),-0.018242797709711905
AMIGO2 (347902),-0.018239741349947148
EFCAB14 (9813),-0.018235206757235438
USP39 (10713),-0.018230459584763593
TRAPPC6A (79090),-0.018229836243148438
DGKH (160851),-0.018219234957088142
EXOC3L1 (283849),-0.018214511351771333
ADH1B (125),-0.01821274685615009
A1BG (1),-0.018204618885188015
CRYGS (1427),-0.0181915470170944
DYNAP (284254),-0.01816923437770208
UTP14C (9724),-0.018159602371782508
PTPRU (10076),-0.01815179116534422
MAN1C1 (57134),-0.018145989846427936
ZDHHC4 (55146),-0.01814366726908582
MBL2 (4153),-0.018143334169681755
RAB39B (116442),-0.018143132200904355
COX6A1 (1337),-0.018142143188093585
NARS1 (4677),-0.01813904797203727
LRRC7 (57554),-0.01813568248534499
MS4A10 (341116),-0.01813454639112776
TMEM207 (131920),-0.01811786296229343
EGR3 (1960),-0.018116250282619234
SHROOM2 (357),-0.018110956118774772
CHTF8 (54921),-0.018101317037794228
PIP5K1C (23396),-0.01809249625551219
ZNF184 (7738),-0.018089155418213206
GPD1L (23171),-0.018073779101713778
SYNGR3 (9143),-0.018066687607850303
HSPB6 (126393),-0.018043085949428782
TM7SF2 (7108),-0.01802293923631827
ZNF684 (127396),-0.018020024028860375
BRCC3 (79184),-0.018017984313670386
ADAM11 (4185),-0.01801139069940927
RNASE2 (6036),-0.01799451412861731
DEFA4 (1669),-0.0179714512590801
GPM6B (2824),-0.017952166403206217
LYN (4067),-0.01795002978969105
RNASE4 (6038),-0.017934469387549244
GTF3A (2971),-0.017933871435196536
PDSS1 (23590),-0.017930814444242042
COL4A4 (1286),-0.01792980549579808
ZNF546 (339327),-0.01792605806584255
PRIMA1 (145270),-0.017917026016924676
ZNF112 (7771),-0.017916442474377448
EGLN1 (54583),-0.01791380010655324
FRMD3 (257019),-0.017911224605715596
HOMER2 (9455),-0.017907426592020832
MAP3K20 (51776),-0.01790080793442066
SLCO1C1 (53919),-0.017894315268694224
BRD1 (23774),-0.01789347179649007
GSTO2 (119391),-0.01787351468858219
EVL (51466),-0.017856645537294172
RNPEP (6051),-0.017843019140132317
NCKAP5 (344148),-0.017840333180118635
ST3GAL4 (6484),-0.017839432087461193
PYCR1 (5831),-0.017830291821099596
MRNIP (51149),-0.017829860381593933
H2AC25 (92815),-0.017810722164845794
RAI14 (26064),-0.017801997917094962
POTEG (404785),-0.01777377407207556
RLIG1 (91298),-0.017755429363177058
IL18R1 (8809),-0.017755196178386785
RASGRF2 (5924),-0.017710975183130674
FBXO38 (81545),-0.017698029067291746
SLA (6503),-0.0176963842404955
RWDD1 (51389),-0.01769573651236484
BMP3 (651),-0.017694578758840448
LMAN2 (10960),-0.017693515533675364
RAB11FIP2 (22841),-0.017690430128064767
ADAM28 (10863),-0.017685248428875273
ELMOD3 (84173),-0.0176833470945152
SMYD2 (56950),-0.017674553253262292
OXTR (5021),-0.01766627830780198
FAM47E (100129583),-0.017660129356658165
C16orf54 (283897),-0.01765095386873033
ALS2CL (259173),-0.017639449052938915
IPO11 (51194),-0.017634947416185896
LBH (81606),-0.017628909246733007
EEF2KMT (196483),-0.017621683509934937
FAM161A (84140),-0.017605952202772973
COL16A1 (1307),-0.01759051261100271
ORC1 (4998),-0.017586217418938156
TFPI (7035),-0.017581699715958805
REXO4 (57109),-0.017565130546331444
PLPP3 (8613),-0.017557648062799042
RHAG (6005),-0.017545039718526813
NXPH4 (11247),-0.017515813148946742
GARIN6 (196472),-0.017506330060527035
CDH3 (1001),-0.01750344977626847
NEPRO (25871),-0.017463237362652893
SEC14L6 (730005),-0.017459673120699022
OR2A14 (135941),-0.017456060194716818
ASAP1 (50807),-0.017454029436586863
ZHX3 (23051),-0.0174477319443579
MMP16 (4325),-0.01743676982403149
BRD9 (65980),-0.017424269431044696
CDHR1 (92211),-0.0174109486527802
DTX4 (23220),-0.017396041078611292
ZNF462 (58499),-0.0173847139550742
DNAJC1 (64215),-0.01736803967507262
RTL5 (340526),-0.017364198576122796
WRAP73 (49856),-0.01735667349853042
HRG (3273),-0.017351624923169683
KIF3B (9371),-0.017339560046801022
ENTPD3 (956),-0.017316155840802656
HS3ST1 (9957),-0.01731076050615464
MTNR1A (4543),-0.017277615149120674
ZNF440 (126070),-0.01727738218234032
UHMK1 (127933),-0.017259981523316547
MSH3 (4437),-0.017259023157688052
GNLY (10578),-0.01724457741344841
PPP3CC (5533),-0.017233259270334377
LCNL1 (401562),-0.017229304831993933
ELOVL5 (60481),-0.017224060698537692
FEZ2 (9637),-0.017214467045798477
HSF4 (3299),-0.017212684701480973
CTSH (1512),-0.017201532195552205
PNPLA1 (285848),-0.01718886244429163
MCEE (84693),-0.017180532801797148
SOX10 (6663),-0.017168605945376947
TMEM176A (55365),-0.017157114116514133
DUSP2 (1844),-0.01710077427483941
SMCP (4184),-0.017079909728177568
P2RY2 (5029),-0.017066077443212417
ASCC2 (84164),-0.0170615424832829
SLC30A2 (7780),-0.017058481100085725
C1orf74 (148304),-0.017053795874655032
DYTN (391475),-0.017050596503239333
MECOM (2122),-0.01704976164656319
CFAP92 (57501),-0.01704635590132122
INSIG2 (51141),-0.017034077040105594
VPS37D (155382),-0.017000811659204924
OR6M1 (390261),-0.01697274956253969
OR8H3 (390152),-0.016962367464082733
ZNF132 (7691),-0.01696155453475611
LRP3 (4037),-0.016960897873619245
RGS3 (5998),-0.01695419635661243
HEMK1 (51409),-0.016894357296197687
CEBPZ (10153),-0.01688424714792769
KIR2DL1 (3802),-0.016878134365199467
CPM (1368),-0.016871741511423687
SCAF11 (9169),-0.01686687162096524
C3orf20 (84077),-0.01683504222295972
ARL6IP6 (151188),-0.016823771164072847
OFD1 (8481),-0.01680896283105836
POMC (5443),-0.016785539089435378
HIBADH (11112),-0.01678442111090624
GLUD2 (2747),-0.01678358811648415
PIPOX (51268),-0.016772345091539666
HSPG2 (3339),-0.016771450268961596
ERO1B (56605),-0.0167682779456829
PDE6B (5158),-0.016765099661574873
NDUFB8 (4714),-0.016763725865894873
TMEM156 (80008),-0.016763429815183164
SH3D21 (79729),-0.01676042353239136
EIF4EBP1 (1978),-0.016755509849402384
SMC2 (10592),-0.016754882703236752
LBR (3930),-0.016746642778173938
EEA1 (8411),-0.016731274663146063
PAQR6 (79957),-0.01673106636806492
MECP2 (4204),-0.01672753153865377
TMEM11 (8834),-0.01672597763351754
CRYBA1 (1411),-0.016723043199338036
ZNF526 (116115),-0.016691376546667972
ZNF44 (51710),-0.0166900764269921
SVEP1 (79987),-0.01668851963190921
LITAF (9516),-0.01668278955034016
EPHA1 (2041),-0.01668121514770224
TMEM131L (23240),-0.016661570015644733
ZCRB1 (85437),-0.016661197539791152
CD1A (909),-0.016636936562422364
LTK (4058),-0.016628787442080573
STOML3 (161003),-0.016616389951207587
NHLH1 (4807),-0.016614438750821983
NUP93 (9688),-0.016609921769994384
MFSD14B (84641),-0.016598380181516024
C1orf216 (127703),-0.016581284046126583
TDRD7 (23424),-0.016581030322381583
ITGA7 (3679),-0.016580730995067502
SMIM10 (644538),-0.01657753593205493
SHKBP1 (92799),-0.016569424629693463
ZNF292 (23036),-0.016558795781803286
TANC2 (26115),-0.01655548089060757
TMEM237 (65062),-0.016524860313598344
JAKMIP3 (282973),-0.01651561001586562
IRGM (345611),-0.01649376975819379
H2BC5 (3017),-0.016493291490594107
BAIAP2L1 (55971),-0.016489585798698723
CAMTA2 (23125),-0.016482044857758886
PRDM16 (63976),-0.016478970533513222
TM4SF19 (116211),-0.01646823704598254
CLVS1 (157807),-0.016464767015141143
R3HCC1 (203069),-0.016463459980406783
ZBTB33 (10009),-0.016449727795726878
LOXL2 (4017),-0.016436245217380702
HYDIN (54768),-0.016425546266851176
SLC35F1 (222553),-0.016409058118427827
FZD8 (8325),-0.016408902993824987
IKZF1 (10320),-0.016390629387422712
C17orf78 (284099),-0.01637730724395087
FOLR1 (2348),-0.01636614848323868
SCFD1 (23256),-0.016354368677065967
TMEM126A (84233),-0.016337881774614756
FAM83C (128876),-0.016332864690581827
ISX (91464),-0.016300223723255243
POLD3 (10714),-0.016298962458403343
C11orf91 (100131378),-0.016280694213465247
TMEFF1 (8577),-0.016262092554900208
CS (1431),-0.016258566773762688
FAR2 (55711),-0.016252855650243963
ZNF552 (79818),-0.01624570378606994
RASSF2 (9770),-0.016245092212504395
CTNNAL1 (8727),-0.016243061396583304
POGLUT3 (143888),-0.016237418292651986
LRRC18 (474354),-0.016236621245327897
TMIGD2 (126259),-0.016231182550753055
ZDHHC2 (51201),-0.01621974742541786
BIRC7 (79444),-0.016218051021511092
ARIH1 (25820),-0.016207221493224223
GTPBP2 (54676),-0.01620239709895591
CALD1 (800),-0.016173632718528876
GSTA1 (2938),-0.016169239269848326
ZNF324 (25799),-0.016167908686866857
FLAD1 (80308),-0.016161220154482632
TMPRSS4 (56649),-0.016147839242411248
GARRE1 (9710),-0.01614598716930211
IQCF6 (440956),-0.016139277469819906
SNCB (6620),-0.016103234038249405
RTL8B (441518),-0.016078435997082263
PVRIG (79037),-0.01606449138408006
COX7B2 (170712),-0.01606421607117109
FGF8 (2253),-0.016058198858409447
TCN1 (6947),-0.016054715053416532
ARL6IP1 (23204),-0.016048098739654924
ZNF679 (168417),-0.01603380608333233
GPR183 (1880),-0.016022536029360407
MRM1 (79922),-0.01601855530007485
PIGF (5281),-0.01601045488958805
SLC22A25 (387601),-0.016009931079173007
SDHA (6389),-0.015994977369686525
SELENOP (6414),-0.015980986350752676
NIPSNAP3B (55335),-0.01597761638589306
PDLIM7 (9260),-0.015972191481743676
FAM89B (23625),-0.015969096060824924
F7 (2155),-0.015955216827776814
WARS1 (7453),-0.015952847226824794
AOC1 (26),-0.015952411676271993
FAM78B (149297),-0.01594435459759872
DMAC2L (27109),-0.01593914447861035
STPG2 (285555),-0.01592991919798175
GSTM1 (2944),-0.01592109495141634
ANXA3 (306),-0.015920549459927526
HMGN4 (10473),-0.01589270117592494
IGLON5 (402665),-0.015875835514969718
LAIR1 (3903),-0.015872614172832596
PRAMEF11 (440560),-0.015865017048163284
NOTCH4 (4855),-0.015864272464473833
P2RX1 (5023),-0.015860030138252927
TTLL1 (25809),-0.01584669370506283
RFX3 (5991),-0.01584023387341376
UXT (8409),-0.015831557731243406
ZNF510 (22869),-0.015827446249207223
TEX12 (56158),-0.015822116368959905
TRIM22 (10346),-0.01580901658729698
UFC1 (51506),-0.015804224713931704
LGALS8 (3964),-0.01578741622837245
WDR62 (284403),-0.015787251744992657
TMEM198 (130612),-0.01578616926300447
WDSUB1 (151525),-0.0157850054390661
LRRC26 (389816),-0.015782805801372122
NINL (22981),-0.01577054531602501
F8 (2157),-0.01574691629037796
CEP290 (80184),-0.015743844067856012
TTC31 (64427),-0.015736057900492588
RASAL1 (8437),-0.015735097818214878
ZPBP (11055),-0.015730876856773768
CAVIN4 (347273),-0.015717632325535764
SLC2A8 (29988),-0.01571018618552087
ZNF641 (121274),-0.015707297482381703
BCLAF3 (256643),-0.0156844714338386
HECA (51696),-0.015683324315096645
SLITRK1 (114798),-0.01568146935214282
C8orf88 (100127983),-0.015681428966981947
JAGN1 (84522),-0.015625046291395977
KMT2C (58508),-0.015622914254080014
MAPKAPK5 (8550),-0.015608770790982713
ZNF570 (148268),-0.0156039674875894
CILP (8483),-0.015590628343396928
HABP2 (3026),-0.015581945390401516
ERI2 (112479),-0.015581573602580858
HIVEP2 (3097),-0.015566760442854915
NSD3 (54904),-0.015543100226951309
DPYD (1806),-0.015532093957646525
SLC2A4RG (56731),-0.01553194760276429
DZANK1 (55184),-0.015518201619816287
OSTF1 (26578),-0.015515228656817193
IFT57 (55081),-0.015507433254048283
PFKM (5213),-0.015506031486879731
ZNF578 (147660),-0.015502740763025514
GCHFR (2644),-0.015491562285682742
CD163 (9332),-0.015471399008372844
MPG (4350),-0.015458368669714636
KRIT1 (889),-0.01545520624745286
DCP2 (167227),-0.015448828993420921
ARPC3 (10094),-0.015438138968556026
TMEM129 (92305),-0.01542604096909576
KRT28 (162605),-0.015424590181093012
PRRG2 (5639),-0.01540734833564551
NEK10 (152110),-0.015396906949006006
PODXL (5420),-0.015387683222949417
YWHAG (7532),-0.015382804216431544
OTUD6A (139562),-0.015351146002676161
GPR55 (9290),-0.015322951991224864
SLC45A3 (85414),-0.01530298772129531
CCDC112 (153733),-0.015295620915942155
ZNF667 (63934),-0.015287102887555502
CD52 (1043),-0.015273371185114739
WBP1L (54838),-0.015266536520660632
CERKL (375298),-0.015256034221904441
TULP4 (56995),-0.01525154529014892
RGCC (28984),-0.015248627813264476
NCAPD2 (9918),-0.015233540587460848
RERG (85004),-0.015228531762445246
LIPE (3991),-0.015190263152433237
PTPN14 (5784),-0.015183351926094046
SGTB (54557),-0.015161973898342968
MFAP3L (9848),-0.015145377327983383
BVES (11149),-0.015132091911957704
AGPAT2 (10555),-0.015129634255316323
SELENOH (280636),-0.015125806420697519
PPEF2 (5470),-0.015123738495394673
PCDHA9 (9752),-0.01512156640655975
DCAF6 (55827),-0.015114458781251635
GNA12 (2768),-0.015111624038767747
PTBP2 (58155),-0.015106095136197734
PDE11A (50940),-0.015098754665152425
SECTM1 (6398),-0.015085099778016161
AKAP4 (8852),-0.015069051060613186
PCDH20 (64881),-0.015061441526074462
HOXD1 (3231),-0.015060741155843094
NCOA4 (8031),-0.015058099821446435
FBXL12 (54850),-0.015056343391475402
P2RX2 (22953),-0.015049619684830515
OMG (4974),-0.015037864955730678
SAC3D1 (29901),-0.015036747648870294
ERLEC1 (27248),-0.015034641643737995
ANKDD1A (348094),-0.015022108123274128
SLC4A5 (57835),-0.015015987459148561
CD70 (970),-0.015015388430996595
SDC3 (9672),-0.015006580354234259
KCNE2 (9992),-0.015004663731894874
SPTB (6710),-0.015002019980937586
FLNC (2318),-0.014997620900930675
RAB41 (347517),-0.014995555955761793
ZNF746 (155061),-0.014995534504294611
MBD2 (8932),-0.014995474699528688
SIL1 (64374),-0.014983667990561337
PABIR3 (159091),-0.014971819537712228
NDUFAF6 (137682),-0.01497118226505639
STXBP2 (6813),-0.014948671176667167
TOMM34 (10953),-0.014935944616231203
GNPTG (84572),-0.014921749699384368
CCDC88B (283234),-0.014915759007515544
FRG1 (2483),-0.01491512408075032
TTC36 (143941),-0.014905222359788426
ZNF101 (94039),-0.014897819709474083
PBK (55872),-0.01489760771146333
HIF3A (64344),-0.014885691416734242
VN1R4 (317703),-0.01487878990198259
TNNI3 (7137),-0.014877256992876894
GIMAP7 (168537),-0.014855382730865868
CCDC82 (79780),-0.01484676176831364
ARAP3 (64411),-0.014844476057002537
ALAS2 (212),-0.014834575495099622
NOXRED1 (122945),-0.014820958377050308
SHROOM1 (134549),-0.014812660993437518
PLD2 (5338),-0.014810341305658784
SEMG2 (6407),-0.014802061364108266
MRPL13 (28998),-0.014786333977082778
KLF6 (1316),-0.014768630585653312
IL6R (3570),-0.014758039771589423
DPY19L1 (23333),-0.01475271262345626
ABHD2 (11057),-0.014744136491905046
FBXL14 (144699),-0.014735332323238625
EIF2D (1939),-0.01472109247143034
CHAF1B (8208),-0.014709957797527862
IL26 (55801),-0.014707192935822516
HHEX (3087),-0.014691817390619994
LLGL2 (3993),-0.014669215435548565
BRPF3 (27154),-0.014655316639855243
OR8J1 (219477),-0.014653219809837048
PLEKHM2 (23207),-0.014647720629892452
NSG2 (51617),-0.014647324730131469
TMEM87A (25963),-0.014646954064718961
CST9L (128821),-0.014637337086090704
GRPEL2 (134266),-0.014635889406022751
RRBP1 (6238),-0.014634816335587525
PDIA6 (10130),-0.014634028660607262
PRSS21 (10942),-0.014629999052771908
CTR9 (9646),-0.014617439889664397
NPAS1 (4861),-0.014616375364618284
KCTD8 (386617),-0.014609390889568738
PDE4DIP (9659),-0.014606960508737787
SMIM11 (54065),-0.014603891466842593
MAP1LC3B2 (643246),-0.01459973723539804
PCCA (5095),-0.014597885150642009
SESN3 (143686),-0.014579926334120172
LANCL3 (347404),-0.014579829456644256
PDZD11 (51248),-0.0145763127077495
HRAS (3265),-0.014563871943274017
TXN2 (25828),-0.014557271646660482
CLSPN (63967),-0.01451552039408841
FAM199X (139231),-0.01447681642714696
CLNK (116449),-0.014459339660421072
CACNA2D1 (781),-0.014449278681303291
SLC12A7 (10723),-0.014427155531751279
PAGE5 (90737),-0.014422213618120513
ZNF16 (7564),-0.014405323807648867
DIXDC1 (85458),-0.014402533639470031
ZNF84 (7637),-0.014401799357121317
NEUROG1 (4762),-0.014396849876004671
AKR1B10 (57016),-0.014390985314743966
TNFRSF12A (51330),-0.014386452150588303
CD1E (913),-0.014385104100314901
TTC9 (23508),-0.014381729238453994
GSDMA (284110),-0.014379392950595305
IL20RA (53832),-0.014375394760104649
HTR7 (3363),-0.014369163478430749
KCNMB1 (3779),-0.014368413795952778
DZIP1 (22873),-0.014328612971606374
MID2 (11043),-0.014303808410206209
FOXK2 (3607),-0.014298822747033943
CSGALNACT1 (55790),-0.014294960891362027
USP50 (373509),-0.014282203588146098
CMTR1 (23070),-0.014277237503962236
MRPS28 (28957),-0.014265920963459477
TSC22D1 (8848),-0.014265446529877471
ECEL1 (9427),-0.01425802033246466
FMNL1 (752),-0.01424888886731171
POLR1A (25885),-0.014245985148743312
KLRB1 (3820),-0.0142319477619504
ALDH8A1 (64577),-0.014231341939149964
MAP7D3 (79649),-0.014209720830775782
ZBTB40 (9923),-0.014202259841583059
EIF2S3 (1968),-0.01419739046214703
CCL27 (10850),-0.01419492643797073
PREPL (9581),-0.014172541907489261
CAPG (822),-0.014152832569277431
RGS9BP (388531),-0.014151608312305
SULT4A1 (25830),-0.014145913929541972
DCDC2B (149069),-0.014133125849688016
NEK7 (140609),-0.014122388837782818
ID4 (3400),-0.01411790227847568
PAPOLG (64895),-0.014114635338229741
RALGAPA2 (57186),-0.014114222812388017
SUSD1 (64420),-0.014114022267201399
CREBRF (153222),-0.014113250250853701
SLC5A8 (160728),-0.014111607627283102
HEPACAM2 (253012),-0.014108315545736206
PRLR (5618),-0.014107996897866714
CSN1S1 (1446),-0.014105316511083956
CYB5A (1528),-0.014039837632816016
SIX3 (6496),-0.014037378321750286
JMY (133746),-0.013992487807652864
LRRC73 (221424),-0.013991804145890574
KPTN (11133),-0.013990990004292162
CRYZ (1429),-0.013986873678092334
VASP (7408),-0.013982148036784802
OR10H1 (26539),-0.013981133418207628
MGAT4B (11282),-0.013956908936683592
USP38 (84640),-0.013944670955944417
HSPA1L (3305),-0.013943534523519565
METTL2B (55798),-0.013919397258171467
MTFR2 (113115),-0.013918359459226658
CNNM1 (26507),-0.013916439187814511
JAG2 (3714),-0.01391421484385857
ZNF428 (126299),-0.013904961600976307
SERPINB6 (5269),-0.01389429654415828
EPB41L4A (64097),-0.013889469315737184
FEM1A (55527),-0.0138894100214079
BCL7A (605),-0.01388792924401947
DAZAP1 (26528),-0.013877614243329155
CDCA7L (55536),-0.013876465527001927
ITGA3 (3675),-0.0138444219799124
COL4A2 (1284),-0.01384220322356931
OTULINL (54491),-0.013840757705852252
IGSF8 (93185),-0.013837229429041097
AMER3 (205147),-0.013806572008896923
SMIM18 (100507341),-0.013796066603963153
BTBD2 (55643),-0.013783843348232423
TYROBP (7305),-0.013772635012368875
LRRC72 (100506049),-0.013757267491748198
IFT46 (56912),-0.01374200643473463
WWOX (51741),-0.013683277240092606
IRF2BP2 (359948),-0.013669015280723843
MTURN (222166),-0.013655370444227863
KCNJ6 (3763),-0.01365056882067483
PTCH2 (8643),-0.013634214124059957
REG1A (5967),-0.013632336559550078
MADCAM1 (8174),-0.013628514700631044
GSKIP (51527),-0.013625344623271696
ZNF559 (84527),-0.01362391994237295
FKBP2 (2286),-0.013620948283842943
RCAN3 (11123),-0.013578885707950055
RAB39A (54734),-0.013570353114215058
ATAD1 (84896),-0.013562526107980866
ENTR1 (10807),-0.013553303802271977
LGI3 (203190),-0.013550398955116347
CLDND2 (125875),-0.013509291606855139
CSTF1 (1477),-0.013505806408288967
GPR180 (160897),-0.013483207835077574
EFL1 (79631),-0.013467952755199098
PDE1B (5153),-0.01346647979834788
SCPEP1 (59342),-0.013466025767725476
TMEM63A (9725),-0.013452757735423749
RDH5 (5959),-0.013432642682030104
ZRANB3 (84083),-0.013423845284787864
DNAJC22 (79962),-0.013417242539648521
HTR2C (3358),-0.013415013374264383
RTP5 (285093),-0.013407674786164623
OR10AD1 (121275),-0.013405870507437464
SLC10A4 (201780),-0.013396342092758251
NDUFA2 (4695),-0.01337347613751223
CKM (1158),-0.013368810937683513
MDH2 (4191),-0.01336768673330101
COL6A1 (1291),-0.013356190219069915
ZNF251 (90987),-0.013351204918042503
KRT84 (3890),-0.013313333449076304
TBX18 (9096),-0.013312530163849506
MAPK8IP3 (23162),-0.013305772335607147
NIPAL1 (152519),-0.013295003462911214
NR1I2 (8856),-0.013290433278146807
CCDC97 (90324),-0.013286709922896472
CRY2 (1408),-0.013275536084006384
NRG1 (3084),-0.013268448742398752
CSF2 (1437),-0.013264791639305709
GALNT4 (8693),-0.01326444192816966
MED25 (81857),-0.013237880424632942
COX20 (116228),-0.013232568986331628
SAR1B (51128),-0.013230818896881236
ARRDC1 (92714),-0.013228293505574423
SLC16A8 (23539),-0.013222416107419307
TEX264 (51368),-0.013203491378836765
JPT2 (90861),-0.013203378073729344
IGFBP3 (3486),-0.013187998657457026
NCDN (23154),-0.013178618218807442
PPDPFL (492307),-0.013162865087101659
NPDC1 (56654),-0.013153266180143171
CSRNP2 (81566),-0.01315187578706078
RPS6KC1 (26750),-0.013127340156479952
RNF133 (168433),-0.013114635619826186
KIFC3 (3801),-0.013111996688198128
KISS1 (3814),-0.013109265024598651
SLC16A14 (151473),-0.013091033815642666
IGFBP2 (3485),-0.01308821353187541
JAML (120425),-0.013078265557218773
CC2D2B (387707),-0.013069948604685475
ATP10A (57194),-0.013055582651137362
CHRNA7 (1139),-0.013053481926104466
RARA (5914),-0.013038286800919303
RDM1 (201299),-0.013019643150044896
VKORC1L1 (154807),-0.013012013962961177
CLDN8 (9073),-0.013007178302276618
OR51M1 (390059),-0.01300534819485323
IL22RA2 (116379),-0.012991777083850437
HECW1 (23072),-0.012986000604137344
HS1BP3 (64342),-0.012985071487878757
RASL10B (91608),-0.012969196803082783
CSF1R (1436),-0.012942941034758262
HOXC6 (3223),-0.012938731669605574
SSX7 (280658),-0.012915183377729364
EDA (1896),-0.012886829115799778
GUCA1C (9626),-0.012883052811534682
CD200R1 (131450),-0.012873798530878024
ZNF322 (79692),-0.012841709933579516
HDDC3 (374659),-0.012829276119394306
ARRB2 (409),-0.012811652146558054
GARIN1B (84691),-0.012800601208277047
IFI27L1 (122509),-0.01279885267553118
HSPB3 (8988),-0.012790870631693155
PTER (9317),-0.012787371464970545
GAN (8139),-0.012776722950509167
SKIDA1 (387640),-0.012774780146528008
MARCO (8685),-0.012771412931831455
COX6B2 (125965),-0.012751594771553543
FAN1 (22909),-0.012744708213168624
ZBTB16 (7704),-0.012729966723015624
NOLC1 (9221),-0.012726740714362094
YIPF6 (286451),-0.012719249791336257
TEX55 (152405),-0.012716259730503521
ZNF583 (147949),-0.01271481928060079
FIRRM (55732),-0.012714208819627116
VTN (7448),-0.012688267909952542
GRM6 (2916),-0.012684019539457211
GHR (2690),-0.012677828638764382
SPSB2 (84727),-0.01267771740111196
DAGLA (747),-0.012650164216583557
MAGEC2 (51438),-0.012629428959895519
KIF26A (26153),-0.012616882025232748
LEAP2 (116842),-0.012597865103094663
CNDP1 (84735),-0.012586047556065409
SETD7 (80854),-0.012570246214881828
KLF3 (51274),-0.012569360359397036
ZNF514 (84874),-0.012565653406618554
ZNF121 (7675),-0.012560540808024198
MPP1 (4354),-0.012558573991031153
ZBTB18 (10472),-0.012558012782530084
TENM4 (26011),-0.01255298475726285
PLSCR4 (57088),-0.012546980159163302
ABHD12B (145447),-0.012544205984880041
CAPN6 (827),-0.012540443499641674
ABCA7 (10347),-0.012534666017724638
ATP5MK (84833),-0.012533904260115757
PCDHB2 (56133),-0.012523373729758874
ZDHHC9 (51114),-0.012509594136356394
DNAJC21 (134218),-0.012502743525909557
MAP3K3 (4215),-0.012500270138336867
VGLL4 (9686),-0.012490219200542902
KCNH1 (3756),-0.012486218754843972
C5orf22 (55322),-0.012486084757100948
VPS72 (6944),-0.012484584764365547
GJA4 (2701),-0.012446190270347126
GPR19 (2842),-0.012404980013250948
TTC7B (145567),-0.012390359781157722
CD2AP (23607),-0.012384565953073457
PIK3IP1 (113791),-0.012383355058699315
RTCA (8634),-0.012366026953530418
ALDH1L1 (10840),-0.012364830981039274
BATF3 (55509),-0.012336465213702113
SNX25 (83891),-0.012335291874359925
SH3PXD2B (285590),-0.012326957840256534
RPL39L (116832),-0.012316172189256165
EPM2AIP1 (9852),-0.012315579459588204
ARRB1 (408),-0.012296138231472164
ANO10 (55129),-0.012294693999777414
UBL3 (5412),-0.012291207658403719
HHATL (57467),-0.012288594899694857
PRCP (5547),-0.012278941934393967
DCAF16 (54876),-0.012264319034142424
LRRC10B (390205),-0.012257882637681483
RERE (473),-0.012247231577456353
UGT1A8 (54576),-0.012246643962553129
SEMA4D (10507),-0.012245334182446912
EFHD2 (79180),-0.012241357841601038
NOSIP (51070),-0.012232133808603673
XAGE5 (170627),-0.012229448708802803
POLR3F (10621),-0.012227179663565213
TCF21 (6943),-0.012221664931152985
EPS15 (2060),-0.012216195026659243
KRT2 (3849),-0.012209158972297735
NDUFS4 (4724),-0.01220667165527642
ZNF560 (147741),-0.012193007361635536
KRTAP19-2 (337969),-0.012187794445319717
ACTMAP (284325),-0.012159884930497956
LARP1 (23367),-0.012158267714990434
P2RY14 (9934),-0.012130588300410864
KCNK16 (83795),-0.01212640027625227
UBFD1 (56061),-0.012123652085180334
CLDN5 (7122),-0.012122036781737542
SNAP91 (9892),-0.01211899872298128
ZBTB11 (27107),-0.012117664115035388
DCDC2 (51473),-0.012106067246552717
OR11L1 (391189),-0.012096017088621396
IHH (3549),-0.012093087415615877
METRN (79006),-0.012089765673060544
TTLL12 (23170),-0.012055992280264747
FAM120B (84498),-0.012054456077300088
NLRP13 (126204),-0.012033056032742512
TRAPPC10 (7109),-0.012018971710425229
ATXN7L2 (127002),-0.012017748476965582
NEK2 (4751),-0.0120166506437944
STRADB (55437),-0.012004500992951061
PDZRN4 (29951),-0.01199141376691015
MBLAC1 (255374),-0.01199043514073458
ZIC4 (84107),-0.011990234872077395
NEU1 (4758),-0.011978673497130157
CC2D1B (200014),-0.011975893233046033
SPACA9 (11092),-0.011941404817135117
MPND (84954),-0.011939065297850715
GHRH (2691),-0.01193396405732861
HOXA7 (3204),-0.011929334896569053
GPR148 (344561),-0.011925516149567784
C6orf141 (135398),-0.011915402945522301
GPCPD1 (56261),-0.011900861905212504
OLFML2A (169611),-0.011899707747018004
TMEM200A (114801),-0.011894469057522537
CLEC3A (10143),-0.011886576222394002
NAMPT (10135),-0.011869789795201558
DMRTC2 (63946),-0.011855172209716252
POLR3GL (84265),-0.01184718762300252
APOBEC3B (9582),-0.011845386149797629
SETX (23064),-0.01184348033505268
SRPRA (6734),-0.011835668195039829
SLK (9748),-0.011832911709235113
SPTBN5 (51332),-0.011829811063818349
ADRA1B (147),-0.011811045366047436
KPNA6 (23633),-0.011807630814820938
NTRK3 (4916),-0.011804638525616872
ALDOA (226),-0.011789128977094965
KDM5B (10765),-0.011781549905193898
KCNMB3 (27094),-0.01177022092238042
CXCL2 (2920),-0.011769494939497749
LARP7 (51574),-0.011759934824523607
SENP5 (205564),-0.01175671860058084
ZNF398 (57541),-0.011738799844246311
CAPN12 (147968),-0.011719033658427086
ANKRD37 (353322),-0.011706396821800146
IDNK (414328),-0.011682105184236962
EXPH5 (23086),-0.01167500051218256
MFSD10 (10227),-0.01167156468668459
S100Z (170591),-0.011669441303212402
GHSR (2693),-0.011647090998887933
B3GNT2 (10678),-0.011643533588821421
CACHD1 (57685),-0.011643173379631366
ATAD2 (29028),-0.011634702034634247
TAS2R16 (50833),-0.011633999721020466
ME3 (10873),-0.011629584778077835
C8G (733),-0.011625421713233186
CTCFL (140690),-0.011613688989882742
BATF (10538),-0.011613470350319122
SNX30 (401548),-0.011604182941426488
SKOR1 (390598),-0.011589738376783504
LYSMD3 (116068),-0.011587778838293372
WNT7A (7476),-0.011585044309754988
IRGQ (126298),-0.011575826102057128
ARF1 (375),-0.011561736899458063
TCHP (84260),-0.011553379731193946
PNLIPRP3 (119548),-0.011539198835336936
HOXD3 (3232),-0.011519296643512155
CASP7 (840),-0.011515755448778708
SRMS (6725),-0.011513556929844359
ARG2 (384),-0.011512172974112916
DIPK1C (125704),-0.011509347150429316
CD6 (923),-0.011503609829359508
AGBL2 (79841),-0.011495117922266975
ZPLD1 (131368),-0.011462618971445269
ENTHD1 (150350),-0.011447117815570531
BCL7C (9274),-0.011446154237265322
DNAJC5 (80331),-0.011438099949788741
GNA13 (10672),-0.011436286415734947
MPHOSPH6 (10200),-0.011434915692901898
CBX1 (10951),-0.011424291885095795
CFAP45 (25790),-0.011419962797226865
PDZK1 (5174),-0.011419231866056085
PHETA1 (144717),-0.011418239673220993
PDYN (5173),-0.011410648107259617
PTCH1 (5727),-0.011401249086281824
ANKAR (150709),-0.011396796888224713
IGLL5 (100423062),-0.011390786131928026
FAM161B (145483),-0.01139008988051764
RASGRP4 (115727),-0.011381583649309994
TLL2 (7093),-0.011374944557055549
SLC25A32 (81034),-0.011367325553326441
OSGIN1 (29948),-0.011361841583378076
MUC5B (727897),-0.011343757669754635
SHISA6 (388336),-0.011335768097748026
AMZ2 (51321),-0.01133237129027543
RTL6 (84247),-0.011320762828690656
ELAC2 (60528),-0.01131892224433535
COLEC12 (81035),-0.011313534726667327
PIP4P2 (55529),-0.011300493648783164
ANO7 (50636),-0.011295511112380021
CAPRIN2 (65981),-0.011282204585669735
ITGB4 (3691),-0.011272352881199882
GID4 (79018),-0.011269983016703063
GLOD4 (51031),-0.01126491386596139
WIPF3 (644150),-0.011262246115959973
ADGRG1 (9289),-0.011256117388987946
C1orf50 (79078),-0.011254204695185127
TECPR1 (25851),-0.011252988094167752
KRTAP13-1 (140258),-0.011236677302085826
PPY (5539),-0.01123501259345686
CATSPERD (257062),-0.011225955262616178
SLC25A10 (1468),-0.011219740722684496
IRX3 (79191),-0.01121321375413805
FBXO41 (150726),-0.011205623042473033
MAGEA4 (4103),-0.011194409857378065
PAGE4 (9506),-0.011181924031753476
FBXL6 (26233),-0.011157291612666986
NFE2L3 (9603),-0.011140924805445141
ODAD2 (55130),-0.011137516754636237
CD163L1 (283316),-0.01113028438283053
TFEB (7942),-0.011126708355958827
CLMP (79827),-0.011122561555020219
BDNF (627),-0.01107746374843404
PHF2 (5253),-0.011036493153728063
KLHL22 (84861),-0.011036366207653706
FAM111A (63901),-0.0110314342120332
COLEC11 (78989),-0.011028030674494982
RPS6KA5 (9252),-0.011026716150708733
SMPD2 (6610),-0.0110266437907523
BCHE (590),-0.010978882407774209
CHODL (140578),-0.010972663699479804
RCHY1 (25898),-0.010971706737176486
LHFPL6 (10186),-0.01096891238152779
CD34 (947),-0.010960217237100982
ABTB2 (25841),-0.010952340817043459
KLHL41 (10324),-0.010946687788717
LYVE1 (10894),-0.01094066257941238
WDR27 (253769),-0.010940514995529574
ZNF18 (7566),-0.010939795906444377
SMARCA1 (6594),-0.010930785186790904
QNG1 (84267),-0.010927781868631758
CLIP4 (79745),-0.010917135733957584
MBLAC2 (153364),-0.010912739703710695
ZNF726 (730087),-0.01090422154496588
AP1M2 (10053),-0.010902591301916781
COX10 (1352),-0.010901524003358842
OSM (5008),-0.010864543756939734
BAG2 (9532),-0.010854352411717354
GJD3 (125111),-0.010842915200505763
CLDN20 (49861),-0.010839873157856294
NYAP1 (222950),-0.010836471415537185
GUCA1B (2979),-0.010830628047232328
TNRC6B (23112),-0.010821226949763224
SCFD2 (152579),-0.010796310139697052
ROBO3 (64221),-0.010788229791128189
NPTN (27020),-0.010780778314136605
CLEC5A (23601),-0.010767137709016739
CACNG6 (59285),-0.010753329311055163
MEX3A (92312),-0.010748196390286884
IL7R (3575),-0.010744000053162919
DYNLT1 (6993),-0.010728480329506417
TBC1D21 (161514),-0.010712459845814704
ZKSCAN3 (80317),-0.010711121326254423
PGF (5228),-0.010705671431906446
KCNH7 (90134),-0.010697137515618635
STK31 (56164),-0.01068938159700367
CHD1L (9557),-0.010684281096517628
ZNF804B (219578),-0.010671561799235962
NUDCD1 (84955),-0.010665389845547312
MRGPRF (116535),-0.010652653328542386
TCEA1 (6917),-0.01065039349671959
NRN1L (123904),-0.010637893098463306
ZNF114 (163071),-0.01063501054767188
PSG4 (5672),-0.010634175425041378
GOLGA4 (2803),-0.010633540350056253
GLOD5 (392465),-0.010620261486748165
AQP12B (653437),-0.010620201142918973
L2HGDH (79944),-0.010612156056129755
CCDC171 (203238),-0.010610192580348819
FRZB (2487),-0.010609633398952639
CLXN (79645),-0.010600462080407679
FAM110C (642273),-0.010586620732352009
PRM2 (5620),-0.010580510783087888
RNF212B (100507650),-0.010559833134303948
CCNG2 (901),-0.010537028729161258
PIK3C2B (5287),-0.010501819703673337
TMEM86B (255043),-0.010500522038667692
ELAPOR1 (57535),-0.01048580129250425
DBP (1628),-0.010485087737524951
SOCS1 (8651),-0.01046302711411883
HSD17B8 (7923),-0.010459097430204822
ZBTB47 (92999),-0.010454143961423537
LHFPL5 (222662),-0.01044804780364885
ZDHHC22 (283576),-0.01044575778180264
SKIC3 (9652),-0.01043307287604479
CANX (821),-0.010421731783132143
STRN3 (29966),-0.010421103545910543
CDH6 (1004),-0.01042062879982078
NOM1 (64434),-0.010414806934733224
NAV2 (89797),-0.010408597341779211
TTC38 (55020),-0.010405279358812247
TCP11L1 (55346),-0.010394996995706444
RIBC1 (158787),-0.010390156746625665
GAS2L3 (283431),-0.010387719412391009
MOSPD2 (158747),-0.010383407307360659
ZNF653 (115950),-0.010376258926732145
OBSCN (84033),-0.010370846567102559
SLC39A3 (29985),-0.0103675963540066
PPP6R2 (9701),-0.010366546833766288
XYLB (9942),-0.010354374373142048
TSNAX (7257),-0.010345564735765561
B4GALNT4 (338707),-0.010331816209331667
TEKT2 (27285),-0.010328340802960656
SLC9B2 (133308),-0.010322596737219174
NEO1 (4756),-0.01031521762089171
IYD (389434),-0.010313517451899719
ARHGDIA (396),-0.01030580218283305
ARPC1A (10552),-0.01029905998763351
MPDZ (8777),-0.010296864305334755
MVP (9961),-0.010282987869475015
B4GALT7 (11285),-0.010282757615661053
MAST2 (23139),-0.010260824980517464
LDLRAP1 (26119),-0.010249981842200306
SMAP2 (64744),-0.010238733169896954
ZNF846 (162993),-0.010238212106579192
MAP2K1 (5604),-0.01023139898679529
FAM83H (286077),-0.010225129707185473
PTRH1 (138428),-0.01022118163555764
TEX36 (387718),-0.010204125675429759
NALF2 (27112),-0.010203673208948948
GRHL1 (29841),-0.010200212677248296
OR4D1 (26689),-0.010195187878805745
SPRED1 (161742),-0.010181333155968933
GLYATL1 (92292),-0.010177662359524215
FPGT (8790),-0.010174329656153223
MSX1 (4487),-0.010174104363565462
TRIM2 (23321),-0.01014743180257766
RASSF5 (83593),-0.010135324552261082
DCAF10 (79269),-0.01012786766170488
CLEC3B (7123),-0.010127245814268849
PDGFRL (5157),-0.01012021663618656
SUGCT (79783),-0.010103440567890042
ZBTB44 (29068),-0.010102208589312406
CER1 (9350),-0.010094975077768251
DND1 (373863),-0.010094601059338255
SLC5A9 (200010),-0.010084630624872113
ADCY2 (108),-0.010071988889241512
ZNF703 (80139),-0.010070925710594321
VKORC1 (79001),-0.010069869468991207
FAM228A (653140),-0.010057002965869932
C3orf84 (646498),-0.010041176549306507
SPRN (503542),-0.010028595456819911
CYTH2 (9266),-0.010028247567782768
ZNF3 (7551),-0.010021838559254339
KLK12 (43849),-0.01002156986544096
CFAP73 (387885),-0.010017356407005412
STRIP2 (57464),-0.010016203919688433
ASB2 (51676),-0.01001408025906671
INTU (27152),-0.010003443268151155
C16orf78 (123970),-0.009994452963122857
ZNF527 (84503),-0.00998163934883269
REL (5966),-0.009977412960239568
HAND2 (9464),-0.009977089381456482
TNFSF18 (8995),-0.009972256610666757
UBE3D (90025),-0.009971152700186064
ARHGEF9 (23229),-0.009970868331500557
PALS1 (64398),-0.009967244671806385
AZIN1 (51582),-0.009957070117489239
TMEM168 (64418),-0.0099549041755152
RB1 (5925),-0.009944832890969845
SCARB2 (950),-0.009925486434584397
OR51T1 (401665),-0.009912626437994104
ZUP1 (221302),-0.00990856876693778
PAX2 (5076),-0.009902397074972546
LRRFIP1 (9208),-0.009892341207257096
DAPK3 (1613),-0.009883626219994451
ATXN7 (6314),-0.00987551928622823
BEGAIN (57596),-0.00986364827870238
HBQ1 (3049),-0.009861643482662986
SGTA (6449),-0.009860576252129253
PLVAP (83483),-0.009855908383592063
REPIN1 (29803),-0.00983828093023532
ZNF600 (162966),-0.009836622414493231
HDGFL2 (84717),-0.009825147301942946
HNRNPM (4670),-0.00982213283757738
MAN2A1 (4124),-0.009806818151263755
SGCA (6442),-0.009805012984210937
EPS8L3 (79574),-0.009795565586658488
KIAA0232 (9778),-0.009794311207616526
LSG1 (55341),-0.009772662660864961
CPNE9 (151835),-0.009769957587582877
KTN1 (3895),-0.00976062899456131
ELL3 (80237),-0.009754078498218365
ICOS (29851),-0.009751179278559655
BAIAP2 (10458),-0.009740924891756444
IGFBP4 (3487),-0.009729907573722205
ZGPAT (84619),-0.009723909320318632
PDLIM3 (27295),-0.009696402108255963
COMMD8 (54951),-0.009690913804146262
COL27A1 (85301),-0.009687652564513774
GNA14 (9630),-0.0096679749585079
MAPK8IP1 (9479),-0.00966351005944427
RTL8A (26071),-0.009660879035264358
AGTR2 (186),-0.009654766743485277
ACTL6A (86),-0.009648737677252672
MSRB1 (51734),-0.009626276906841891
PMM1 (5372),-0.009618040603541067
IGFL2 (147920),-0.009612762021364518
PLK2 (10769),-0.009594965904405452
NABP1 (64859),-0.009577171556373498
RAB30 (27314),-0.00957215997771173
ALDH9A1 (223),-0.009549625430771027
HTN1 (3346),-0.009546459207903694
MACO1 (55219),-0.009538198445486867
HSPB8 (26353),-0.009534213147337522
FADS1 (3992),-0.009530863169053948
TSPEAR (54084),-0.00952852824980115
CDX1 (1044),-0.009524076058242898
SLC17A6 (57084),-0.009494741579608426
GPR52 (9293),-0.009489774081137858
LRRTM3 (347731),-0.009475267939021502
ZSCAN31 (64288),-0.009461056704686369
OR4C12 (283093),-0.009449260903727587
KRTAP10-3 (386682),-0.009424605571062138
SLC39A6 (25800),-0.009423607717054592
KCNC1 (3746),-0.009412893357337193
LPAR4 (2846),-0.009373223918085646
ARFIP1 (27236),-0.009370606605413417
DEFB118 (117285),-0.00935070517465389
LRIT2 (340745),-0.00934922077554615
FGF2 (2247),-0.009338807554754375
P2RY6 (5031),-0.009330005658747042
TF (7018),-0.009322668354673946
LIMD1 (8994),-0.009313278607303794
RETREG2 (79137),-0.0093063102588427
SERINC5 (256987),-0.00930218635970775
IL7 (3574),-0.009294544023625359
DYNC2H1 (79659),-0.009275205273674267
OR10A4 (283297),-0.009273368948003291
TMEM52B (120939),-0.009267371217339209
GPBAR1 (151306),-0.009266778377203888
KRTAP24-1 (643803),-0.00925244992828093
FBXL19 (54620),-0.009249428865493042
TMEM17 (200728),-0.009244923349203455
WDR20 (91833),-0.00923839864748759
CEP164 (22897),-0.00922087359115539
PCDHA13 (56136),-0.009217528595549182
HPGD (3248),-0.00914223854467012
SLC27A2 (11001),-0.009136795048354433
PUM3 (9933),-0.009127198344776299
MTTP (4547),-0.009119456199971163
PRSS22 (64063),-0.009118741967610481
GAB3 (139716),-0.00911137078369149
XPOT (11260),-0.009094493639851398
STX19 (415117),-0.009088866423575594
CAPZA1 (829),-0.009077423422920426
SRPK3 (26576),-0.009056045359433109
ALPK2 (115701),-0.009032100395518636
SEC11C (90701),-0.00902692960435551
SLC25A31 (83447),-0.008995063455343982
KDM1B (221656),-0.008990880322409762
DENND4A (10260),-0.00898918422829586
BAIAP2L2 (80115),-0.008988868612922984
TMC4 (147798),-0.008984336050911946
LCP2 (3937),-0.008983285969054042
AP3B2 (8120),-0.008961269406725581
KIF19 (124602),-0.008942590856253091
BICD2 (23299),-0.008939320375867046
LEF1 (51176),-0.00893782429689324
CLEC4F (165530),-0.008924836854215861
SHISAL2A (348378),-0.00891927384030939
AKR7A2 (8574),-0.008917280676359591
ABCB5 (340273),-0.008885835192136203
GIMAP6 (474344),-0.008885012144947113
LY6G6C (80740),-0.008869805135568018
PSD (5662),-0.008860292809669443
TLCD3B (83723),-0.008857970014882857
UBE4A (9354),-0.008857380210440784
WARS2 (10352),-0.008855370055197131
DNAJB6 (10049),-0.008849629245159335
UBE2E3 (10477),-0.008837856285765795
C1orf226 (400793),-0.008830532533378276
FIBIN (387758),-0.008821171380451598
EQTN (54586),-0.008807349135963632
ZFP14 (57677),-0.008799931276432516
THRB (7068),-0.008784021748954169
DRD3 (1814),-0.008781230864984375
ASCC1 (51008),-0.008777303113198614
SRCIN1 (80725),-0.00876394468505971
WHAMM (123720),-0.00875931881181866
GLI2 (2736),-0.008736539468412111
LIN7B (64130),-0.0087329713501686
ADCK1 (57143),-0.008727643989861453
SLC28A1 (9154),-0.00872681650278793
HACE1 (57531),-0.0087079944047471
ADAMTSL1 (92949),-0.00870706489347882
GDE1 (51573),-0.008702264783533293
RNF139 (11236),-0.008696985024394099
CNTNAP2 (26047),-0.008688425119692925
RAB9A (9367),-0.008684466317121633
EIF3I (8668),-0.008681576273327796
ITPRID2 (6744),-0.0086705434968329
ZCCHC17 (51538),-0.008665191517273296
SPAG6 (9576),-0.008649741305908733
OPN1SW (611),-0.00863176401924787
PIGR (5284),-0.008625715246282126
BMP5 (653),-0.008612798760995527
ARHGAP10 (79658),-0.00859795428165178
RHBDF1 (64285),-0.00859344470849328
STAB2 (55576),-0.00858961091233475
TLE1 (7088),-0.008588638241385605
ZNF347 (84671),-0.008577498859333788
TMEM179B (374395),-0.008573881963155446
GRWD1 (83743),-0.008565408151861275
ZNF566 (84924),-0.008556295454563784
UAP1L1 (91373),-0.008544661079169336
DPYS (1807),-0.008530088367345517
TYW5 (129450),-0.008523861971216391
FN3KRP (79672),-0.0085207087119647
TRABD2A (129293),-0.008520396689877826
DHH (50846),-0.008506141144846883
UGT2A1 (10941),-0.00849898593045886
ORC3 (23595),-0.008481696048721255
MAPK3 (5595),-0.008477386018480929
FAM149A (25854),-0.00845834033588234
CPT1B (1375),-0.008445046580210978
ABCD4 (5826),-0.008434475999494156
TRAM2 (9697),-0.008353988184096254
CYSTM1 (84418),-0.008353730797744457
LNX1 (84708),-0.008351197790771902
CCNJL (79616),-0.008345371225822884
ZRANB2 (9406),-0.008339311216120509
RAB3IL1 (5866),-0.00833607308977136
THUMPD1 (55623),-0.008329656134257329
CROCC (9696),-0.008313616275564761
CSN3 (1448),-0.008307175361755497
CXCR5 (643),-0.008298510813322455
OR10A3 (26496),-0.008297642004648017
GALC (2581),-0.008276211258265203
APOH (350),-0.008268031973219955
GCLM (2730),-0.008258894883110518
SLURP2 (432355),-0.008251063273526576
ZNF771 (51333),-0.008251040693527533
G2E3 (55632),-0.008236387297490497
GRAP2 (9402),-0.008227626588735274
HIP1 (3092),-0.008222529692766805
TNFRSF18 (8784),-0.008217941559714597
EPHB4 (2050),-0.008215542359292411
SKA3 (221150),-0.008197447524217449
TBC1D19 (55296),-0.008197230812027657
LUZP1 (7798),-0.008195164666545341
PATL2 (197135),-0.008191267448462478
RBP1 (5947),-0.008190900332399123
RXRG (6258),-0.00818429813320544
FOXC2 (2303),-0.008169316540791756
PTCHD1 (139411),-0.008162099906246039
APOA1 (335),-0.008156444267871992
LGI1 (9211),-0.008150631993346808
SNTN (132203),-0.008129887351951411
UFSP1 (402682),-0.008119127615327237
ST6GAL1 (6480),-0.008107409099480444
REEP3 (221035),-0.008106482603275197
STAT4 (6775),-0.008105428293236766
SAGE1 (55511),-0.008089726083164633
PPP2R2C (5522),-0.008064842500808356
XIRP2 (129446),-0.008057493973554746
NOP53 (29997),-0.008057342600971995
MTCL1 (23255),-0.008056806017361192
GPX5 (2880),-0.008052345205843905
TLR4 (7099),-0.00804023597756737
PDK3 (5165),-0.008033464854270273
CLEC4C (170482),-0.008024898604764859
KIAA0319L (79932),-0.007995589605206948
AQP9 (366),-0.007995190014323786
CNTRL (11064),-0.00796424763939706
GRIK5 (2901),-0.007962683443309406
C22orf23 (84645),-0.007957951625677768
DLX5 (1749),-0.007948258425901748
PITX2 (5308),-0.007944201773266013
FDFT1 (2222),-0.007937467100235606
TCN2 (6948),-0.00791633263521261
KANSL1L (151050),-0.007913102645233682
KRTAP6-1 (337966),-0.007897615353362152
ROS1 (6098),-0.007889272542499829
FBXO16 (157574),-0.00788735066233832
SYCE1 (93426),-0.007862660886287644
GCKR (2646),-0.007862375766299622
SIPA1 (6494),-0.007844330471606903
SLC17A4 (10050),-0.007830712917067006
PEX10 (5192),-0.007819731285377478
ABHD5 (51099),-0.007810561184294936
CAMK1 (8536),-0.0078089515782984315
CCR5 (1234),-0.007806471075760354
C1D (10438),-0.007788774505993218
KRT39 (390792),-0.00778458033057213
PARP3 (10039),-0.007760414787392278
CBLN2 (147381),-0.007753884773683099
ADISSP (54976),-0.007750718264174859
SLC26A3 (1811),-0.007746494562553252
PLA2G4E (123745),-0.007734835503545525
ZNF605 (100289635),-0.0077288715540580226
SCML1 (6322),-0.007726256642130241
KIF2B (84643),-0.007724782027953708
CCL18 (6362),-0.007717615753164061
NRROS (375387),-0.0077165455864889945
DTX1 (1840),-0.0077159639592330725
ECSIT (51295),-0.007710397793637735
SGCZ (137868),-0.007675921751135351
PBOV1 (59351),-0.007669157287699002
TLR3 (7098),-0.007662589986646662
RPF1 (80135),-0.007658866478378346
KCNJ1 (3758),-0.007634470987651193
AQP3 (360),-0.007619736537648687
DNAH3 (55567),-0.00756561310880278
ACADS (35),-0.0075637487364074345
PITPNC1 (26207),-0.007557963531508392
CELF3 (11189),-0.007557774760166211
STK33 (65975),-0.007551512701323144
GGACT (87769),-0.007544845128674022
ENSA (2029),-0.007532992498131508
GPC1 (2817),-0.00752917721749836
CSF2RB (1439),-0.007522213207375126
GXYLT2 (727936),-0.0074998516939896315
SFR1 (119392),-0.0074887389872150545
AP3M1 (26985),-0.0074815376907995555
PTH2R (5746),-0.007480825656658428
C11orf86 (254439),-0.007477849902737444
ZNF20 (7568),-0.007474694797410394
SPINK2 (6691),-0.00746788354202568
CADM2 (253559),-0.00746382723419704
CRELD1 (78987),-0.00740735186450373
SLCO2A1 (6578),-0.007371940427663088
MSR1 (4481),-0.0073717074690045625
PKN3 (29941),-0.007354245505226914
EPN3 (55040),-0.007345790418004367
CLRN1 (7401),-0.00733625224656947
LRRC8E (80131),-0.007335054632384941
NR5A2 (2494),-0.007314322498752274
NAIF1 (203245),-0.0072966573897742335
CAMK2G (818),-0.0072870691537678615
PLBD1 (79887),-0.007272578513962695
DEPTOR (64798),-0.007261642101807013
DVL1 (1855),-0.0072291318147671094
UNC5D (137970),-0.007219934132072966
MFN2 (9927),-0.007215932315428442
PEG10 (23089),-0.007211230530878304
FUT2 (2524),-0.007208807994055888
CDC16 (8881),-0.007202313313945474
CCDC9B (388115),-0.007192213183042845
NAGA (4668),-0.007180375184222154
HDDC2 (51020),-0.007148311890803545
OR5M10 (390167),-0.007145540470662987
IQCE (23288),-0.007141417418155818
TAPBP (6892),-0.007135631233683851
MAFA (389692),-0.0071246790410038644
RHEBL1 (121268),-0.007122808843533643
TRIM25 (7706),-0.0071188409860487
ALX1 (8092),-0.007117172740262606
NDUFB4 (4710),-0.007115032664226762
IL21R (50615),-0.0071067724743808765
NMNAT2 (23057),-0.007095596672105695
MKI67 (4288),-0.007095299858261567
DEPDC4 (120863),-0.007083777882899234
LEO1 (123169),-0.007066301781589018
USP6NL (9712),-0.007060352647105916
SHISA3 (152573),-0.0070534052250430385
CATSPER1 (117144),-0.007046714086607092
RABL2B (11158),-0.007036467185055728
GPNMB (10457),-0.0070293377812263805
TADA2A (6871),-0.007028967970587674
XKR9 (389668),-0.007016775567545179
ENOPH1 (58478),-0.007007497483757892
SDCBP (6386),-0.0070031601453251465
CARNMT1 (138199),-0.006989908086402796
EML5 (161436),-0.006972574670761117
SSX2IP (117178),-0.006964950730929889
HEPH (9843),-0.006963619490442513
GAL3ST2 (64090),-0.006955115717641477
ME1 (4199),-0.006948495613012295
ASIC4 (55515),-0.006941490707412973
OSBPL7 (114881),-0.006909454281044725
THBS1 (7057),-0.00690937333742638
TCF4 (6925),-0.006907164205701255
CST9 (128822),-0.006905158740875853
CAND2 (23066),-0.006902841628703779
MGAT3 (4248),-0.006902583267202259
CKB (1152),-0.006899736825488101
NMRAL1 (57407),-0.0068918772652064916
ALPK1 (80216),-0.006890284387267198
IQUB (154865),-0.00688917393779786
GNS (2799),-0.006887599352699595
PNLIP (5406),-0.006877136039495452
ASPDH (554235),-0.006874277098476286
GLS2 (27165),-0.0068730444788830895
IFT88 (8100),-0.006854676786567112
SORBS3 (10174),-0.006850579347250825
FLRT1 (23769),-0.006847048750708654
ZNF891 (101060200),-0.006844780373857047
ZNF777 (27153),-0.006838907985723226
PEAR1 (375033),-0.006836882586493958
TPSD1 (23430),-0.00683391107411693
OR13H1 (347468),-0.006832943821479413
RNF32 (140545),-0.006827586670538341
CCDC190 (339512),-0.006816872054928822
TBC1D30 (23329),-0.006816725075207175
RGS20 (8601),-0.006813677515530877
PXDNL (137902),-0.0068126468163510825
TRIM31 (11074),-0.006804132177091714
VSTM2A (222008),-0.0068002117457219265
ZNF224 (7767),-0.006796106896358201
AIP (9049),-0.006785651105536361
EHD2 (30846),-0.0067807632972610495
BSPH1 (100131137),-0.006778116492327119
RAB11FIP3 (9727),-0.006760647701387848
TRAP1 (10131),-0.006729552749028573
CCDC166 (100130274),-0.006719925802678
CASKIN1 (57524),-0.006697267776431756
CASD1 (64921),-0.006695820055474172
NPHP1 (4867),-0.0066838270560727695
CEBPG (1054),-0.006642334286640508
TMEM121 (80757),-0.00659873980310573
FAAP24 (91442),-0.006589063873497758
MAMDC4 (158056),-0.006589031642369567
PCMT1 (5110),-0.0065877220998028785
LIPG (9388),-0.0065824989904076925
SPRYD7 (57213),-0.006579357062164273
NKX6-3 (157848),-0.006572591475005834
TAS1R1 (80835),-0.006564389821174521
SLC17A9 (63910),-0.006550643479918887
HMGB2 (3148),-0.006511492026246467
SLC35F5 (80255),-0.006509612183981631
CLTB (1212),-0.006501800853219497
PRR19 (284338),-0.006500492226228271
MROH2B (133558),-0.006493090713302033
ANO5 (203859),-0.006490726344677874
TAFA5 (25817),-0.006474714941182277
SURF2 (6835),-0.006474461283718491
CTNNBIP1 (56998),-0.006472978893297926
CCNL2 (81669),-0.006449621514292081
PIGB (9488),-0.006443390054426024
MAP3K9 (4293),-0.006441502480991587
TAS2R4 (50832),-0.006436861263867247
CADPS (8618),-0.006413903344946769
P4HB (5034),-0.006410189233745767
PHF20L1 (51105),-0.0063977319080438105
GDI2 (2665),-0.006369684230789369
CYP1B1 (1545),-0.006366235805376139
GABRA4 (2557),-0.006365898674473855
LYSET (26175),-0.006348952112856468
RPUSD1 (113000),-0.006347623461498264
CACNA1S (779),-0.006329312529509604
RFX4 (5992),-0.006326679352488938
SPTBN1 (6711),-0.006325890612050434
PM20D2 (135293),-0.006324589480901169
BARD1 (580),-0.00631917015270228
NAA11 (84779),-0.006301936651777855
WDR88 (126248),-0.006301670851824282
RUFY1 (80230),-0.006294977135832725
SERPINF1 (5176),-0.006293311126217978
PPP2R3A (5523),-0.006285025487219348
LPAR5 (57121),-0.006260003377994938
TMEM26 (219623),-0.006256733469186375
EBAG9 (9166),-0.006244191602660666
ZNF100 (163227),-0.006231832780302371
TDRD5 (163589),-0.006231367962991977
PRELID3A (10650),-0.006209587010225623
CPEB4 (80315),-0.006207935053903463
TUBA3C (7278),-0.0061860341852638615
TRPM8 (79054),-0.006184044306207612
GNG2 (54331),-0.006181584934514433
PCNP (57092),-0.006164959741360049
CYP2F1 (1572),-0.006158550726476225
PTH2 (113091),-0.006148745378346343
LARGE1 (9215),-0.006148151136877736
SPNS1 (83985),-0.006133946457500877
CCDC7 (79741),-0.006116850475825547
SDHAF2 (54949),-0.006114947052071473
HOXB1 (3211),-0.0061139242688402875
MAMSTR (284358),-0.006110111343570974
TMEM100 (55273),-0.0061090460077681446
TIMM29 (90580),-0.006108572400796775
PAFAH2 (5051),-0.006099609271876118
FMO3 (2328),-0.006092337071251018
GBP2 (2634),-0.006087843240919932
GOLGA7 (51125),-0.006064488289999245
CHADL (150356),-0.00606162167485873
TFF1 (7031),-0.006056730674344141
TSHR (7253),-0.006039561615804742
MAP3K10 (4294),-0.006038907421959181
ATG2A (23130),-0.0060325753809173325
ST6GALNAC2 (10610),-0.006030662280981189
RDH16 (8608),-0.0060114122044092055
CYBA (1535),-0.00600640367811346
GAK (2580),-0.005997920032996451
STAT1 (6772),-0.005987731737958177
AHNAK (79026),-0.005980574514194303
FBLN2 (2199),-0.005974519653798762
RASL11A (387496),-0.005967490081158777
GNG4 (2786),-0.005965432240086515
TBC1D23 (55773),-0.005963944273335631
TAMALIN (160622),-0.005957440403937486
OR52J3 (119679),-0.0059544089781616745
CRYM (1428),-0.005924627583310793
CYLC1 (1538),-0.0059211239835894325
SORD (6652),-0.005908397717234959
CRADD (8738),-0.0059063725401375
PANX3 (116337),-0.00590384312176139
DAAM2 (23500),-0.005898946214957674
LSMEM1 (286006),-0.005895522710160581
HLA-F (3134),-0.00587167479227097
TPBG (7162),-0.005863454613046376
NPTXR (23467),-0.005858967479703296
RIPK4 (54101),-0.005850738762215158
ABHD3 (171586),-0.005846221418091687
ZNF436 (80818),-0.005845885290359273
STYX (6815),-0.005832510834921317
SLC13A2 (9058),-0.0058261266800978566
SLC35E3 (55508),-0.005812528442667014
CC2D2A (57545),-0.0058053270340995295
SNRNP70 (6625),-0.005781828660626309
PNPT1 (87178),-0.005775019486255362
ZNF397 (84307),-0.0057614370978753245
CLCN3 (1182),-0.005759141662804679
VPS13C (54832),-0.0057492980856658745
MSANTD3 (91283),-0.005748115900169555
ENAH (55740),-0.005747307551535718
OR13C5 (138799),-0.005723037911536697
LRRC66 (339977),-0.0057109435500661415
ABCA8 (10351),-0.005671493906782744
SCP2D1 (140856),-0.005665995692583303
GAS7 (8522),-0.005640164227043887
PAPLN (89932),-0.005638601743506033
IQCG (84223),-0.005619639932433596
PDGFRB (5159),-0.005580412308410468
ZSCAN9 (7746),-0.00557689820826004
KCNJ2 (3759),-0.005575375035158658
OR52A5 (390054),-0.005555338721789142
SERPINB13 (5275),-0.005500454351174584
TMCC3 (57458),-0.005492796537843772
LRRC43 (254050),-0.005492265904554944
AJUBA (84962),-0.005481315456517172
SP6 (80320),-0.005468362662363701
SRSF4 (6429),-0.005465323546886736
TSNARE1 (203062),-0.005454014536694499
SMCO2 (341346),-0.005444141785647301
KLHL29 (114818),-0.00540372232890921
PRSS37 (136242),-0.005399075704876621
TTLL2 (83887),-0.005394593141971342
ABHD1 (84696),-0.005384472531391666
TREML1 (340205),-0.005361545313469551
STBD1 (8987),-0.005336915062512238
ZSWIM3 (140831),-0.005322058110357969
SDCBP2 (27111),-0.0053215298464495435
KLF10 (7071),-0.0053165956683646045
RYR1 (6261),-0.0053143631897304144
RCN1 (5954),-0.005290684126079881
TRIP6 (7205),-0.00528134548029951
MRPL44 (65080),-0.005269561440059101
VAV2 (7410),-0.005246122824254557
RPA4 (29935),-0.005230696694310216
CHMP2B (25978),-0.005217544135304215
MTR (4548),-0.005217352013836119
ANKRD34A (284615),-0.005217338582979908
ABL1 (25),-0.005201950479867277
PNO1 (56902),-0.005200876842385372
ACOT6 (641372),-0.005199174271972316
CCBE1 (147372),-0.005171155424232482
RHOQ (23433),-0.005167335796834593
SMAP1 (60682),-0.0051671110180140116
CTSV (1515),-0.005163799541364063
ILDR1 (286676),-0.005160339691266192
SNN (8303),-0.005155504246971627
CD47 (961),-0.005153393876775399
EPB41L3 (23136),-0.005122464332926344
EXD2 (55218),-0.005119126858144427
AHNAK2 (113146),-0.005118642321362737
SMR3B (10879),-0.005112690796948027
POLR3H (171568),-0.005104925379025227
ATM (472),-0.005095636588012692
NMU (10874),-0.005091387490584684
CIMIP2B (730112),-0.005087238763081791
BCL2L10 (10017),-0.00507926990152425
RGS6 (9628),-0.005077094805499291
TMEM30B (161291),-0.005065299797928117
THOP1 (7064),-0.005055404934565555
APH1A (51107),-0.0050420869723163675
C19orf44 (84167),-0.0050401210825255895
TPD52 (7163),-0.0050373061444934294
SIMC1 (375484),-0.004986346564986366
IQCF5 (389124),-0.004982165651433892
GNB2 (2783),-0.00496115545752755
PTGES3 (10728),-0.004956259164478921
TACO1 (51204),-0.0049454392934338955
TMEM81 (388730),-0.004938843994766293
CEACAM4 (1089),-0.004933055840299643
APOBEC1 (339),-0.004928143582921112
ZNF799 (90576),-0.004924718657348712
ST8SIA3 (51046),-0.004921927240539628
ADD1 (118),-0.0049162060275053324
ING4 (51147),-0.004898441008172616
CPT2 (1376),-0.004888408483205586
KLRC2 (3822),-0.004885807578699942
ZNF563 (147837),-0.004875500708093855
POFUT2 (23275),-0.004864188480891427
VASH1 (22846),-0.004845805879884604
ZSCAN18 (65982),-0.004828744054001086
DEFB114 (245928),-0.004813600762079805
LAMB3 (3914),-0.004812819618101985
SH2D5 (400745),-0.004806242833328006
DENND6A (201627),-0.004804815797247369
GCNA (93953),-0.004801901147882881
FAM24A (118670),-0.004789581323961084
FRMD4B (23150),-0.004781251146169417
PRR9 (574414),-0.0047746052143437315
SLC20A2 (6575),-0.004760587589568719
ZYG11A (440590),-0.004758823719934385
PPIB (5479),-0.004751097105697368
MLNR (2862),-0.00474905213629033
GUCY2C (2984),-0.004746012259113838
CDC42BPA (8476),-0.004744153687378923
ZNF558 (148156),-0.004717969346718312
RBBP8 (5932),-0.004714932293184338
ABCC9 (10060),-0.0047109315085475416
CREBZF (58487),-0.004706800383179483
DIO2 (1734),-0.004703252280675535
KIF1B (23095),-0.00470173963397294
DENND10 (404636),-0.0046436011717958916
SLC25A12 (8604),-0.004640237162096663
AGRN (375790),-0.004638247961820999
KLHL42 (57542),-0.0046378944568950435
INSYN2A (642938),-0.004637644193865545
KRT85 (3891),-0.004636446781841036
MRPL39 (54148),-0.004631782720893607
CD79A (973),-0.004628050890786583
HRH2 (3274),-0.004625944645071494
SEMA3F (6405),-0.00462129383981551
SLC36A1 (206358),-0.004591531696917185
CCDC159 (126075),-0.004590644479910021
ZC3HC1 (51530),-0.004588847186986139
TUBA1A (7846),-0.004576537814828285
KCNK13 (56659),-0.004575229587708245
HIC1 (3090),-0.004565631706304562
TMEM44 (93109),-0.004545018206030782
NRCAM (4897),-0.004541855244302012
GABARAPL1 (23710),-0.00453618763416902
RAB40B (10966),-0.004525785221497979
TNFSF13B (10673),-0.004519667879349121
SLC4A11 (83959),-0.004511736406538974
ANAPC15 (25906),-0.004501791557364543
ZNF408 (79797),-0.004497872387588387
RGS18 (64407),-0.00449365415159921
NSUN3 (63899),-0.004485357493531827
INMT (11185),-0.004480518241753198
WFDC13 (164237),-0.004476612830292587
CXCL3 (2921),-0.004457716650818166
ADM2 (79924),-0.004456557704801414
DKK4 (27121),-0.0044561833053368355
AXDND1 (126859),-0.004449202774311064
SPHK1 (8877),-0.004445068902935986
ZBTB45 (84878),-0.00443743508967343
CRB2 (286204),-0.004433699677054261
BYSL (705),-0.0043995362084377375
DACH2 (117154),-0.0043896190417112456
HLA-DOA (3111),-0.004386091740369581
EME2 (197342),-0.004381010414836029
PPP1R14B (26472),-0.004378512839108761
SDK1 (221935),-0.0043659247365815685
SRRM4 (84530),-0.004355130197158957
SLC30A9 (10463),-0.004308454155831887
NCAM2 (4685),-0.004302493933685975
UGT1A10 (54575),-0.004286111862119438
PNMA6A (84968),-0.004285607172982209
MLN (4295),-0.004276004424271909
SHTN1 (57698),-0.00426939980183591
LYSMD2 (256586),-0.004263049369880895
ABHD14B (84836),-0.004254867477455189
BST2 (684),-0.00425273361334296
RPP14 (11102),-0.004250004524430117
CLCN5 (1184),-0.004247631707447674
TRIM45 (80263),-0.00423652444607518
TRMT13 (54482),-0.0042364802438546
GRXCR1 (389207),-0.0042231229080217534
SLC6A3 (6531),-0.004215629507125127
ZNF22 (7570),-0.004192820171128209
OMA1 (115209),-0.004165478040390752
TOMM6 (100188893),-0.004163861239173688
TBX4 (9496),-0.004163836883845811
CLEC2A (387836),-0.004154279951924978
KAZALD1 (81621),-0.004152318351943712
C12orf42 (374470),-0.004143758688494428
FOXL1 (2300),-0.004133842987670772
FFAR1 (2864),-0.004132208352035741
OR4K13 (390433),-0.004119867363196993
BMPER (168667),-0.004118365995173979
WHRN (25861),-0.00410823213847149
CPLX2 (10814),-0.0041075483599639084
PURA (5813),-0.00410161523856694
SNX3 (8724),-0.004087751457194318
MAP1S (55201),-0.004082883006292
CACNA1F (778),-0.004081025564357613
SMCR8 (140775),-0.004076483859137538
CFAP418 (157657),-0.004074188286072403
TMEM128 (85013),-0.004071271802926109
CCL13 (6357),-0.004061214656902337
PLCB2 (5330),-0.004037888930263302
DISC1 (27185),-0.004032305313124299
TSPAN5 (10098),-0.004021449984178395
MN1 (4330),-0.004011719977792555
UBAC2 (337867),-0.004010300576582023
MAP1A (4130),-0.003998943385135338
SELENOV (348303),-0.003996246713763895
HEPHL1 (341208),-0.003993621158932448
TCERG1L (256536),-0.0039925552597176615
PGC (5225),-0.003990764772815106
KRTAP12-3 (386683),-0.003978586099365478
CD200 (4345),-0.0039717995942553045
ZDBF2 (57683),-0.003970900535106793
ROR1 (4919),-0.003966832743203993
SLC12A5 (57468),-0.003960819046563315
XPNPEP1 (7511),-0.003954302603273596
CLCN4 (1183),-0.003952581788489054
ARHGEF6 (9459),-0.0039433540519156676
EML1 (2009),-0.003943073872038766
GPR85 (54329),-0.003935715026474102
OR56A1 (120796),-0.0039345101221070055
IL17B (27190),-0.0039317046974554765
MDM4 (4194),-0.003928714953904483
SLC26A7 (115111),-0.0039271993276444855
GALNT7 (51809),-0.00390256442703292
SPANXN5 (494197),-0.0038928140401279614
MSTN (2660),-0.0038785150588300315
ECT2L (345930),-0.003869085750706683
MOB2 (81532),-0.0038679433151596844
CHIC1 (53344),-0.003865102534588015
MKRN3 (7681),-0.00386328850069588
CCN6 (8838),-0.0038615088816094144
TMEM177 (80775),-0.00385730872822168
PRDM14 (63978),-0.0038537267060757135
SLC5A11 (115584),-0.0038486838922068014
TSPAN3 (10099),-0.003836810569604522
TENT5D (169966),-0.00382992379378079
IL23R (149233),-0.0038202574727043887
CD300C (10871),-0.003819833162153674
OCA2 (4948),-0.0038195327241117736
LRRC2 (79442),-0.0038013388565629525
NCMAP (400746),-0.0037870120436731434
CEP57L1 (285753),-0.0037782891198410813
L1TD1 (54596),-0.0037757293538695307
GALNT15 (117248),-0.0037711320585846046
HAGH (3029),-0.003753141250026995
NLRP7 (199713),-0.0037465242219013152
DOK2 (9046),-0.0037463797683926965
EDC3 (80153),-0.0037402686170471488
KDM1A (23028),-0.003739160918223608
EIF2B4 (8890),-0.0037293018805854674
ARHGAP30 (257106),-0.003727076903169718
CPE (1363),-0.003700591235366031
FBXL3 (26224),-0.0037000778668694113
DLG3 (1741),-0.0036930361158555164
PROCR (10544),-0.0036799438700328676
DMGDH (29958),-0.0036574217959083554
ALMS1 (7840),-0.0036518874094185
UNC119 (9094),-0.0036458136618747637
PLAAT2 (54979),-0.0036350208580003735
SLC24A1 (9187),-0.0036320629041572267
TMC7 (79905),-0.003622640208529854
H2AC21 (317772),-0.003620120923802361
KRT38 (8687),-0.0036194634300602243
TRARG1 (286753),-0.003616141187216382
NOS1 (4842),-0.0035998707422883634
SCRN2 (90507),-0.0035823229880299844
FOCAD (54914),-0.0035801410118580916
GRIA1 (2890),-0.0035662022697365765
BCL2L11 (10018),-0.0035231763594610345
GLB1L3 (112937),-0.0035183536149361373
NUS1 (116150),-0.0035098891309874427
SLC7A6OS (84138),-0.003504180423670222
ZNF366 (167465),-0.0034954896160881987
USP26 (83844),-0.003490340094972594
TMEM69 (51249),-0.0034883420116930963
FGF13 (2258),-0.003480959170532323
GOLPH3L (55204),-0.003465921477704137
INSM2 (84684),-0.003456556691442464
YKT6 (10652),-0.0034533807599363086
TXLNA (200081),-0.0034416425949721193
SCUBE2 (57758),-0.003437805173455685
KATNIP (23247),-0.0034097403014580648
ACADM (34),-0.0033973329725330943
LIN9 (286826),-0.0033964417940040904
PLXNA3 (55558),-0.0033854763919671737
SPINK13 (153218),-0.0033773031002116705
DRC7 (84229),-0.003376019872851216
KCNJ5 (3762),-0.003356280571195136
SLC35A4 (113829),-0.0033418990604806437
RNF186 (54546),-0.0033350284470503797
CFAP107 (93190),-0.0033320331018659387
LMBRD2 (92255),-0.0033270377295397946
ATP5F1A (498),-0.00330969777585427
IZUMO1 (284359),-0.003308404459860714
MCEMP1 (199675),-0.0033079883074664694
MAP3K8 (1326),-0.0032923475243558874
SLC17A2 (10246),-0.003274941503932478
DEFB132 (400830),-0.003272407231269617
GATA2 (2624),-0.003259955330131857
ABCC3 (8714),-0.0032589687328760607
MKRN2 (23609),-0.0032429360703847784
VGLL1 (51442),-0.0032397096875702996
IFT74 (80173),-0.003229049286213545
CSDC2 (27254),-0.003214022762717253
TRMT9B (57604),-0.003194813116268155
SLC16A7 (9194),-0.003188924256803108
RUNX2 (860),-0.0031808770610210367
ODAPH (152816),-0.0031741665405377872
COX18 (285521),-0.003141686331542881
CLDN12 (9069),-0.0031414809408397333
REC8 (9985),-0.0031396326672738645
CBR3 (874),-0.003123763730724277
PDE3B (5140),-0.0031234362702033114
TMEM179 (388021),-0.003120257728804837
CEP131 (22994),-0.0031105631691596635
AGXT (189),-0.0031096107972761007
HMX2 (3167),-0.003096400138308486
CIMAP1C (161753),-0.003095050910185601
SEC16A (9919),-0.003064629404965935
C8orf48 (157773),-0.0030574977030885715
RRAS2 (22800),-0.0030480301217656438
KCNA7 (3743),-0.003043411249960229
SCGB1D2 (10647),-0.0030347444698166
DEFA5 (1670),-0.0030326206772430865
H4C16 (121504),-0.003024903178027477
ATF5 (22809),-0.0030166787781986336
TEKTL1 (126402),-0.003001511816387148
FOXI2 (399823),-0.002989649920749815
DNAJA4 (55466),-0.002972194370275005
SUFU (51684),-0.0029637042026387185
NPY2R (4887),-0.0029623074995036745
ACSS1 (84532),-0.002959887370337712
ZSCAN25 (221785),-0.002956404372748378
EDN3 (1908),-0.002945226535194545
IGF2BP2 (10644),-0.002942664983494869
BICD1 (636),-0.0029254033869910547
TLCD4 (148534),-0.0029199258369211794
RNF170 (81790),-0.0028617789288241146
DAB1 (1600),-0.0028593428563371583
MID1IP1 (58526),-0.0028513362787336433
CFAP58 (159686),-0.002849446516007828
COL4A1 (1282),-0.0028417283007026563
POPDC3 (64208),-0.0028229883010046112
LEFTY2 (7044),-0.002819997826336873
CNTNAP3 (79937),-0.002803559353267343
CDON (50937),-0.0027918913206434583
CHST10 (9486),-0.0027888140847702274
FAM53A (152877),-0.002780548473286781
GLIPR1L2 (144321),-0.0027778794524769904
PYCR3 (65263),-0.0027738944872001707
TMCO3 (55002),-0.0027531408773759035
SLC22A4 (6583),-0.002746950809386933
RADIL (55698),-0.0027344944803023587
CKAP4 (10970),-0.0027265215534277793
LONRF3 (79836),-0.002718190505321455
PTPRO (5800),-0.00269728278103534
ELAVL3 (1995),-0.002695718116795426
CHPT1 (56994),-0.0026942748238030423
PEX11A (8800),-0.002689184050746725
OSR2 (116039),-0.0026854773270250766
LYPD6B (130576),-0.002662647111092703
DRICH1 (51233),-0.0026450614015306128
EBPL (84650),-0.0026262298131379813
ODF2L (57489),-0.002617386677720718
TEKT1 (83659),-0.002608558476102467
NDUFAF5 (79133),-0.0025880967390095157
CARMIL1 (55604),-0.0025878828409415487
USP43 (124739),-0.0025646373213811108
SELENOM (140606),-0.002563205281157321
MROH7 (374977),-0.002552657819843976
YLPM1 (56252),-0.0024982252812797145
ACYP2 (98),-0.0024947366335447375
ZNF878 (729747),-0.002492370870124383
SLC48A1 (55652),-0.002492330868272019
HEATR3 (55027),-0.002483076900771636
CETN2 (1069),-0.002482574687077338
KLHDC4 (54758),-0.0024688943037267817
N4BP2L2 (10443),-0.0024605289722375912
KITLG (4254),-0.002443752605409186
EEF1AKMT4 (110599564),-0.002443454192197969
ZNF502 (91392),-0.002435391245830218
SLC38A5 (92745),-0.0024194697652563657
TAS2R9 (50835),-0.0024163999426153604
DPY19L4 (286148),-0.0024145539091520686
IP6K2 (51447),-0.002409221624475989
TRAF3IP1 (26146),-0.0024084756272286746
FILIP1L (11259),-0.0024082509321447314
RECK (8434),-0.0024043532556237784
MYL1 (4632),-0.002399003812923672
ACP5 (54),-0.0023944510138748424
C8A (731),-0.0023841794488607833
PATE3 (100169851),-0.002355792910736157
TRIM60 (166655),-0.0023526497716461828
ALDH1B1 (219),-0.0023520716085963975
GRM8 (2918),-0.002348792378270878
ZBED6 (100381270),-0.002340557415711153
KRTAP13-2 (337959),-0.0023238511444357624
TCEAL2 (140597),-0.0023164272692787202
FGF3 (2248),-0.002306001775551049
SPESP1 (246777),-0.0023055308096187354
MFSD2A (84879),-0.002300358622622278
UGT1A1 (54658),-0.0022978323216553743
LPIN1 (23175),-0.0022907840509207244
CDADC1 (81602),-0.0022646104455178962
TIGD3 (220359),-0.0022602458089361456
CPT1C (126129),-0.0022583122906872618
KCNE5 (23630),-0.0022570874576844425
FAAH (2166),-0.002239110865439614
GJB7 (375519),-0.002237837193740827
GNG11 (2791),-0.0022372077415711636
MED9 (55090),-0.002236791522373749
OGFRL1 (79627),-0.0022036902638893096
TMEM232 (642987),-0.0021894237407214688
MXD3 (83463),-0.002183407248435583
STK40 (83931),-0.0021787141157092794
EIPR1 (7260),-0.0021652796880530178
CXorf38 (159013),-0.0021564057388031898
CAPS (828),-0.0021528351305670226
NCOA5 (57727),-0.0021354266464737814
TOR4A (54863),-0.0021246390389413907
CHURC1 (91612),-0.0021169760813869176
SALL1 (6299),-0.0021033965252286223
ZFHX4 (79776),-0.0021025346557169864
CPNE4 (131034),-0.0021019212083746323
CELSR1 (9620),-0.0020903480935407755
TGFBI (7045),-0.0020688879374325788
NUP35 (129401),-0.00205770851031839
ARGFX (503582),-0.002049746564645169
SDCCAG8 (10806),-0.002046928044251667
KHK (3795),-0.0020456336199787426
NRG4 (145957),-0.0020435734830799974
RTL9 (57529),-0.0020320131074033363
CNNM2 (54805),-0.0020056159170522307
LGMN (5641),-0.002003519297043578
VEGFD (2277),-0.0019967560518914045
SESN1 (27244),-0.00196834048596648
SDR39U1 (56948),-0.001961705904992789
ZNF326 (284695),-0.001957259366484268
KCNJ14 (3770),-0.0019515626239218515
APTX (54840),-0.0019486165865487883
SCMH1 (22955),-0.0019356347815700393
CEP95 (90799),-0.001932315812997193
ANKMY1 (51281),-0.0019246855314792644
MEDAG (84935),-0.0019219449481592446
GTF2F1 (2962),-0.0019146742028468
C11orf24 (53838),-0.0019128979236346945
OBSL1 (23363),-0.0019114519027755128
ABCC12 (94160),-0.0019043405964185897
RBM7 (10179),-0.0018938457127552406
MYBPC3 (4607),-0.0018760127008114135
LRRN4CL (221091),-0.0018701792398351069
MGRN1 (23295),-0.0018690063307673116
LIPN (643418),-0.0018673854320062065
GAB4 (128954),-0.0018594220106084886
TMEM244 (253582),-0.0018555109502096877
CLEC6A (93978),-0.0018421095785278257
PLA2G2A (5320),-0.0018392892920554404
SERTAD2 (9792),-0.0018363793239032171
DLGAP3 (58512),-0.0018295213410729038
STXBP5L (9515),-0.0018050531903572864
HTR3D (200909),-0.0017988051656023629
ZNF226 (7769),-0.001776981890667262
CRYBB2 (1415),-0.0017730390956257613
PPP1R3A (5506),-0.0017519768596656188
LTB4R2 (56413),-0.001746749423699384
PDE6D (5147),-0.0017447591742522292
CALHM2 (51063),-0.001733436353288268
TRUB1 (142940),-0.0017324255941473222
GJA1 (2697),-0.001712320082710217
SNCG (6623),-0.0017035824086017782
CCDC25 (55246),-0.0017029793540061316
ALOX15 (246),-0.0016475269770991285
ZNF534 (147658),-0.001644969696115528
EIF2A (83939),-0.0016384404609780718
MGAT4C (25834),-0.0016186715100555637
SHISA7 (729956),-0.0016172697186526406
TCP11L2 (255394),-0.0016078073028885109
SLC22A8 (9376),-0.0015939704840493285
BMERB1 (89927),-0.0015686036543022391
ARHGAP36 (158763),-0.0015405996104013498
MEGF8 (1954),-0.0015357309223620913
TEAD2 (8463),-0.0015293448430636013
FLVCR1 (28982),-0.0015240187804302252
HDX (139324),-0.0014762947362137735
STK32C (282974),-0.0014760906664799387
GPR62 (118442),-0.0014498003997681752
ZNF721 (170960),-0.0014435013252106499
LMAN1 (3998),-0.0014336219566756195
FGD4 (121512),-0.0014297214310666523
SLC9A6 (10479),-0.0014228669826854112
FZD7 (8324),-0.0014182387039780586
GIGYF2 (26058),-0.0013863788980737312
ZNF654 (55279),-0.001381020274713815
ME2 (4200),-0.001361146924518386
MYL6 (4637),-0.0013530986470373485
EPDR1 (54749),-0.0013513040019420622
ACTL7A (10881),-0.0013481958084743304
THRSP (7069),-0.0013379068054596931
FAM153A (285596),-0.001332086641412261
IQCJ (654502),-0.0013215990192651003
ODF4 (146852),-0.0013213826650919469
H4C4 (8360),-0.001313949052995883
FMC1 (154791),-0.0013046752115875207
PPP4R4 (57718),-0.0013034054133361616
TAC1 (6863),-0.0013016596453688967
ATP23 (91419),-0.0012996675448557204
TMEM79 (84283),-0.0012934897533968981
PIGO (84720),-0.0012931407151212187
PTGIR (5739),-0.00128539293776668
OR5H2 (79310),-0.0012781568184940112
KPRP (448834),-0.0012776136879093264
ZNF668 (79759),-0.0012615419535333752
BEND3 (57673),-0.0012516146617629204
DNAI3 (126820),-0.001248226777270256
KIF12 (113220),-0.0012420602277002368
PRKD3 (23683),-0.0012195819632252664
NRN1 (51299),-0.0012164246219607878
EFCAB12 (90288),-0.001215980213781688
PRKCG (5582),-0.001206733670773613
ZNF639 (51193),-0.0012051929801667257
PIP4K2C (79837),-0.0012033055424983923
SNX32 (254122),-0.0011922059684093794
RFFL (117584),-0.0011917964986150192
ZNF432 (9668),-0.0011853775498643915
LTA (4049),-0.0011819629863416363
DRG1 (4733),-0.0011625311023432728
UNC45B (146862),-0.0011290561852417725
G3BP2 (9908),-0.0011198462648228324
TTC21B (79809),-0.0011134822637351494
BCL2L12 (83596),-0.0011015573008610058
SMARCC2 (6601),-0.0010883693897316415
KCNC3 (3748),-0.0010608763814680725
NLGN3 (54413),-0.0010565002602591813
TEFM (79736),-0.0010492188788261525
KLF1 (10661),-0.0010412044004795395
CCNT2 (905),-0.0010311436460451906
SIT1 (27240),-0.0010171650964084732
ZNF548 (147694),-0.001016678573283597
YJEFN3 (374887),-0.0010092700085764128
CCR6 (1235),-0.0010056968437699848
SMC5 (23137),-0.0010049951839623983
ARHGEF5 (7984),-0.0009837070459146114
PCDHAC1 (56135),-0.0009592658682413824
TMIE (259236),-0.0009417557912707014
TULP3 (7289),-0.0009377115509424216
SMARCC1 (6599),-0.0009376209667244062
ZNF594 (84622),-0.0009300334291753393
ST3GAL6 (10402),-0.0009159178527349931
UPK3A (7380),-0.0008988939412768293
RFTN2 (130132),-0.000898065417846329
OR1A1 (8383),-0.0008944980003470441
LPIN3 (64900),-0.0008932931435416513
SOD3 (6649),-0.0008880945188043318
SLC16A4 (9122),-0.0008861693113578345
ZIC5 (85416),-0.0008818006685202051
CCDC122 (160857),-0.0008756814419230736
LAT (27040),-0.0008601920835819232
ZNF80 (7634),-0.0008575690110397521
TSSK2 (23617),-0.0008474164712982569
FBXL15 (79176),-0.0008204499512811214
FBXO8 (26269),-0.0008202315486598416
OR2D3 (120775),-0.0008088092912525626
TSEN34 (79042),-0.0008072485144790753
PLPP6 (403313),-0.0007922868412552672
CCDC62 (84660),-0.0007863715792727988
ZNF277 (11179),-0.0007763658011143814
RRM2B (50484),-0.0007552807382517193
PTPN2 (5771),-0.0007385723700988861
NGF (4803),-0.0007340768695275113
NAPRT (93100),-0.0007307224932887824
IKBKE (9641),-0.0007252810502463202
FUT3 (2525),-0.0007191877916495088
RETNLB (84666),-0.0007135790565381661
MTMR12 (54545),-0.0007099500159144456
MAVS (57506),-0.0007089734558275134
SKIC2 (6499),-0.0007081471993873433
SLC6A5 (9152),-0.0006987596529019785
PCDH12 (51294),-0.000687600438425659
CYLD (1540),-0.0006868891420961032
TMIGD3 (57413),-0.0006859047802369747
SLC35F2 (54733),-0.0006837713969516615
FRS3 (10817),-0.0006596316957019621
OR2B6 (26212),-0.0006591658549322116
ZNF831 (128611),-0.0006577281130881518
PCDHGA3 (56112),-0.000655932496139118
COL4A6 (1288),-0.0006419683096083734
LHFPL7 (255349),-0.0006367219320232403
CPQ (10404),-0.0006247337375190787
DCHS1 (8642),-0.0006002460616066519
MACIR (90355),-0.0005955774036762951
UNC80 (285175),-0.0005935053747153307
PAPSS1 (9061),-0.0005836812858367347
AIF1 (199),-0.0005786363749230722
AHRR (57491),-0.000577982571648316
GANC (2595),-0.0005738571121449321
TNFAIP8L1 (126282),-0.0005573679360592998
SLC4A2 (6522),-0.0005284031841157749
ZFAND4 (93550),-0.0005204335470822746
SNCAIP (9627),-0.000513689906123252
HELZ (9931),-0.0005015056753157665
KRT71 (112802),-0.0004983599471147487
KDM4A (9682),-0.0004913528804810025
MSS51 (118490),-0.0004854208068935606
NTS (4922),-0.00047871778236988213
GUCD1 (83606),-0.0004765698133816332
OSMR (9180),-0.0004634577679157037
TNIK (23043),-0.00044846130580002
NPEPL1 (79716),-0.0004321242495997399
ODAM (54959),-0.0004290666880092761
MMP3 (4314),-0.0004267168275403563
BEND4 (389206),-0.00041708946696462635
PIK3R2 (5296),-0.0003890610733208011
YAF2 (10138),-0.00036937870485411194
AXIN1 (8312),-0.00036538586169342774
OLFM4 (10562),-0.0003535058782179332
SAP30 (8819),-0.00032356661188062685
ZBTB21 (49854),-0.0003088783000293596
ZNF362 (149076),-0.0003047634211065228
COPS2 (9318),-0.00029883923969378225
PEBP1 (5037),-0.0002930150793911235
MAPK7 (5598),-0.00028835107823234064
TBX19 (9095),-0.0002521366249655932
HOXD8 (3234),-0.0002457801199943682
H1-3 (3007),-0.00024268842951752356
P2RY4 (5030),-0.00022655862787153148
SMAD6 (4091),-0.00022020728269656065
TMEM25 (84866),-0.00021206538379092143
ZFP57 (346171),-0.00020508917665778282
PFKFB3 (5209),-0.0001925119910965195
SEPTIN9 (10801),-0.00017938916428546572
FSHB (2488),-0.00016825327561684756
GALNT10 (55568),-0.00014715657188147936
ELFN1 (392617),-0.00014479678734439784
PRTFDC1 (56952),-0.00013510637818107962
IFI27L2 (83982),-0.00013331887056891034
IL33 (90865),-0.00013257960057853901
SLC13A3 (64849),-0.00011900968894606109
GALNTL6 (442117),-9.454998830848161e-05
CDC26 (246184),-9.301673751407335e-05
DNM1 (1759),-8.960752896668423e-05
RET (5979),-8.061906815455544e-05
COL3A1 (1281),-7.796787693756802e-05
NAALADL1 (10004),-5.1073355234221295e-05
ARMC3 (219681),-4.9319644726786295e-05
TMEM14C (51522),-4.716833744057708e-05
MID1 (4281),-4.442127459127476e-05
NUDT13 (25961),-4.123722262997787e-05
PCDHA5 (56143),-1.849374119966829e-05
FAM167A (83648),-3.7820945137254093e-06
KRT4 (3851),-2.8483622864783342e-06
IL1RN (3557),5.914523026534502e-07
OR8B8 (26493),3.577211943895861e-06
PRSS48 (345062),1.447494458707288e-05
OR2K2 (26248),1.5483280345167383e-05
C2CD5 (9847),4.973920482409244e-05
DMRT1 (1761),5.790130692015505e-05
PPP1R16A (84988),7.801598307852209e-05
KLRG2 (346689),8.0273557899177e-05
TUBA1B (10376),0.0001045559166499288
PCOLCE2 (26577),0.00010965300999648541
TMEM138 (51524),0.00011555932087409515
ADAL (161823),0.00013139069778052016
GIMAP2 (26157),0.00013400765793552817
RBM46 (166863),0.00014232654038858484
GRK5 (2869),0.00014497217777247607
BTN3A2 (11118),0.0001453323946120494
ADAM9 (8754),0.00014990760909224104
STMND1 (401236),0.00015044678999423105
CHRM4 (1132),0.00017954879215242858
UBTD2 (92181),0.0002065253422229907
IL36A (27179),0.0002109868343888044
BACH2 (60468),0.00021243799527405626
BUD13 (84811),0.0002166951178573351
SCUBE3 (222663),0.00024100567492475744
HS3ST3B1 (9953),0.0002430976120450512
PIMREG (54478),0.00026714443041201406
GRIK2 (2898),0.00027556341551643326
SGMS1 (259230),0.0002842404506472676
ANK2 (287),0.0002891439255883539
VWC2 (375567),0.00029399515127547513
GP9 (2815),0.00031275101987906785
OSTN (344901),0.0003170790788518785
GPR173 (54328),0.0003283965848017656
KNOP1 (400506),0.00033160413842193704
HEXB (3074),0.000338105462281154
KRTAP4-3 (85290),0.00034136599469782036
IMMP1L (196294),0.0003461993882999892
SEMA6A (57556),0.0003579702987719896
CERS3 (204219),0.00038226666375536857
SMARCD3 (6604),0.00039318511319682073
SLC47A2 (146802),0.0003961833409289059
TP53INP1 (94241),0.00041100213001051266
BCKDHA (593),0.0004158758449661515
METTL2A (339175),0.00042522050423947355
VEPH1 (79674),0.0004295415709655581
PSG1 (5669),0.00046103584033573285
KCNIP1 (30820),0.0004860451749841066
ENTPD2 (954),0.0005018051430677725
JDP2 (122953),0.0005025365104894708
ELF2 (1998),0.0005029001647221948
CARF (79800),0.0005324794797482907
ADGRF5 (221395),0.000547338488189919
ATOSB (80256),0.0005504874034346491
CCL21 (6366),0.000573109272752867
IGLL1 (3543),0.0005812950549753005
PFKL (5211),0.0005879780592127736
MREG (55686),0.0005948406550911611
PNRC1 (10957),0.0006113736689385779
ELP2 (55250),0.0006162435807762878
AMTN (401138),0.000629612845182706
NXPH1 (30010),0.0006324236210591472
RARB (5915),0.000636037806351733
MAP2K2 (5605),0.0006475768447862601
MAGEA1 (4100),0.0006519051499346201
TNK2 (10188),0.0006613919979525373
NDUFAF2 (91942),0.0006650413196506138
NFKBIL1 (4795),0.000666519867021842
LRRIQ1 (84125),0.0006795278817408156
KCNK5 (8645),0.0006799125180928164
CES4A (283848),0.0006869711493330315
CDCP1 (64866),0.0007029984761893565
FAM20B (9917),0.0007176866099026472
RPN2 (6185),0.0007520322129342727
CHMP4A (29082),0.0007568422241013603
HFE (3077),0.0007792442833815278
PIGL (9487),0.0007861791532173257
PTK2B (2185),0.0007927506407399449
DST (667),0.0008115990627884484
XRCC4 (7518),0.0008218838248936322
ZC3H15 (55854),0.0008254902217925825
USP20 (10868),0.00083353216374338
ATP2C1 (27032),0.0008516741068165801
SRGAP1 (57522),0.0008578304141358799
CALCB (797),0.0008659613807429356
MTX3 (345778),0.0008702807983005739
DNAJC10 (54431),0.0009036309506095158
HEPACAM (220296),0.0009046619687394314
KLHL24 (54800),0.0009175458716267626
SCN1A (6323),0.0009284240403665503
SLC30A4 (7782),0.0009436819097747518
XPO6 (23214),0.0009517078359811693
TC2N (123036),0.0009616362580788073
SPDEF (25803),0.0009668449109970668
RAB27B (5874),0.0009901533305701454
SNTB2 (6645),0.0010112368603917676
TEAD1 (7003),0.001024690651759108
TFDP3 (51270),0.0010249705165638542
CORO7 (79585),0.001035637134440949
TOMM20L (387990),0.0010374026147492448
DYNC2LI1 (51626),0.001042187183137061
ITPA (3704),0.0010449031615685834
ZDHHC6 (64429),0.0010503683443896627
KCNC4 (3749),0.0010648483442080691
P3H4 (10609),0.0010672503598641192
MYOZ1 (58529),0.0010686530256505664
MGAT5 (4249),0.0010707749508694965
GCNT3 (9245),0.0010718367126529072
WDR5 (11091),0.0010739098122699354
FAM180A (389558),0.0010749106115246708
MAIP1 (79568),0.0010755503494831564
KCNJ15 (3772),0.0010780589391019336
ZBED4 (9889),0.001079546034735479
PTHLH (5744),0.0010828985742513634
MOS (4342),0.0010857723813591847
NF1 (4763),0.0010862758981862563
ZSWIM4 (65249),0.0010883221931378112
UBN2 (254048),0.0010909257486408073
C18orf63 (644041),0.00109174562501876
OXGR1 (27199),0.0011107365061462176
GJB6 (10804),0.001112489646505252
DNMT3B (1789),0.0011235921051015508
ZNF75A (7627),0.0011340177471864915
OR51F2 (119694),0.0011447279143828142
C6orf136 (221545),0.0011641640591290082
TRAPPC1 (58485),0.0011898350532445479
CALHM1 (255022),0.0011980306834920768
RPTOR (57521),0.0011993456249833833
POU3F1 (5453),0.00121859725229475
SLC6A12 (6539),0.00122639156505997
NOTO (344022),0.0012326192838228612
CHST12 (55501),0.0012328037464496267
AGGF1 (55109),0.0012392232039022011
APOBEC4 (403314),0.0012442240472878702
ESCO1 (114799),0.0012577494534440846
CRP (1401),0.0012606104684070418
ZKSCAN2 (342357),0.00126223176641381
HAGHL (84264),0.0012735762478772062
DMTF1 (9988),0.0012788727610460377
ATP13A4 (84239),0.0012995628585185555
FAM47C (442444),0.001306919063546047
ARMC8 (25852),0.0013129907328530616
RAB31 (11031),0.0013209833001638805
FER (2241),0.0013250819241946293
BECN1 (8678),0.001347826242551925
SH3RF2 (153769),0.0013591914305660618
SPP2 (6694),0.0013660066169984275
SYNPO2L (79933),0.0013815668880777898
PRDM5 (11107),0.0013816071345338795
MUTYH (4595),0.0014017684604296227
SNX17 (9784),0.001412378966232483
IL20RB (53833),0.0014225442500370791
FUT11 (170384),0.0014275375716948952
MED4 (29079),0.0014337032179325693
RAB5IF (55969),0.0014385403616041514
WNT8A (7478),0.0014472844765212364
PCDHGA12 (26025),0.0014551278941010576
OLFML1 (283298),0.0014565387648990263
CITED4 (163732),0.0014599289456866838
GPR82 (27197),0.001460357839603757
PER2 (8864),0.0014798121235364502
ATG4C (84938),0.0014913723392335182
FHL1 (2273),0.0015012343012218848
MYO18B (84700),0.0015184926285531143
TCF23 (150921),0.0015273648968172765
LAD1 (3898),0.0015457984492277047
ZNF705G (100131980),0.0015549646434275012
PKDREJ (10343),0.001557631087626518
TMED3 (23423),0.0015685187953998342
MYLK4 (340156),0.0015691860460189915
SLC30A8 (169026),0.0015695612411189192
ZSCAN20 (7579),0.00158594773790737
FGL1 (2267),0.0016302546083032735
NGLY1 (55768),0.0016313151259463976
SIAH2 (6478),0.0016455770283854225
UNCX (340260),0.0016638542129391754
C1orf127 (148345),0.0016794276026502741
RTP3 (83597),0.0017255189889572198
SELENON (57190),0.0017529409276750897
ZNF235 (9310),0.0017675576301328043
PRR23B (389151),0.001781026914905831
SLC43A3 (29015),0.001786815827031825
SPP1 (6696),0.001790651016655051
PPP1R27 (116729),0.001799537681944792
PRC1 (9055),0.0018000945438027215
ANO1 (55107),0.001833973735258862
CCDC178 (374864),0.0018352314550662886
UTP18 (51096),0.0018380054506041965
NUDT1 (4521),0.0018414180487211884
STAMBP (10617),0.001841646605305447
OTOP3 (347741),0.00185850743457939
SEMA6D (80031),0.0018764636386994168
DCAF11 (80344),0.0018776004827329134
PTGES2 (80142),0.0018814453232949252
ACSF2 (80221),0.0019070323993036682
EML2 (24139),0.0019097747403333059
USP36 (57602),0.0019165860083270926
MYH8 (4626),0.0019284731699904009
POU5F2 (134187),0.0019297990725073212
TFAP2E (339488),0.0019357494899383209
STATH (6779),0.0019367641549619952
TAFA2 (338811),0.0019416932962046675
ABAT (18),0.0019424265274998887
HDAC4 (9759),0.0019484558876809472
RGMA (56963),0.001955480664739301
PAMR1 (25891),0.001962536391356515
IGF2 (3481),0.0019682713036011344
PCDHGA10 (56106),0.0019811725686976964
UCMA (221044),0.001985805168706528
CYP4F2 (8529),0.0020015550711846796
NPPB (4879),0.002009949764370253
DUXA (503835),0.002017462597579184
FYB1 (2533),0.0020345065381751322
PTRH2 (51651),0.00203841041555248
CARMIL3 (90668),0.0020448867371769984
CLRN3 (119467),0.002049868959147008
ABHD10 (55347),0.0020746744409757224
SERINC2 (347735),0.0020880110735254365
RAB28 (9364),0.0020890227312795355
KLC3 (147700),0.0020908982008988873
NOD1 (10392),0.00210542063086655
PDF (64146),0.002105844936705263
DTX2 (113878),0.0021226449661655654
TPCN2 (219931),0.0021421737962154575
BICRAL (23506),0.002166082726596663
STK36 (27148),0.0021823208843267995
URAD (646625),0.002186394807758038
KIAA1586 (57691),0.002221499401004594
OR14C36 (127066),0.0022253919278191446
SYNDIG1 (79953),0.002228873686204058
S100A1 (6271),0.0022290894079826555
FDX1 (2230),0.0022291241462461865
NEDD9 (4739),0.0022561469617645687
LYPLAL1 (127018),0.0022611491406075435
LTC4S (4056),0.0022661311848410194
DKK1 (22943),0.002273766543411329
KMT2A (4297),0.002276564343482612
RPL5 (6125),0.0022771071918692874
MME (4311),0.0022778386281229897
LRRIQ4 (344657),0.002281483370996304
PLIN3 (10226),0.0022822958856002903
MPRIP (23164),0.002283614473889639
OR2A12 (346525),0.002314538684415935
CMTM3 (123920),0.002322921775941002
TBC1D10B (26000),0.0023269599770503356
ARPP21 (10777),0.0023287904399632462
CLDN7 (1366),0.0023343179254816547
CBX5 (23468),0.0023370583240634292
LRIT3 (345193),0.002337836326600251
RASA4B (100271927),0.002342484073254209
HPX (3263),0.00237455215484319
STAM (8027),0.0023829282416445593
KRBOX1 (100506243),0.0023843911796471743
SPATA18 (132671),0.0023873461150876103
STX3 (6809),0.002399125572088619
PPP1R3B (79660),0.0024020336174111036
HHAT (55733),0.0024179457378853456
ZBTB8B (728116),0.0024236727690775616
CKMT2 (1160),0.0024320151855988987
ENTPD6 (955),0.0024345441231500287
RAB15 (376267),0.0024360945363226054
GJC3 (349149),0.002437678516226405
CYSRT1 (375791),0.002438707392549623
SACS (26278),0.0024577543334978248
XAGE3 (170626),0.0024584735331290354
ALDH1A3 (220),0.0024653176569845864
EFHC1 (114327),0.0024943663306294835
COPS5 (10987),0.002502701385695083
UCHL3 (7347),0.002506715129513226
IQSEC2 (23096),0.002510652419511497
CST8 (10047),0.0025124315882896265
KRT1 (3848),0.002517823911043663
CPLX4 (339302),0.002519617805956986
GGTLC1 (92086),0.0025232505305649742
AKR1D1 (6718),0.0025249431686262787
FCHO1 (23149),0.0025314841228207263
MYBPC2 (4606),0.002567461548581938
CAPZA3 (93661),0.0025946662817698113
DNAH11 (8701),0.0026141976151543454
EFEMP2 (30008),0.002620033767069432
LARP6 (55323),0.0026461285022451597
ZNF234 (10780),0.0026631071769290943
STING1 (340061),0.00267738416912502
RILPL2 (196383),0.0026845491776795404
TIGD4 (201798),0.0026856155451495723
BPGM (669),0.002704784827939766
CHAF1A (10036),0.002705430342673365
ANO6 (196527),0.002714407380626627
NAPSA (9476),0.0027144277091111224
ABCB1 (5243),0.002719289123365337
TNFSF4 (7292),0.002723421027794495
SULT1B1 (27284),0.0027583811073379925
PRKCI (5584),0.0027584409026210678
PMCH (5367),0.0027604757994370843
ANKRD42 (338699),0.002764760442325459
ZNF354C (30832),0.002769146761057978
FXYD7 (53822),0.002771984479547571
FEM1C (56929),0.00279426245414946
IRAK1 (3654),0.002795768771125723
GLRA1 (2741),0.0027993792521391336
RCOR3 (55758),0.0028016354290020364
SMIM20 (389203),0.002803425426248818
TBC1D2B (23102),0.002809212764068314
LYSMD1 (388695),0.0028136628533907138
PDPR (55066),0.0028275857879674514
ADGRG2 (10149),0.002853407639641564
RBMXL1 (494115),0.0028537950267649493
PLIN4 (729359),0.002873376515827264
NDUFV1 (4723),0.0028823826075971394
PWP1 (11137),0.0029127191139321053
MXRA8 (54587),0.002912967180559889
ZBTB10 (65986),0.0029146866871645138
SELL (6402),0.002917998105512644
CES3 (23491),0.0029233198993828063
SLC25A11 (8402),0.0029241831858253186
GLYATL2 (219970),0.0029396911826382764
IFNA1 (3439),0.0029519647804465456
KDM6A (7403),0.0029576767885191035
NTF4 (4909),0.0029604976680656426
LRRC75B (388886),0.0029632454529613717
DHX29 (54505),0.002965083211357389
PRMT6 (55170),0.002971240413210083
DPYSL4 (10570),0.0029810817600575425
RBP7 (116362),0.0030076515446564784
PCED1A (64773),0.0030196408499339076
PANK2 (80025),0.0030208603418617947
VDAC3 (7419),0.0030244972159460316
ARPC5 (10092),0.003029339703114797
SON (6651),0.003030667669715603
CLN6 (54982),0.0030414184995266546
OR51Q1 (390061),0.003047639375489998
REN (5972),0.003073394862474016
EDN2 (1907),0.0030809198365650036
MTIF2 (4528),0.003081192753300388
OR14I1 (401994),0.003081516009063895
C12orf60 (144608),0.0030954705294964162
AOPEP (84909),0.003098141805488677
DNAJB12 (54788),0.003107575139620511
DSG1 (1828),0.003108688490780093
NPHP4 (261734),0.003112096508213441
RIC3 (79608),0.003112792215889394
ITPKA (3706),0.003118384164019877
SPARC (6678),0.003135924307089126
MARCHF2 (51257),0.0031405519998242938
ADAM19 (8728),0.0031441076743830287
COPS9 (150678),0.003161197597784815
TM7SF3 (51768),0.003165975055431694
TNP1 (7141),0.003167277837466992
MACROH2A1 (9555),0.0031809020483584776
RELN (5649),0.0031850455675645423
IGSF5 (150084),0.003198600096309447
OVOL2 (58495),0.003205895524091169
FBXL22 (283807),0.0032105506065811125
SYNJ2BP (55333),0.00321120876421416
SSTR2 (6752),0.0032144493741671277
COL25A1 (84570),0.003217905554878592
C8orf34 (116328),0.003220364503044232
DTX3 (196403),0.003244506596588559
DCANP1 (140947),0.0032541647829589016
CD38 (952),0.0032710829141637033
MEPE (56955),0.003280046685979038
NTN4 (59277),0.0033068990629532614
LGALS14 (56891),0.003313630035690923
ECI1 (1632),0.0033257992344971786
TMEM151B (441151),0.0033364462318050403
MAP1LC3A (84557),0.0033472291785826445
SCN2B (6327),0.0033523154757007013
CRTAC1 (55118),0.003360161267777368
STAT3 (6774),0.003362035415996395
PACRG (135138),0.003363455414595609
HAVCR1 (26762),0.0033678488657369636
SERPINB4 (6318),0.0033742078602345127
FAM20A (54757),0.003413194831674801
C12orf54 (121273),0.0034252832176531966
SMAD9 (4093),0.003427414625328323
ASIC2 (40),0.0034274435542446732
ARX (170302),0.0034291012807728186
CCDC92 (80212),0.0034501845740981694
DDIT4L (115265),0.003462420726130444
OMP (4975),0.003471080192924564
DACT2 (168002),0.0034713480117339436
SAMD5 (389432),0.0034905376037072224
MFAP5 (8076),0.0034938647219481893
DTNA (1837),0.0035248664398938546
HRH4 (59340),0.00353155741496988
THAP9 (79725),0.0035358556749100515
SFTPA2 (729238),0.0035447787695625345
CEBPB (1051),0.0035591096799740237
PPP1R18 (170954),0.0035600617068334574
POLA1 (5422),0.003566727316167406
SNORC (389084),0.00356786585651771
COLEC10 (10584),0.003575854819609206
CDPF1 (150383),0.0036019133665621387
HACD3 (51495),0.0036032677667604956
RNFT2 (84900),0.0036063268552964907
TEX26 (122046),0.0036355236754774855
DYNC1I1 (1780),0.003644972410203808
THOC5 (8563),0.0036586831192428892
CCDC120 (90060),0.0036668197978343723
MFHAS1 (9258),0.0036675594773359853
B4GALT5 (9334),0.0036727618066771162
NFATC3 (4775),0.003673094731632462
PAQR5 (54852),0.0036802068230002176
KCTD17 (79734),0.003683968233929462
CLDN16 (10686),0.003684560512168339
TCF20 (6942),0.0037067806172837183
FCAMR (83953),0.0037342028778371006
RWDD2B (10069),0.003743345360499916
ADTRP (84830),0.0037741239216926683
TMEM38B (55151),0.0037768158628057476
RADX (55086),0.0037804562320233335
TNKS (8658),0.003789039749675856
NOL10 (79954),0.0038247139457117775
LRRC42 (115353),0.0038430965101017233
PCSK1N (27344),0.0038561116590813656
SUV39H1 (6839),0.003878015183866326
ZER1 (10444),0.0038814738417841943
PSMD12 (5718),0.003895089290267961
AP4S1 (11154),0.003903267850402137
PPP1R21 (129285),0.003913127902332059
ADCK2 (90956),0.0039139932218891895
ZNF555 (148254),0.003934419634227452
SELP (6403),0.00393447380009172
NME4 (4833),0.003936835574998507
SLC7A14 (57709),0.0039425301943703
C17orf49 (124944),0.003946797065028129
PHLDA3 (23612),0.003947882246066603
ARHGEF10L (55160),0.0039553208293575835
ANKFY1 (51479),0.003962120750250586
SLITRK3 (22865),0.003967402518363966
EZH1 (2145),0.00397208590310906
TMEM14A (28978),0.003977202609525754
CDH9 (1007),0.0039934645832142845
PKHD1 (5314),0.004004841904020617
LRCH4 (4034),0.004008263052591993
SLITRK5 (26050),0.004009495082079521
COX7C (1350),0.004009771525011807
KPNA1 (3836),0.004012482630282782
IPCEF1 (26034),0.004036418050644997
SPAST (6683),0.004041321914382777
CTXN3 (613212),0.0040417943316346655
MYLIP (29116),0.004042316321397904
FAM89A (375061),0.004064650202241579
SLC13A5 (284111),0.004064948465308479
TTC28 (23331),0.004071851629853346
IL4I1 (259307),0.004086674930111361
NT5C3A (51251),0.0040884816617052285
CBX6 (23466),0.004139738106348361
CHST13 (166012),0.004142836960523746
CPXM1 (56265),0.004159339161052959
C2 (717),0.004162789750823464
CTH (1491),0.004168627456730208
NFATC2 (4773),0.0041703511853640315
HMGCS2 (3158),0.004174597467316843
SLC29A1 (2030),0.004182304614551322
PPP1R36 (145376),0.004183076291605202
DAPP1 (27071),0.004188866411221499
OR4A16 (81327),0.004195635396119009
MAPK9 (5601),0.004197094659398571
BBX (56987),0.004200632073346813
INHA (3623),0.004212772441659215
PFN3 (345456),0.004216180409997228
MMD2 (221938),0.004219402110720724
ZNF655 (79027),0.004227282549918801
NOX4 (50507),0.004235834505932931
MRPS18A (55168),0.004240516264656435
ARF5 (381),0.004257733068806269
CNIH3 (149111),0.004259426656521586
UBXN1 (51035),0.00428556745089056
TRIM23 (373),0.004290474657760074
ZNF391 (346157),0.004310409963112394
CCDC146 (57639),0.004316423071645098
MOBP (4336),0.004322188712879558
RNF40 (9810),0.00433232617599294
ATG4A (115201),0.0043449123606554285
REPS1 (85021),0.004347577781253262
OR52N1 (79473),0.004354336009969673
WDR90 (197335),0.0043727941100669045
EN2 (2020),0.004375554979411553
KLRF1 (51348),0.004408175899917072
SKI (6497),0.004414075722296474
DENND1B (163486),0.004415794279207533
SP110 (3431),0.004448472247474977
NASP (4678),0.004452677274612104
BRINP2 (57795),0.0044535040397953255
GJD4 (219770),0.0044622515199842575
CIBAR1 (137392),0.004467401322889875
PRAMEF4 (400735),0.004475673257519356
CA1 (759),0.00447610995857292
PTPRR (5801),0.004488009255637579
ZSCAN1 (284312),0.004514494438318091
TSPYL4 (23270),0.0045297833785886
FNBP1 (23048),0.004537209330199692
DDX55 (57696),0.004555875537394205
APOC1 (341),0.0045658867155018105
SYT9 (143425),0.004570325828939821
DNER (92737),0.004586780059171539
ZNF550 (162972),0.00458898583804748
ATAD2B (54454),0.004590031537796022
CSGALNACT2 (55454),0.004598599472496828
JADE1 (79960),0.004627715440014983
C10orf105 (414152),0.004630097757843353
TMOD3 (29766),0.004639586956271041
FOXR1 (283150),0.004648002732763513
TMEM132E (124842),0.004654001211499173
MVB12B (89853),0.004656817657635768
ASB13 (79754),0.0046852924527070235
CEP295 (85459),0.004685753694759287
FOXF1 (2294),0.004699356515871954
SPMAP2L (100506564),0.004701012893088621
MARCHF3 (115123),0.004722002049326799
RALY (22913),0.0047253774188838775
COL8A2 (1296),0.004731208246771792
NT5C3B (115024),0.004742655793009987
C12orf43 (64897),0.004745702504254547
HSD17B7 (51478),0.0047560620958099434
OR6S1 (341799),0.004776530773868736
CADM1 (23705),0.004798045545809068
FAM83A (84985),0.004806279719418863
PAGE1 (8712),0.004830961293895325
CYB5D1 (124637),0.004836432840250551
AUTS2 (26053),0.0048429500847929265
BNIP5 (389384),0.004844867807863526
SEC16B (89866),0.004859927029373326
KLHL33 (123103),0.004863902831116625
CA4 (762),0.004875345451057125
FRK (2444),0.0048760842091029365
ESR1 (2099),0.004880273489923319
PECR (55825),0.00489153009399323
PRDX5 (25824),0.004894433135778009
OR5I1 (10798),0.004894866998748398
SKOR2 (652991),0.004907187118125281
VPS26B (112936),0.004912496889010182
TSPAN15 (23555),0.00494835981528897
ICAM1 (3383),0.004957825023591489
ATCAY (85300),0.004958659670033544
AKR1B1 (231),0.004965109702208986
CTPS2 (56474),0.0049783923526495275
PML (5371),0.0049990592908865095
KRTAP5-1 (387264),0.005005129543275755
CLPTM1 (1209),0.005006354179791245
STK26 (51765),0.005022837998851212
ELAVL4 (1996),0.00502695859655641
ZDHHC12 (84885),0.005029390751379667
PLP2 (5355),0.005046573751879546
ABI3BP (25890),0.0050480782519130045
HDGFL3 (50810),0.005048865572857583
MAGEB18 (286514),0.005077004379364705
AXL (558),0.005081907744388532
TRIM63 (84676),0.005111462815193602
ENPP4 (22875),0.005113485876864374
PSPC1 (55269),0.005141159360174724
HYI (81888),0.0051423083551928594
OGFOD3 (79701),0.00514781978670148
GPR161 (23432),0.005159794266431253
PSPN (5623),0.005162212426090387
FHDC1 (85462),0.005171336544797014
DEAF1 (10522),0.005179592659631143
SDR16C5 (195814),0.005179601515843846
UBALD1 (124402),0.00518295085887111
RHOXF1 (158800),0.0051852172692760734
KMT2E (55904),0.005202775372738194
EIF4B (1975),0.0052075534814580385
PLPP4 (196051),0.005222863613393624
UBQLN1 (29979),0.0052298578091864
ZFAND1 (79752),0.005234618013012533
ADRA2A (150),0.005239770578434449
BABAM1 (29086),0.005285040805523103
VRK2 (7444),0.005293215757641573
PRR13 (54458),0.0052932783762514755
DCN (1634),0.005321028613848076
POGZ (23126),0.005330617616212979
PSMA4 (5685),0.005341785625695783
EFCAB6 (64800),0.0053444829006545095
ZFAND6 (54469),0.005357625229736309
C1orf141 (400757),0.005358515596659461
CDH7 (1005),0.005361235193999591
ZNF69 (7620),0.0053656725496673534
MGME1 (92667),0.005366640748752427
TRIM56 (81844),0.0053700425882755145
PLA2G1B (5319),0.005371052315738334
FAF1 (11124),0.005381405492289468
ARGLU1 (55082),0.005383623731414178
C16orf87 (388272),0.005385235142436662
SLC15A4 (121260),0.005391373697803204
IGIP (492311),0.005393329705369892
OR5AS1 (219447),0.005393692140562144
FAM149B1 (317662),0.005393734206781173
THNSL2 (55258),0.005401127680659879
MCM10 (55388),0.005408956780989837
TBC1D12 (23232),0.005418811328335901
DSTN (11034),0.00542024004222511
AURKA (6790),0.005438569720905706
CDH22 (64405),0.0054489674670239446
PRADC1 (84279),0.0054537179554414224
ZBTB3 (79842),0.005454054761609356
SOX3 (6658),0.005481392136660589
CUEDC2 (79004),0.005487601462151928
FAM83F (113828),0.005528504911380658
SLC15A2 (6565),0.0055450870004699225
MEIG1 (644890),0.005545992561244784
ACAA1 (30),0.005548213770102689
C1QTNF2 (114898),0.005548792981019757
RUBCNL (80183),0.005554544176037099
CT47B1 (643311),0.005557235588643383
ZSWIM5 (57643),0.005564487949867733
ELOA (6924),0.005570276719766581
BAALC (79870),0.005576877301522109
HGD (3081),0.005601759219736475
PABPC4 (8761),0.005606694969936011
BBS9 (27241),0.005613975531032417
CERT1 (10087),0.005618587288176558
PTPRT (11122),0.005621102228793766
GJB3 (2707),0.005623750880651085
STEAP4 (79689),0.005629389407722419
STARD9 (57519),0.005630195782280673
APOA2 (336),0.005654344391349578
UNC13B (10497),0.005657155854291301
TAS2R13 (50838),0.005664354663340828
EPSTI1 (94240),0.005669718726216891
BMAL2 (56938),0.005688584793624804
SRR (63826),0.005691267067261102
THYN1 (29087),0.005691276850386647
IZUMO3 (100129669),0.005699696798713227
QPRT (23475),0.005700381180989092
ZNF418 (147686),0.005708820243534235
TTPAL (79183),0.005715704128760874
SLC23A3 (151295),0.005733806186564561
GPA33 (10223),0.0057412517727966905
MICU2 (221154),0.005741751620554565
CDHR4 (389118),0.00575353601194008
TP53I11 (9537),0.0057561334280143055
CDX4 (1046),0.005759920804865273
IAPP (3375),0.005777428822254428
CAMK2N1 (55450),0.005799423254243931
ZMYND11 (10771),0.005801193233108346
RETREG3 (162427),0.0058108031585140715
HSPB7 (27129),0.005811821035721953
FRAS1 (80144),0.005823031462613484
TIAM1 (7074),0.0058232503338247425
CLEC17A (388512),0.005824437683142583
BBOF1 (80127),0.005852027399267519
CHRNB1 (1140),0.005862613584559577
LILRA4 (23547),0.005864786686714779
NAT1 (9),0.005886297802672571
HYAL3 (8372),0.005888286326272802
PI3 (5266),0.0058903635725013805
CCDC42 (146849),0.005897667842027379
TMEM254 (80195),0.005903871291635511
RBM15B (29890),0.0059277872870173555
C5AR1 (728),0.005937912009590604
HTR1A (3350),0.005947739061385687
MFSD8 (256471),0.005951804586989198
NECAB3 (63941),0.005957136494627159
PRRC2A (7916),0.00596518540765264
MARCHF8 (220972),0.005978560021202724
TATDN1 (83940),0.005991943925987034
KEL (3792),0.0059939497757793645
EVPL (2125),0.00599630111064684
GOLT1B (51026),0.00599888693694155
NFE2L2 (4780),0.006003981299505828
EPHA7 (2045),0.006007181514815399
UBN1 (29855),0.006013633892693188
LENG1 (79165),0.006021396266368962
HLA-DQA2 (3118),0.006030894077502153
PLPPR1 (54886),0.006033952485361961
TMEM62 (80021),0.006037571708497591
KRT35 (3886),0.006049224488280535
ADGRG3 (222487),0.0060536027314884045
TMEM104 (54868),0.006068076636958147
HRNR (388697),0.006075595875618506
HELLS (3070),0.006100103514483518
NUDT15 (55270),0.0061069055251257555
SLC5A6 (8884),0.006107728155482843
BTN2A1 (11120),0.006122859644509278
MTARC2 (54996),0.006131245264194132
ECHDC3 (79746),0.006139655633108693
TAT (6898),0.0061576300653340185
RPS15 (6209),0.006160645121682862
CHKB (1120),0.0061698697794624665
OR6C74 (254783),0.006188195090094146
RNPS1 (10921),0.006197209000756465
ELSPBP1 (64100),0.006207189443694491
H2BC3 (3018),0.006230840783247503
CRHR2 (1395),0.006250572993365106
SLC36A3 (285641),0.006258398346500433
LOXL3 (84695),0.006264483229748902
SLC25A41 (284427),0.006277494150906049
GSR (2936),0.006283463565785297
GABRP (2568),0.006313166406312698
TARBP1 (6894),0.006313707868900712
ACAT2 (39),0.006329485441075431
FAM219B (57184),0.006330197731337932
URB1 (9875),0.0063425766954271715
ZNF219 (51222),0.006347551297758427
FAM216B (144809),0.006351537105196925
ARHGAP4 (393),0.006362015981203078
SLC22A5 (6584),0.0063653583039518045
PARVB (29780),0.006370951099762712
PLBD2 (196463),0.006376741943482878
DEFB123 (245936),0.006376975613641424
AGAP1 (116987),0.006383716202302714
CKS2 (1164),0.006405042034083747
DFFA (1676),0.00640642245527488
RINT1 (60561),0.006409319576564832
RABGAP1L (9910),0.006410280940798496
ZNF513 (130557),0.006413065743566373
RNF122 (79845),0.006419554659685192
TH (7054),0.006422805172509494
IQCK (124152),0.0064313017906384735
CEP15 (57415),0.0064422112035290215
RAD54L (8438),0.006445092254411422
PIP4P1 (90809),0.006465148508676272
CEP89 (84902),0.006468104335949845
SLC14A1 (6563),0.006479568236979277
CYBC1 (79415),0.006494508170507033
ZNF782 (158431),0.006514713410138479
UGT2B11 (10720),0.006517107854029236
INPP1 (3628),0.0065201763683024605
PRDM15 (63977),0.006532165040507241
PAPPA (5069),0.00653391026549674
IL24 (11009),0.006536444646445183
TMEM171 (134285),0.0065549197561726
USH1G (124590),0.006572334437802835
TLR9 (54106),0.006573516303634922
CD96 (10225),0.006607201971176915
LDAF1 (57146),0.006627403208756615
C5orf15 (56951),0.006631256584019196
TRMT44 (152992),0.006634693241431203
CRACDL (343990),0.006641767790889352
HSPA13 (6782),0.006661282142923497
TPPP2 (122664),0.006666880173000947
HOXA5 (3202),0.006677190505662093
NBR1 (4077),0.006697727015371127
RAB11FIP5 (26056),0.00671295640271706
OR1J2 (26740),0.006733835252915342
XPNPEP2 (7512),0.006735136418795545
KIF13B (23303),0.00674805172924757
OR13A1 (79290),0.006760056635767345
SFN (2810),0.0067838752372058105
TOR1AIP1 (26092),0.006784588064750738
MYOC (4653),0.006785566656326696
ATP8B2 (57198),0.0067906317161433695
SPRY4 (81848),0.00683628609334562
CXorf58 (254158),0.006840423321434919
TMX4 (56255),0.006843437349375053
EFNA5 (1946),0.006846573064659028
SHISA5 (51246),0.006850381267816025
CCL16 (6360),0.006864108310100263
ITGAX (3687),0.006864769965736655
ZNF483 (158399),0.006877073637111065
BAK1 (578),0.006883950131298744
TOP1MT (116447),0.006888945980123346
CHRNA9 (55584),0.006890281500855527
PEX2 (5828),0.006890672252638741
GLIS3 (169792),0.006902408992613856
MCCD1 (401250),0.006915461438649512
TRIM36 (55521),0.00693429403324336
TRMT2B (79979),0.006939599934132676
CLDN10 (9071),0.0069419288895192
NOG (9241),0.006976496577336041
MPZ (4359),0.0069838008847033575
HCFC1 (3054),0.006990885101424027
LARP4B (23185),0.006993430534125919
PRKCD (5580),0.007019491656906485
H1-6 (3010),0.007024774163757819
CLOCK (9575),0.007029187442388186
CD300A (11314),0.007029873555535521
ABCA2 (20),0.007034553537147938
ATP5MC2 (517),0.007036105556649919
S100A3 (6274),0.007037070744120319
PRAP1 (118471),0.007046412141104996
PILRA (29992),0.00706221604562926
ZBTB12 (221527),0.007066914319491008
OR4A47 (403253),0.0070725102843090665
NIPSNAP1 (8508),0.007100892434256237
LOXHD1 (125336),0.0071291633620512
OR5B2 (390190),0.007129293285692144
IMPA1 (3612),0.00713662219897643
SLC25A36 (55186),0.007138901032879365
CLMN (79789),0.0071611056064167814
KLHL12 (59349),0.0071621705834997605
UHRF2 (115426),0.007164264672990346
DUSP19 (142679),0.007181731247848709
GDA (9615),0.007182760182503549
NMNAT3 (349565),0.007189641541326586
NXT2 (55916),0.0071942786570202335
P2RY11 (5032),0.007195274739482724
FXYD2 (486),0.007198431578266743
FAIM (55179),0.0072068365868835135
CCDC68 (80323),0.007209220762536351
FCRL5 (83416),0.0072207897624366165
PSEN1 (5663),0.007220891056685203
SLC30A5 (64924),0.0072287088172472355
SPATA16 (83893),0.007234729414511315
DIS3L (115752),0.007238152066863646
RRAD (6236),0.007241227464303978
NDUFA4 (4697),0.00725279750046347
FBP1 (2203),0.007257067913520409
BAG6 (7917),0.007262513334221515
HCRT (3060),0.007263284503837469
KLK2 (3817),0.007273520732869689
PCYT2 (5833),0.0072973166234578165
SPDL1 (54908),0.00733175147744729
ULK4 (54986),0.007346295313202816
PLG (5340),0.0073536111073181365
DCT (1638),0.007373839037024252
DNAJC18 (202052),0.00739035428149829
ZG16 (653808),0.0074208297520695354
OR52W1 (120787),0.007421716668023076
RGMB (285704),0.007428681904986636
KCMF1 (56888),0.007429426736288236
GMFB (2764),0.007435183845730381
SPINT3 (10816),0.007436839168992343
KRT77 (374454),0.00747107969730651
DCAF4 (26094),0.007472882105863188
CIB3 (117286),0.007486726167668559
KRTAP5-6 (440023),0.007490155150766042
TMT1B (196410),0.0074907077455750965
TMED9 (54732),0.007497067060712512
HTATIP2 (10553),0.00750292726109023
SPMIP10 (389320),0.0075075930298200925
FBXL17 (64839),0.0075195497256878
RNF144B (255488),0.00752892997441836
ZSCAN30 (100101467),0.00754622505146141
DNAH5 (1767),0.007549709909343902
TBATA (219793),0.007554129067948298
CISD2 (493856),0.007565066115590394
GRIN2B (2904),0.007577246235818305
RHEX (440712),0.007590193444527637
RNF44 (22838),0.007631537056201345
DLL3 (10683),0.007635336840917712
CFAP53 (220136),0.00764136604732342
DIABLO (56616),0.007663332763022565
OR52I1 (390037),0.007680902298798432
GRIA2 (2891),0.007693124558104765
DHRS7 (51635),0.007726230686822358
LENEP (55891),0.0077270856928553944
IFNL3 (282617),0.007728296883456061
MYNN (55892),0.007729461127568879
FUBP3 (8939),0.0077319128424274365
SLC35A2 (7355),0.007765348706874242
OR10W1 (81341),0.0077760058588831425
SLC17A1 (6568),0.007783167624716247
CARD16 (114769),0.007790724722755863
OXSR1 (9943),0.0078008114543984776
TMEM38A (79041),0.007816985626208755
DCLK2 (166614),0.007818229565981874
CYREN (78996),0.007819887266814865
RNF8 (9025),0.007832188975370979
RHBDD1 (84236),0.007858294694478596
ZNF302 (55900),0.007858530711417558
HIC2 (23119),0.0078702442208759
PRSS23 (11098),0.007892857056752724
PLD6 (201164),0.007905914541728691
ANKS1A (23294),0.007908631632606411
FGF5 (2250),0.007919563490759087
PGPEP1L (145814),0.00792335032763968
MCC (4163),0.007936543619094355
CHCHD6 (84303),0.007953808946016664
NOC2L (26155),0.007961391681642916
GALK1 (2584),0.00797609474728585
PCDH9 (5101),0.007982298234959172
SPG7 (6687),0.008000106261081018
RNF103 (7844),0.008015733129712006
LRRC51 (120356739),0.008015954344624671
ZNF410 (57862),0.008018980346879506
KCNAB3 (9196),0.008045890120837727
PWWP2B (170394),0.008057577987876503
PDE4D (5144),0.00806481705459271
HACL1 (26061),0.00806726726234426
B4GALNT2 (124872),0.008068207113532525
FAIM2 (23017),0.008068483870914323
HMBOX1 (79618),0.008070640289853399
EHHADH (1962),0.008070987700805918
GNAO1 (2775),0.008073602343960432
BHLHA9 (727857),0.008076298976716042
SP3 (6670),0.008077433967417053
FRMPD2 (143162),0.008094734991142627
TBX1 (6899),0.008098368433504253
GSTK1 (373156),0.00811060406816194
KRTAP9-6 (100507608),0.008122747399888237
ANO9 (338440),0.008125982964405407
SSTR1 (6751),0.008126043781700381
CLEC2B (9976),0.00813052847247433
DACH1 (1602),0.008130796163762144
SLC6A7 (6534),0.008132689761480478
NBPF3 (84224),0.008135453048185484
OR1D2 (4991),0.00814278216772893
C1orf162 (128346),0.008155507607696021
POPDC2 (64091),0.008166903549464912
KL (9365),0.008188060022549704
TFEC (22797),0.00819207989182245
MAB21L4 (79919),0.008201989630768809
SPATS2 (65244),0.00820352757303922
SPTSSB (165679),0.008205084789305483
IL15RA (3601),0.008206540480724887
AGMAT (79814),0.008206718311980563
BMP1 (649),0.00821333974371358
PCBP3 (54039),0.008216945230629196
CNPY1 (285888),0.008218833004553672
VRK3 (51231),0.008232580130013389
P4HA1 (5033),0.008237734658355526
PSTPIP2 (9050),0.008240909575442889
ZNF395 (55893),0.00824566784077918
FERMT1 (55612),0.008247790635370395
ITGAL (3683),0.00826519925418195
MMUT (4594),0.00827901936963582
ABHD17B (51104),0.008300276601607811
ELOVL6 (79071),0.008310705083895212
KCNMA1 (3778),0.008312357917129004
TFAP4 (7023),0.008316402492524189
EMX2 (2018),0.008333216311836486
IL4 (3565),0.008337727056155793
CDK19 (23097),0.008343860895231153
C5orf63 (401207),0.008348294991702303
GOLPH3 (64083),0.008370075938678794
CCDC169 (728591),0.00837237221232311
H3C7 (8968),0.008389911177035797
CSF3R (1441),0.008394314520770793
ZNF367 (195828),0.008398072843502784
TBXAS1 (6916),0.008410828816709537
MOXD1 (26002),0.008414637945933359
RASGEF1A (221002),0.008418366823903201
C1orf56 (54964),0.008420036020021754
TAF3 (83860),0.008428839687823087
SPNS3 (201305),0.00844077888591107
ZNF200 (7752),0.008441179637827109
NDN (4692),0.00844540643832361
NTSR1 (4923),0.008449939638106257
EMID1 (129080),0.00845128329447807
HMOX1 (3162),0.00845205066497794
UGT2B17 (7367),0.008465100109499404
EPOP (100170841),0.00848897086282253
SLC2A3 (6515),0.00850387154472782
SLC8A3 (6547),0.008507611026748158
VIPAS39 (63894),0.008508704580839186
TEX14 (56155),0.008510955078341986
NPY (4852),0.008513736718372017
SCGB2A1 (4246),0.008530431344533079
RAB2B (84932),0.008531597557231591
SCML4 (256380),0.008536450965180716
C6orf226 (441150),0.008538405402391813
KRT73 (319101),0.008549778828720876
STARD3NL (83930),0.008550473303873662
APBB2 (323),0.008559301618739048
YWHAH (7533),0.00856301534786831
TTC21A (199223),0.008568252780392333
DCBLD1 (285761),0.00857555682873077
MALL (7851),0.008582786350792454
ZNF736 (728927),0.008584999180061628
BOD1 (91272),0.008590436260290065
TFE3 (7030),0.008593909598181904
FBXO22 (26263),0.008630268358867006
FOXC1 (2296),0.008640247510830592
CBY3 (646019),0.00867703927742865
FCRL6 (343413),0.00868881546180611
TNFRSF1B (7133),0.008709848518451616
PPIL6 (285755),0.008710449703861539
ZBTB1 (22890),0.00871405496339022
CTCF (10664),0.008747394797844033
KCNV2 (169522),0.008750647391469493
PLCB3 (5331),0.008782915712226275
PLPPR3 (79948),0.00879067828536203
ABCA12 (26154),0.008821913293467048
C6orf62 (81688),0.008831013058601619
PROSER2 (254427),0.008832577227283039
CSRNP3 (80034),0.008840769075385968
SLIRP (81892),0.008842266514252734
SCX (642658),0.008858964478895063
MRPL3 (11222),0.00886725330814293
CASK (8573),0.008880068696090346
EIF5B (9669),0.008882841063043333
TCL1A (8115),0.00888669723995557
SLC9A9 (285195),0.008906723796740009
RAP2A (5911),0.008913604087354426
SLC2A14 (144195),0.008915354118603693
BTBD16 (118663),0.008918070479511386
TNFRSF6B (8771),0.008923923805229026
TMPRSS11E (28983),0.008929531410725805
C2CD4B (388125),0.00894784504820208
TAGLN3 (29114),0.008960898478126382
KRTAP1-5 (83895),0.00896521698354076
SLC9A5 (6553),0.008984877366101285
PGAM4 (441531),0.00898524247707636
MAPKAPK3 (7867),0.008988212523352369
SPA17 (53340),0.008988442627159162
RPAP2 (79871),0.008993439298469852
AKAP8 (10270),0.008993439911292598
PWWP3A (84939),0.009000004179251158
STC1 (6781),0.009001024738037256
NUDT9 (53343),0.009029453516447515
NUPR1 (26471),0.00903565965999659
MGLL (11343),0.009035998374426108
TGFBR3 (7049),0.00903859517938772
IL15 (3600),0.009040002409342668
ABRAXAS1 (84142),0.00904362462900885
GRM5 (2915),0.009104240380326149
BCAT2 (587),0.00911194034694604
ANAPC10 (10393),0.009157214228291277
CLTCL1 (8218),0.009157964484625646
CAMK4 (814),0.009159572984953204
DZIP3 (9666),0.009164589710311252
PTH (5741),0.009164792447148287
BSX (390259),0.009169950565822857
DHX15 (1665),0.009179605301140014
USP37 (57695),0.009181867743706062
RAB8B (51762),0.009209962136972482
NKD2 (85409),0.009215035310243527
ZNF98 (148198),0.009250996506572462
GLIPR1 (11010),0.009253388263299467
PEX11B (8799),0.009268348207677024
HS2ST1 (9653),0.009286653374652228
RGS8 (85397),0.00929080387159068
JMJD6 (23210),0.009301969450800751
CYP2A6 (1548),0.009302773868626036
CHCHD10 (400916),0.009308883533214029
IDE (3416),0.009312715704068409
UPK2 (7379),0.00931819732921486
ZFP69 (339559),0.009337602022058944
ROBO2 (6092),0.009348583505514384
SLC18A1 (6570),0.009349243462179635
ACE2 (59272),0.009355071095188894
ZNF593 (51042),0.009355465259595186
FSCN2 (25794),0.009358320714437257
RASGRP1 (10125),0.00936450324241187
TPD52L2 (7165),0.009386426600816344
ABHD15 (116236),0.009412022955125044
RTF2 (51507),0.00941374300459783
FGF9 (2254),0.009428290912974263
PLPP7 (84814),0.00943033830963241
LRBA (987),0.00943678927659449
TMPRSS2 (7113),0.009437613818692663
ADGRA3 (166647),0.009439257083015599
MS4A2 (2206),0.009446547612935095
GPR37 (2861),0.009456976142487644
ATG4D (84971),0.009462922690165233
KCNK1 (3775),0.00947249191205871
ENO3 (2027),0.009500503845877186
ILF3 (3609),0.009514319361821321
RNF14 (9604),0.00951511797329312
PTPDC1 (138639),0.009517670693813507
RTL1 (388015),0.009518185354967613
SFT2D3 (84826),0.009520097764126823
UTRN (7402),0.009520782326667754
LCTL (197021),0.009528503221197629
C1QTNF8 (390664),0.009530761572874592
FARS2 (10667),0.009536843405113871
MED14 (9282),0.00956780648241593
QSOX1 (5768),0.009577392201159968
IRX2 (153572),0.00958676984324425
KRT78 (196374),0.009601334002796237
EIF3B (8662),0.009604454617876268
LPP (4026),0.009616478954778362
AWAT2 (158835),0.009625940616195308
ZMPSTE24 (10269),0.009628470332072758
SH3YL1 (26751),0.009645537817000196
UBE2M (9040),0.009651318742056358
ARL8A (127829),0.009653285164558826
DDX31 (64794),0.009670098864353688
FOXG1 (2290),0.009695633861374103
IDH2 (3418),0.009696774060568375
DGCR6L (85359),0.009697934259254193
AKAP13 (11214),0.009703277092042769
CLUAP1 (23059),0.00972078233016621
CCNY (219771),0.00972218501257858
CCDC28B (79140),0.0097235190775778
OR6C68 (403284),0.009724612403870611
NEMF (9147),0.009728038144150958
C8B (732),0.009730824959872628
CASR (846),0.009737676947733713
NALCN (259232),0.00973913507572421
IFI16 (3428),0.00975270676351805
IFNA6 (3443),0.009754492603706718
OR56B4 (196335),0.009765315005129616
IL17D (53342),0.009772216251840826
MOCS2 (4338),0.009785979072807477
HILPDA (29923),0.009786847376925862
HLA-E (3133),0.009797588812833154
TST (7263),0.009808337470523568
RFX5 (5993),0.009821744959213763
GNAQ (2776),0.009832388704350997
PRG4 (10216),0.009836003673169568
FAM229A (100128071),0.009849931461716666
TUBAL3 (79861),0.009856782545877352
VCPKMT (79609),0.009857545909532283
MALSU1 (115416),0.009868560974706092
MYOCD (93649),0.00987368952711617
B2M (567),0.009898068075334176
TNFSF12 (8742),0.009909306133781454
OR10J1 (26476),0.009911685059023425
NSUN2 (54888),0.009917432853012895
SNX19 (399979),0.00991954401949835
TFCP2 (7024),0.009922239043164121
TRPC6 (7225),0.009933487293979665
CALHM4 (221301),0.009948618234647138
TMEM145 (284339),0.00994906968016768
MRTFA (57591),0.009949591628984438
PTGER2 (5732),0.009953134766601595
BAZ2A (11176),0.00996151552725219
SCYL3 (57147),0.009968712253669928
FHOD3 (80206),0.00999611868212713
C8orf33 (65265),0.009996788305245757
TRIM26 (7726),0.010020535933404786
STIM1 (6786),0.01002132213118194
ATRNL1 (26033),0.010024290636723021
CEACAM6 (4680),0.010024511755712359
GBGT1 (26301),0.010050852314112308
PLCE1 (51196),0.010053106306660767
KMT5A (387893),0.01005795267626126
RECQL5 (9400),0.010059816063888357
SEC24B (10427),0.010063171879940644
CFAP95 (138255),0.01008485904541707
LAMB1 (3912),0.010094423826481453
NDUFV2 (4729),0.010094632584867324
MEFV (4210),0.010106759091540633
METTL25 (84190),0.010110297704513244
BAIAP3 (8938),0.01016399131811078
CSRNP1 (64651),0.010168290183318798
POU2F1 (5451),0.010170729972942211
CCDC144A (9720),0.010174345574018428
HAO2 (51179),0.010180449388296991
OR10G8 (219869),0.010185100206632382
TBX20 (57057),0.010199945233474518
RUSC2 (9853),0.010204552257657346
PTMS (5763),0.010206687518337903
APPL2 (55198),0.01020931292540701
OR4N2 (390429),0.010209566183081192
SYTL2 (54843),0.010214760304032433
ITGA9 (3680),0.010234828997303495
DUSP3 (1845),0.010264382555258073
ZNF672 (79894),0.010273589739207967
EIF2AK3 (9451),0.010277652739936027
DLAT (1737),0.010278287871981248
CHCHD5 (84269),0.010283717794479475
IARS2 (55699),0.010306427943842622
OTOR (56914),0.010336385833932541
ASTN2 (23245),0.010344362428789689
H2AC1 (221613),0.01036041936593035
DDX3X (1654),0.010362606114572093
GSTZ1 (2954),0.010372283425304569
BCL2A1 (597),0.010376935890284928
SEPTIN8 (23176),0.010377947309879603
ARSD (414),0.010378005959502081
CCNO (10309),0.010407204845110492
CD99L2 (83692),0.010422188170584452
MYO1D (4642),0.010428237033597071
CTRB1 (1504),0.01042905743232695
BCAS4 (55653),0.010432360888878459
TTBK2 (146057),0.010468386875535468
STRBP (55342),0.010468735059549802
TTC3 (7267),0.010490479428641527
PCOLCE (5118),0.010502170798320446
PLEKHA5 (54477),0.010504419104376508
DBT (1629),0.010506930532269065
SYCP2L (221711),0.010508653416459093
SYT16 (83851),0.010527336530959528
GCH1 (2643),0.01053184957409364
DEGS2 (123099),0.01053852930105619
GLDC (2731),0.010543487189969955
CAMK2A (815),0.010545932081086343
PABPC5 (140886),0.010550385631160088
ZNF385B (151126),0.01055306624787124
SEMA4B (10509),0.010555232466010547
TMEM61 (199964),0.010576796298461848
EOLA1 (91966),0.010581624697501502
TANGO2 (128989),0.010585737321227615
HOXB2 (3212),0.01058764314710715
DNAJC28 (54943),0.01059437679878896
SERPINE3 (647174),0.01059962800963306
SLC27A5 (10998),0.010602050471108848
LZTS3 (9762),0.010612129856982396
RBM41 (55285),0.010613340311700475
MSL2 (55167),0.010614310708686809
BEST3 (144453),0.010614613521091509
SBK1 (388228),0.010616602210250048
AKR1E2 (83592),0.01062256496638482
PCBD2 (84105),0.010623604961235118
RGL3 (57139),0.010633190258895042
CLEC18A (348174),0.010641575205780341
SLC6A14 (11254),0.010643557360610553
CPNE6 (9362),0.01064808043546223
MTHFD1L (25902),0.010649644323064634
CACNB2 (783),0.010661141728440121
MAGEF1 (64110),0.010664088847914255
H3-3A (3020),0.010671924307429914
NMI (9111),0.010690019008686078
KRCC1 (51315),0.010695263792070359
IFNA10 (3446),0.010699089500385136
MOSPD3 (64598),0.010706910739321344
OR6C76 (390326),0.010709556106056572
FBN3 (84467),0.01073862442265065
CDK5RAP3 (80279),0.01074417547667746
KRT18 (3875),0.010748744704241203
LDLRAD1 (388633),0.01077008932786582
ZNF681 (148213),0.010772494576410833
SPDYE4 (388333),0.01078337277565657
EDDM3B (64184),0.01078337304647033
DIPK1A (388650),0.0107840683002348
ANKH (56172),0.010786301919948445
TXNDC5 (81567),0.010787583732288808
TTC14 (151613),0.010790289071366149
ZCCHC24 (219654),0.01079135362408754
SHF (90525),0.010792717144596623
HPGDS (27306),0.010815299199201484
CASQ1 (844),0.010830120616629222
DPP10 (57628),0.010833551805793814
OR5K1 (26339),0.010836463477599045
GPRASP1 (9737),0.01083778679407626
ULK2 (9706),0.010850155484467895
PLEKHM1 (9842),0.010851206040773841
EAF1 (85403),0.010856438662921075
PCARE (388939),0.010857001115614781
THOC2 (57187),0.010885379495469083
AFF1 (4299),0.010896496130275417
PTGIS (5740),0.010902291669975379
CXCL11 (6373),0.010903865767705086
ZNF565 (147929),0.010927518231765885
WDR17 (116966),0.010942008689080757
THADA (63892),0.0109420107756791
GPAM (57678),0.010942336578993517
ZXDC (79364),0.010951319207082578
PUDP (8226),0.010975147515479825
MADD (8567),0.010976487500877185
DMP1 (1758),0.010983725785850312
EYA1 (2138),0.010987418821566036
ARMH2 (101928603),0.010989136927473239
ARHGAP27 (201176),0.011006817606686672
XDH (7498),0.011010410915427763
TMEM121B (27439),0.011033864079447248
B3GNT4 (79369),0.01103999527270838
TFCP2L1 (29842),0.011040703145885535
JSRP1 (126306),0.011053823774474607
SLN (6588),0.011054679757992186
THEMIS (387357),0.011056039036287513
TDRD6 (221400),0.011063413203673909
AEN (64782),0.011065026748602842
TRAM1L1 (133022),0.011071575974324042
FGB (2244),0.011076001366118565
MAN2B2 (23324),0.011098447687259093
KCNRG (283518),0.011102721951792557
SLMAP (7871),0.011117478971761564
NTSR2 (23620),0.011119011600422406
PCDHGA8 (9708),0.011143647494120727
PRPH2 (5961),0.011145508142949933
SSR3 (6747),0.01115148276373902
GSG1 (83445),0.011155561445386052
ANK3 (288),0.011176095846867507
MMS22L (253714),0.011188078340467289
TMEM37 (140738),0.011202230692134954
SMIM3 (85027),0.011206531350635046
TBC1D32 (221322),0.011208526273559342
RAP1GAP2 (23108),0.011215118017030937
MOGS (7841),0.011220662928757355
SYT13 (57586),0.011234088948633439
ABCC1 (4363),0.01123810574477546
FAM221B (392307),0.011253618612539464
ACP7 (390928),0.011277353548027735
TRIM13 (10206),0.011295148182040696
GSPT2 (23708),0.011320383639616871
GTF3C3 (9330),0.011324586744512265
SNX21 (90203),0.011327142409647295
CYP46A1 (10858),0.011336294033619184
STK25 (10494),0.011340049872476674
SF3B6 (51639),0.011343429356231338
VCAN (1462),0.0113447742634054
EPYC (1833),0.011356667800444786
PEMT (10400),0.011388849566275677
MPL (4352),0.011391916128369714
SAP30L (79685),0.011404639529503812
ABCA13 (154664),0.011415466031947393
RTL4 (340595),0.011416017093879996
CA7 (766),0.011420514692907939
CTDSPL (10217),0.01144278640114359
OR5J2 (282775),0.011450659733711215
CIMIP4 (339669),0.011457739056414064
NPFFR2 (10886),0.011475724616943688
TRAF5 (7188),0.011481178765577141
PDK1 (5163),0.011482213365708548
NT5C1A (84618),0.011482301215100858
TMEM150C (441027),0.011489094270363948
P2RY12 (64805),0.011497467307014841
PRG3 (10394),0.011503647812895203
DYNLRB2 (83657),0.01152041404798188
PCNX1 (22990),0.011528691460662847
PTPRD (5789),0.011528771546049442
PPM1H (57460),0.011529253461250675
RIOK3 (8780),0.011530681598930137
RIPK2 (8767),0.01153082959857641
GNAT1 (2779),0.011557582436624117
ABI2 (10152),0.011567088797468515
ACSM1 (116285),0.011571206441330173
PTGDR2 (11251),0.01157631240003646
RBM18 (92400),0.011577355428798808
LXN (56925),0.011584933004776126
DCTPP1 (79077),0.011587028567145516
ASNSD1 (54529),0.011592921043328935
BCL2L15 (440603),0.011595527387505362
PARD6A (50855),0.011618318705091234
DEK (7913),0.011633592462383652
BCDIN3D (144233),0.011644837098975274
DAB2 (1601),0.011656452135626334
STAP1 (26228),0.011659105281361794
MAP7D2 (256714),0.011659325965665535
ATP6V0A2 (23545),0.011667163237104105
FOXRED1 (55572),0.011671838179981278
PDPN (10630),0.011675134803398348
CD1B (910),0.011678697666071224
VTCN1 (79679),0.01167975407238161
NUFIP1 (26747),0.011684869860254143
CDKN2AIP (55602),0.011696086250920616
ADAD2 (161931),0.011708757508989694
H2AC11 (8969),0.011727361339430564
LRTM1 (57408),0.011781076919822123
KIAA1614 (57710),0.011782654758560648
LCE6A (448835),0.011787596639662588
TMEM82 (388595),0.011792587909010268
CALM1 (801),0.011793737337219726
GJB5 (2709),0.01179726476008296
SV2B (9899),0.011810057331683183
HLA-DQB2 (3120),0.011820626487547722
CNTD1 (124817),0.011827027352138164
VWCE (220001),0.011836076361088105
SPAG5 (10615),0.01183622346338976
ANGPT4 (51378),0.011836554067899074
ALOX15B (247),0.011838446327442454
PAX9 (5083),0.011841097092846902
TAS1R3 (83756),0.011844505068240701
ZMAT4 (79698),0.01187759033075992
CPSF2 (53981),0.011924645054241534
ZNF646 (9726),0.01192954899808348
CALCOCO1 (57658),0.011947787844022648
ARPIN (348110),0.01195767007021506
PRKCB (5579),0.011984352558932663
PHB1 (5245),0.01201527410182166
RBP3 (5949),0.012016714208971458
FXR2 (9513),0.01203747683972457
TAS2R14 (50840),0.012040245110149582
PHKG1 (5260),0.012044292545845065
DLX1 (1745),0.012047350783687913
TUBA4A (7277),0.012067688315699581
BIN2 (51411),0.012071748388666129
RAVER2 (55225),0.012075737325527053
PCSK4 (54760),0.01209580497658141
CLPSL2 (389383),0.012111903354131167
NUP62CL (54830),0.012112073993823502
SLC31A2 (1318),0.012120313946946185
MED13L (23389),0.012121795823054426
APBA1 (320),0.012126404805763182
LYZ (4069),0.012137761551778595
JPT1 (51155),0.012147297422445563
HMHB1 (57824),0.012177080079074983
GPATCH2L (55668),0.012190746385658905
SERINC1 (57515),0.0122009660717115
OTOF (9381),0.012220933683275124
METTL4 (64863),0.012224754421846696
TENM3 (55714),0.012230868048361543
PNOC (5368),0.012239677229078361
GPC3 (2719),0.01226176846326819
FGFBP1 (9982),0.012304876663489717
IGF2BP1 (10642),0.012311400347133569
CHRM2 (1129),0.012312599163587352
CYTL1 (54360),0.012314018439074254
DCAF5 (8816),0.012316205613700277
MSI1 (4440),0.012321621616770076
ZNF426 (79088),0.012325274095416287
DHRS9 (10170),0.012348062393812132
CYP26A1 (1592),0.012348091535072261
APOBEC3C (27350),0.012351574939501416
SPATA46 (284680),0.012358076765263007
HNMT (3176),0.012365102200133305
LRFN2 (57497),0.012368984409607741
TEX22 (647310),0.012371651808130556
SLC6A18 (348932),0.012394368708643171
SNX15 (29907),0.01240679356414984
CELA3A (10136),0.01242211107493838
ACTN2 (88),0.012438479135349189
SEC24C (9632),0.012449370464261533
LGALS2 (3957),0.012451215696199095
WWC1 (23286),0.012452073881038661
CSTL1 (128817),0.012456568767333897
SLC6A15 (55117),0.012482305866567792
SWSAP1 (126074),0.012484270540748327
BEND5 (79656),0.012491295402894129
COG6 (57511),0.012500425967767875
CHST4 (10164),0.012503466505492
R3HCC1L (27291),0.012503905489304695
ABRACL (58527),0.012510553722271741
HARBI1 (283254),0.012532645156555788
BTAF1 (9044),0.012543954873539587
ZAR1L (646799),0.01256750992770315
RPAP1 (26015),0.012572536954421088
STX6 (10228),0.012581652298398823
MCM5 (4174),0.01258549303682277
SGK3 (23678),0.012593502973709253
TES (26136),0.012602130163668216
OSBPL11 (114885),0.012625662788588904
ZNF354A (6940),0.012637646755221998
SMIM5 (643008),0.01264717801973254
LDLRAD3 (143458),0.012648049819414347
IL34 (146433),0.012652945252037338
HAP1 (9001),0.01265410629604411
TTC8 (123016),0.012663846290048764
DNAJB4 (11080),0.01267164891044915
GP1BA (2811),0.01267892260609831
P2RX5 (5026),0.012679815570113917
TTC39C (125488),0.012687357305026747
GPR25 (2848),0.012699299210913017
ITPRIPL1 (150771),0.012706131954690478
LRRTM2 (26045),0.012707034178647703
NUCB1 (4924),0.012719407105700626
OR6Y1 (391112),0.012736253285302382
ASPA (443),0.012741605348498317
SMKR1 (100287482),0.01274310880553614
BCL10 (8915),0.012747808320160698
SCGB1A1 (7356),0.012751987912292779
CX3CR1 (1524),0.012753772843709352
HACD1 (9200),0.01275442708165897
NID2 (22795),0.012754567649604687
NFYA (4800),0.01275478906492602
ICMT (23463),0.012759082840641357
OR2W3 (343171),0.012760509251465253
TNPO1 (3842),0.012763316314140006
HBD (3045),0.012772059491779265
CLEC14A (161198),0.012775591106592672
EPHB6 (2051),0.012795480507922497
SOHLH1 (402381),0.012795757677520664
ARHGAP45 (23526),0.012811282581523998
SHOX2 (6474),0.012819742269058503
GNPTAB (79158),0.012822497456762972
ZNF470 (388566),0.012824012674332006
SAMD13 (148418),0.01282944468245624
TUBB4A (10382),0.012838078141506526
ATP6V1E2 (90423),0.012838805486707988
ELP1 (8518),0.012844104848890847
MGST3 (4259),0.012844311348885917
ERVFRD-1 (405754),0.012847065054180951
RIPPLY2 (134701),0.012855085709421519
SIX6 (4990),0.012870899850005904
SLCO4A1 (28231),0.012880737095618957
NIBAN1 (116496),0.012901257384944931
USP35 (57558),0.012905988798096315
ZNF581 (51545),0.012923450009343068
OR5T3 (390154),0.012924942106146501
GARIN1A (346653),0.012934139672915299
NEGR1 (257194),0.012943739562710643
ALKBH4 (54784),0.012950939883929471
GRIA3 (2892),0.012954294538447505
CCDC138 (165055),0.012974268815233747
OR10J5 (127385),0.012976450559174795
CPLANE2 (79363),0.012978558731437934
TENT4B (64282),0.012989380482539642
TNFRSF10A (8797),0.012992703934225885
DSG3 (1830),0.012995392135624267
FOXP1 (27086),0.012996631319724556
GAGE12H (729442),0.013009710727023949
OR13G1 (441933),0.013012584971889729
ZHX1 (11244),0.013028400611717747
AGO4 (192670),0.013028693310555358
NINJ1 (4814),0.013055463180522942
PLA2G15 (23659),0.01305842130080224
FOXD4L5 (653427),0.013060618203662437
NAXD (55739),0.013077249225529353
DCXR (51181),0.013080483902198242
MALT1 (10892),0.013088197637607404
ERG (2078),0.013094661373489155
KCNJ11 (3767),0.013096540918416768
FOXN3 (1112),0.013139984067060104
C4orf3 (401152),0.01314161883023155
DENND5A (23258),0.013146894802044885
OR5P2 (120065),0.01315199267917632
HLA-DRB1 (3123),0.0131623856821102
RIDA (10247),0.01316374002838749
KLHL1 (57626),0.01317769431399456
BHLHA15 (168620),0.013180027884721956
IFIT5 (24138),0.013196645945648502
TAF4 (6874),0.013198090295129005
TMEM63B (55362),0.013217246195467065
TMEM154 (201799),0.013233824199248512
PLSCR2 (57047),0.013248753864304685
JPH1 (56704),0.0132519015186565
TESPA1 (9840),0.01326632626695591
FAAH2 (158584),0.01328159301681998
RACK1 (10399),0.013292026408982905
STIL (6491),0.013306186088978178
UGT3A1 (133688),0.013317895180846407
ZNF461 (92283),0.013318271656582295
OR5P3 (120066),0.013330758211440622
CAPS2 (84698),0.013331390982626992
ZFP90 (146198),0.01334780905023406
ETFBKMT (254013),0.0133586064804666
GGT7 (2686),0.013366133198100205
MYCL (4610),0.013367444065965819
PDK2 (5164),0.01337515454784845
CNTN2 (6900),0.013384595428661203
EWSR1 (2130),0.013393178665858829
UPP1 (7378),0.01339886461725014
ZNF683 (257101),0.013405014390530509
ENDOD1 (23052),0.013409912551981401
TRIM65 (201292),0.013424287707896115
LARP4 (113251),0.013426317247128366
ST14 (6768),0.013435168230161004
TMEM88B (643965),0.013455711024538292
SMPDL3B (27293),0.013461451010960463
NPR1 (4881),0.01346358602136874
FRY (10129),0.013481884027036187
TTPA (7274),0.01348695872054989
BROX (148362),0.013487398067160133
KHDC1 (80759),0.01348806705414049
ZNF850 (342892),0.013488650214385023
ATP12A (479),0.013498127810319407
CNOT8 (9337),0.013506925821628065
MYH6 (4624),0.01351232916487842
MDC1 (9656),0.013525633654894403
SRPX (8406),0.013540658886173979
MITF (4286),0.013556938572318244
ZNF687 (57592),0.013565045691504185
ABCF3 (55324),0.013570987316682031
PGM1 (5236),0.013589409530534164
KANK2 (25959),0.013602415245677058
DBNDD2 (55861),0.013618253185462174
ZFP3 (124961),0.01362777955866799
OR2T4 (127074),0.013628638543308978
ADCY7 (113),0.013634291753910205
ALDH16A1 (126133),0.013637010588525822
OR4M1 (441670),0.013649782995316474
TMEM203 (94107),0.01365108306114134
OR5K4 (403278),0.013655194482659859
FLG (2312),0.013673587982753718
DNAH6 (1768),0.013677611695467556
PPP1R26 (9858),0.013680521318314553
GBX2 (2637),0.01368380135825933
IL11 (3589),0.013686573560976476
PLSCR5 (389158),0.013690592060017834
ZNF860 (344787),0.013692173256805782
HMCN1 (83872),0.013707706685548795
SCCPDH (51097),0.013709230705487203
NLRP10 (338322),0.013716647044094693
DRD1 (1812),0.01372160677497622
FGF7 (2252),0.013722893725844251
THBS4 (7060),0.013726418718081296
COL1A2 (1278),0.013727959763120903
SBNO2 (22904),0.013731687645270363
KRT76 (51350),0.013745359036889393
NICN1 (84276),0.01375128838340039
PPM1F (9647),0.013760744511611888
CCDC83 (220047),0.013771099933195441
CABYR (26256),0.01377890264363157
PENK (5179),0.013793832184974385
PRRG3 (79057),0.013796582993012067
CCDC71L (168455),0.013808717723638415
SNRK (54861),0.013812628878773405
MANEAL (149175),0.01381471407609656
BORCS7 (119032),0.013815208879984876
ASB12 (142689),0.013819845333993736
SPINK5 (11005),0.013830987900901818
BOLA1 (51027),0.01384495143813417
GAPT (202309),0.01384644813027786
TMED5 (50999),0.013864289567935636
XPA (7507),0.013870548932448271
ATP5IF1 (93974),0.013874501845888626
CRIPTO (6997),0.01388859628540443
ZNF317 (57693),0.013904963223969646
DLGAP5 (9787),0.01390887702758969
RASA1 (5921),0.013927036317934714
ALG3 (10195),0.013941731838201327
RUNX1 (861),0.01394597885608676
SPIN4 (139886),0.013947256191333666
WDR5B (54554),0.01394920093392367
ITGA10 (8515),0.013951404367140235
RGS7 (6000),0.013961237130800982
GLT6D1 (360203),0.013970649456837944
HIPK4 (147746),0.013975459139614038
SHC4 (399694),0.013982743399951906
FAM3A (60343),0.013994595853945722
LANCL1 (10314),0.013995788012498834
TRAT1 (50852),0.014000371487808841
SENP7 (57337),0.014008369817514837
LDHC (3948),0.014011772491219529
ROPN1 (54763),0.014026500217026245
DEFB112 (245915),0.014027818845311027
TMEM201 (199953),0.01403241299585369
CTDSPL2 (51496),0.014058620370497387
KCNN1 (3780),0.014059076191277543
MARCKS (4082),0.01406431108751661
CADPS2 (93664),0.014068825995331765
PPP3R1 (5534),0.014072009760215595
OR1M1 (125963),0.014073512838534865
ITGBL1 (9358),0.014075640055772904
C2CD4C (126567),0.014079950722714141
ZNF214 (7761),0.014085005968862266
COL10A1 (1300),0.014085923701358147
GRIA4 (2893),0.014088960743940426
C6orf163 (206412),0.014110744513912194
MYL12B (103910),0.014112357053988018
CMC4 (100272147),0.014151245041252963
ZBTB24 (9841),0.014157925682031985
PCDHGB2 (56103),0.0141836153695862
SDS (10993),0.014194713056374588
RINL (126432),0.014209393431322371
SNRPG (6637),0.014215149793279092
SPATA31G1 (138724),0.014217327605143808
DAP (1611),0.014220324030952086
HIVEP1 (3096),0.014220485839480579
GAS6 (2621),0.01422731516505848
ACOD1 (730249),0.014245959521058615
CCDC182 (101927581),0.014247966393331557
PLCG1 (5335),0.014249082436176414
GMDS (2762),0.014256288611324391
CEBPE (1053),0.014280671118276841
RUSF1 (64755),0.0142942205110644
KIAA1217 (56243),0.014298955495530041
SPIRE2 (84501),0.014347765066271445
KLF14 (136259),0.01436495237163779
NR1H3 (10062),0.014382773729118118
PTGS1 (5742),0.014388892259958527
UPK1A (11045),0.014402659751092567
TXLNB (167838),0.01440940304516547
RNF111 (54778),0.014418133121874538
PRR11 (55771),0.014441664194745102
NIPAL3 (57185),0.01444404299171335
TET2 (54790),0.01444806932610979
GPRIN3 (285513),0.014456257892439298
MRPL49 (740),0.014456819886399696
PARP12 (64761),0.014470917127967798
TMEM221 (100130519),0.014474083240697686
LCE3D (84648),0.01447872960233225
CLYBL (171425),0.014480492899046002
SYT8 (90019),0.014500367447180662
YIPF7 (285525),0.014538510893587809
MEP1B (4225),0.014539869491116807
AAR2 (25980),0.014556856582395607
MUC7 (4589),0.01456006346940895
MTCP1 (4515),0.014572399650049589
TMEM74 (157753),0.014577569664316902
PTGR3 (284273),0.014577902707898601
DCTN3 (11258),0.014580144504311365
PHF10 (55274),0.014591137207768463
DCC (1630),0.014592599315347118
CLDN15 (24146),0.01460200347857663
EBLN1 (340900),0.014603397727840112
ADGRE2 (30817),0.014633935051358732
RBP5 (83758),0.014645692699989271
CD83 (9308),0.014648962103814117
SANBR (84542),0.014654801144856422
MX2 (4600),0.014655890329845062
AGPAT4 (56895),0.01465599980550579
SMPD4 (55627),0.014686263856355802
BRMS1L (84312),0.014698640114352818
ESF1 (51575),0.014703851699835369
SPTBN2 (6712),0.014718278950004427
MXD4 (10608),0.014727008369059996
MBD3L1 (85509),0.014729717429301722
CSHL1 (1444),0.014733308708567535
CCT6B (10693),0.014734603715702344
CSNK1D (1453),0.014752917193304793
ZNF740 (283337),0.014753973955896744
SGSM2 (9905),0.014757806672287429
PGAP6 (58986),0.01475948458551501
SLC6A11 (6538),0.014765644826031866
RAPGEF3 (10411),0.01477425264650584
TBPL1 (9519),0.014778016661327765
CRTC1 (23373),0.014779828718896767
SLC26A8 (116369),0.014781900631164352
FSIP2 (401024),0.014794018525596305
SPRYD3 (84926),0.014798713782864478
KALRN (8997),0.014806387032169502
OR14J1 (442191),0.014810941899497476
RAD51B (5890),0.014816807249459696
IFIT2 (3433),0.014823741426543668
C10orf67 (256815),0.014825777229174091
DHRS1 (115817),0.014841069634704468
TREM1 (54210),0.014893963834352004
PCSK1 (5122),0.01489657742372646
KRT81 (3887),0.01490411337939445
NEK1 (4750),0.014922072299384876
SLC38A4 (55089),0.014924552779544648
STX2 (2054),0.014924598449225803
FREY1 (143678),0.014927008220866667
GCNT4 (51301),0.0149302897154646
TRIM49B (283116),0.014931934548803004
GNAI3 (2773),0.014932536221915028
ADIPOQ (9370),0.014942267904346824
PNMA3 (29944),0.014944853495605818
LRRC59 (55379),0.014948752522858173
CYP8B1 (1582),0.01495114326741769
NPC2 (10577),0.014952192840563419
CXCL5 (6374),0.014994111526116766
TMEM59 (9528),0.01499478368315863
UBA3 (9039),0.014996452780886904
ANTXR2 (118429),0.015002126632031768
HTR1F (3355),0.015011136586718526
PLEKHA4 (57664),0.015015436567861163
MRAS (22808),0.015019463675540625
RBBP4 (5928),0.015020185663909658
LRP1B (53353),0.015022026456345339
ZNF230 (7773),0.015029835575354016
SCAMP5 (192683),0.015034793281543248
CLEC4E (26253),0.015039907463598979
IMPG1 (3617),0.01504600239699681
KANK3 (256949),0.015047447900807259
OR5H14 (403273),0.015071952064601435
HNRNPL (3191),0.015085753718343309
MYO16 (23026),0.015088756745108317
GABRE (2564),0.015094705660718438
KIAA0930 (23313),0.01511876552824252
PDE7B (27115),0.015118827943480939
CDCA7 (83879),0.015123458636733894
ZNF460 (10794),0.015130720892323988
GNL1 (2794),0.015130755557185033
ZNF474 (133923),0.015133004537564377
SMIM22 (440335),0.015141794730090252
SGMS2 (166929),0.01514620654276092
NCALD (83988),0.015160970389253719
GIT1 (28964),0.015162235626201554
BEX4 (56271),0.015180192391917664
RFXANK (8625),0.015197869679063895
KIFAP3 (22920),0.015199213953590762
TMEM249 (340393),0.015202626286000604
GABRB2 (2561),0.015207373425895315
ARHGAP1 (392),0.015215509520385657
ESX1 (80712),0.015218027426347527
FOXA3 (3171),0.015218791953041771
S100G (795),0.015227116100008237
MAST4 (375449),0.015229102411808287
RPGR (6103),0.015230530320484242
SSTR4 (6754),0.015234165251018178
SPSB4 (92369),0.015239099891633268
KAT7 (11143),0.01524831724008498
UBXN7 (26043),0.015254255560741645
G6PC2 (57818),0.015266914373405615
KCNE3 (10008),0.015306775964436253
DNAJC16 (23341),0.01531095633871255
ZNF140 (7699),0.01531535822739275
C14orf180 (400258),0.015340449397574183
WSCD1 (23302),0.015366739533689083
IMPA2 (3613),0.015368277850473427
PCDHGB6 (56100),0.015372585788636064
FOXD2 (2306),0.015382569244627917
ETNPPL (64850),0.015401147951715138
ENHO (375704),0.015406688606482899
XKR8 (55113),0.015408357832992981
GPR171 (29909),0.01541258260466726
PRRC2B (84726),0.015414906797496259
RBM12B (389677),0.015426332280343003
WDR38 (401551),0.015438472864425696
HHIPL1 (84439),0.015452035485864879
KLF16 (83855),0.01545416786336019
SYT7 (9066),0.01545491801090656
SFRP1 (6422),0.01546029918395451
STARD4 (134429),0.015474736907776699
CFAP44 (55779),0.015486393592647033
FXR1 (8087),0.015505248575577746
PDGFA (5154),0.015523044214431814
RNF215 (200312),0.015530843247380476
KLK7 (5650),0.015539177425212505
UBQLN3 (50613),0.015542645761699942
UBE4B (10277),0.015545240059942438
CPB1 (1360),0.015553851143713587
HLA-DMB (3109),0.015555573424342394
OR10R2 (343406),0.015559256021253213
TTR (7276),0.01557030506646175
ACADL (33),0.015577196791232609
CHST3 (9469),0.01559531745013954
RNASE12 (493901),0.01559565571442933
RAPGEF6 (51735),0.015607051733449326
GPR45 (11250),0.015610263883664058
PATE4 (399968),0.015612134624141946
PICK1 (9463),0.015616100308877539
SLC35E4 (339665),0.015627517395832086
MFSD4B (91749),0.015629033463383967
ASIP (434),0.015629074765791607
LDHD (197257),0.015629450344169404
OR6C4 (341418),0.015648807157890667
PDC (5132),0.015650573276609604
FDCSP (260436),0.015664791766248035
OLIG1 (116448),0.015692810466334063
MFSD6 (54842),0.01572000162703228
BLNK (29760),0.015733237770052432
MTRES1 (51250),0.015735210281088367
FUCA2 (2519),0.015759798844001426
C22orf31 (25770),0.015763522762387
SNX22 (79856),0.01578479175455551
CD209 (30835),0.015800422209083002
OR6B1 (135946),0.015807859433682427
FAM171A2 (284069),0.015810091346269334
PLIN2 (123),0.01583244308710411
ADCYAP1 (116),0.015835287704252576
FUT4 (2526),0.01584024455013842
RASSF7 (8045),0.01584029430467884
ATP6V1E1 (529),0.015845352224924537
NAA30 (122830),0.01584550541039108
ZNF346 (23567),0.01586294375244411
TDRD1 (56165),0.015873312132120027
STARD8 (9754),0.015877777273757842
KRTAP22-2 (100288287),0.01588355200404671
RFX8 (731220),0.015887044655708733
OCIAD2 (132299),0.015890209901526182
SEPTIN3 (55964),0.01590392972792394
CNTNAP3B (728577),0.015930572435651998
ACE (1636),0.015940865833998726
SEC61G (23480),0.015944887512408367
NR1I3 (9970),0.015948578786922914
TMEM233 (387890),0.015956427195738913
DNAI1 (27019),0.015966408492182362
THEM6 (51337),0.01597317853430786
TBC1D1 (23216),0.015976834039287523
ANKRD27 (84079),0.015986548824107355
LRRC1 (55227),0.015993590645145925
PROB1 (389333),0.016001359346567923
ZNF622 (90441),0.016006623258666478
SPATA31A3 (727830),0.01601158086115435
FANCE (2178),0.016016770974949208
OR51E1 (143503),0.016022185502351335
CYP2J2 (1573),0.016040734212116593
PLCB4 (5332),0.01604456830735006
TRIP13 (9319),0.016094277672244816
G6PC3 (92579),0.016097679258997334
IGSF3 (3321),0.016113432863593714
ALDOC (230),0.016122306727276214
RLBP1 (6017),0.016128787200009948
VAV1 (7409),0.016141903467319318
PIP (5304),0.016142332913039223
OIT3 (170392),0.016147689147412214
SCTR (6344),0.016150474888912594
MFF (56947),0.016164254506596504
DCUN1D3 (123879),0.016173166482943334
CNGA2 (1260),0.016174012547977522
TRIP4 (9325),0.016176129158942093
SAXO5 (374877),0.016177530941725166
FMO4 (2329),0.016185928601095953
LGALS7B (653499),0.01619283675640862
PKIA (5569),0.016208477623525085
BAD (572),0.01621815060790237
RABAC1 (10567),0.01622113908460147
ROBO1 (6091),0.01622144223841865
CPA1 (1357),0.016224646396660602
S100A9 (6280),0.016234277768782186
ZKSCAN1 (7586),0.01623447463700646
PDE12 (201626),0.016253516129222368
HYKK (123688),0.01627622100835806
VSIG8 (391123),0.016280995194975806
RP1L1 (94137),0.01629646029277807
SURF1 (6834),0.016316521774611598
FMN2 (56776),0.0163275968103237
RP2 (6102),0.0163288929420486
ACAA2 (10449),0.01635046415611143
FKBP9 (11328),0.016358617515862046
CHPF (79586),0.016359948042250605
C1orf185 (284546),0.01636055705206178
GALM (130589),0.01636739461737302
C7 (730),0.01637869888728101
ZNF677 (342926),0.016386192245627283
HERPUD1 (9709),0.01639640120964332
ACAP3 (116983),0.016406797261364924
SPATA31A1 (647060),0.016412030278673433
OTX1 (5013),0.016414592023672247
GUF1 (60558),0.016475098597982792
FAM76B (143684),0.016493307166831204
KLHL25 (64410),0.0164941981860926
MAPK13 (5603),0.016494467600786468
SLITRK2 (84631),0.01649488899005495
P4HA2 (8974),0.016504284451549247
CCKAR (886),0.016528076538547643
CPT1A (1374),0.01653207098554286
NCSTN (23385),0.016535265982653428
NAV3 (89795),0.0165418807739166
RNASE11 (122651),0.0165483304531334
MBD3 (53615),0.016557464043801158
NLRP1 (22861),0.01657306984225184
KLHL31 (401265),0.016573517411127784
KCNU1 (157855),0.016579005069449582
TMEM59L (25789),0.016587388307199823
TMPRSS11B (132724),0.016599319054407348
TMEM65 (157378),0.01662406364692453
IFNLR1 (163702),0.016643670394972117
PID1 (55022),0.01664395406900125
SERPINA4 (5267),0.016663227282958527
TGIF2LX (90316),0.016669073135891985
LINGO1 (84894),0.016669612448411468
MS4A14 (84689),0.016671689526147535
GARNL3 (84253),0.01669249203231309
ADPRM (56985),0.016693071981113156
PIAS2 (9063),0.01670847986901331
CHRFAM7A (89832),0.01673508483756545
ACTA1 (58),0.01673948480715216
PARP10 (84875),0.016748099978457803
SLC7A13 (157724),0.01674853179962901
CHRNA1 (1134),0.016751704262512362
IGDCC3 (9543),0.016764487119013974
EEF1AKMT3 (25895),0.01676492187388881
RNF17 (56163),0.016779788998648498
TESMIN (9633),0.01680257916431883
AGBL4 (84871),0.01681269311903909
SLC16A2 (6567),0.01682803722442782
KRTAP3-3 (85293),0.01682865532982197
APMAP (57136),0.016844100123871768
HDAC10 (83933),0.016857069050701307
ADAM8 (101),0.01686014705567517
AVIL (10677),0.016880693740286536
FKBP1A (2280),0.016884801961452006
PZP (5858),0.01689963328998286
KBTBD3 (143879),0.016943731925876098
IL17RE (132014),0.01696805067161339
OR6C70 (390327),0.016984215659431146
TOP3B (8940),0.016990728594820738
STAC (6769),0.01699553124323165
LIPT2 (387787),0.017000546416264445
ARHGEF37 (389337),0.017002260663799437
RMND5A (64795),0.01700765756902381
SYCE2 (256126),0.01701122055689011
SPHKAP (80309),0.0170175099102988
HRCT1 (646962),0.017023458832689436
HLA-DPB1 (3115),0.0170401833052704
CACNG7 (59284),0.01708259762753821
KCTD2 (23510),0.017086569725195733
TRIM8 (81603),0.017091490416311785
ALG6 (29929),0.017119461326648284
ZP4 (57829),0.017119823581368487
ANKRD34B (340120),0.01713791427303093
PRDM4 (11108),0.017144698868650138
CARD6 (84674),0.017144891026011338
TLX2 (3196),0.017149543079051876
COX6B1 (1340),0.01715259247174068
QDPR (5860),0.01715413521524481
TXNDC8 (255220),0.0171655969402691
LYL1 (4066),0.017182064065930903
KRTAP1-1 (81851),0.017188844025509475
RPL10 (6134),0.017199640816746985
SLFN14 (342618),0.017199945126212514
INPP4B (8821),0.017208490970718734
CD37 (951),0.017217935716146923
ANAPC2 (29882),0.017223345512784725
IFNB1 (3456),0.017226963553510506
NPAP1 (23742),0.017230632299652753
SERAC1 (84947),0.017242952802495236
ZNF599 (148103),0.017262300532456455
VSIG1 (340547),0.017268044153162937
A4GNT (51146),0.017273259963258042
CAMKMT (79823),0.01727523969529283
B3GALNT1 (8706),0.01727783817442132
NEURL4 (84461),0.017308617358683397
KIAA1549L (25758),0.017309712001652218
LONRF2 (164832),0.017315450189552467
ZNF7 (7553),0.017317512146593057
HPSE (10855),0.017317710490105578
TIGD5 (84948),0.017319982509854094
RBBP9 (10741),0.017323822044074757
PDHA2 (5161),0.017328934687502778
GJD2 (57369),0.017332930732427303
GZMA (3001),0.01736344512674478
SLC29A3 (55315),0.017368272328445282
NDUFA8 (4702),0.017390734985724278
SLAIN2 (57606),0.01739476736687935
IQCF2 (389123),0.017395225451671374
ATP7A (538),0.017405005818113634
PLA2G4B (100137049),0.017408948169210466
BGN (633),0.01742013838118722
OARD1 (221443),0.017422625086098653
CNOT4 (4850),0.017427130457768607
NR6A1 (2649),0.017428491618056173
EMILIN3 (90187),0.01743316308263585
TOR1A (1861),0.01747670371251331
INPP5J (27124),0.017484360056528755
HSPA4L (22824),0.01750013893443769
SLC9A8 (23315),0.017514036454111807
ABHD4 (63874),0.017520948147555383
KCNS2 (3788),0.0175304915015976
DSTYK (25778),0.017538875696994114
RNF222 (643904),0.01755850603522007
NMS (129521),0.017574362443011825
TRIM69 (140691),0.01758234693860169
RSC1A1 (6248),0.017583799619779312
CASP14 (23581),0.017584993600490918
HMGA2 (8091),0.017592190798952252
DHCR24 (1718),0.01760867857402964
AGFG1 (3267),0.017611707572845782
SERPINB5 (5268),0.01761290143045644
MC3R (4159),0.017614455239676797
POU5F1 (5460),0.017631960786846083
LRRC8C (84230),0.01764008710067871
CTSZ (1522),0.01766450996953369
KDM5A (5927),0.017673836930674803
ADGRG5 (221188),0.01767480496877426
MT1A (4489),0.01767647300891616
HADH (3033),0.01767667266366562
SPATA2 (9825),0.017688299440239585
DGKG (1608),0.017716868058311915
KLHL5 (51088),0.01772449157296626
MAT1A (4143),0.017726341682381023
HOXA1 (3198),0.017741552784564824
ARHGEF15 (22899),0.017744940681685483
COL5A2 (1290),0.01775006905991855
RCCD1 (91433),0.01776692632200861
CYP4F3 (4051),0.017770567900110962
USP27X (389856),0.017805066445136946
DGKA (1606),0.017839443222635733
LRIG3 (121227),0.017840480468700702
SESN2 (83667),0.01785380583392277
KDELR1 (10945),0.017859278761266174
ARHGEF39 (84904),0.01786231353981613
CABP2 (51475),0.01786303655825601
POLR3A (11128),0.017863257978162926
SEC14L5 (9717),0.01787297431298071
SEMA7A (8482),0.017879994388786288
CASKIN2 (57513),0.017888023771497175
SLC30A7 (148867),0.017889066136359596
QPCT (25797),0.0178891965041884
KIF25 (3834),0.01789696464035005
GDAP1L1 (78997),0.017900629562387173
ASB9 (140462),0.017904150765495563
PTTG2 (10744),0.017909057743456237
KDM2A (22992),0.017911163120557093
C1orf43 (25912),0.017911729998222495
HRH3 (11255),0.017917758702652404
SPMIP7 (100130988),0.017918209027950046
DRAM2 (128338),0.017927593951065725
COX7A2L (9167),0.01792976403194977
ATP7B (540),0.017955423598355297
PRAMEF14 (729528),0.017975346253786516
TGM2 (7052),0.017979311652002877
LRRC61 (65999),0.017983398890979378
ST6GALNAC3 (256435),0.01799359632127239
GIGYF1 (64599),0.018007441504282306
UCN (7349),0.01801220695889657
CCDC38 (120935),0.01801514734276019
GPHA2 (170589),0.018027739498703992
MAP1LC3C (440738),0.01803078600840991
BPIFB6 (128859),0.018036398629458873
NOS3 (4846),0.018053518282224467
TMED10 (10972),0.018083777617786123
YWHAB (7529),0.018093774600216883
PPM1K (152926),0.01809582367613283
POLH (5429),0.018103086784405652
LDLR (3949),0.018107088015408605
SLC6A9 (6536),0.01812340762554503
ADRA2B (151),0.018130359616798864
RNF157 (114804),0.018158224932246586
SFXN2 (118980),0.018188852652765135
FBXO17 (115290),0.018194527989718733
NLRC4 (58484),0.018213460159265216
HSD17B6 (8630),0.018231069919404493
OMD (4958),0.018244782540070136
TMEM14B (81853),0.01829301391006153
OC90 (729330),0.018294516360358663
TBRG1 (84897),0.018296652948248275
PLSCR3 (57048),0.01832567421280455
RBPJL (11317),0.018344339146011565
SLC49A3 (84179),0.018344406566687076
SLC18A3 (6572),0.018362161127946447
CFAP61 (26074),0.01837246400432783
SOX11 (6664),0.01837598863316652
NIT1 (4817),0.018398969512230245
LMNA (4000),0.01840538168135734
TMEM70 (54968),0.018453268406429926
NME1 (4830),0.018461693355155
TACR3 (6870),0.018462363247042646
BMP10 (27302),0.018473413187489886
OR14A16 (284532),0.018478736466206788
BOLL (66037),0.01850419567915553
ARL5A (26225),0.018505477775442845
ALPL (249),0.018507171402107152
TMPRSS12 (283471),0.0185279699347719
NOX5 (79400),0.01852971266698341
RGS14 (10636),0.018532184404482368
DNAJB8 (165721),0.018542183083210918
DAAM1 (23002),0.0185472956739756
SLC25A21 (89874),0.018549528305062454
ZNF333 (84449),0.01856333156317006
EEF1AKMT2 (399818),0.018595625028645403
GPR119 (139760),0.018600106730529874
BORCS8 (729991),0.01860016136943251
SLC47A1 (55244),0.018611565700348283
SLC26A4 (5172),0.01861173337326871
PTPRM (5797),0.01862675174828884
URGCP (55665),0.018643273913065257
MCCC1 (56922),0.018643374419063226
MEI4 (101928601),0.01865480309130478
MPP7 (143098),0.01866403325037429
THEM4 (117145),0.018664631393615315
CBL (867),0.018673728906613753
TNFAIP8 (25816),0.018674039219175098
PPEF1 (5475),0.018691916095403195
ADAMTS8 (11095),0.018698024273097285
PRICKLE1 (144165),0.0187114018048811
ZC4H2 (55906),0.018718562111025804
GTF3C5 (9328),0.01873156402597561
INSL3 (3640),0.018735760704018244
TM9SF1 (10548),0.018765299243182938
TNFAIP6 (7130),0.01877041880937813
LRRC3C (100505591),0.01877046060938107
PLAC1 (10761),0.01878324302378282
MYO1G (64005),0.018785611379397958
INO80E (283899),0.01879105519253497
MAN1A1 (4121),0.018846656938211106
TAF12 (6883),0.01884750109040998
DLK2 (65989),0.018851801696752362
OR9A2 (135924),0.018854867650600775
SLC6A8 (6535),0.01885507590026109
GUCY1A2 (2977),0.01886599951256585
FCGR2A (2212),0.018876605337945933
SLC22A2 (6582),0.01887667770568268
TMEFF2 (23671),0.01887693774385485
MSH4 (4438),0.01888187208539934
CSNK1G1 (53944),0.018890561489294553
PSORS1C1 (170679),0.01889420827670761
TRIML1 (339976),0.01890307663592028
LYPD6 (130574),0.018912579193748846
CTTN (2017),0.018920791174333807
OR2D2 (120776),0.01893286981108888
OR1N1 (138883),0.018938602465603114
FABP6 (2172),0.018941425415526812
DDHD1 (80821),0.018943860335097835
HTRA1 (5654),0.018949625270154445
UPF3B (65109),0.018958425099542667
CDC27 (996),0.018966055377739988
PLCG2 (5336),0.018969806390748852
TAGAP (117289),0.0189721089874774
PDE6H (5149),0.018974550306937253
PEPD (5184),0.018975022007937783
PGLYRP2 (114770),0.01898263085129041
AMER2 (219287),0.019007841757505802
DPP3 (10072),0.01901286588472712
RNFT1 (51136),0.01901404243069688
DUS2 (54920),0.019014836240303746
SYCE3 (644186),0.019017875202213756
B3GNT8 (374907),0.019035939216624144
IFNG (3458),0.019037441868536863
ADAMTS1 (9510),0.019057651468464745
SLAMF8 (56833),0.01905972240547148
DLG2 (1740),0.019110144138931105
ECHDC2 (55268),0.019129097355786523
C1QBP (708),0.019131934195880586
HS3ST6 (64711),0.019138169603014198
FRG2C (100288801),0.01914468389031837
FUT7 (2529),0.019148571021008087
DTX3L (151636),0.01915203931509818
ISY1 (57461),0.019162447060405218
FSD2 (123722),0.019164082952738838
CREB3L2 (64764),0.019166793440325083
NICOL1 (401115),0.019169758896409393
TTC16 (158248),0.019179721453765352
ARHGAP33 (115703),0.019184289840721746
SMUG1 (23583),0.01918620300406918
CALML3 (810),0.019187775196375146
PRR15L (79170),0.01919064873852754
STAMBPL1 (57559),0.019193326766466998
PLPP1 (8611),0.0191942919314542
CDC42SE1 (56882),0.01919530280321626
P2RY1 (5028),0.019200617792274766
ZNF283 (284349),0.01921210478757027
DSC3 (1825),0.019221883990348194
PRPF4 (9128),0.019240916000684914
GAST (2520),0.019250560002135764
IFT27 (11020),0.019251876697585362
PTGDS (5730),0.01925955674822798
RAB20 (55647),0.019265165504303648
KCNJ4 (3761),0.019265858605904306
MYO9A (4649),0.019271039244993703
SPAG17 (200162),0.019272321292615774
SLC17A3 (10786),0.0192727631748593
AKT3 (10000),0.019278648030495883
ZNF423 (23090),0.019279053628458626
TRANK1 (9881),0.019279873044968875
TMT1A (25840),0.019318467135297508
NT5E (4907),0.01932263168460932
MAPK4 (5596),0.019332348238281984
LRRC38 (126755),0.019333594506175552
TSKU (25987),0.01933589887366504
MDGA1 (266727),0.01933610088196153
SRSF9 (8683),0.019336933429169496
RHOD (29984),0.0193521203907469
SASH3 (54440),0.01936239992578704
KLK8 (11202),0.019375025843691225
ZNF493 (284443),0.01943615756076153
RAP1GAP (5909),0.019452928212943206
MS4A6E (245802),0.019464241717957312
IFFO2 (126917),0.019474826147736112
CAPN11 (11131),0.0194762082208748
FLACC1 (130540),0.019480563689234055
PDE2A (5138),0.019514080802339268
ACADSB (36),0.01951891493981162
CBLL2 (158506),0.019545364557832092
SLC4A4 (8671),0.019553596092407918
CLCN7 (1186),0.019566389159983773
CXCL8 (3576),0.019605110788310332
NDST2 (8509),0.019620633231268152
NOX1 (27035),0.019621943134731375
HTR1B (3351),0.019638090960720722
OR4D11 (219986),0.01965768299948443
KLK11 (11012),0.019657743010146066
RNASE3 (6037),0.019662583083021077
OR5H15 (403274),0.019663207370367215
BMP15 (9210),0.0196784447924599
PHYKPL (85007),0.019679857808562233
ETS2 (2114),0.019680555818048253
SLC39A4 (55630),0.01968781133670058
FAM174A (345757),0.019689277933999626
TRIM6 (117854),0.01971140449318427
HCAR2 (338442),0.01971967001864925
PPM1A (5494),0.01973043012875868
GABARAPL2 (11345),0.01973794495290091
INPP5E (56623),0.019739954605416783
KRT27 (342574),0.01975564356254451
TRPM6 (140803),0.01975969814974676
PEX5L (51555),0.019767414651265768
SIGLEC5 (8778),0.01977166489989798
ANTXRL (195977),0.019790763842155345
CLPX (10845),0.019794643538235894
PON2 (5445),0.019801541355164688
F5 (2153),0.01980278109097803
RAD51AP2 (729475),0.01980560627416919
RHOBTB3 (22836),0.01980762683842119
HMGB1 (3146),0.019814220194770138
PLEKHF2 (79666),0.019832356946093664
PTPRH (5794),0.019836441758764544
GPR50 (9248),0.019837113755704204
AFP (174),0.019838280276581945
OTUD5 (55593),0.019847021181840136
VAX2 (25806),0.01985264879287175
PIK3AP1 (118788),0.019853052233944166
FUOM (282969),0.019858257811653908
DNASE1L2 (1775),0.01986693300230206
SHD (56961),0.01987430082681708
GDF3 (9573),0.019881319379391117
TREX1 (11277),0.01988194572022125
IL12B (3593),0.019898934620103455
CREG2 (200407),0.019898999433436232
BMP8B (656),0.01990112525287853
TPRN (286262),0.019902642910041315
CIMAP1B (440836),0.01990654197615094
BCL7B (9275),0.01994230636457339
CD86 (942),0.019946310898736934
CEP250 (11190),0.01995113151492468
COTL1 (23406),0.01996107212760672
BLK (640),0.01997064886134442
ZNF688 (146542),0.019980477422465462
CIPC (85457),0.019984919396350758
MTFMT (123263),0.019985045033124243
PDE8A (5151),0.019988150041945797
ZCCHC18 (644353),0.0199963153339422
PRKX (5613),0.020002524360868874
PRSS53 (339105),0.02000569004730454
CFAP97D1 (284067),0.020006895532136564
AQP8 (343),0.020011468735392984
ZNF707 (286075),0.020018798574483073
CDH12 (1010),0.02002574244384908
ANGPT2 (285),0.020028753851483685
AZU1 (566),0.020030427381291523
CCDC102A (92922),0.020038988776785588
EMC8 (10328),0.02004808030079462
TPK1 (27010),0.020055610701740688
PTPN21 (11099),0.020056983757076895
ZNF260 (339324),0.0200608700311497
ULK3 (25989),0.020070303485782825
TGOLN2 (10618),0.020080552303157327
ONECUT2 (9480),0.0200850557763878
MAP3K12 (7786),0.020101110112956264
DISP2 (85455),0.02011338733844046
HBZ (3050),0.020119974564720186
CYTH1 (9267),0.020145572534333682
AKAP1 (8165),0.02015042551568474
SERPIND1 (3053),0.020152115466076252
DIPK2B (79742),0.020169411181366798
NT5C1B (93034),0.02016960921595364
SLCO1B1 (10599),0.020176085835136193
ETFRF1 (144363),0.02019925091535124
DOCK5 (80005),0.020203681841996765
WWTR1 (25937),0.0202080566712984
MSMB (4477),0.020213145267970037
ATF6 (22926),0.020217949320289308
RAB3D (9545),0.02022072186130535
SLC7A3 (84889),0.02022885278050816
TAF7L (54457),0.020245713219691312
KCNA6 (3742),0.020252660654768793
BCCIP (56647),0.020269995187121782
VWA3B (200403),0.02027480056241853
CORO1A (11151),0.0203188910818493
CCDC116 (164592),0.020319349694214096
TLK2 (11011),0.020323639226919422
CCDC170 (80129),0.02033884800137218
KDSR (2531),0.020347503096092723
LAMP3 (27074),0.02034939867942801
TMPRSS11F (389208),0.02035200154018784
CDK5RAP2 (55755),0.02035350660769606
ANKRD1 (27063),0.020366339874119305
FUZ (80199),0.020373954379986587
GPX2 (2877),0.0203743524794532
ARRDC4 (91947),0.020376292932395308
PSKH2 (85481),0.020382428456447162
PPARGC1A (10891),0.020393022474836563
MAPKBP1 (23005),0.020401789284764334
F3 (2152),0.020402649272563588
ALKBH3 (221120),0.020402709433703765
NR4A2 (4929),0.02041381397100701
PLAUR (5329),0.020415390681073148
SLC25A37 (51312),0.020421211568956685
PGBD2 (267002),0.0204252812008965
PHF8 (23133),0.020426457553250784
STEAP1 (26872),0.02042865870300201
POMT2 (29954),0.0204288303220067
MAB21L2 (10586),0.020431408770162817
FCHSD2 (9873),0.020432337430463302
OPN3 (23596),0.02043324168510105
CCDC121 (79635),0.020433681522694307
MCF2L (23263),0.02045418514106575
VPS45 (11311),0.02046760001086866
OR2M4 (26245),0.020482824193687618
PPP1R1C (151242),0.020483274768969516
CSPG5 (10675),0.020499744510355633
MIP (4284),0.020512728521502377
B3GNTL1 (146712),0.02051590129892504
OR13F1 (138805),0.02051704809474758
SMARCA2 (6595),0.02051769972468347
ADRB3 (155),0.02053921285770871
KLHL30 (377007),0.020539343692716032
ST8SIA1 (6489),0.02055495416347706
SKP1 (6500),0.020562821706047174
HES6 (55502),0.020570407303757705
OR2G3 (81469),0.02057294063116043
TFAP2A (7020),0.020575573438148864
A1CF (29974),0.02058632082653886
SLC35B2 (347734),0.020593370903615314
LCMT2 (9836),0.02060230464099235
HOXC11 (3227),0.020640346597856025
OR52N2 (390077),0.02065430734172856
CXCR6 (10663),0.020656782578949744
SNX29 (92017),0.020661879835275666
TIMM17B (10245),0.020664546326949952
ICE2 (79664),0.02066868456036941
SDC1 (6382),0.02067118913112598
SLC25A18 (83733),0.020690739276720455
IMMP2L (83943),0.020694147322909077
TMX3 (54495),0.02069621659112427
HSDL1 (83693),0.02069839703936398
NCK2 (8440),0.020710929873653416
DOCK10 (55619),0.020717303693022972
LRRC74A (145497),0.020723840160596987
AMMECR1L (83607),0.020724450418738875
HEXD (284004),0.020732300180754185
OR13C2 (392376),0.0207325977091006
HK1 (3098),0.020736228136727607
CCRL2 (9034),0.020758569749071486
PSPH (5723),0.02077521593347704
ITGA4 (3676),0.0207769514409888
DHX16 (8449),0.02078164856321636
GADD45B (4616),0.02078842266369004
TTC13 (79573),0.02079459502864965
PACSIN1 (29993),0.020794595527686782
ACP3 (55),0.020804997405200816
NMUR1 (10316),0.020814096698662084
USP13 (8975),0.020825289438066767
MCTP1 (79772),0.020828377939599668
GFRA4 (64096),0.02084537558394583
NBEA (26960),0.020852103159111218
GBP5 (115362),0.020855034765396185
TRIM54 (57159),0.020875303685104086
PCDH10 (57575),0.020877301601931474
BRI3BP (140707),0.02087758897478185
DIO1 (1733),0.02088922811213765
LRRC3 (81543),0.020893461109452123
UEVLD (55293),0.020899368203192745
BFSP1 (631),0.020934170637302713
PPP1CC (5501),0.02095602752036771
ZAP70 (7535),0.02095920576498194
TP53BP2 (7159),0.020976053765246763
TEF (7008),0.020979070760306973
TRIM34 (53840),0.02098003109737128
NDUFA3 (4696),0.020993084499580095
PTOV1 (53635),0.020994066793538407
HACD2 (201562),0.0209944827046775
CXCR1 (3577),0.021005744943588665
SPN (6693),0.021009113232733752
DLX4 (1748),0.02102541531821664
LMBRD1 (55788),0.02105859116428909
F13A1 (2162),0.021063786311509194
CD46 (4179),0.021064002974409565
COLQ (8292),0.021064483954797958
ASNS (440),0.021087688512612106
ANKRD53 (79998),0.02109960608536491
ERN2 (10595),0.021109696632155766
NTM (50863),0.021112138573768525
POM121 (9883),0.02111622242872368
UBL4A (8266),0.02112212673821821
FARP1 (10160),0.021124718252097403
TEX15 (56154),0.02112499371557592
MEOX2 (4223),0.021131637473806027
ADAMTS17 (170691),0.021131847551823645
MGAM (8972),0.021133426607965307
ZFP82 (284406),0.021138440062355927
SNX6 (58533),0.021147561916638347
GPR141 (353345),0.021149359736572608
FAM107B (83641),0.0211525968033158
TNFRSF14 (8764),0.021175811879935127
FGF11 (2256),0.021182441609150674
NR1H2 (7376),0.02120360150279698
IFNGR2 (3460),0.021211912624101877
MLKL (197259),0.021221537193774575
ANXA13 (312),0.02122347043140724
TRADD (8717),0.021223558141545036
CAT (847),0.021225333897275836
SUMO1 (7341),0.021236800842826854
LRMDA (83938),0.021245025752871082
IL1R2 (7850),0.021264904414619278
ERMAP (114625),0.021266385167903128
VANGL2 (57216),0.021276466325710435
C14orf119 (55017),0.02127789034126579
DOCK9 (23348),0.021283959203654928
SOHLH2 (54937),0.021295043900734594
CHRDL2 (25884),0.02130697306924903
PLPBP (11212),0.02131678960929658
SIK1 (150094),0.021321272006559113
TSHZ3 (57616),0.021322783994258195
KCNS3 (3790),0.021328632540240165
CYP4B1 (1580),0.021346138031241073
BTNL9 (153579),0.021353636530370017
HLX (3142),0.02136374592596733
HPS3 (84343),0.021374146900854776
ADAD1 (132612),0.021402470811290986
PPP1R16B (26051),0.021409932517797863
RAB7A (7879),0.021419352810059043
ZCCHC12 (170261),0.021420380129971845
DGUOK (1716),0.02142732523874446
FAT2 (2196),0.021428831724779822
LNP1 (348801),0.021454655032084193
SERPINB12 (89777),0.02147873472615506
ZNF444 (55311),0.021480257721832548
INPP5A (3632),0.021489839874562534
SLC24A4 (123041),0.02154136986923585
SMC1B (27127),0.02155265326817743
CYB5RL (606495),0.0215527237944392
WNT3A (89780),0.02157863367334972
TMEM181 (57583),0.02158036481481484
OR2T6 (254879),0.021593559700581015
PTPRJ (5795),0.021595504297526862
TFR2 (7036),0.0215957864423175
PLEKHA7 (144100),0.021599418953620886
GPR108 (56927),0.02160384589886446
NKX3-2 (579),0.021604047359523603
CTSW (1521),0.021605194346711234
CIITA (4261),0.021607102876982632
PCYOX1 (51449),0.021610406569873418
MCUB (55013),0.021613609742468003
STPG4 (285051),0.021614356690145952
TMEM215 (401498),0.02161671327693937
RALGDS (5900),0.0216180464024045
RNF180 (285671),0.021618542998566685
RTL10 (79680),0.02163371137667231
ZSCAN21 (7589),0.021643693710179233
KCND2 (3751),0.021645086032966408
CPNE1 (8904),0.02164750233176379
HTR3A (3359),0.021662328439843163
NAXE (128240),0.02166537144249535
MS4A1 (931),0.021688331960794796
TSPYL6 (388951),0.02169831994080835
LRRC47 (57470),0.021721703881488575
C16orf74 (404550),0.021740003895997752
KAT6A (7994),0.02179904541958471
VNN1 (8876),0.0218119186218386
ZNF785 (146540),0.021830423646784863
UBTD1 (80019),0.02184287842693111
NANOS2 (339345),0.02184506186440663
KBTBD7 (84078),0.021850077184258274
QRFPR (84109),0.021852706339220075
TMEM175 (84286),0.02185283568837324
ZDHHC16 (84287),0.02185374171893299
NSG1 (27065),0.021867929861162545
VAMP5 (10791),0.021871513260454334
RASSF9 (9182),0.021885773971268944
NIPSNAP2 (2631),0.021917761971414387
CUL9 (23113),0.021932542614202095
PIK3C2A (5286),0.021938357619647585
COG3 (83548),0.02194752541756142
TMEM219 (124446),0.021972281872204878
CCDC102B (79839),0.02198217046075996
SRA1 (10011),0.02199733329060346
H1-4 (3008),0.02200369495416851
GADD45A (1647),0.022004058794913618
SPACA1 (81833),0.022015281107151636
SH3KBP1 (30011),0.02201777614886778
NIM1K (167359),0.022027619277294786
ANP32D (23519),0.02204225198929075
ANKRD22 (118932),0.0220488535264885
BTG2 (7832),0.02205144416999542
NBEAL1 (65065),0.02205928617271422
TMEM39B (55116),0.022065978604019952
SLC22A7 (10864),0.022083345012216583
EPHA4 (2043),0.022085316881741403
LRRC30 (339291),0.022089163409904324
TMEM119 (338773),0.02210173787927832
BRSK1 (84446),0.0221090802094629
AP1S3 (130340),0.022115929282229635
CABP5 (56344),0.022118800829395192
DUSP18 (150290),0.022147981305129856
IGFBP6 (3489),0.022156040062702772
ACBD6 (84320),0.02215730322698386
ZNF596 (169270),0.022189894386204865
TRPV4 (59341),0.022194590414240337
FRMD1 (79981),0.02221643183784893
USP1 (7398),0.02222292762221245
APEH (327),0.022223795919801958
BLTP2 (9703),0.022226047400055227
GDF6 (392255),0.022233255307882185
THOC3 (84321),0.022243068501663688
PRDM6 (93166),0.022243528366247572
OR2AP1 (121129),0.022246996350380063
B3GNT5 (84002),0.022250496758196982
BCL6B (255877),0.022272135533911705
CASP5 (838),0.02227785299239663
RBM20 (282996),0.022296044534881352
MATK (4145),0.02229758427612448
POTEC (388468),0.02230040069584672
CCSER2 (54462),0.022310029081093037
SLC30A3 (7781),0.022329451570197435
UPK3B (105375355),0.022332633714470765
LRRC4C (57689),0.022353464412978703
NPHS1 (4868),0.022358609102919688
SMPD3 (55512),0.022365503452972328
RNF213 (57674),0.022381923962493666
C3orf52 (79669),0.022386825208106847
LY6G5C (80741),0.022409625163686366
C10orf53 (282966),0.02243134662765266
ZNF664 (144348),0.02245487909904296
PGM2 (55276),0.02247834182470864
CA8 (767),0.022479410349968053
ATP11C (286410),0.02248774380030421
SETD9 (133383),0.02248863189634464
CUX1 (1523),0.02249009941427374
RABL6 (55684),0.02249664133732243
SLC30A1 (7779),0.022504100009814017
CNGB1 (1258),0.022507514851665085
FAM110D (79927),0.022522637443468434
C6orf47 (57827),0.022540705507077697
IFNAR2 (3455),0.022540934357677903
RAB3GAP1 (22930),0.022550285247759615
SPMIP9 (200523),0.02255867707838768
EOLA2 (541578),0.02256007191294074
FAM222A (84915),0.02257602163452515
PRR14 (78994),0.022597504912520508
RCN2 (5955),0.0225979234550121
CEACAM8 (1088),0.02261864909744684
CD1C (911),0.022632959157040732
TMUB1 (83590),0.02263958389357887
EIF4EBP2 (1979),0.02264976053485724
MRPL10 (124995),0.022663769402031873
IFIT1B (439996),0.022664834882166324
OLFM2 (93145),0.0226697464353595
FLYWCH1 (84256),0.022681254410672258
SEC23B (10483),0.022681439144574447
IQSEC1 (9922),0.02271939830504124
ARID4A (5926),0.022729118037778336
RABL3 (285282),0.022731341303377405
CTSK (1513),0.02273358766034042
CD63 (967),0.022750501059291113
AMOTL1 (154810),0.022791404514454112
NUTM1 (256646),0.022793168466419406
OR9Q2 (219957),0.02282082146759608
CCDC80 (151887),0.022828623628632524
SIVA1 (10572),0.02282976028317662
STX1A (6804),0.02285247616573523
MAT2B (27430),0.022854225768170932
NXNL2 (158046),0.022854225943879668
AP5S1 (55317),0.02286368853881767
ARHGAP19 (84986),0.022864963350733184
CCDC81 (60494),0.02288572028478243
KLHL40 (131377),0.02289158313591582
FABP1 (2168),0.022894999505482717
S1PR1 (1901),0.022905561226808403
ZNF33B (7582),0.022907964044875617
NEIL1 (79661),0.022910123627369265
AP5B1 (91056),0.02294634482673378
PHF6 (84295),0.022957652953610568
IDH3B (3420),0.02295932841619074
FMO5 (2330),0.02297045358553402
GALR1 (2587),0.022985933622591652
CASP10 (843),0.022991556231017896
HLTF (6596),0.02299438394362578
ZNF551 (90233),0.023006683436262075
TBXT (6862),0.02302183258666208
ZFAND3 (60685),0.023028082455265768
ZNF586 (54807),0.023044479675254425
SCN11A (11280),0.023050147350524176
RAB9B (51209),0.023052466083280185
PHEX (5251),0.02305371567837059
EIF2S1 (1965),0.023053954930993957
PLEKHH1 (57475),0.023065116230635563
MPHOSPH9 (10198),0.023080044500987336
SYNGR4 (23546),0.023081524307254152
INTS8 (55656),0.023099956032779746
RIMS3 (9783),0.023103955948554144
INSL5 (10022),0.023107118573769007
EFCC1 (79825),0.023108071809436196
CDV3 (55573),0.023124048484625053
OR52B6 (340980),0.023149081443217777
SCNN1B (6338),0.02317266850249553
GMPR2 (51292),0.02317918263649558
SPX (80763),0.023182001716776913
ASB18 (401036),0.023183632768731123
NEURL2 (140825),0.023184700100426323
RMND1 (55005),0.023186504470194075
SYTL3 (94120),0.023191121120176215
JKAMP (51528),0.023199203493821215
SYPL2 (284612),0.02320216766491289
MORN3 (283385),0.023237233427773608
FAM98B (283742),0.023238184613708208
IDI1 (3422),0.02324327081251574
KRTDAP (388533),0.023243951283936068
ACTG2 (72),0.02325100186324573
SLC4A8 (9498),0.023270280483660276
TCEANC2 (127428),0.023270460660834474
SWT1 (54823),0.02328106551435098
VLDLR (7436),0.02328468353631824
PAH (5053),0.02329567706389248
AKAP9 (10142),0.023297817368823255
ARHGAP18 (93663),0.02331968490702089
NEU2 (4759),0.023320181382506758
SLC12A6 (9990),0.023324805964555596
AIPL1 (23746),0.023347344446173406
TMEM229A (730130),0.023348434016396573
LYAR (55646),0.02335048131189541
TTC9C (283237),0.023360081211160028
KIRREL2 (84063),0.02336057317291883
RCC2 (55920),0.023367357475693823
OR8A1 (390275),0.023392150914231385
PRR14L (253143),0.02339661506242232
GALNT14 (79623),0.023400237356254256
DNAJB5 (25822),0.02340138415046677
CRMP1 (1400),0.02342974097571778
GJA9 (81025),0.02344324450573427
HSD3B1 (3283),0.0234505974051129
NCS1 (23413),0.02345288659285129
IQGAP2 (10788),0.023456003425826707
PINK1 (65018),0.02345659764427482
USP24 (23358),0.02345728495484148
LILRA5 (353514),0.023470467988340713
PARP9 (83666),0.023480655853470624
EPHA8 (2046),0.0234853027516605
CASZ1 (54897),0.023490169637973405
SELENOO (83642),0.023494718435707187
NAPB (63908),0.023501703483126416
THY1 (7070),0.023509253549714875
CBLIF (2694),0.02351223396955735
OAZ2 (4947),0.023523746337083838
C19orf53 (28974),0.02355655424888997
ATAD5 (79915),0.023561672438922543
IL27RA (9466),0.02356267711206105
DUOXA1 (90527),0.02356356500816925
FBXO15 (201456),0.023594630691136036
PNRC2 (55629),0.023609218408493688
CD5 (921),0.02360955249267566
RABGGTA (5875),0.023612980104469505
CCDC70 (83446),0.023620717323363124
CCL2 (6347),0.023620987412861137
MTIF3 (219402),0.023623839918141373
FIGN (55137),0.023629929821114955
RIMKLA (284716),0.02363080559789472
SIDT2 (51092),0.02363131988913615
EPCIP (56245),0.023657059498320684
CCDC185 (164127),0.02366226585112626
IL22 (50616),0.023663140033543695
ABCA3 (21),0.023674209691281634
KIAA1755 (85449),0.023699257163816594
CDK3 (1018),0.02370779357293884
BMP4 (652),0.023710207696603383
ALKBH7 (84266),0.02371110640756812
FTSJ1 (24140),0.02373368150801713
CSPG4 (1464),0.023734779406545496
COL11A1 (1301),0.02377438807107718
BMP7 (655),0.02379278264604196
NRXN2 (9379),0.02379536098653135
TMEM243 (79161),0.02379725495062401
RIPK3 (11035),0.023810344013696617
METTL21A (151194),0.02381686144558002
ZNF79 (7633),0.023841069457023734
SLC44A4 (80736),0.023848923660299264
H4C5 (8367),0.02385495511139326
EEPD1 (80820),0.023857060307450183
H2AC17 (8336),0.023858630259167946
ALOXE3 (59344),0.023864534475404146
BET1 (10282),0.0238731512269433
DOK3 (79930),0.023882011119783997
EID2B (126272),0.02388279146628702
CAMK2D (817),0.02389784441778501
CA12 (771),0.023912829853471533
ZCWPW1 (55063),0.02392051398293251
EBLN2 (55096),0.02392194426567674
ARHGEF19 (128272),0.023925015956755273
PXK (54899),0.023929779291838434
SAMD3 (154075),0.02393174885866641
TNFSF15 (9966),0.02393466718628428
PGK2 (5232),0.023946291914803193
KCNH5 (27133),0.023949553817760417
ACTR5 (79913),0.023953575283867667
OR13D1 (286365),0.023962469207835173
UGT8 (7368),0.023969832612794936
PHKG2 (5261),0.023975314008134973
ASPHD1 (253982),0.023975696109626955
SNAP25 (6616),0.023975777380156663
MIS12 (79003),0.023976348484429956
DAGLB (221955),0.023988276368108012
SLC7A8 (23428),0.024006691433125865
POMT1 (10585),0.024009637740739408
PALD1 (27143),0.02401200367005812
MSC (9242),0.024012892731416324
ZNF695 (57116),0.024029329668760726
KIT (3815),0.024060286765398755
OXCT1 (5019),0.024060964636276206
CUL7 (9820),0.024072722057728764
EEFSEC (60678),0.024101870660958168
CDH19 (28513),0.024103623958815226
NEK6 (10783),0.024105715444627085
DERL3 (91319),0.02410773213884946
DPM3 (54344),0.02411043367576819
CXCL14 (9547),0.024112834047925226
TRMT10B (158234),0.024117664720514926
MTDH (92140),0.024121341194283455
UTF1 (8433),0.02412587998924286
SLC25A42 (284439),0.02413014759910829
CPXM2 (119587),0.024136113087412037
FZD9 (8326),0.02413859802295154
AATK (9625),0.02413981399898279
ZNF385A (25946),0.024142830318706128
CDKN1C (1028),0.02414666343934355
ENOX2 (10495),0.024150824239749208
CCDC63 (160762),0.024151138275535517
DEFB128 (245939),0.024166275876689527
MESP1 (55897),0.024181126003629917
PRKAR2B (5577),0.024191368273877897
SLC37A3 (84255),0.024199309312417837
ZNF136 (7695),0.024210622613716027
RPA3 (6119),0.02421411646557563
RERGL (79785),0.024217936549077883
ATXN3 (4287),0.024234441107024024
ALKBH8 (91801),0.024235796108174383
SHPRH (257218),0.02424583972495744
CACNB1 (782),0.024251362587751336
TMEM218 (219854),0.024257259857896417
SHE (126669),0.024262929678573946
ITGA11 (22801),0.02427704425733636
RAB12 (201475),0.024277353280052056
TCF25 (22980),0.024279245180230672
ERCC6 (2074),0.024279772021905694
NEFM (4741),0.024294327082857954
APOBEC3A (200315),0.0243069662714802
MBOAT1 (154141),0.024313969437639395
RUNX1T1 (862),0.02431941676920051
GAS1 (2619),0.024322869957272182
PPP1R9A (55607),0.02433741070708753
SSMEM1 (136263),0.024345953987381652
DYRK1B (9149),0.02435488054585424
FAM234B (57613),0.024361429790991047
PIWIL2 (55124),0.024362605693129487
UNG (7374),0.024367400824194828
TMEM229B (161145),0.024369504708450285
NYNRIN (57523),0.024391472061413854
DSCAML1 (57453),0.02441203270630516
VWA5B2 (90113),0.024426781490588727
GLIPR2 (152007),0.02443771061934107
OSER1 (51526),0.02446210266158303
ACRBP (84519),0.024462873971430175
KCNK15 (60598),0.024465237310683195
CEP41 (95681),0.024483881167401876
HTR5A (3361),0.02449163353639338
HMGCLL1 (54511),0.02453506704932018
DNAJC12 (56521),0.024542901774762576
SORCS1 (114815),0.024543689234456302
SCML2 (10389),0.024548887120521536
DCAF8L1 (139425),0.024551238845460698
SH3GLB1 (51100),0.024577930390458698
ARMH3 (79591),0.02458362879548507
DDX53 (168400),0.02458418632496955
IDUA (3425),0.02459041560036772
ANAPC16 (119504),0.024602286974360208
GPAA1 (8733),0.024605756849607262
ASGR2 (433),0.024611724272506925
SLC22A3 (6581),0.024612834115770064
SLC26A6 (65010),0.024626390149588152
CTU1 (90353),0.024640891778221985
UBALD2 (283991),0.02464471693533765
PINLYP (390940),0.024658173690143625
AP2A2 (161),0.02465929184440751
IFRD2 (7866),0.0246625512179365
NUBPL (80224),0.02467070103108604
SLC24A2 (25769),0.024679289630843055
EXOSC5 (56915),0.024682649702192805
FABP12 (646486),0.02468751577068399
KRBA2 (124751),0.024697019385423558
IBSP (3381),0.024708018935803787
CIMAP1A (113746),0.024728799617873866
CRHR1 (1394),0.024734479070333784
CSAG1 (158511),0.024738811383830182
CATSPER3 (347732),0.024741907773637932
OR13C4 (138804),0.024775345163327613
CRACR2A (84766),0.024779770927742122
TPP1 (1200),0.02480013013328372
LDB3 (11155),0.024812689731819496
SUN2 (25777),0.02481353298882717
SH3BP4 (23677),0.024813910312403372
CDH13 (1012),0.024814730411679024
SCARA3 (51435),0.02482692167813214
TTC39B (158219),0.02482845762817754
CALCA (796),0.024830741115037
MYL10 (93408),0.02483499188606682
GTDC1 (79712),0.02483567826746903
ARAP2 (116984),0.02484857820895515
ZNF774 (342132),0.024849932617374552
TMEM89 (440955),0.024850159537772205
ERCC5 (2073),0.024852873618107583
STON2 (85439),0.024858952297480925
LGALS13 (29124),0.024866738809248674
CYP2C19 (1557),0.024881357452532848
C21orf140 (101928147),0.024883099580905427
C1orf35 (79169),0.024889198889351285
LRRC52 (440699),0.024890931164900564
DEFA6 (1671),0.024893961465685625
RICTOR (253260),0.024895020472489905
RHBDL3 (162494),0.024896260776325337
GP5 (2814),0.024897343985350574
HNRNPUL2 (221092),0.024899358944598864
AKAIN1 (642597),0.024901942936431515
GJA5 (2702),0.0249425748049562
TMEM141 (85014),0.024942814408023293
WAS (7454),0.02495396311099816
DEPDC1B (55789),0.024963628538226045
HPSE2 (60495),0.024965448959736285
ESPNL (339768),0.024973156467120353
TBRG4 (9238),0.0249746816682552
APOM (55937),0.024977546074159647
AOC2 (314),0.024979188098885382
SMAD1 (4086),0.0249830124749335
EFHD1 (80303),0.024985463001371694
CFTR (1080),0.02498634032315438
PPP1R3D (5509),0.024986412750592303
PRRC1 (133619),0.024994623470303297
TSEN15 (116461),0.024995705871050357
SERPINE2 (5270),0.024998121224762977
SIPA1L1 (26037),0.02500115379395887
TFDP2 (7029),0.025006628696751076
DUSP29 (338599),0.025010515462341565
FHIP1A (729830),0.025016073682725726
ADAMTS9 (56999),0.02501984926076851
LILRA1 (11024),0.02503083328965162
DRAXIN (374946),0.025053001463875978
STRA8 (346673),0.025054409896515566
KCTD3 (51133),0.02506166013081902
KRT37 (8688),0.025069786342529054
CLEC12A (160364),0.0250727611630503
FERD3L (222894),0.025081266209682235
OTC (5009),0.025100477046601975
INKA1 (389119),0.025123377599540152
FBXO34 (55030),0.025128368552353408
KLRF2 (100431172),0.025129373543313738
BRINP1 (1620),0.0251306591425536
MSRA (4482),0.025156901996560822
ZBTB32 (27033),0.02516429797088505
ZIM2 (23619),0.02516464819697671
CA11 (770),0.02516498636259521
CAVIN2 (8436),0.025179738271275377
C3AR1 (719),0.025199110964803585
RPL37 (6167),0.02519913426060576
HID1 (283987),0.02520496991189808
LETMD1 (25875),0.0252062950410757
SUSD3 (203328),0.025206923665351533
ABCB6 (10058),0.025212863671165396
G6PC1 (2538),0.025213912231262726
ORMDL1 (94101),0.025219810786055806
ZFR2 (23217),0.02523430281455563
BTBD1 (53339),0.025238788524989127
TMSB15A (11013),0.02524212480940742
SART1 (9092),0.025246214836240545
FAXC (84553),0.025246263972205096
SCNN1A (6337),0.02524983443372919
CCNJ (54619),0.025268242758058286
MICAL1 (64780),0.0252696600903577
EBF4 (57593),0.02527930877521865
ITFG1 (81533),0.025280909723756694
ACTN4 (81),0.02528161249405132
CDC42BPG (55561),0.025305443667776074
MRPL58 (3396),0.025308547798241033
TMPRSS11A (339967),0.02531373422787379
CA9 (768),0.02531393078456398
CD68 (968),0.025340821050229362
ZNG1A (55871),0.02535213502104572
DIPK1B (138311),0.0253635322364407
EXOC6B (23233),0.025370123958346973
KIF3A (11127),0.025406372716970233
OR52N4 (390072),0.025416713870865974
PAQR9 (344838),0.02542334700217961
NTHL1 (4913),0.02542483157982564
CCDC61 (729440),0.02542567394095438
NRP1 (8829),0.025439294498388675
C1QL3 (389941),0.025439908323456894
MAPK8 (5599),0.02548368683446355
ST6GAL2 (84620),0.02549329679503486
INHBA (3624),0.02550352306512932
SMTNL2 (342527),0.02550402748920112
CD93 (22918),0.025528421300112382
UBE2D4 (51619),0.025538303359416092
RCAN2 (10231),0.02554913544238413
OR52A1 (23538),0.025553813707518788
FSTL3 (10272),0.02555598752623937
PTPN20 (26095),0.02555918388997265
CNTN5 (53942),0.025560267612525882
GALNT1 (2589),0.025573254667567887
BAG1 (573),0.025594240767839626
NPFF (8620),0.025594989649085888
SH3BGRL (6451),0.025610870106483618
OR52E4 (390081),0.025611352736266253
SORT1 (6272),0.02561344000422599
HOXD13 (3239),0.025614706436437252
UNC5C (8633),0.025618109493275098
CFI (3426),0.025633638533443266
GUCY2D (3000),0.025634478410476703
EVA1C (59271),0.02563545593238691
ANGPTL7 (10218),0.025637861718024214
SLC10A6 (345274),0.025662319594725508
ARK2C (494470),0.025678529295095027
DUSP14 (11072),0.025680407428615222
FAM168B (130074),0.02568319141569402
GPHN (10243),0.025685154528785604
MNX1 (3110),0.02569460360942639
RRAGC (64121),0.02569803115831958
B3GNT3 (10331),0.02569915141860673
ANKRD62 (342850),0.025701020019926062
KLHL10 (317719),0.02571024371257962
SERHL2 (253190),0.025720446508126403
GSK3A (2931),0.025722430599917002
S100A4 (6275),0.025738752018922374
SLC5A1 (6523),0.025740106828033172
LRRC15 (131578),0.025762419407628495
TMEM9B (56674),0.025762867510174925
DES (1674),0.02576689900215382
ZNF627 (199692),0.0257680989805933
IER5 (51278),0.025778412777301134
PRDM12 (59335),0.025827614714508805
MS4A7 (58475),0.025842299432280502
ASZ1 (136991),0.025852161158254016
H4C1 (8359),0.025854739558845798
MNDA (4332),0.025855614274810923
BCL9L (283149),0.025856526233545257
PPP1R14C (81706),0.025881081433646126
CGREF1 (10669),0.025899579983203948
HOXD11 (3237),0.02590023000912281
CYRIA (81553),0.025910382000889347
PTBP3 (9991),0.025910455211554377
EFCAB3 (146779),0.025913294196281644
E2F4 (1874),0.025919107060187928
EFNA3 (1944),0.025921679273249003
NKX6-1 (4825),0.025923788557251814
ODF2 (4957),0.02592499930851036
PIWIL4 (143689),0.025939658551809013
CD101 (9398),0.02594942355169902
FAM76A (199870),0.025970633218988792
TNFRSF25 (8718),0.025973947206218755
STMN3 (50861),0.025976998836353703
ZNF257 (113835),0.025987339798376474
HNRNPC (3183),0.02599684125143544
RFESD (317671),0.026020436597638162
DNAJC27 (51277),0.026034206337596406
TRPM5 (29850),0.026034784668932887
FCRLA (84824),0.02603531696934308
SP4 (6671),0.026035518649303674
ESD (2098),0.0260603311009662
RASGEF1B (153020),0.026065055907466245
POLQ (10721),0.026083196278390668
PSAPL1 (768239),0.026087529042126835
ARHGEF10 (9639),0.026089143402351633
SLC35F6 (54978),0.026091167406908367
MARF1 (9665),0.026093209309512144
STK4 (6789),0.02610612822529306
CDC42EP2 (10435),0.026114817696768693
PDXP (57026),0.0261224954252423
SERPINA7 (6906),0.026137860908480637
FGG (2266),0.026157265585748695
PDE1A (5136),0.026160042449876332
PIH1D2 (120379),0.026160210072030222
RPL36AL (6166),0.026167219132055164
DEDD2 (162989),0.026173716006129905
SHISA9 (729993),0.026192913330180385
MPI (4351),0.026208521010165364
SSTR5 (6755),0.026218428135526765
TAS2R43 (259289),0.026239309358355223
PTPN5 (84867),0.026253430694285106
PTPRB (5787),0.026254794299650795
ZNF8 (7554),0.02626011395440551
KCNA1 (3736),0.02626267379152234
LUZP2 (338645),0.026262726518760493
DNAH12 (201625),0.02626359845687832
CFAP70 (118491),0.02627493569422914
NREP (9315),0.026279231491235188
TUT4 (23318),0.026282218584348697
ADAP1 (11033),0.026315413279911444
PGR (5241),0.02633577670286443
WDPCP (51057),0.026367316960637523
CYSLTR2 (57105),0.026372781892693466
PPDPF (79144),0.026386018295508084
KRT9 (3857),0.026391881631947063
IST1 (9798),0.02639491510526079
ENG (2022),0.026399755767402073
MLLT10 (8028),0.026406473724363843
LRATD2 (157638),0.02641857692117085
SLC7A2 (6542),0.026421848701098632
ATP2A3 (489),0.02642706464218862
DEFB124 (245937),0.02644587990951275
KIF5A (3798),0.02646353705701591
KATNAL1 (84056),0.026473666315510163
PTS (5805),0.02650134735584577
THEMIS2 (9473),0.026503943122767305
CLK4 (57396),0.02650417894629108
AP3M2 (10947),0.026516831099674787
ZNF23 (7571),0.026526426171840513
KRT20 (54474),0.02653346119663496
MARK4 (57787),0.026534930097811917
ZBTB25 (7597),0.0265393919653635
SLC38A1 (81539),0.026542308664215752
ZNF800 (168850),0.02655060162620739
PSME2 (5721),0.02656704773247397
MCRIP1 (348262),0.0265740921381167
MYH13 (8735),0.02657720530242453
PDP1 (54704),0.02657775667601515
MIF (4282),0.0265791064931168
QTRT1 (81890),0.026588796024208678
CTSO (1519),0.02661454624390507
C22orf42 (150297),0.02661663071813699
THAP6 (152815),0.026618537348475656
SQOR (58472),0.026641860547178948
CLDN4 (1364),0.02665061216783422
CCDC33 (80125),0.026656089534660598
EMCN (51705),0.026679131508886438
GRAMD1A (57655),0.02669715578397024
RHBDD2 (57414),0.026724683378165144
TEX35 (84066),0.02673071772396799
FOSB (2354),0.026738952737694482
GAL3ST1 (9514),0.026754422884652275
TMOD4 (29765),0.026759802225082598
CRYBG1 (202),0.02678282199763197
FGF23 (8074),0.026797154530816047
PLCD4 (84812),0.026826233519634517
ALOX12 (239),0.026846564767065262
GPR158 (57512),0.026881710567717217
MUL1 (79594),0.026883310897783647
MT1H (4496),0.026886617148083908
CACNA1E (777),0.026887521396609142
CD40LG (959),0.026909453234052062
FASTK (10922),0.026924216361758384
ZNF610 (162963),0.02692495418497829
MAGEC3 (139081),0.026941063232011554
ATAD3A (55210),0.026949560693188702
TMEM160 (54958),0.02695114043739747
LAPTM5 (7805),0.026966044752137937
LRRC31 (79782),0.026966103507920697
MAP2K6 (5608),0.02697846140329522
FSCN1 (6624),0.027005924518566253
MYCT1 (80177),0.027007126826823276
MUCL3 (135656),0.027007266768251787
ARL8B (55207),0.027027063096471477
CSRP2 (1466),0.027027474975841466
IRS1 (3667),0.02702775802671934
TBX6 (6911),0.027041431142363216
NES (10763),0.027064042799442377
HBEGF (1839),0.02706490415140491
MLF1 (4291),0.027067757436541773
ANKRD7 (56311),0.027069994957369458
DCUN1D4 (23142),0.027079392255805034
DPEP3 (64180),0.027089019064891896
KCNB2 (9312),0.027107516229279406
DGKD (8527),0.027134250718253074
OLAH (55301),0.027135235013015103
ATL3 (25923),0.027142326231801996
LYPD5 (284348),0.027143534684499017
STAC3 (246329),0.027148896776722175
ZNF772 (400720),0.027161743968133804
METTL24 (728464),0.027178941783670522
OR5M11 (219487),0.02719012712931135
TICAM2 (353376),0.02720989797797808
NOC3L (64318),0.027213819540471796
IFT70A (92104),0.027229600109339214
TEX2 (55852),0.027238274951252063
PCED1B (91523),0.027246307725169155
CXCR3 (2833),0.027257670303312685
SLC24A5 (283652),0.02725931056942129
NECAP2 (55707),0.027263102181472376
RHOBTB1 (9886),0.027264538976973424
ZNF792 (126375),0.027265448737619123
ZC2HC1A (51101),0.027286874936610576
NPC1L1 (29881),0.0272896009569412
OPTN (10133),0.02729104943700788
SERPINB3 (6317),0.02729115379999788
CPN2 (1370),0.027322898936113615
MOB3C (148932),0.027351402904240263
TOX (9760),0.02735625578556628
PHYHIPL (84457),0.027375168885588858
MACC1 (346389),0.027375797817876014
UBE2A (7319),0.027383969518125016
PRR30 (339779),0.027389680631130574
CHRD (8646),0.027391516475385458
NPY5R (4889),0.027400957698620075
GEM (2669),0.027405550679423428
NSD2 (7468),0.027411382720459433
INAVA (55765),0.027421167486837976
AKR7A3 (22977),0.02744352165955869
CACNG8 (59283),0.027472710190834988
GLA (2717),0.02747723178762187
CD48 (962),0.027481844333053805
PHGDH (26227),0.02749191909228903
TMCO5A (145942),0.027502295609082746
SLC27A1 (376497),0.02751706261650687
PTGES (9536),0.027519329392479315
INSRR (3645),0.02753169104907082
GNB1 (2782),0.027573433160347754
SDK2 (54549),0.02758243696007593
CCDC74A (90557),0.027591896517664794
SP9 (100131390),0.027602738790325432
AMBP (259),0.027608724568815624
CTRC (11330),0.027614420548817985
HCLS1 (3059),0.0276150915848981
AGBL1 (123624),0.027630308206821913
H4C8 (8365),0.027632802726179795
FCRL3 (115352),0.02763397235493641
RNF175 (285533),0.027637725859809857
GPX6 (257202),0.02765417106999577
PHF21B (112885),0.02766832576539085
LINGO3 (645191),0.027677125066488374
ICAM2 (3384),0.027683655326915968
BLZF1 (8548),0.027689871266240618
SLC31A1 (1317),0.027729803185646072
ERI3 (79033),0.02773379291953193
PAQR7 (164091),0.027736032284488198
SYT10 (341359),0.027762142793338124
OR7A5 (26659),0.027771236062839936
UGT1A3 (54659),0.02777147707934274
TMEM39A (55254),0.027777738898478965
ANKZF1 (55139),0.027778880392116866
C14orf93 (60686),0.027783124906866307
DNAAF8 (146562),0.027806037072084566
USH2A (7399),0.027812857962528192
S100A11 (6282),0.0278302273271896
ZNF225 (7768),0.027835187644089543
CFAP251 (144406),0.027841575284497256
ABHD13 (84945),0.027870313165952298
SPATC1L (84221),0.02788641799582302
FNDC1 (84624),0.02788748986256912
SCHIP1 (29970),0.027897477606786392
ADAMTS20 (80070),0.027920576544586767
MET (4233),0.02792260569144118
ZFAND5 (7763),0.027941449792441155
NRXN1 (9378),0.02795687358752953
LRRC10 (376132),0.027971580459994573
BBOX1 (8424),0.027994262430169458
NDUFA9 (4704),0.027995233476801384
PPME1 (51400),0.028030542646425415
SLC25A23 (79085),0.028033872134141824
SEC24D (9871),0.02804035866007969
PTX4 (390667),0.02804455670770393
NODAL (4838),0.02808360657442165
UTP23 (84294),0.028087134954972105
NKX6-2 (84504),0.02810298106964073
NSUN6 (221078),0.02811146593470033
TAP1 (6890),0.028112161861282063
C1orf198 (84886),0.028124107720243586
LRSAM1 (90678),0.02812985214877333
CABLES2 (81928),0.028138094761940447
PALM3 (342979),0.0281464359129892
LCAT (3931),0.028146966064286523
GIPR (2696),0.028148338406622075
NCAN (1463),0.028165962689705136
SOX4 (6659),0.0281784839806363
KSR2 (283455),0.02818306982043678
SLC18B1 (116843),0.028204940382584198
TMEM185A (84548),0.028216780553962706
MYH1 (4619),0.028230166784575916
MBP (4155),0.02825442403557411
SLC16A12 (387700),0.028270141140411965
RER1 (11079),0.028272493864942804
U2AF2 (11338),0.028283042754933783
EGF (1950),0.02828782589327941
IGF1 (3479),0.028313481150922637
OR5W2 (390148),0.028320141460340058
CENPO (79172),0.028321929912662115
CLDN14 (23562),0.02832193933224774
SPATA13 (221178),0.028342734073207566
MARCHF1 (55016),0.02834853788734628
TOX2 (84969),0.028367303237000367
CNPY4 (245812),0.028368126351869034
PACRGL (133015),0.028372552646830484
DKK2 (27123),0.028394748802467496
LYG1 (129530),0.028407810868718675
ID2 (3398),0.02842633635327237
NTN1 (9423),0.02843719582874236
EPHX4 (253152),0.028489068125605532
PPFIA2 (8499),0.028500103299530656
MYOT (9499),0.028509807060819337
CYB561A3 (220002),0.02851171991011118
ASCC3 (10973),0.028521605830447893
OGFR (11054),0.028549735564430967
LYG2 (254773),0.02857333449169424
PCDHB12 (56124),0.028575255943810086
GOLM2 (113201),0.028581676919316977
LAMP5 (24141),0.02858323450292044
FCN2 (2220),0.028590320596877928
KATNAL2 (83473),0.028597767559318844
BCAP31 (10134),0.028604238760137003
GPR3 (2827),0.02860930825792113
CLGN (1047),0.028623535762001724
CLDN22 (53842),0.02863087228506312
ZNF618 (114991),0.02863231875286189
PARP6 (56965),0.02863623765590312
CDKN2B (1030),0.028646435178629404
SMG9 (56006),0.028655442971579282
NANOS1 (340719),0.028668352003849366
SMCO4 (56935),0.028680977576217938
GREM1 (26585),0.028714019314820732
PIGN (23556),0.028715214600675887
OR51A7 (119687),0.028751612817126765
ZNF12 (7559),0.02876277586411923
EPHB1 (2047),0.02876873146724996
SEC23IP (11196),0.028775265055884756
FAM124A (220108),0.028781493741138357
ARHGAP28 (79822),0.02878668565018826
RAB24 (53917),0.02882335980359142
PAK5 (57144),0.02882652371910399
SLC8A2 (6543),0.028829027483367832
NPPA (4878),0.028836056661958626
GPR146 (115330),0.02883854067873733
NOVA1 (4857),0.0288482704472261
RPF2 (84154),0.028850178408860616
ZNF454 (285676),0.028853365633915266
CMKLR2 (2825),0.028857410146595902
TIMM10B (26515),0.028859819935139107
TOX4 (9878),0.02886292410240695
ADAM20 (8748),0.028863341956878667
UBXN4 (23190),0.028866510921725652
CHD1 (1105),0.028872952512530838
ZNF99 (7652),0.028913181722528887
CFAP184 (257236),0.02892302654572747
SARDH (1757),0.02893021420648494
TCP10L (140290),0.02893111426785503
RYR3 (6263),0.0289456690020282
ORAI2 (80228),0.02895136820231984
IKZF4 (64375),0.028955688033854576
PRR23A (729627),0.028967470080771017
HYAL2 (8692),0.028974226274735247
NKAPL (222698),0.029007418047413476
TMEM241 (85019),0.029024238214371036
GPC5 (2262),0.029037189711409082
DIDO1 (11083),0.029040982995722477
RGS16 (6004),0.029048761022245538
MGST2 (4258),0.02904883918101725
CAMK1D (57118),0.02905141427362188
BLOC1S5 (63915),0.02906462081294841
NT5C (30833),0.029073359339410843
CTSC (1075),0.029116125803938353
MAGEB2 (4113),0.029121357662817683
SCARF2 (91179),0.02912274826252941
IKZF3 (22806),0.029135347570791826
H3-3B (3021),0.0291371836090205
HSD17B14 (51171),0.029143584305863446
RHBDD3 (25807),0.029145452210106927
NEK11 (79858),0.02914670822876214
AKR1C4 (1109),0.029149848234155073
TRPM3 (80036),0.029163351517100932
WSCD2 (9671),0.02916445795656534
FBXO39 (162517),0.02916849765372943
OPN4 (94233),0.0291689971187776
CYP2U1 (113612),0.029173364497600003
FUT6 (2528),0.02917781677768283
ISOC1 (51015),0.02918842070122769
SMIM15 (643155),0.02921296567951266
VDR (7421),0.029221338856514012
KCNH3 (23416),0.029232657956875196
CCDC103 (388389),0.029235187003938318
MYDGF (56005),0.029242786210173656
DLEU7 (220107),0.029255894008419398
SPMIP6 (84688),0.029267320491536613
IL2 (3558),0.02928437982235239
TSPAN19 (144448),0.02928739737263893
KRTAP5-2 (440021),0.029297989694601456
EHBP1 (23301),0.029305837493341414
TLCD3A (79850),0.029307414507890605
ACSS2 (55902),0.029353044575734864
PLCZ1 (89869),0.029353263809581115
CACUL1 (143384),0.02936702472825778
APOB (338),0.02941378089100356
SLC25A19 (60386),0.029414279993458282
CHN2 (1124),0.02942097177364452
FLT3LG (2323),0.029424681560104825
KLK3 (354),0.02942617728678319
ITPR2 (3709),0.029439249460302686
RNF113B (140432),0.029444771549861026
FAM13C (220965),0.02946395313341848
FGF1 (2246),0.02946433406793859
MAN2B1 (4125),0.029464574043096225
DQX1 (165545),0.02947553303366856
TFDP1 (7027),0.02947717433769651
RBM23 (55147),0.029477332676168207
SUPT6H (6830),0.029481098635564827
NRAS (4893),0.029482748005297522
SLC27A3 (11000),0.029482757311243564
SEPTIN14 (346288),0.029486399371996465
CIAO2A (84191),0.02948798763280742
SFTPC (6440),0.029492707686323394
EID3 (493861),0.029495721719849804
PRKG2 (5593),0.029500846820077864
PSME1 (5720),0.02950085975771245
YY1AP1 (55249),0.029523892002938416
ZXDB (158586),0.0295452353983472
IL9R (3581),0.029547060392215906
ISL1 (3670),0.029563724355385686
PDE4C (5143),0.029573412904390473
GBX1 (2636),0.029582409875113867
ANKRD45 (339416),0.029586539297467636
KNCN (148930),0.029588534544474732
PPP1R3G (648791),0.029592591147621063
FBXO4 (26272),0.029598004313933217
SNX13 (23161),0.02961061838563585
SLC9C1 (285335),0.029628670014517595
UQCR10 (29796),0.02963039171653148
RDH11 (51109),0.029640762978783496
AP4M1 (9179),0.029658162327828225
WDR87 (83889),0.029663766277605308
EFNA1 (1942),0.029671035001762425
IFI44L (10964),0.0296755872610093
EIF3F (8665),0.029677452430322493
KCND3 (3752),0.02967755555457304
GABRB1 (2560),0.029679528270011173
GFI1 (2672),0.029683601316432207
RNASE9 (390443),0.029684073938073364
AKAP7 (9465),0.02969237445669625
C18orf54 (162681),0.029708308788987853
ENDOV (284131),0.029716198311395915
DBI (1622),0.029720469151283135
OR6P1 (128366),0.029722829630707562
NNAT (4826),0.029730696606558627
ZNF266 (10781),0.029738882946993766
TRIM5 (85363),0.0297427921374386
SLC66A3 (130814),0.02974881981376306
CBLN4 (140689),0.029766834330569175
ATPSCKMT (134145),0.029770358695075348
C3orf18 (51161),0.0297749345119096
ASCL5 (647219),0.029798822723375605
GLDN (342035),0.029804017739617317
IL23A (51561),0.0298282319885411
EVI5L (115704),0.029835453272096957
CIAPIN1 (57019),0.029838285267048924
SREBF2 (6721),0.029841704660949625
RNF224 (643596),0.029855951207546517
CYTIP (9595),0.029861385820083648
PCDH1 (5097),0.02986775735810019
CDK12 (51755),0.029869303999261153
OR10Q1 (219960),0.029872639016697136
CLPSL1 (340204),0.0298750852330947
PANK3 (79646),0.029876781959663458
MSH2 (4436),0.029892871215472683
NFRKB (4798),0.029896411042298544
KLF8 (11279),0.02989924676434061
TOMM5 (401505),0.029900786526527817
C9orf72 (203228),0.02990400989909542
NCCRP1 (342897),0.029905985432453097
CCDC51 (79714),0.029916188659689147
USF1 (7391),0.02993387907614295
CLEC11A (6320),0.02993802428475694
MED7 (9443),0.02995366640198307
BBS1 (582),0.029958166261590015
TRIM3 (10612),0.02997734872605871
MARVELD3 (91862),0.02998014451183697
TRIM50 (135892),0.030005157920261104
NAP1L5 (266812),0.030021672924867078
LVRN (206338),0.030025046587483645
ZNF41 (7592),0.03003862836755835
FAM47A (158724),0.03004954784802249
AP5M1 (55745),0.03005217669267901
STPG3 (441476),0.030059372467834945
ZMYM3 (9203),0.030061557117178707
OR51I2 (390064),0.030069638800510126
CX3CL1 (6376),0.03008693269683397
NLRX1 (79671),0.03012773072005881
CPPED1 (55313),0.03013379966705394
IKBKG (8517),0.030149824247142076
PAM16 (51025),0.030153478839795866
GDPD5 (81544),0.030169996055677696
ACCS (84680),0.03017187802880883
ACTR3B (57180),0.030183358296969387
MED22 (6837),0.03020787756485992
ARMT1 (79624),0.030218596437635976
GPRC5C (55890),0.030244227825701752
STXBP4 (252983),0.03026795347398848
SLC5A4 (6527),0.030268783715114857
DBNL (28988),0.03027428530992049
NIPAL2 (79815),0.03027583275088172
PRXL2C (195827),0.03027712313508646
ZBTB43 (23099),0.030280513928822344
ITGB3BP (23421),0.03028694939686183
FOXS1 (2307),0.030288542146513164
NFU1 (27247),0.030291145108027107
DOK4 (55715),0.030293943199155137
UCK1 (83549),0.030304862237913177
LLCFC1 (135927),0.0303201813012833
RSPH4A (345895),0.030333487218239762
MEGF11 (84465),0.030346314551460862
HELT (391723),0.03034685313153863
FOXI1 (2299),0.03034855913699796
CLHC1 (130162),0.030350669387824665
DNPH1 (10591),0.03036290018732085
COPS7B (64708),0.030364096494512542
TMEM150A (129303),0.030371554143686107
IL13RA1 (3597),0.030377144588637984
PMS1 (5378),0.030379322732175272
C5orf46 (389336),0.030386878740591983
TBL2 (26608),0.030415810375489218
MINDY1 (55793),0.030428362345626743
ACER2 (340485),0.030439416219111982
THAP7 (80764),0.03044313828457649
ACBD4 (79777),0.030453197486522088
CALR (811),0.030465584037305156
OR7G3 (390883),0.030466197278203634
MAGI1 (9223),0.03048309283445545
GALNT17 (64409),0.030525443509834705
CACNA2D3 (55799),0.030526788169589498
PRRT3 (285368),0.030558489723655307
POLR2F (5435),0.030562966467452934
PHF24 (23349),0.03056759029324537
HROB (78995),0.030593226391328936
GCK (2645),0.030614818307337303
MAGED2 (10916),0.030617694551737584
ACKR3 (57007),0.03061901582409683
PRRX1 (5396),0.030626894551757978
NUDT22 (84304),0.03065254226617664
GLG1 (2734),0.030665556943378358
SEPTIN4 (5414),0.030675595311877458
ASAP3 (55616),0.030718857930044564
RING1 (6015),0.03072054760774351
SLC35D3 (340146),0.030725889783060612
ETV2 (2116),0.030726143081270484
RGS1 (5996),0.030733191716429086
FAM221A (340277),0.030744555557171725
NPAS2 (4862),0.030778836334939663
PLK3 (1263),0.03078974338067018
KIR2DL3 (3804),0.030790764166550667
WNT9B (7484),0.030791510497404175
TBXA2R (6915),0.030799944013471792
GPR65 (8477),0.030825370745398806
ADH1A (124),0.030834494758677965
AMPH (273),0.03083965602620718
DMD (1756),0.030849414071474623
CASQ2 (845),0.03087674714670286
FAM131B (9715),0.03088797527175305
ZC3H14 (79882),0.030920356405582
FFAR4 (338557),0.03092222775391625
GMNC (647309),0.030924444873172575
LHCGR (3973),0.03092476480840699
TUBGCP2 (10844),0.030925649799234955
ARSJ (79642),0.030930319847665432
KCTD18 (130535),0.030932810620488544
PYHIN1 (149628),0.030948282365778918
PSTK (118672),0.030949206006195905
C2orf76 (130355),0.030957119532159228
CAV1 (857),0.031003527809898502
SLC10A2 (6555),0.031004621736027943
PPFIA3 (8541),0.031008916239841634
DLL4 (54567),0.031011320012013087
UBR7 (55148),0.031019983916813675
ABCC5 (10057),0.031051665184724297
TRPC3 (7222),0.03105298652099755
CAVIN3 (112464),0.03106901725292079
SPICE1 (152185),0.031104565948650326
STXBP6 (29091),0.031108179579538136
METTL23 (124512),0.031127459521781586
SFMBT1 (51460),0.03113039430910165
MYCN (4613),0.031144742744040922
SPATA31E1 (286234),0.031148106815943148
ST18 (9705),0.031155466423102417
GNB5 (10681),0.03116151323580879
ETFA (2108),0.03116911608749214
GAD2 (2572),0.031170186082402303
HSPB1 (3315),0.03118449903303174
SLCO1A2 (6579),0.03119012937154079
IGFL4 (444882),0.031220148832695072
LONRF1 (91694),0.03122576113057627
TENT5B (115572),0.03123264416653675
ELANE (1991),0.031233081120542183
ST3GAL2 (6483),0.03123986561763571
BCO1 (53630),0.0312465058723025
FBXL13 (222235),0.031253806767013254
CYP2S1 (29785),0.031258180041232965
SNAP47 (116841),0.03126036648972512
LRRC20 (55222),0.031267064731219964
PIK3C3 (5289),0.03126829522912115
HSP90AB1 (3326),0.03126932613481713
STMN4 (81551),0.03128586843115726
SLC17A8 (246213),0.03130363597986303
ALKBH5 (54890),0.03130368603136604
GNPDA1 (10007),0.03130522282394329
ITK (3702),0.03131401497670155
ZBTB7A (51341),0.031331032332136466
TSPAN17 (26262),0.03134487719691855
ICAM3 (3385),0.03135100598446057
C3 (718),0.03136104065152053
PMP2 (5375),0.031362008707255494
SLC6A1 (6529),0.031373673027394466
ARMCX2 (9823),0.03138702356903837
DAOA (267012),0.031400192693910284
MC5R (4161),0.03140600978845849
PASK (23178),0.031409990076791384
GPRC5A (9052),0.031416670829055846
PREB (10113),0.03143229708914439
PATE2 (399967),0.03143350106746954
LMNB1 (4001),0.031444982017756494
GYPA (2993),0.03146571686458145
BTN1A1 (696),0.031466278404581126
GJC1 (10052),0.03148890928257233
SEMA6B (10501),0.03149146723171656
LRRFIP2 (9209),0.03150589832406031
LSP1 (4046),0.031514885498829415
DMRTA1 (63951),0.03153818798046708
TRHR (7201),0.031550741635033144
TMX1 (81542),0.03155079232836479
KIR3DL1 (3811),0.03157150551448778
KCTD11 (147040),0.0315887307459732
ZC3H7A (29066),0.031601010141440046
HIRIP3 (8479),0.03160425288177128
NKD1 (85407),0.03161907505399712
GPSM1 (26086),0.031622852858722655
NPR3 (4883),0.03163021337512673
WNT2 (7472),0.031630928143093
SPMIP2 (152940),0.031655531943111936
LTA4H (4048),0.03168480042125005
TEX38 (374973),0.031698511108344485
RPL10L (140801),0.03170362641234614
NEK3 (4752),0.03170463130750242
PRPF38B (55119),0.03171078236596538
PRAMEF2 (65122),0.031751001880418316
VRTN (55237),0.031756494935316334
SLC4A3 (6508),0.031758814320423163
GPR176 (11245),0.031768418410810316
TAB1 (10454),0.03177232000161503
PLPPR2 (64748),0.031786156160260995
ARL13B (200894),0.031795820034580334
TAAR5 (9038),0.03179921295077405
PYROXD2 (84795),0.031800238479503654
PRR23C (389152),0.03180445652750379
HTR3C (170572),0.03181695231480738
CORIN (10699),0.03181782757927524
OPCML (4978),0.03181899359866664
SCN4B (6330),0.031825037464006965
PLS3 (5358),0.03186620474038097
ZNF213 (7760),0.03187215142876995
TNNC1 (7134),0.03187311185889925
ST3GAL1 (6482),0.031874879143811555
TCEAL8 (90843),0.031901318527981705
RIMBP2 (23504),0.031909087762797904
VPS37C (55048),0.03191552896880438
DHX8 (1659),0.03191972651823947
CTSD (1509),0.03192027241878423
MFSD9 (84804),0.03193061613099363
KIF2A (3796),0.03193114817471173
KLK4 (9622),0.03193230697350182
NOMO2 (283820),0.03193890835279552
ARAF (369),0.03194088746866646
SLC51A (200931),0.03195554726663065
LCE4A (199834),0.03196685742435078
OR4D10 (390197),0.031973511671888215
RIMS2 (9699),0.03198253829306189
DRC3 (83450),0.03198572579379639
DUSP4 (1846),0.03199688072068847
C19orf12 (83636),0.03201652588641593
SYTL5 (94122),0.03201933570802526
FAM78A (286336),0.03203009516553924
RPUSD2 (27079),0.03203535803934389
BLOC1S2 (282991),0.0320393517007037
TPM2 (7169),0.03205857047499861
PRR5 (55615),0.032059392108976514
WBP1 (23559),0.03206336042608778
TMEM210 (100505993),0.0320748785254365
POLR1H (30834),0.03208714925811009
EMC6 (83460),0.03209969895317335
HAVCR2 (84868),0.032101484157888924
C7orf25 (79020),0.03212484881096026
GUCA2B (2981),0.03212959797463548
KISS1R (84634),0.0321431761168769
OR1G1 (8390),0.032143999770364806
RSPH9 (221421),0.03215286054068993
KIF27 (55582),0.03215394252668477
ATG16L1 (55054),0.03216073535839414
LIX1L (128077),0.032172928198484135
POP1 (10940),0.032175844819026064
INIP (58493),0.03218865151220161
LRRC63 (220416),0.03220706751937107
CCNA1 (8900),0.03221571782505751
PCDHB6 (56130),0.032225605098091706
ZNF182 (7569),0.03222938864932311
FREM2 (341640),0.03223157211918726
SDHAF1 (644096),0.032238260179229
TOGARAM2 (165186),0.0322439602923059
ACRV1 (56),0.03224591496216854
FAM209B (388799),0.03224945925254099
SETDB2 (83852),0.03225640836206487
KPNA5 (3841),0.032274003293480104
TMEM205 (374882),0.032297872566597954
KDM4D (55693),0.03230425610687994
MLXIPL (51085),0.032308763716011754
TBC1D4 (9882),0.03231038330399933
FAM83B (222584),0.03231139030733303
AKAP12 (9590),0.032323190878736606
FMNL3 (91010),0.032359205721648514
ZDHHC1 (29800),0.03237645125491677
KLHL38 (340359),0.032385596880886894
RNF128 (79589),0.03240473179511216
CSAD (51380),0.03241455634727784
GRID2 (2895),0.03242437710253461
APOA5 (116519),0.03244711444143597
GABRG1 (2565),0.03247450611690074
LRRC34 (151827),0.0324873639365713
SYAP1 (94056),0.03249728687648831
VAPB (9217),0.03250271983632143
BUB1 (699),0.0325057723945265
PTP4A3 (11156),0.0325162173508413
FZD1 (8321),0.0325409553756872
MAP6D1 (79929),0.03254448921476448
MAML2 (84441),0.03256350797381022
RORA (6095),0.032564610877790626
LMF2 (91289),0.03257152048323386
TAS2R30 (259293),0.03257560428623281
KCTD15 (79047),0.0325794298401277
OR4K5 (79317),0.03258488722740363
MRTFB (57496),0.03258769320187542
TEX13B (56156),0.032603810562355603
EFCAB7 (84455),0.0326106031639133
ISM2 (145501),0.03261542911128283
ESM1 (11082),0.032624212681227616
CYLC2 (1539),0.032644407568545086
USP15 (9958),0.03266131811502233
DUSP16 (80824),0.03267649773124116
WDR45 (11152),0.032685022942600596
IDO1 (3620),0.03270144956611636
TMLHE (55217),0.03271872849168382
GJB4 (127534),0.032726820604587016
SNX33 (257364),0.0327397079301739
ATG16L2 (89849),0.032747880954942084
CST4 (1472),0.03276520939749327
GFOD1 (54438),0.03276590087151234
RAMP3 (10268),0.03280187580729425
INCA1 (388324),0.03280273064685357
PWWP2A (114825),0.03280551532615052
TMC3 (342125),0.03280800754798331
TRAPPC2L (51693),0.03281097142934231
QSOX2 (169714),0.032828249820563635
UBAP2 (55833),0.032831751529634724
CSK (1445),0.0328390425554041
NDP (4693),0.03283920311790578
ARPC1B (10095),0.0328524808727639
ETV3L (440695),0.03290767683914688
TBC1D14 (57533),0.03294487360316371
COL24A1 (255631),0.032959476422453435
ZNF776 (284309),0.032980360688844246
NUP37 (79023),0.03300643778843333
ZNF24 (7572),0.033009098547422865
CCNE1 (898),0.033009792210468916
DCK (1633),0.03303125613260328
PDCL2 (132954),0.03303937199308653
TMTC1 (83857),0.033044961088269334
ZBTB4 (57659),0.03306625021244531
RASSF8 (11228),0.03306937141598089
EPB41L1 (2036),0.03308901715163457
IMMT (10989),0.033090523472688316
MYL4 (4635),0.03310688418458196
SLC25A14 (9016),0.033109988357100106
SHCBP1L (81626),0.03311510031454299
IFT172 (26160),0.03312309280147505
CCDC40 (55036),0.033150485367950636
HFM1 (164045),0.03317837012340569
DUSP26 (78986),0.033207179151971175
UNC13D (201294),0.03321537982877163
CCDC184 (387856),0.03322559094553438
ISOC2 (79763),0.033228771352974654
CDC37 (11140),0.03323378427212886
FGFR1OP2 (26127),0.03323956362384815
SLC26A1 (10861),0.0332420090367118
SYT3 (84258),0.03324953163328901
MTHFR (4524),0.033252067412811136
GRM7 (2917),0.033260574798800666
LEPROTL1 (23484),0.03326706288942133
BTG1 (694),0.03326735808186684
STK32B (55351),0.03328061086642037
RTF1 (23168),0.03330937459999352
RAB13 (5872),0.03331755339835004
ERAL1 (26284),0.033319484532435203
SSBP2 (23635),0.03334240210615076
TSHZ1 (10194),0.0333514941261627
ANKRD30A (91074),0.03336579614598188
POLR1G (10849),0.033388484159813395
ZNF138 (7697),0.03339175400901374
GIPC1 (10755),0.03340532505697698
AMH (268),0.033409580941642064
NIBAN3 (199786),0.033426482483753836
BTG4 (54766),0.03343947903659719
FAM43A (131583),0.03345673439456444
C6orf118 (168090),0.033476637545044916
MYOM3 (127294),0.03348735868308713
UGT2A3 (79799),0.033501973237746764
CETN1 (1068),0.03350445260111932
FPR3 (2359),0.03351163610478673
CAMTA1 (23261),0.03351257319810223
AADAT (51166),0.03351539504348344
XAF1 (54739),0.03352202603724766
ADAM15 (8751),0.03354259229184835
RBP4 (5950),0.033543343947838075
PSAT1 (29968),0.03356115104600426
RNF112 (7732),0.03356527972760232
GDF11 (10220),0.03357716488085201
FIGNL1 (63979),0.03359978655442701
SIGIRR (59307),0.03360070370841446
USP49 (25862),0.033605369554877466
OR5B12 (390191),0.03360698500766454
MMP9 (4318),0.033607994554817076
BORA (79866),0.03361269533655629
CRISP2 (7180),0.03361279398281165
TRAF3IP3 (80342),0.03361547652877781
ESRRB (2103),0.03365312591927394
BTLA (151888),0.03367169570847382
COMMD7 (149951),0.03367926021380897
TACR2 (6865),0.03368378257677853
LIM2 (3982),0.033688668073155736
AMIGO3 (386724),0.03370208889534759
ZNF692 (55657),0.03370599153742034
KLK13 (26085),0.03370604614484889
FHIP2A (57700),0.033712034524105594
USF3 (205717),0.03371325162706859
TMSB4X (7114),0.0337145319022771
GNG3 (2785),0.03374477721403789
CYP2E1 (1571),0.03375055630763763
POU3F2 (5454),0.03375149895454399
CCNB3 (85417),0.03375450036022763
CST1 (1469),0.03376086155097417
NLRP9 (338321),0.03378505738701936
TNFRSF10D (8793),0.033796291087793584
KRTAP20-3 (337985),0.0337968927709619
BEX2 (84707),0.03380852137114707
KRTAP11-1 (337880),0.033832156278120626
RNF149 (284996),0.033834556888749825
MEA1 (4201),0.03386809267045594
ALG5 (29880),0.03388350430367004
TTC12 (54970),0.03388934649311617
DUS3L (56931),0.033890847893865345
ZNF518B (85460),0.033891453809046644
PPP1R7 (5510),0.033916215662486815
TRIM37 (4591),0.033921276016302945
TRAPPC14 (55262),0.03393266984103636
SIX2 (10736),0.03395637867429119
ZNF429 (353088),0.033971389443451294
ZCCHC2 (54877),0.03397204540924344
MEIS3 (56917),0.033979001877238
MTCL2 (140710),0.03398155994384626
WDR89 (112840),0.03401714484912648
SYN1 (6853),0.034020832351439066
TOB1 (10140),0.0340226154406702
TRPA1 (8989),0.03402640867507839
COLGALT2 (23127),0.034035258423450496
STYXL1 (51657),0.034059614166484106
AMBN (258),0.034067059960452596
STEAP1B (256227),0.03406761351161784
SLC9A4 (389015),0.0340940063135096
STEAP2 (261729),0.03410407081416543
ASB1 (51665),0.03410641972525412
NUDT19 (390916),0.034141122232796126
HTRA3 (94031),0.034147083159599224
TMC8 (147138),0.03415031666823019
NLRP5 (126206),0.034152868468554386
ITGA6 (3655),0.0341675253379546
CLPP (8192),0.034190607874582876
SCAMP3 (10067),0.03420112021066628
RAI1 (10743),0.034211475506570145
MIOX (55586),0.03421151880017577
METTL22 (79091),0.034232689373118366
TMEM158 (25907),0.03424516264158178
LCN2 (3934),0.03426632899261632
ENOSF1 (55556),0.03426796955325649
SPPL2C (162540),0.03427051697211729
NSMCE2 (286053),0.034276053176537424
CDCP2 (200008),0.03428249968679971
MIX23 (131076),0.03429534220145668
SAMD12 (401474),0.03429703456938303
NEFH (4744),0.034314239698307214
TGFB1I1 (7041),0.03433374375146529
ASRGL1 (80150),0.03434009766204528
GSG1L (146395),0.03434990144867968
RNF19B (127544),0.034356744528178704
ARHGEF38 (54848),0.03437642136218099
MIGA1 (374986),0.03437649318912357
GPR27 (2850),0.034380546744148734
HTT (3064),0.034393623770084085
ZPR1 (8882),0.03439720662378711
ZC3H7B (23264),0.03440140028284615
EEIG2 (284611),0.034406093835814604
CIB2 (10518),0.03441647027047879
TFF3 (7033),0.03441778982872461
KIF21B (23046),0.03442563459171611
WFDC6 (140870),0.03443485072738301
HDGF (3068),0.03444043289510637
SFXN5 (94097),0.03448458985417072
ZFYVE21 (79038),0.0344869260696624
AOC3 (8639),0.03449243122624611
TAL2 (6887),0.03450244388055888
CDS1 (1040),0.03452131089408139
CDH5 (1003),0.03453185168126756
SLC25A43 (203427),0.03453883537578391
EBP (10682),0.03454108517439318
PUM2 (23369),0.034541854664096684
DNASE1 (1773),0.03457650606750852
MEIS1 (4211),0.034601714794958216
SLC38A8 (146167),0.03462917859767981
RPL17 (6139),0.034632792823596145
SPECC1 (92521),0.03464418154711341
FBXO2 (26232),0.03466496791074776
CTSE (1510),0.03468160566654764
WNT10A (80326),0.03468391784994171
BLM (641),0.03468764365850046
SLC15A1 (6564),0.034695948793898
H2BC6 (8344),0.03470906110686493
TTL (150465),0.03471926909370271
TMEM102 (284114),0.03472680337915699
FBXW5 (54461),0.034736957359654874
CWH43 (80157),0.03473809741477741
CDKN2AIPNL (91368),0.03474507477771088
FSD1L (83856),0.034750845901759565
GLCCI1 (113263),0.03475450131717746
NKX2-8 (26257),0.03475969236120028
C2CD6 (151254),0.03476006591534988
HNRNPF (3185),0.03477028734978903
TCEA2 (6919),0.03477029776136516
DUSP23 (54935),0.034781081297192054
FRMPD1 (22844),0.03480307637369011
OPRM1 (4988),0.03480498205058462
YY2 (404281),0.034806586526962585
IL32 (9235),0.03483297442079659
HORMAD1 (84072),0.034840550759682884
CLVS2 (134829),0.0348618818520177
MBIP (51562),0.03487509948950555
TMEM72 (643236),0.034875747383661074
SETD4 (54093),0.03489162207717699
MDFIC (29969),0.03490139871342483
ZNF616 (90317),0.03490539782219666
PCDHGA1 (56114),0.034930192047719535
PALMD (54873),0.03493586561294755
ACOT9 (23597),0.03494021712815397
ZNF530 (348327),0.03494581858103578
TMEM238 (388564),0.0349487345636829
MSH6 (2956),0.03495261495617807
SLC25A27 (9481),0.03496176683767607
TAS2R38 (5726),0.03496310124761684
ELF4 (2000),0.03497161232911121
MYO1C (4641),0.03498950151988762
FUT1 (2523),0.03499208560960676
ERICH4 (100170765),0.034992393719990036
KRTAP5-3 (387266),0.03500483753698405
CHST7 (56548),0.035010060137256785
SGK1 (6446),0.03503219078333283
IL1RAPL1 (11141),0.03503289058249402
FRMD8 (83786),0.03503465623046437
PREX2 (80243),0.03503502406654036
PRDM8 (56978),0.03504882984823869
LGR4 (55366),0.03506460415644349
FRAT2 (23401),0.03507942523089307
MESP2 (145873),0.035088974476195745
KIF1C (10749),0.03510486503865751
SDC4 (6385),0.035138394327307185
ADIG (149685),0.035143996598885736
TMEM262 (100130348),0.0351550335557812
TTN (7273),0.03516253207408038
RPS6KA1 (6195),0.035162738052849744
EDDM3A (10876),0.03516833999891452
RAB42 (115273),0.03518178297162862
ZC2HC1B (153918),0.035199446329364
TBX21 (30009),0.03520979379245211
POTEH (23784),0.035213811283862646
FKBP3 (2287),0.03521702627966585
CXorf66 (347487),0.035221381253136216
DCUN1D1 (54165),0.035223876091287
TMEM185B (79134),0.03522592257256644
ZNF607 (84775),0.03523914582203591
TIGAR (57103),0.03524697864167057
CLK2 (1196),0.03525639944140861
AMIGO1 (57463),0.03525770550342481
MED29 (55588),0.03529914855724577
DAO (1610),0.03530423357011152
PBDC1 (51260),0.03530523834157754
BRME1 (79173),0.035310503385864646
JMJD4 (65094),0.035311798407352005
ACTRT2 (140625),0.03532577172530803
ANOS1 (3730),0.03535454631394084
RBM27 (54439),0.0353605038726119
MBD6 (114785),0.035383187818319485
SURF4 (6836),0.035388339607798525
ATN1 (1822),0.03539413932428638
NEUROD1 (4760),0.035422897877925005
PP2D1 (151649),0.03544347837675886
ABHD12 (26090),0.03546076772975
MTFP1 (51537),0.035467780521641366
KIF24 (347240),0.03547628639160837
OR8H2 (390151),0.03548974386569497
RAET1E (135250),0.0355134086236471
SNTB1 (6641),0.03551603685883948
NOC4L (79050),0.035554556374470844
VPREB3 (29802),0.035568639302951885
VAT1L (57687),0.035578742203360186
TAAR6 (319100),0.035581860824973596
STRN4 (29888),0.03560526444523151
EXOSC10 (5394),0.03562953838024445
RALGPS2 (55103),0.035644720464565446
DGAT2 (84649),0.03565689024632561
GPR31 (2853),0.035672229237617925
GPBP1 (65056),0.0356747741025263
RELL2 (285613),0.035677949766269715
ACTN1 (87),0.035694995550189915
BEND6 (221336),0.035709078875427444
PLCH1 (23007),0.03571192611012043
LACRT (90070),0.03571640452954383
ZNF697 (90874),0.035730513734702804
LAMP1 (3916),0.03575641957137171
POM121L12 (285877),0.03575648801901618
NDUFA7 (4701),0.03576562946077884
SSH1 (54434),0.035771074565428045
LONP2 (83752),0.03577367674697875
C14orf39 (317761),0.035798116741021804
ADH7 (131),0.035801112362610965
SEMA3E (9723),0.03583471057981068
USF2 (7392),0.035837635283100334
MTHFS (10588),0.035857150001439686
SNX5 (27131),0.03587580177476833
MTNR1B (4544),0.03588988941075354
ACOXL (55289),0.03589033959929458
ARHGEF2 (9181),0.03590060329315764
ZFYVE28 (57732),0.035902542447660876
NQO1 (1728),0.03590480160599763
RCVRN (5957),0.035908710673804335
ZDHHC11 (79844),0.035914291685209467
PCGF2 (7703),0.03592745518188603
ADAMDEC1 (27299),0.035929343775312685
GLIS1 (148979),0.03592941590523143
FREM1 (158326),0.035934554922144625
C5orf34 (375444),0.035958473089634416
SLC35C1 (55343),0.035967818540749485
MRPL33 (9553),0.035982610119742776
R3HDM4 (91300),0.035989014679830685
MFSD3 (113655),0.036006420494674854
POC5 (134359),0.036008803974656264
DAPK2 (23604),0.03601127628937982
ZFYVE1 (53349),0.036011540532628644
NLRP12 (91662),0.03601749065831298
TIMP2 (7077),0.03602019967845067
MIEN1 (84299),0.036023528552912104
HSCB (150274),0.03602712528680171
TPCN1 (53373),0.03605931962469047
FAM200C (63920),0.036061988093529264
CNN3 (1266),0.036066400165361966
ATP6V0A4 (50617),0.03607267920712688
FAM151A (338094),0.03607775125841827
BHLHE22 (27319),0.03607923921813424
RANBP3L (202151),0.03609385828000824
CHAD (1101),0.036099997213518545
CDCA4 (55038),0.036107166393973586
ICOSLG (23308),0.03613511681768276
TBC1D25 (4943),0.036135573057762646
TAS2R50 (259296),0.036145237312930616
FBXO30 (84085),0.03614552035932707
AFF4 (27125),0.03615587689373747
OR52K1 (390036),0.03615781872756556
EXOSC1 (51013),0.03616427680394667
PLXNB2 (23654),0.036178876068404094
DIS3 (22894),0.03617938662211706
MPP4 (58538),0.03618478441347573
OR4C11 (219429),0.03618609745332331
SOAT2 (8435),0.03621161123687926
GSTT2B (653689),0.0362145145491772
HELB (92797),0.03622119359714541
MORN4 (118812),0.036241312343985775
FAM170A (340069),0.03624523938996262
TMEM88 (92162),0.03626634346989187
CCDC167 (154467),0.036298717301981455
GDF2 (2658),0.03631031401455793
APCDD1 (147495),0.03632301554572135
ZBBX (79740),0.03633474950800235
MTFR1 (9650),0.03633639907447277
ZIC2 (7546),0.036349344492345746
OPHN1 (4983),0.03635953364595615
SLC12A3 (6559),0.03637053400912163
CD164L2 (388611),0.03640617216219401
DIAPH3 (81624),0.036416587911874534
OR4F15 (390649),0.03641834196752275
SBSN (374897),0.0364194304183881
ALDH18A1 (5832),0.03642233718055231
SLC7A9 (11136),0.036443753948099886
LPCAT4 (254531),0.03644413291776886
SCG3 (29106),0.03645161933369221
SPRYD4 (283377),0.036457400089007795
CLDN17 (26285),0.036463391970582355
PRDM9 (56979),0.03646485249243207
MAPRE1 (22919),0.03647902316193273
PIR (8544),0.036493675800597855
ADH6 (130),0.03652095826930561
B3GLCT (145173),0.036522273682979556
SMARCAL1 (50485),0.03652860644500565
PCDHA4 (56144),0.03653570586796453
ANKRD33 (341405),0.036545097875470445
VASN (114990),0.03655274586672623
PACS1 (55690),0.036555389932704976
RAB3GAP2 (25782),0.03659172143198742
BNIP3L (665),0.03661551760566649
CHST14 (113189),0.036625641017209644
UQCC5 (440957),0.03663047454003231
RILPL1 (353116),0.036633458785173205
FAM162B (221303),0.036645971424899004
C15orf61 (145853),0.03665458460896659
SRD5A1 (6715),0.036655699250538
MRPL50 (54534),0.036658631064272994
MS4A15 (219995),0.03666863038001405
FAM181A (90050),0.03667296828597432
ZNF766 (90321),0.03667519567076029
GPS1 (2873),0.036680255842775365
WIPI1 (55062),0.03668337677188225
ZNF512 (84450),0.036697237959695664
TUBG2 (27175),0.03673134895328612
BFSP2 (8419),0.03673259530976928
GPR15 (2838),0.03673782414884964
KIF21A (55605),0.03676584869769103
IKZF5 (64376),0.03676850221469896
ALK (238),0.036768616976054894
CD300LG (146894),0.036771889127471306
TMEM253 (643382),0.03677434256497748
CD80 (941),0.03680457920462057
PPBP (5473),0.0368114821261049
HTR4 (3360),0.03681657874396332
FOXO4 (4303),0.0368336388274413
DEFB135 (613209),0.03683647138054777
CCS (9973),0.03686092448184871
SIRT7 (51547),0.03687151190330468
VIL1 (7429),0.03687803198425237
KLHL17 (339451),0.03687853809078669
TMBIM6 (7009),0.036887750215166534
APOF (319),0.03688944109381661
POM121L2 (94026),0.036898681242187585
ARMCX3 (51566),0.03690394835750097
CEP78 (84131),0.03691512556543243
BABAM2 (9577),0.03693178149096636
PAN3 (255967),0.03693448836736285
ZNF331 (55422),0.03694677549445878
OPALIN (93377),0.03694819631892287
HTR3B (9177),0.036956351761784974
USP53 (54532),0.036957129241078426
CALB1 (793),0.03696566082306477
ANKRD24 (170961),0.0369836484068768
UCP3 (7352),0.03698830016478002
NRDE2 (55051),0.037000416055840125
ZNF747 (65988),0.03701371611901373
PPP2R5D (5528),0.03701395691830928
ASB10 (136371),0.03702956191450555
ARVCF (421),0.03703209680730466
DAW1 (164781),0.037038864059975016
NFE2 (4778),0.03704224807051626
ECRG4 (84417),0.037044550381954935
SPEM1 (374768),0.03705674971474678
RPS6KB2 (6199),0.03707204016834127
SPPL2A (84888),0.037092754885205845
KCNV1 (27012),0.03710894633601345
AMOT (154796),0.037111973245514324
CFAP100 (348807),0.037119893157011905
SIM1 (6492),0.03712388433668806
DSC1 (1823),0.03712447091795009
CYP2R1 (120227),0.03713049033792607
BMPR1B (658),0.03713281006550699
GMIP (51291),0.037143073274943025
TSPAN16 (26526),0.037177273351152965
PARK7 (11315),0.03718068300503684
DHRS12 (79758),0.03719066759895162
CCDC149 (91050),0.03719370912942103
S100A16 (140576),0.0372069242802224
PI4KB (5298),0.0372173584387967
ACOX1 (51),0.0372328012386034
MRM3 (55178),0.03724657778021806
SLC23A1 (9963),0.037247315548063674
GDPD4 (220032),0.03726688469953747
PCDH11X (27328),0.037268271828261104
RNF138 (51444),0.03727715455055348
DLG4 (1742),0.03730336849600111
NETO1 (81832),0.03730556541870416
ARMCX5 (64860),0.037310124331109494
NR0B1 (190),0.03731775463401391
TDRD3 (81550),0.037343256057022614
VPS29 (51699),0.03736775709078095
ASCL2 (430),0.03740487838537456
PSG5 (5673),0.037411822459425384
CSTF2 (1478),0.037422646510157746
SYT12 (91683),0.03743809487711287
SMPX (23676),0.03743874143896837
PHF11 (51131),0.037439271219976686
ZMYM2 (7750),0.03744202304249864
MCRIP2 (84331),0.03744326647581553
ZNF816 (125893),0.037448298763249184
GSX2 (170825),0.0374565957074015
MED12L (116931),0.03745697837956689
TNC (3371),0.03749086292351371
MMADHC (27249),0.037502000649015994
C1orf210 (149466),0.03751172876549562
TMEM231 (79583),0.03751353091792011
CCNE2 (9134),0.03752233247918646
CAMSAP2 (23271),0.037524062443929036
SPPL3 (121665),0.03752761562823349
GRK6 (2870),0.03754558412943214
ZNF773 (374928),0.037546410559588475
RAB6B (51560),0.03754723962891351
FNDC5 (252995),0.03755409479794887
VPS13A (23230),0.03755669778055226
CALU (813),0.03756034584841304
KCNC2 (3747),0.0375757918572027
ATAT1 (79969),0.03758959300040057
PPIL3 (53938),0.037592314806012175
SH3BP2 (6452),0.03760825288768751
SCGN (10590),0.03760854165882864
BBC3 (27113),0.03760864783753999
MYOF (26509),0.037611073612074705
GDPD2 (54857),0.03761653607694728
RND1 (27289),0.03761897979734512
SLC16A3 (9123),0.03762171577211697
SMIM14 (201895),0.03762446233241253
ZBTB49 (166793),0.037657134153887974
HHLA2 (11148),0.037670544251465744
STK19 (8859),0.03767817489337451
C10orf90 (118611),0.03767845681333374
NECTIN2 (5819),0.03768885747152169
DEFB134 (613211),0.03769846844915463
VSX2 (338917),0.03770495006447897
ANKRD29 (147463),0.037705858262244304
HASPIN (83903),0.0377115855078497
APC2 (10297),0.03771198508914618
NUGGC (389643),0.037721454749276406
BRD8 (10902),0.037723131191022476
S100A8 (6279),0.03775050422066097
DLGAP1 (9229),0.03776474355941896
MSH5 (4439),0.037768994579205795
SDHAF3 (57001),0.037775082007257474
MAML3 (55534),0.037790658497610576
PSD3 (23362),0.03783099796532741
LRRC17 (10234),0.037831262523078966
YIF1B (90522),0.0378736968928165
GALNT8 (26290),0.03788472197959435
KRT79 (338785),0.03788849419853683
HTR2B (3357),0.03790194849730612
ZNF711 (7552),0.03790731629572807
SLC35A3 (23443),0.037912414512213846
LIF (3976),0.03791927760550564
OR5M9 (390162),0.03792152396951037
OR6C2 (341416),0.03792243210271335
HES4 (57801),0.03792365978157443
SLAMF6 (114836),0.037924601160033516
NANOS3 (342977),0.03792780096366806
OCM (654231),0.037927808601967566
ADAM33 (80332),0.037933424182875264
CES1 (1066),0.03794294980459268
IL1RL1 (9173),0.03796982795523975
MED28 (80306),0.03797932363424002
HSD17B11 (51170),0.03798372942570001
OR10AG1 (282770),0.03800150253570756
GZF1 (64412),0.03801327158325605
PRUNE2 (158471),0.038020057705206264
RSAD2 (91543),0.03803810819844592
OR4L1 (122742),0.038039299368396666
PGAP1 (80055),0.03804696314458288
TGFBRAP1 (9392),0.038071180831670604
C1QB (713),0.03807682869397706
ARPC5L (81873),0.038089299781651105
POLI (11201),0.03810490797153632
HRC (3270),0.03810831444672411
E2F7 (144455),0.03811884531984412
LRRC45 (201255),0.03816291784362854
GPR6 (2830),0.038182422453324524
VSTM2L (128434),0.038210128807911886
USP28 (57646),0.03822389767508888
NEXMIF (340533),0.038231756945568865
ZNF597 (146434),0.03826443412350608
ESS2 (8220),0.03827054931178191
TTYH1 (57348),0.03829064060636045
TMOD2 (29767),0.03829188454036001
CABP4 (57010),0.03831086781187362
CETP (1071),0.0383213484495419
OR2C3 (81472),0.03832616804199297
COX6A2 (1339),0.03833778340273942
FAM209A (200232),0.0383410998045654
MYO3A (53904),0.03835073496583012
RIPOR1 (79567),0.03835086495246383
PGGHG (80162),0.03836926905180456
EPHA5 (2044),0.038371192581763684
IQCN (80726),0.038373298637908684
SYCP2 (10388),0.038376994300797516
CEBPD (1052),0.03839840987354366
RALGAPA1 (253959),0.03841225892248508
PSMD13 (5719),0.03841906935773185
MPV17L2 (84769),0.038424529797181375
CCN3 (4856),0.038440992828508914
RNH1 (6050),0.03846062719832958
ALKBH2 (121642),0.03848244577572732
PLXNA2 (5362),0.03848278197882181
RNF121 (55298),0.038484227304102794
SGSH (6448),0.03848541265158196
NETO2 (81831),0.0384887881344008
CXXC5 (51523),0.03849487153802237
RNASE13 (440163),0.03849818446292086
HECW2 (57520),0.038499879391281834
PTX3 (5806),0.03851085543571943
PPP1R42 (286187),0.038526629142970684
ERAP1 (51752),0.03854323991952039
TAFA3 (284467),0.03856540136141295
MMP14 (4323),0.03857980482705457
LRRC39 (127495),0.03859625031355875
L3MBTL4 (91133),0.03859801768089131
HSPA6 (3310),0.038605788066145036
ADD2 (119),0.038627120554401644
NT5DC2 (64943),0.038627154213348315
CCT8L2 (150160),0.03862851376131021
SDF4 (51150),0.03862948229840454
C17orf107 (100130311),0.038641122873488074
KREMEN2 (79412),0.03865622343634033
IGFL1 (374918),0.038674352813514626
ARFIP2 (23647),0.038678018694199255
ZKSCAN8 (7745),0.038687381799002024
FTMT (94033),0.038717365890465434
GLUL (2752),0.03872924310605126
ENKD1 (84080),0.038739143734565766
GPER1 (2852),0.038740836482128935
USP17L10 (100287144),0.03874653688594749
IQCA1 (79781),0.03875151243124631
RPUSD3 (285367),0.038753830916058656
ETV6 (2120),0.03875687393084436
DHX57 (90957),0.038759016131494683
AREL1 (9870),0.038760147225959905
ANKDD1B (728780),0.03878778835570031
CRABP2 (1382),0.03879299292869034
MRAP (56246),0.03879481333442163
RRAGB (10325),0.03879762977941996
PPP1R12C (54776),0.03880434908521384
LZTS2 (84445),0.038807233172668265
TSC22D3 (1831),0.038814690346228226
ASB11 (140456),0.038815997362422056
PIAS4 (51588),0.038826689858780246
DOCK2 (1794),0.038833082498816174
GRIN2A (2903),0.03883562930887332
DUSP13B (51207),0.03885671766052592
TRPC4 (7223),0.038875383607770576
ORC2 (4999),0.03887589000769356
HSPBAP1 (79663),0.038926482146245125
CHML (1122),0.038944509797254785
GLI3 (2737),0.03896791880948895
ORM2 (5005),0.03897780440443131
IER2 (9592),0.03899504978100722
ACER3 (55331),0.0389994450722164
LNX2 (222484),0.039001646861014566
TEX46 (729059),0.0390133697542579
GAB2 (9846),0.039013580683777936
MSRB3 (253827),0.039028556804857846
ZFP91 (80829),0.039034131173348696
SYDE2 (84144),0.039052501956486574
PIK3R5 (23533),0.03905717642201778
SCRN3 (79634),0.039076817305606526
H4C3 (8364),0.03908114786805256
TMEM140 (55281),0.03908274362786388
PPP1R10 (5514),0.03909720807993651
PRKCH (5583),0.03910253713674409
SLC2A2 (6514),0.03912399851499419
DMXL1 (1657),0.03912945777034207
PGLYRP1 (8993),0.03912953406795351
ZNF569 (148266),0.03916038378483592
AVL9 (23080),0.03916065591070349
RGS21 (431704),0.039173173732862165
BPIFA2 (140683),0.03917521814606283
PPT1 (5538),0.039176175964462184
UBQLN4 (56893),0.03918025455782341
MRPL9 (65005),0.039181086798537115
RAP1A (5906),0.039191842416278065
NFIL3 (4783),0.03921282156668567
TMEM117 (84216),0.03924285786833426
CREM (1390),0.0392649610928799
TNFRSF4 (7293),0.03926512966354911
RLF (6018),0.03931753302174116
SPG11 (80208),0.039325653903701775
SAV1 (60485),0.0393427634811556
VPS9D1 (9605),0.03934746135742499
SCGB1D1 (10648),0.039352553742284614
TNIP1 (10318),0.03935296466331632
TRAM1 (23471),0.03935776836829433
SPATA33 (124045),0.03937985514298395
RAB22A (57403),0.03940813386413448
TBC1D22B (55633),0.039431418941359445
H2AC4 (8335),0.03944311905323196
MIGA2 (84895),0.03944590361478246
INS (3630),0.039455324169487646
MEMO1 (51072),0.03946099682389359
PARP4 (143),0.039466333847237786
PPP3R2 (5535),0.03947300965280354
SIGLEC10 (89790),0.039489485383662225
OR52D1 (390066),0.03950392920414783
PLP1 (5354),0.039520053660676326
LPAR1 (1902),0.03955770775333434
SPINDOC (144097),0.03957048951239291
CACNA2D4 (93589),0.039573756165055415
PSMB10 (5699),0.039585209787908124
CCDC43 (124808),0.03958771092018173
ANTXR1 (84168),0.039618582912537226
DUOXA2 (405753),0.03963627803118728
MTAP (4507),0.03963792279376889
ANKRD18A (253650),0.039662340284787004
FANCB (2187),0.039676720399826726
PER3 (8863),0.03967994087238932
GPATCH3 (63906),0.0396854483771353
MAG (4099),0.0396873285285622
ARL14EP (120534),0.039695022903408816
DNAJB14 (79982),0.03969878611499986
SSX3 (10214),0.039700882693008636
C11orf71 (54494),0.03971919495988122
ZCCHC4 (29063),0.039732593734968305
TAOK2 (9344),0.039764895318279
CAPN10 (11132),0.039783568984750176
RBM3 (5935),0.039822118022395735
ESYT2 (57488),0.0398338302926414
VSIG2 (23584),0.039839450119927865
LHX9 (56956),0.039844753768746896
STK11IP (114790),0.0398495406281545
RITA1 (84934),0.03985700642729588
AFMID (125061),0.039888181364810135
ERP44 (23071),0.03989730485239186
TNFAIP1 (7126),0.03991112178177865
ELOVL7 (79993),0.03991757907278748
NUP210 (23225),0.039927709045108936
MPZL2 (10205),0.03993087641137072
OR7C1 (26664),0.03994884665036834
PMF1 (11243),0.039965014523801946
ARSI (340075),0.03997084700379643
TMEM8B (51754),0.039987763584558196
KLK15 (55554),0.04001084115996047
MNS1 (55329),0.04002344896720765
TMED8 (283578),0.040025241902242735
PRM1 (5619),0.04003878729359046
JAKMIP1 (152789),0.04004263657423553
DLC1 (10395),0.040047161723734195
C18orf32 (497661),0.04004779808306548
ZNF813 (126017),0.04005363380690645
TRAPPC11 (60684),0.040066072545612744
ARHGAP12 (94134),0.04006976312533196
NKX2-5 (1482),0.040071220154991795
OR7D4 (125958),0.04008220519329863
SOX17 (64321),0.04009357458946984
HCK (3055),0.040097367116100506
GSTM4 (2948),0.04011960835003366
ARID3C (138715),0.040151120370841994
TRAK2 (66008),0.04015894133841906
NUSAP1 (51203),0.04016337108354323
HTR1E (3354),0.04016430429328165
FGD1 (2245),0.04019191362456464
AR (367),0.04020479265343303
PABPC1L (80336),0.04020849198287002
ZBED3 (84327),0.040224170389162005
HBM (3042),0.040224741261967394
TJP1 (7082),0.040244600906873665
TMEM236 (653567),0.040254273238831725
AUNIP (79000),0.04026261354734749
IQGAP3 (128239),0.04026376690406263
AZI2 (64343),0.04027107691417185
DCBLD2 (131566),0.04027311007825554
ASB4 (51666),0.040279151026136814
MYLK2 (85366),0.04028015392118767
PAIP2 (51247),0.04028514772992947
IL17F (112744),0.04029748245537633
ESRRA (2101),0.04030808015262031
RORC (6097),0.040319249562682354
LZTR1 (8216),0.04032456020287051
MYO1H (283446),0.04033624332193036
OR4X1 (390113),0.04034553606091791
RBKS (64080),0.04035742979923401
GOLGA3 (2802),0.040366570562071574
SLFN12 (55106),0.040366669894646934
IKBIP (121457),0.04037061144737835
TSPAN32 (10077),0.04037717752415751
PBRM1 (55193),0.04038070229049875
SH2D7 (646892),0.04039201790133693
SERPINC1 (462),0.04040596048939518
CLEC10A (10462),0.040410016651414395
DUSP1 (1843),0.04042982272744191
TRIM21 (6737),0.04044079487800957
GPR101 (83550),0.040459913028111215
FOXD3 (27022),0.04046739119633437
TNS3 (64759),0.040477393876490374
MEP1A (4224),0.04047833839313616
MYPN (84665),0.04047907855612566
ITGB3 (3690),0.04047990360160926
C5AR2 (27202),0.04048895910416367
DENND2C (163259),0.040494093326418526
ORAI3 (93129),0.04050077311531246
TNFRSF9 (3604),0.04050197438448862
NOD2 (64127),0.04051055975901864
PRR27 (401137),0.04051123847998515
HAX1 (10456),0.04052219840421071
ABCG2 (9429),0.040548302026078314
TPRKB (51002),0.04056856962747994
PRMT8 (56341),0.04058120827369939
IGFN1 (91156),0.04058625671591926
PPFIBP1 (8496),0.04059809412017944
HOOK2 (29911),0.040612151089096514
PHF1 (5252),0.04061456975321352
MYEF2 (50804),0.0406225965744211
LSM6 (11157),0.04065127034819149
JADE3 (9767),0.040651689981826694
ARAP1 (116985),0.040655767364643866
NLE1 (54475),0.040656763026444255
GCG (2641),0.040657610004213564
ARID3B (10620),0.04065835006983552
OAS3 (4940),0.04066439296109431
CEACAM16 (388551),0.04070453309218906
ARHGAP25 (9938),0.04071859145183558
HUS1B (135458),0.040740378712671756
PSME3IP1 (80011),0.04074139959028942
STOX2 (56977),0.04077635842859963
MCOLN3 (55283),0.04079679984949425
ZNF205 (7755),0.040802862240134366
EGFL6 (25975),0.04081703404399393
VIPR2 (7434),0.040827619368174126
SELPLG (6404),0.040831935213775386
MDP1 (145553),0.04083348791117551
ABCB8 (11194),0.04084007184072774
C2CD4D (100191040),0.04084042219675429
TOR1AIP2 (163590),0.0408426421610275
CREB3L1 (90993),0.04087818149850059
NUP210L (91181),0.040882998977337395
ZNF576 (79177),0.040890642330299966
SERPINI1 (5274),0.04089257954892376
PYCR2 (29920),0.0409008256809922
KCNB1 (3745),0.04090791874761259
OR4K1 (79544),0.04091636198183915
BRMS1 (25855),0.04092539776094389
BCR (613),0.04092821770403935
KRT23 (25984),0.04095329759775108
DNAAF11 (23639),0.040956957352302134
HYCC2 (285172),0.040965200197598084
MRI1 (84245),0.04096887389863736
DNAJC8 (22826),0.04099349143225104
ZNF836 (162962),0.04100075468717925
IL9 (3578),0.041028101602661786
RNF2 (6045),0.04103243820393596
SFPQ (6421),0.04103410010349018
RNF135 (84282),0.041046569010977564
VPS52 (6293),0.041049270711604725
TRABD2B (388630),0.04106822212172876
BICDL2 (146439),0.04107608142769213
EPHX1 (2052),0.04108290995162317
BPIFB2 (80341),0.041083238969754396
RUNDC3A (10900),0.04108368800939054
KCNK17 (89822),0.041085574715574974
WAPL (23063),0.0410883566081535
SOAT1 (6646),0.041093153916259596
STX17 (55014),0.04110466085387027
TMEM52 (339456),0.04110805166467883
PHRF1 (57661),0.04112554599470868
BCAS1 (8537),0.041147975645674434
SERPING1 (710),0.041153734508437304
NUDT5 (11164),0.041169017098131686
PPIAL4G (644591),0.041189875344443926
FSD1 (79187),0.041195903388060694
CDK5R1 (8851),0.041203445821693004
PARD6G (84552),0.04120683926504539
MLF2 (8079),0.041207639031164436
RXFP4 (339403),0.0412079461889781
TBCC (6903),0.04123247345725937
UBB (7314),0.04124837532941134
IRF5 (3663),0.04126170712643265
USP33 (23032),0.04127251009471572
CRACR2B (283229),0.041306071350000445
JAM3 (83700),0.04131543200376616
ENPP6 (133121),0.041328041770759896
SRP72 (6731),0.04134335147661476
SLC2A10 (81031),0.04135027085002703
ACSL4 (2182),0.041358980988313525
KCTD12 (115207),0.04137338142697758
PTGFR (5737),0.04138412670902917
FAM171A1 (221061),0.04138978091145797
ARC (23237),0.041400732520510575
CLIC3 (9022),0.041436495327538625
PPIP5K2 (23262),0.04143654750689897
REDIC1 (283461),0.04145373592607025
MGST1 (4257),0.04146648606997087
PLA2G5 (5322),0.04146817821450203
TSNAXIP1 (55815),0.04147011749355596
KRT82 (3888),0.04147351890683064
BSPRY (54836),0.04152376200042206
DCST1 (149095),0.04153048229631044
TSPOAP1 (9256),0.04153310718617446
GRB7 (2886),0.04154297669982214
OR2Z1 (284383),0.041551000550647726
PPP1R12B (4660),0.04155613587267966
ERMARD (55780),0.041600448498659716
POLR3G (10622),0.041600688834717944
BCAM (4059),0.041611394550608846
OR51B4 (79339),0.041612470792372624
HNRNPA0 (10949),0.0416127937006706
VWA3A (146177),0.04161394144907339
DRG2 (1819),0.04161463352344245
RAB11B (9230),0.04161696119714601
MAGEB17 (645864),0.041630206027957146
TGIF2 (60436),0.041642966367704745
RGSL1 (353299),0.041643114660062576
AK3 (50808),0.041652723611201606
BNIPL (149428),0.04166608528252801
ZNF503 (84858),0.041668610016447706
SEL1L3 (23231),0.04167771718942418
DCD (117159),0.04168109965186515
SLAMF9 (89886),0.04169029132606404
GABRQ (55879),0.041691500453249944
APLF (200558),0.04171288754431663
KRTAP6-2 (337967),0.04172982923165617
P3H2 (55214),0.04177602962899648
E2F3 (1871),0.041781963055777874
LY6G5B (58496),0.04180034203677433
WDR35 (57539),0.041811468877183046
AKAP11 (11215),0.04182196438287957
TELO2 (9894),0.041834093912199055
ST6GALNAC4 (27090),0.04184981173566603
FIGLA (344018),0.041861778434811106
PRPSAP1 (5635),0.0418670267376038
DNAAF4 (161582),0.04190269451127705
HSD11B1L (374875),0.04190819565004787
PRKD1 (5587),0.041930527079016004
WNT5A (7474),0.04194876057685448
VEZF1 (7716),0.04195051550528253
NUDT7 (283927),0.04197166148106346
MIPEP (4285),0.041975797497116954
CGNL1 (84952),0.0419805101473249
PCBP4 (57060),0.041984010501521785
AP5Z1 (9907),0.04201235928612814
NUDCD3 (23386),0.04201766638389866
ABL2 (27),0.042022992285592926
PTGS2 (5743),0.04202412079852723
GOLT1A (127845),0.04202694500820091
SYNE3 (161176),0.042039890877321906
PDE4A (5141),0.042046891342282386
PXT1 (222659),0.04205390447158892
SLURP1 (57152),0.042064537439064076
H3C12 (8356),0.042101137691579735
ANGPTL3 (27329),0.04210636112040844
ST6GALNAC1 (55808),0.042122299338502686
USP25 (29761),0.04213713744886475
ATP1A2 (477),0.04213843111957108
PRPF40B (25766),0.04214259586519303
ATOH1 (474),0.04216312388415304
ATOX1 (475),0.042176714119222344
SLC16A13 (201232),0.042208558963455566
EFNB1 (1947),0.042217085013593295
OSGIN2 (734),0.04227208509008302
SIAE (54414),0.04228354956911789
ADAMTS5 (11096),0.04228491208796613
P2RY13 (53829),0.04230365461794974
CLIP2 (7461),0.042318057958359946
TBC1D31 (93594),0.0423213769052493
MTX1 (4580),0.042327868983697135
SLC35G5 (83650),0.04234423532026105
GPR156 (165829),0.04235096547056422
CXCL13 (10563),0.04235725267745831
SLC7A4 (6545),0.04236451629399628
IL4R (3566),0.042393740874564545
ARF3 (377),0.04241417302434629
RANGAP1 (5905),0.04243770572473502
DEFB127 (140850),0.04243819265736586
FOXL2 (668),0.04244369356536661
TMEM250 (90120),0.04245451284416231
SLC35C2 (51006),0.042469904041896434
CLEC4D (338339),0.04249883919648232
DOCK4 (9732),0.04249950892033767
C4orf46 (201725),0.042504850516238014
ISLR (3671),0.042507780366084616
CABLES1 (91768),0.04252414406478934
HOXA10 (3206),0.042527044683473555
ART5 (116969),0.04253298912063713
TOLLIP (54472),0.04253691745575506
DCAF4L1 (285429),0.04253817783855599
NR4A1 (3164),0.04254104977899601
PRSS54 (221191),0.042549062262061274
AGFG2 (3268),0.04255019230566169
NNT (23530),0.042557992497245546
OR4K14 (122740),0.04256000383939254
MYO5B (4645),0.042566101188734454
OSBPL9 (114883),0.042574825198150756
SUN1 (23353),0.04257684827415883
GPC6 (10082),0.04257792492598926
N4BP2 (55728),0.04258456968219261
OSCAR (126014),0.04262649484205929
WNT8B (7479),0.04263342560759154
SH3TC2 (79628),0.04267298110974447
NUDCD2 (134492),0.04268022696126746
RAB33B (83452),0.04271013440867823
VCPIP1 (80124),0.04272544374688743
CD4 (920),0.042725671384253504
ZFYVE26 (23503),0.042734471204231225
TSPAN6 (7105),0.04274211518467325
JOSD2 (126119),0.0427460140253831
GMPPA (29926),0.042758834057707376
MDGA2 (161357),0.04276363025721509
COG2 (22796),0.04276624678868875
GTF2F2 (2963),0.04276745769827017
PRPF31 (26121),0.04278168286933881
EFCAB5 (374786),0.04279367371618277
RAD54B (25788),0.04279448087252329
ADGRG7 (84873),0.04280687027552857
AMDHD2 (51005),0.04281668384550941
MAGEB16 (139604),0.04282344831520758
CNTNAP5 (129684),0.042834644695503174
DDX46 (9879),0.04284565579874193
NRIP2 (83714),0.042847396576881316
MTA3 (57504),0.042849960713934196
TGFBR1 (7046),0.04289070017434399
GNG12 (55970),0.042892903685910574
LBX2 (85474),0.04290388474715166
ZBTB6 (10773),0.04291684904694375
CHST2 (9435),0.042926888527373724
CXXC4 (80319),0.042929357803403595
OIP5 (11339),0.042962823208229285
RPS6KL1 (83694),0.04299498202366566
ACAD10 (80724),0.04299714582570545
JAKMIP2 (9832),0.043015550171855696
EMP2 (2013),0.04301987813520264
MSL3 (10943),0.043021576411477865
ZNF185 (7739),0.04303514380820519
CLN8 (2055),0.04304484128298894
CCR8 (1237),0.04305413067513794
IL6ST (3572),0.04306839626509733
EDA2R (60401),0.04307628636688442
CDC37L1 (55664),0.04308081419531998
PIN4 (5303),0.043083091395137725
ENDOU (8909),0.0430837332871043
OR1K1 (392392),0.04308958806918053
AGAP2 (116986),0.04309357984937367
AKR1A1 (10327),0.043104182251772774
ATXN7L1 (222255),0.04312140407949531
PIP4K2B (8396),0.043134014123040576
ELOVL4 (6785),0.04314342451233703
AZIN2 (113451),0.043144701225103534
LIG1 (3978),0.04314771337339272
TTC34 (100287898),0.043148659741313086
TNRC18 (84629),0.04314866762006412
BAAT (570),0.04318396887941184
S1PR3 (1903),0.04318451344312226
PCNX3 (399909),0.04318679929111846
KLHL13 (90293),0.043199442393232305
CTF1 (1489),0.043234742383439974
TCIRG1 (10312),0.04324384624985583
OR5B17 (219965),0.04324920050965572
TBX2 (6909),0.04326029811910227
SULT1A2 (6799),0.043263356270290224
IFITM5 (387733),0.04327176238565476
DGKE (8526),0.04327336106093793
SYNE2 (23224),0.04329661046408121
CNTN1 (1272),0.043296985517356376
MAPRE3 (22924),0.043307097169091056
FOS (2353),0.0433185270734875
DCAF4L2 (138009),0.04332438223223648
F10 (2159),0.04333697571772533
MYRF (745),0.04333883093709954
SIDT1 (54847),0.0433428925942884
ST8SIA5 (29906),0.04335533700534053
HERC4 (26091),0.04335644326528616
ATP10D (57205),0.043368817071579725
PLA2G3 (50487),0.04337222128871215
C1orf115 (79762),0.04337950648125285
GPR150 (285601),0.04338675612985233
CCDC71 (64925),0.04338990759795734
CD22 (933),0.043398824423294194
OR4K17 (390436),0.04343825953887159
DDX6 (1656),0.04346590557016413
ERP29 (10961),0.04347285501181012
BTN3A3 (10384),0.043477021290130466
OR8K5 (219453),0.04349994327900687
FAM135B (51059),0.043506865875429165
NEMP1 (23306),0.043524772159605686
RAPGEF2 (9693),0.0435500367304406
TM9SF4 (9777),0.04357219122994129
MMAB (326625),0.04357495742636678
MCAT (27349),0.04358118898376911
USP22 (23326),0.04361164852877754
ATP5PD (10476),0.043620504481315756
TMEM68 (137695),0.043622617845433864
TPBGL (100507050),0.04362352512053015
NFE2L1 (4779),0.043655188368808114
LAMB2 (3913),0.043669024412486976
PDCD1LG2 (80380),0.04366904819113784
ACY1 (95),0.04366965575846432
MAEA (10296),0.0436706981930903
CFAP46 (54777),0.043697688917902176
AGTRAP (57085),0.043713592231315476
SPINK8 (646424),0.04372589762376668
ARHGAP15 (55843),0.043771335964733
DXO (1797),0.04377607858365447
CSMD2 (114784),0.04377803016112767
CHD4 (1108),0.04377909362154011
GIT2 (9815),0.04378150404297722
CCL8 (6355),0.04380611221829598
MOV10 (4343),0.04381596248418705
IL10RA (3587),0.04383452390925331
PCDHB5 (26167),0.0438348448349508
BCL3 (602),0.043851774704993976
SLC25A38 (54977),0.043870939920997866
RBPMS2 (348093),0.04387137241035842
S100A5 (6276),0.04387591904539402
APOBR (55911),0.043879993641610306
NKAIN1 (79570),0.04388002228749868
INSIG1 (3638),0.04390263052038006
PANX2 (56666),0.04390639067412679
PRKAB2 (5565),0.04390919029835285
MEI1 (150365),0.04391760508890026
TAF1L (138474),0.04391962017797098
LYPD1 (116372),0.043926738708610316
AK8 (158067),0.04393775444017332
YBEY (54059),0.04394951515326299
OR51I1 (390063),0.04396671459508308
MAP1B (4131),0.04398559294486906
PLPP5 (84513),0.04398648265351178
CABS1 (85438),0.04402230727543942
ANXA10 (11199),0.04404321595911752
TCF24 (100129654),0.04404921266267357
MAPK12 (6300),0.04407135988952123
RAPGEF5 (9771),0.04409276431151643
GRIK3 (2899),0.04409987168837504
AGO1 (26523),0.044112807045461076
THAP8 (199745),0.04411603810228174
CRYBA4 (1413),0.04412942580432124
SAP18 (10284),0.044148510098088865
ZNF420 (147923),0.04416465427223632
RPRML (388394),0.04419645584880746
SRC (6714),0.04426490691495285
TCL1B (9623),0.0442674438343653
PFN4 (375189),0.04426899839632202
GPX3 (2878),0.04426998051056167
MINDY3 (80013),0.04427098274720429
TP53INP2 (58476),0.044272696901592835
SOX6 (55553),0.04428400085999099
ZNF319 (57567),0.04429340337644727
HOXC10 (3226),0.044297098408242086
ZNF468 (90333),0.04430074910211669
FBH1 (84893),0.044300901462404396
DLGAP4 (22839),0.04431275139190003
HLA-DPA1 (3113),0.04435545520209518
ABCC8 (6833),0.04436791889850707
PHF19 (26147),0.04438867344632177
HOXB13 (10481),0.04439349613248979
TTC24 (164118),0.044409151178801176
ACSL6 (23305),0.04441908983076191
CIDEA (1149),0.04442638738982081
PRNP (5621),0.04443466921691687
CCDC157 (550631),0.044449235824330594
APBB3 (10307),0.0444515183268049
FAM114A1 (92689),0.04445517998989741
P2RX3 (5024),0.044465380529433704
NFIB (4781),0.04447503260908996
B3GALT4 (8705),0.04447930644156846
ZC3H3 (23144),0.0444898737725178
HECTD2 (143279),0.0444919951811021
SLPI (6590),0.04449445437848062
LPXN (9404),0.04449594755818491
AMER1 (139285),0.04450390881786485
ETFB (2109),0.04451632959783975
TNFRSF11B (4982),0.0445273615911627
ADD3 (120),0.04453007595233981
CNR1 (1268),0.04453984780904567
USP29 (57663),0.04454618431179149
H2BC7 (8343),0.044548635213062404
ITPRIPL2 (162073),0.04454934644433867
ZNF624 (57547),0.044566136351221905
CHMP4C (92421),0.04457608341065811
ACP2 (53),0.04459278468314226
IRX5 (10265),0.04459697078317513
CIZ1 (25792),0.04462832531025105
RTN4 (57142),0.044632298822813665
BOK (666),0.044642656837640925
NSDHL (50814),0.04464596767845815
ASTE1 (28990),0.044647176340722586
REEP2 (51308),0.04466534722244485
MIER3 (166968),0.04470282076698062
TMCO4 (255104),0.044703096312330645
CAVIN1 (284119),0.04473155635478675
SPCS1 (28972),0.044747326787249006
KLHL7 (55975),0.04474823385911771
CXCL6 (6372),0.0447490379464764
TOM1 (10043),0.044758193041981954
SLC17A5 (26503),0.04477619102484729
B4GALT6 (9331),0.0447772181599172
ODAD3 (115948),0.04479559936940423
HPCA (3208),0.04482636684100927
AARSD1 (80755),0.0448287602443546
LANCL2 (55915),0.04483130251844597
IL31RA (133396),0.044838388191044014
MISP (126353),0.044864034531507765
LMO7 (4008),0.04487301313733495
EPRS1 (2058),0.044884189622727756
ABCB4 (5244),0.044913605373509344
ABLIM1 (3983),0.04491508095676307
PLGRKT (55848),0.04491802472125959
AMY2A (279),0.044920791998441574
HNF4A (3172),0.04493178178854839
CCDC142 (84865),0.04493945117392726
PPM1D (8493),0.044952231422725156
GFOD2 (81577),0.04495499432717226
ECPAS (23392),0.0449621370471516
ENPP2 (5168),0.04496231371933838
MS4A8 (83661),0.044974437424817174
GDAP1 (54332),0.04500500397189008
ASCL4 (121549),0.04504948353676359
ACSM6 (142827),0.04507681832342162
SRP54 (6729),0.045078352870839035
SFTPB (6439),0.04508734743025137
DMWD (1762),0.04514933078002571
ALOX5 (240),0.04515059944004631
PPP2R5E (5529),0.04515067813510562
SLC38A7 (55238),0.045170533979537006
CPNE3 (8895),0.04518376070132006
SCARA5 (286133),0.04518593249021818
CEBPA (1050),0.04521393066804631
RNF125 (54941),0.04521988810580724
SLC33A1 (9197),0.04522050576102429
MIA3 (375056),0.04522329479742486
IFTAP (119710),0.045240568548556376
ADGRB2 (576),0.04525061971473357
ALDH1A2 (8854),0.04526370782570503
CAMK2N2 (94032),0.045272580643488804
GON7 (84520),0.04527930075587774
ID3 (3399),0.04529354820362543
OR4D6 (219983),0.04529955006116653
ITIH6 (347365),0.04532932167561423
STAB1 (23166),0.04533224981233623
ZNF614 (80110),0.045340727607894205
ZPBP2 (124626),0.04534188855276765
SLX4IP (128710),0.04534722286980673
VSIR (64115),0.045361738275088256
GFI1B (8328),0.04537975483401874
GPATCH8 (23131),0.0453832286217337
SHBG (6462),0.04538388198419822
OR9I1 (219954),0.04539225300546579
RPTN (126638),0.04539319423483849
LIN37 (55957),0.0453949548350133
LIX1 (167410),0.04541402221288627
CP (1356),0.04541656889041154
AP3S2 (10239),0.04544027581376836
CNTNAP1 (8506),0.04546138738783535
PCK1 (5105),0.04548777930941687
SPART (23111),0.04548895888847028
PRDX4 (10549),0.045489251644037734
GANAB (23193),0.045525922739354734
OR6A2 (8590),0.045545301271967556
SEMA6C (10500),0.04555016005135715
KLF15 (28999),0.04558993795003413
HMX1 (3166),0.045633931076394685
PARM1 (25849),0.04564149182642273
ADCY5 (111),0.04564631685982172
HELQ (113510),0.045653724616838275
ZBED2 (79413),0.045671209629067296
APOO (79135),0.045678687018576164
CITED2 (10370),0.04568097121839186
IFT52 (51098),0.04568477158647101
ZNFX1 (57169),0.0456880624327164
PHLDB2 (90102),0.04569051375990637
MIB2 (142678),0.045690632385647384
GNAT2 (2780),0.04569482869675017
TUBB2B (347733),0.0457384293093027
MUSK (4593),0.04576299057075839
MYL11 (29895),0.04580304067218852
TPP2 (7174),0.045822416400794756
PCDH17 (27253),0.04582940493527754
CNKSR3 (154043),0.04584194474077731
ANKRD55 (79722),0.045885246110243014
TMSB10 (9168),0.04588818957917014
NOL4L (140688),0.045895245577953304
IGF2R (3482),0.04589722923923564
GNG7 (2788),0.04590936948348272
TNNC2 (7125),0.04591195545947552
GRPEL1 (80273),0.04593941448378765
NFXL1 (152518),0.04594217007723479
USHBP1 (83878),0.04594822219104774
TOPORS (10210),0.04595240813496228
SLC2A9 (56606),0.04595613306131394
COL12A1 (1303),0.04596879668639585
PRKAA1 (5562),0.045970614452004614
NDUFB11 (54539),0.046036247154880194
RABL2A (11159),0.04603702648975582
STIMATE (375346),0.04607463967079065
PPWD1 (23398),0.046083676203862334
DENND4B (9909),0.04609256967748061
RXFP1 (59350),0.04610776533807872
CD69 (969),0.04610794870537789
TJP2 (9414),0.046120559587752234
LTN1 (26046),0.04614533859886072
ACOT4 (122970),0.04615410687018272
GAREM2 (150946),0.04616458309132933
AUP1 (550),0.04616486643778831
TMEM98 (26022),0.04619590501619025
RASIP1 (54922),0.04619876561087563
RPL36 (25873),0.046199756926487326
SH3BGRL3 (83442),0.04622033217550962
TOB2 (10766),0.04624223699393791
RAB11FIP4 (84440),0.046244930919460595
ECE1 (1889),0.0462479705419745
ATG4B (23192),0.04625534344486032
KIF16B (55614),0.04626085814098642
CD164 (8763),0.046269614167693464
PTPRZ1 (5803),0.046275718715759986
VPS4B (9525),0.04627978023492242
SIGLEC6 (946),0.04628275994836563
PCSK7 (9159),0.04629338899036149
SNRNP27 (11017),0.04629362884160193
CYP26B1 (56603),0.04630041956978893
SNX12 (29934),0.046302269304187786
RCAN1 (1827),0.046311244818972995
CSMD3 (114788),0.04632509386066281
NGB (58157),0.04632538751234049
CCM2L (140706),0.04633188046176033
MKS1 (54903),0.04634188390218989
ADAMTSL5 (339366),0.04634311248153407
CASS4 (57091),0.046353755391843894
TM4SF1 (4071),0.046354344991467365
CEL (1056),0.046363668650498784
KIAA0825 (285600),0.046386315489818544
DEFB115 (245929),0.046400725713392696
FBXO46 (23403),0.04643271104044962
PTK6 (5753),0.04645263667735912
FTL (2512),0.0464658806514754
MARVELD2 (153562),0.046471489210890574
SEMA5B (54437),0.04647470794821643
RUFY3 (22902),0.046498786850500975
ACOT11 (26027),0.04650715893896669
MUC12 (10071),0.04651217392496571
PITPNM2 (57605),0.04654810596935391
TXK (7294),0.04655213338822405
OVCA2 (124641),0.04656390022790784
STARD7 (56910),0.04656963874695845
ADAMTS3 (9508),0.04657232092740639
PYDC1 (260434),0.04658297530307011
ERICH6 (131831),0.046607418002459836
RFX1 (5989),0.04662611555634825
CHRM5 (1133),0.04662646410469126
MCCC2 (64087),0.04667449243912751
MORF4L1 (10933),0.04667606548628376
GJC2 (57165),0.046710644107290034
KIAA1549 (57670),0.04672648333640897
NR2F1 (7025),0.04672927582410752
NELFE (7936),0.04673059050439832
MAGEB10 (139422),0.046737762826861776
SHH (6469),0.04674523101793997
HDHD2 (84064),0.046757751593373094
ZBTB2 (57621),0.04676888892925661
DENND2B (6764),0.046831095031940585
OR6N1 (128372),0.046832458503037695
SLCO4C1 (353189),0.046849198782412074
GYS2 (2998),0.046883284026805416
SERPINB10 (5273),0.046886304181329864
IL1RAP (3556),0.04689993189830336
LOXL1 (4016),0.046916900723168134
MEST (4232),0.04692445442196892
TRMT2A (27037),0.04694671788259821
CHIC2 (26511),0.04695198658256091
HECTD3 (79654),0.04697709183144515
UPK1B (7348),0.04697811863325703
SLAMF7 (57823),0.04699171664305576
OSR1 (130497),0.046999321264961855
SERPINH1 (871),0.047011373783931394
EDC4 (23644),0.047041602669133674
EVC (2121),0.04704547402353451
PROM2 (150696),0.04704555232749415
AACS (65985),0.04704688734358704
PLIN1 (5346),0.04704829834876193
OR10Z1 (128368),0.047105455283153165
DNAJC14 (85406),0.04711573184729089
PPM1G (5496),0.04712046170369354
TMEM120B (144404),0.04712693473021325
GRID1 (2894),0.04713219297037667
HELZ2 (85441),0.047150878123273524
IMPG2 (50939),0.047160766029267186
AGPAT1 (10554),0.04716351382521278
NDUFA4L2 (56901),0.04719149592184188
ARHGEF3 (50650),0.047209834956225216
LMNTD2 (256329),0.047213600445089536
PDP2 (57546),0.04723194416027284
MICAL3 (57553),0.047273516198529854
UNC93A (54346),0.047274632154768875
H2BC9 (8345),0.04727591232508832
SSPN (8082),0.0473028135872798
ANKRD31 (256006),0.0473186727305469
PCDHA10 (56139),0.04732291205961684
ASB14 (142686),0.04735162231242056
GLIPR1L1 (256710),0.04735859071492718
FCRL1 (115350),0.047361384761710014
CCN1 (3491),0.047403327278999985
EPS8 (2059),0.047408116496210705
GJB1 (2705),0.04741441698158007
PSMD3 (5709),0.04741491119256329
DHRS13 (147015),0.04742994832963864
ZNF77 (58492),0.047435990848867106
GALR3 (8484),0.047439334075932336
B3GALT5 (10317),0.04743984989216184
TCF19 (6941),0.04744354761573258
MYH2 (4620),0.0474486098983136
TRERF1 (55809),0.047453514441375286
NKX3-1 (4824),0.047493415757950345
GLTP (51228),0.04751800034422197
CLEC16A (23274),0.04752667014910313
ZDHHC3 (51304),0.047550030746546304
ITPRIP (85450),0.04756913400656872
SLC6A19 (340024),0.047607986852439055
CCDC88C (440193),0.047608171551083794
RIF1 (55183),0.04762673961786153
FAXDC2 (10826),0.04763127199571154
CDK2AP1 (8099),0.047636255048931896
GNAZ (2781),0.04763902309787971
ZNF577 (84765),0.04764746095040723
FIZ1 (84922),0.04766140995865053
DMAP1 (55929),0.04768754253618934
NEDD4L (23327),0.04770721637879542
KPNA3 (3839),0.04771446175029387
IZUMO4 (113177),0.0477218674485821
SCAPER (49855),0.047728938857942695
TMEM202 (338949),0.04773020333200051
TIA1 (7072),0.047747846116190526
LRRD1 (401387),0.047766092864515206
EXOSC8 (11340),0.04776788843061752
GPRC5B (51704),0.047788673493216575
PAGE2 (203569),0.04780968916770601
MTMR4 (9110),0.04781698818132736
NUP50 (10762),0.0478275592929923
ZNF585A (199704),0.047854099399160056
BRWD1 (54014),0.04786796240747735
TRIP10 (9322),0.04787672961480437
RABGAP1 (23637),0.04788891496652571
ACTRT1 (139741),0.047917399381142735
DNAJC4 (3338),0.047931883152068123
SULF2 (55959),0.04793299437815152
UST (10090),0.04793809545797574
CLDND1 (56650),0.0479387950846049
PHETA2 (150368),0.047976306418778626
SNX8 (29886),0.04797732407039437
SERPINF2 (5345),0.04798793414004793
DTWD1 (56986),0.04799386809661489
KLHL20 (27252),0.047997822875281905
DBH (1621),0.048005415129258724
YPEL3 (83719),0.048019003700378496
IGFBPL1 (347252),0.048035658143768506
PHAF1 (80262),0.04804607609793428
IVNS1ABP (10625),0.04804769449061105
ANKRD13B (124930),0.04805926217348542
NRG3 (10718),0.048067559181219854
OXR1 (55074),0.04807236387216766
FZD2 (2535),0.04807347185128569
HKDC1 (80201),0.04809733748469671
ADHFE1 (137872),0.04809960866538095
MTMR6 (9107),0.048107279127679016
FEZF1 (389549),0.04811434393682733
CAMKV (79012),0.04815244203668377
AAMDC (28971),0.048155660259862676
SPIRE1 (56907),0.04816194226677471
KLHL6 (89857),0.04816213396053085
OVOL1 (5017),0.048180897471189046
IGSF10 (285313),0.048220933188701756
CDH8 (1006),0.04822699438188771
LIG3 (3980),0.04824435544055559
ABCC10 (89845),0.04828051041703478
TPPP3 (51673),0.04828408561094284
CACNG4 (27092),0.048285119038589674
CHDH (55349),0.04829124598096225
ADRA1A (148),0.0482928616000725
KCNH6 (81033),0.04830810135034724
TBR1 (10716),0.04831158839843025
DSCAM (1826),0.04833237018616105
RAB40A (142684),0.0483325375067858
GASK1A (729085),0.048340856842288324
B4GAT1 (11041),0.04834283515809035
ZNF285 (26974),0.0483599551497198
HPN (3249),0.04836657246098891
GLYAT (10249),0.04837118496578334
COL2A1 (1280),0.04839809870592128
ADGRE5 (976),0.04842022549998709
SGCE (8910),0.04842897585066895
FAM163B (642968),0.04843160295166896
DNTTIP1 (116092),0.04844135779579315
SPRTN (83932),0.04844795939738319
TRIM9 (114088),0.048462998012767766
KRTAP19-6 (337973),0.04846425566243461
RBM48 (84060),0.04848152709104816
TRIM41 (90933),0.048493767362657966
KRTAP20-2 (337976),0.04852645098535563
LGALS3BP (3959),0.04856767883312425
HIGD1C (613227),0.04857013688466264
NUP153 (9972),0.048575276237586604
ANAPC7 (51434),0.048575356286446304
THPO (7066),0.048576378108779295
HYAL1 (3373),0.048585552659866624
CASC3 (22794),0.04860355399722518
ACOT7 (11332),0.048609809389109845
TAS2R31 (259290),0.048612764212257
PRSS36 (146547),0.04865748666496504
PPP1R13L (10848),0.04866238595450837
MPC1 (51660),0.04867764340204576
OR6T1 (219874),0.04868026431509508
LGALSL (29094),0.04868549165651347
RNF123 (63891),0.04868738668533508
UBR1 (197131),0.04874775408716433
RPGRIP1 (57096),0.048748381979403954
CCDC50 (152137),0.04875407743181729
SCGB2B2 (284402),0.048764922903425635
C4orf33 (132321),0.04876704375383554
OR52N5 (390075),0.048788018485710086
MYO10 (4651),0.04878856471279349
HTR1D (3352),0.048806732285703716
CPLANE1 (65250),0.048808198027707875
LRIG1 (26018),0.04881061985382974
TMEM167B (56900),0.04881828180202241
LELP1 (149018),0.04882575267756063
RASA2 (5922),0.04883365819864595
NAT16 (375607),0.04884875974295269
ANXA4 (307),0.04886176039754685
ALDH1A1 (216),0.04886596734961331
MFNG (4242),0.0488678659735739
TBC1D7 (51256),0.04888618299124577
NCF4 (4689),0.04889703223599282
GNE (10020),0.04892778061114346
FSTL4 (23105),0.04894167360894335
APOC3 (345),0.04894812560040144
FAM163A (148753),0.048948516153618594
SORBS1 (10580),0.04896216981281537
TXNDC15 (79770),0.04897509878059676
ADGRA2 (25960),0.048989644845229996
ZSWIM6 (57688),0.04899780054883071
LIMS2 (55679),0.04900723326933883
TLCD1 (116238),0.04901466717477302
NEBL (10529),0.049017273027715545
RAVER1 (125950),0.049023301183896306
UQCR11 (10975),0.049027149532091294
PRAMEF1 (65121),0.04905466876381199
PSMA6 (5687),0.04908624648881395
MEX3D (399664),0.0490951167750853
CHSY1 (22856),0.049101766125989856
ASF1A (25842),0.04911189922321735
MKKS (8195),0.049120269432897684
ARHGAP39 (80728),0.04912991603225251
FAM118B (79607),0.049133605948602124
C9orf40 (55071),0.049135131160174365
SYNE4 (163183),0.04920088596807387
RETN (56729),0.0492056157750825
TOPBP1 (11073),0.049209824462033855
ROGDI (79641),0.049221444052291834
RAB4A (5867),0.049240085244534014
NPR2 (4882),0.049245554253534864
PPP6R1 (22870),0.049269581698719325
RNF220 (55182),0.04928599560017293
WDR6 (11180),0.04929261756280032
ATG14 (22863),0.04929739680595917
TMEM259 (91304),0.04930600095102922
SESTD1 (91404),0.04930762116359277
SCGB1D4 (404552),0.04935612514475493
ETV5 (2119),0.04938795549609079
NSUN7 (79730),0.049390495168004096
FAM174C (55009),0.04942588041544299
DCX (1641),0.049441763791397905
ZAR1 (326340),0.0494731259634794
PDZK1IP1 (10158),0.04952102129392073
DCSTAMP (81501),0.04953051016284689
LPO (4025),0.04953184839402268
CCDC124 (115098),0.049536381675822506
GALNT9 (50614),0.0495378704728487
PUS7 (54517),0.0495413730208962
COL20A1 (57642),0.04957126950685423
ADGRL3 (23284),0.049572291456320125
FOXK1 (221937),0.049577378029498076
DOCK8 (81704),0.049586215796088434
H2BC26 (128312),0.049606542232482384
POF1B (79983),0.04963497532754156
TNS1 (7145),0.049645552781272494
FKBP11 (51303),0.04964586872198105
SOWAHC (65124),0.049687231273629805
FKRP (79147),0.049717132726173355
NUTM2A (728118),0.04972545268095407
SLC9B1 (150159),0.049756425211420104
LRRC56 (115399),0.049776503549318646
RAPGEF4 (11069),0.04978286930271632
VWA7 (80737),0.04979009411187944
TRIM17 (51127),0.049840865168923346
PRSS55 (203074),0.04985727945738973
ZNF580 (51157),0.04986440183889071
CBX2 (84733),0.04986739239004363
PLN (5350),0.049885345815008225
WDR13 (64743),0.04988914611366309
JAK3 (3718),0.0499012892375433
SLC2A11 (66035),0.04992141353319148
ZBTB5 (9925),0.0499235810543686
PCNT (5116),0.04992832561641743
ZNRF4 (148066),0.049971274655357986
ZNRD2 (10534),0.04999879856490791
KIAA0408 (9729),0.050008322415386275
ZNF142 (7701),0.050009300581734785
CUL3 (8452),0.050020836350313826
NFS1 (9054),0.050029144503254706
TBC1D8 (11138),0.050044893196054666
SMIM2 (79024),0.050050671679914935
KIR2DL4 (3805),0.050059504990475234
OCSTAMP (128506),0.050063698182488216
MRS2 (57380),0.05006436056440529
HEXA (3073),0.05006685388104021
BSND (7809),0.05007581904331123
RBBP6 (5930),0.05008071205835718
MIIP (60672),0.050080983079857845
LZTS1 (11178),0.050097700191211035
ALDOB (229),0.0501005087784554
JUND (3727),0.050126728867852854
TCEANC (170082),0.050137446407484985
IGSF9B (22997),0.05016248819924698
BHMT2 (23743),0.05016826651976382
TMEM60 (85025),0.050226572078502965
TNR (7143),0.0502388242852876
ZNF341 (84905),0.05025128965402994
DAG1 (1605),0.050269953037421114
OR2AG2 (338755),0.050271049958074826
EDEM3 (80267),0.050279289130155204
NAB2 (4665),0.050297496876400415
FADS6 (283985),0.05031275903759245
IL21 (59067),0.050319020626376866
SEPTIN6 (23157),0.05032937961001048
NOB1 (28987),0.05033642735721082
ZNF438 (220929),0.05033994770026747
SNW1 (22938),0.05035521490054018
CPSF4L (642843),0.050368086655372554
GRIK1 (2897),0.050373364444197544
DACT1 (51339),0.05037391164547117
SERPINB2 (5055),0.05038702184496756
KRTAP12-1 (353332),0.05038909736455681
CEP85L (387119),0.050399017650937586
SCN4A (6329),0.05041118580383447
SLC41A3 (54946),0.050413124303008906
ANKRD35 (148741),0.05042490177123402
CERCAM (51148),0.05042680889892941
PFKP (5214),0.050450962715929505
MYL2 (4633),0.05045667549291063
ADGRL1 (22859),0.050464132730983005
GPT2 (84706),0.05049984390702235
ABHD17A (81926),0.05050167121465088
SNURF (8926),0.05052566341559576
TRIM71 (131405),0.05053694263825827
DDX25 (29118),0.050554919226076224
H2AZ2 (94239),0.05058945058167551
PNPLA4 (8228),0.05060926405429602
GCSAM (257144),0.05060994936742267
ASCL3 (56676),0.050653508988608764
SLC25A47 (283600),0.05065627297598283
CDCA2 (157313),0.0506643052204229
POLE4 (56655),0.050692741815844336
PPP1R17 (10842),0.050700487109837454
FAM178B (51252),0.05070160392118759
PIK3CB (5291),0.050710607026771194
C5 (727),0.05072528296993981
CFHR2 (3080),0.050732243866503365
RSPRY1 (89970),0.05074254356807821
HERPUD2 (64224),0.050743198756708185
ROM1 (6094),0.050754895852533496
PLEKHJ1 (55111),0.050758527798611994
SPECC1L (23384),0.050767610637857244
FGFBP3 (143282),0.05078356254163084
GPR83 (10888),0.05079087454003761
BARHL1 (56751),0.050818794211881825
WDCP (80304),0.050820516100985716
ACSM2B (348158),0.0508301856730622
ITGB2 (3689),0.05083879067088435
AKR1B15 (441282),0.05084906411443259
SDF2 (6388),0.050879481481384894
OR5B21 (219968),0.05088860580420845
RELB (5971),0.05090651223480454
IMPACT (55364),0.05091489670128495
ZFAND2B (130617),0.050919654354367606
PHC3 (80012),0.05092097365820105
MAB21L1 (4081),0.0509417132232489
AVP (551),0.050946974733476924
KCTD20 (222658),0.05096437985566208
DUOX2 (50506),0.05096499604789782
PLXNB1 (5364),0.05097773510756842
RBFOX2 (23543),0.05097890913881646
EPHX2 (2053),0.05099421779307972
THSD1 (55901),0.050999707354062264
ARHGEF33 (100271715),0.05101017996203905
TNFRSF17 (608),0.051012067677149484
SEMA4A (64218),0.051015967307830624
OR6B2 (389090),0.051022756644701794
GP6 (51206),0.05103224249666431
NAPEPLD (222236),0.0510685040190418
IFRD1 (3475),0.05111814796550268
YTHDF1 (54915),0.051122506344142414
TMEM223 (79064),0.05114018031038301
ABHD6 (57406),0.05115656678253069
KLRC3 (3823),0.05119157819023923
TBCE (6905),0.051215183688947376
POU6F1 (5463),0.051229905624741036
TOMM40L (84134),0.05127746651300279
UNC13C (440279),0.051282138274991375
MCPH1 (79648),0.05131607560439424
VSTM1 (284415),0.051325059715461877
CALB2 (794),0.0513663603894272
LLGL1 (3996),0.051393607362880955
TMEM35A (59353),0.05139564443175817
OR10A7 (121364),0.05140368981207393
ZC3H10 (84872),0.05141572578118061
NEB (4703),0.05144191716216201
ZNF821 (55565),0.05144326507587919
TMEM31 (203562),0.051459487457768315
ZNF304 (57343),0.051463795678310095
TMEM134 (80194),0.051466045408060004
SLC35D1 (23169),0.0514886559316781
RUSC1 (23623),0.05149168660773677
CCNF (899),0.05150107755801821
MS4A4A (51338),0.05151433864074105
KAT6B (23522),0.05152462941129125
MCIDAS (345643),0.05152923805585723
ABCC11 (85320),0.05152935485179104
DPCD (25911),0.05154650911101803
MEGF9 (1955),0.05157275082239948
MUC16 (94025),0.051573909327040035
FLNA (2316),0.05158220788151219
GOT1L1 (137362),0.05161111040112727
GCM2 (9247),0.05161853523666454
PLEKHG5 (57449),0.051623222939080615
AIM2 (9447),0.0516289181984068
COL14A1 (7373),0.05165441713097679
CHUK (1147),0.05166439487330891
CHM (1121),0.05167558355063632
CACNG5 (27091),0.05170030266127269
GCC1 (79571),0.05170616548068241
PLLP (51090),0.051731203654242885
MT2A (4502),0.05174936924153581
SMG8 (55181),0.051757824054606896
RIPPLY1 (92129),0.05176520553026413
CBR4 (84869),0.051807581338038054
CIART (148523),0.0518100868052326
ALOX5AP (241),0.05183311317375681
TMEM222 (84065),0.05188023197446654
FAM168A (23201),0.05189385697005664
CFAP299 (255119),0.05189624709365511
GAS2L1 (10634),0.051897853030378506
FAM162A (26355),0.051899102928233486
IL36B (27177),0.05190042115514627
AICDA (57379),0.05193683289105897
BLTP1 (84162),0.05195228376124907
MAZ (4150),0.05196834300870795
NFATC2IP (84901),0.05198411613881428
ZNF671 (79891),0.05198499396952148
OR8G5 (219865),0.05199425782259635
ZNF853 (54753),0.052017683402488614
FAM184B (27146),0.052030953420617365
SPOCK2 (9806),0.05203284111354016
VEGFA (7422),0.05205806018113729
ZNF70 (7621),0.052074070608141766
NFAM1 (150372),0.05208536632451699
AGA (175),0.05208550178622212
PCBD1 (5092),0.05209578577203535
H4C6 (8361),0.05210048014208022
MAP3K6 (9064),0.05212612819558689
NACC1 (112939),0.05217859728280544
PSMF1 (9491),0.05219025614945114
DPRX (503834),0.05220294729964133
NOXA1 (10811),0.05221653289352646
ZSCAN32 (54925),0.052231103688928374
DERL1 (79139),0.052323422159221124
NXPH2 (11249),0.052329483664710505
PRSS8 (5652),0.05235291255057313
C2orf80 (389073),0.05235866215890409
ZSWIM8 (23053),0.05237187021527538
RANBP17 (64901),0.052372458739548475
GLP2R (9340),0.05237568744682704
EPX (8288),0.05238067064137815
FARP2 (9855),0.05239312112308671
ADCY10 (55811),0.052397482805621544
DTD2 (112487),0.05241362486721668
DRC12 (283152),0.05242096922942435
MYL12A (10627),0.05242634616569095
ABCC2 (1244),0.05243704578193044
NME8 (51314),0.05245106028083559
UIMC1 (51720),0.05246165905986726
OR2B2 (81697),0.05247770861571907
ANKS4B (257629),0.05248052498435919
RC3H2 (54542),0.05249967514651686
AQP5 (362),0.052529886731084
SLC27A6 (28965),0.05255866282874785
ZNF287 (57336),0.052586101464827284
FAM107A (11170),0.05261850769317147
KHDRBS2 (202559),0.0526453042274125
SMOC2 (64094),0.05264967741059125
CNTN3 (5067),0.05268214192469113
MYOM2 (9172),0.05268391720012631
APOA4 (337),0.052703604524653246
SLBP (7884),0.052708487081340585
AMACR (23600),0.05271510795691847
CD248 (57124),0.052771606245039945
AGT (183),0.05278558556966388
AKAP5 (9495),0.05279500611709591
GGT5 (2687),0.052822667799829734
RAB3B (5865),0.052847460619616725
SECISBP2L (9728),0.05285301609855451
CNIH2 (254263),0.052857709221278346
PBX2 (5089),0.05287681348593516
B3GALT1 (8708),0.052887875806026295
TIMM9 (26520),0.05288812084803959
PADI1 (29943),0.052891522329714426
LZIC (84328),0.05290452429670713
PELI2 (57161),0.052915549205821366
ERCC6L2 (375748),0.05293974060201011
ADCY3 (109),0.05294387352814715
MED26 (9441),0.05295192445220178
CD36 (948),0.05298853037469298
GABRA6 (2559),0.05299386906877505
IL18BP (10068),0.05300915135005898
MYEOV (26579),0.053018151362928326
FILIP1 (27145),0.05301892056962928
FST (10468),0.05304048823375479
SULT1C4 (27233),0.05304247517449595
SNX10 (29887),0.05304588991686443
NKG7 (4818),0.05304684801486561
ASIC5 (51802),0.05304811395720958
RAB5B (5869),0.05309511328622694
KCTD19 (146212),0.05311679552022432
EPHB2 (2048),0.053122585735801905
CFAP20 (29105),0.05316527196893763
GPR174 (84636),0.05318001570473126
UGCG (7357),0.05320006724675157
GABRA5 (2558),0.05320588209959755
PAK6 (56924),0.05321641806006232
EIF4H (7458),0.05321652326035925
SIX1 (6495),0.05323034127104696
OR51E2 (81285),0.05323999609267174
CRY1 (1407),0.053248520250078105
OR7D2 (162998),0.05326010365083917
SNX11 (29916),0.05326327031425976
KRT14 (3861),0.0532724033068042
CD82 (3732),0.0532739066495283
PPIF (10105),0.0532824574645838
LMO2 (4005),0.05328594761421701
RSU1 (6251),0.053300674119391114
DDC (1644),0.053315463994530035
FNDC3A (22862),0.053315785345250874
LGALS1 (3956),0.05332470147679701
ATP6V1C2 (245973),0.053336754320570036
SPMIP8 (374739),0.053339212557006035
POSTN (10631),0.05334267159756869
RANBP2 (5903),0.05335047822399595
PCP4L1 (654790),0.053381988688545615
PLAA (9373),0.053388588085199154
CEP128 (145508),0.053395650659639825
CALHM6 (441168),0.05339888291479035
GSDMB (55876),0.05340265487622229
CHRAC1 (54108),0.053404641799100136
HORMAD2 (150280),0.05342086063127542
CFAP141 (388701),0.053457027607596484
TIFAB (497189),0.053469648441070036
ATP8B3 (148229),0.05348404515621126
PPIG (9360),0.05349309153588352
C20orf96 (140680),0.05350697390112018
BEST2 (54831),0.05353873055608477
USP54 (159195),0.0535595409645329
SLC28A3 (64078),0.053566735085518055
LIPC (3990),0.05357808842617987
APOBEC3H (164668),0.0535839674714052
HHIPL2 (79802),0.05362418987555932
PLAGL2 (5326),0.05362976589758217
CLPB (81570),0.05364534953395127
DLGAP2 (9228),0.05366649456859357
PYGL (5836),0.05367375506409037
ZNF562 (54811),0.05367538600307833
LYRM9 (201229),0.05368703310929951
ZNF727 (442319),0.05370196922661776
GPR78 (27201),0.053720862356326504
ZNF572 (137209),0.0537228300184047
MOB1A (55233),0.053745208581005885
RUBCN (9711),0.05375295622878473
STX8 (9482),0.05376678603296246
TTC17 (55761),0.05376807241440915
ZBTB7C (201501),0.05377274299099836
CHRNA5 (1138),0.053787741573236826
PLAG1 (5324),0.053798352162437356
GSK3B (2932),0.05380897019226932
MYL3 (4634),0.05381396611445159
TMEM190 (147744),0.053818987612458256
GARIN5A (112703),0.053829183580358465
USP32 (84669),0.05383175424929363
ACMSD (130013),0.05384496995435496
MTM1 (4534),0.05386675425638541
STAG2 (10735),0.053889836920182566
SELENBP1 (8991),0.05390411911766513
OPRD1 (4985),0.053907604178850946
NTN3 (4917),0.05392103959242829
ARHGAP31 (57514),0.05394149329587085
TRIM32 (22954),0.053956024834002546
LMBR1 (64327),0.053985826341888754
LINGO4 (339398),0.05398702707788076
TSPAN1 (10103),0.05399159797153454
SELENOS (55829),0.053991793925892706
CENPQ (55166),0.053998846400003596
SFMBT2 (57713),0.05400653198951135
ZNF770 (54989),0.05401540710392314
MICB (4277),0.05408255064165265
TESK1 (7016),0.054084262591347444
RCBTB1 (55213),0.054099565735288346
OAS1 (4938),0.05410698043043334
SIGLEC15 (284266),0.05414999184601197
KCNN4 (3783),0.054151246707567526
HDLBP (3069),0.05415876244045179
SAMSN1 (64092),0.05415885390484586
MAP3K21 (84451),0.054166340167723794
CERS4 (79603),0.0541892878722154
ZDHHC24 (254359),0.05419312158248042
LDB2 (9079),0.054193713733657965
ARMS2 (387715),0.05420199740543574
CHID1 (66005),0.0542057417540053
KRT80 (144501),0.05421216205111553
EML3 (256364),0.05421226261080618
UGGT1 (56886),0.054219818104915954
PRL (5617),0.0542406662773931
FBXO10 (26267),0.0542973602878488
ERF (2077),0.05430306511830446
OR52B2 (255725),0.054309234464327366
FSTL1 (11167),0.054320647627678686
ACTRT3 (84517),0.05434699112676163
PIRT (644139),0.05435627276801216
RPL38 (6169),0.05436376902515851
ADGRF3 (165082),0.05438113447427417
GNGT1 (2792),0.054393879278898404
SMIM12 (113444),0.05439720140681803
FAT4 (79633),0.05441390856408725
PLA2G2F (64600),0.054431452905456625
SLC23A2 (9962),0.054443865323150854
RIOX2 (84864),0.054454476089759576
LY96 (23643),0.05445660227473566
CEACAM21 (90273),0.05445877653455309
TNKS2 (80351),0.05449663551498041
RUNDC3B (154661),0.054499463273991564
TUBGCP3 (10426),0.05450586015877956
CMPK2 (129607),0.05452477656106066
PLOD2 (5352),0.05453007011887419
SMYD5 (10322),0.05454296019123163
MAST1 (22983),0.05457376047185597
IFT70B (150737),0.05460866756329554
CC2D1A (54862),0.05461130474753236
KCNJ8 (3764),0.054611680669948
NPPC (4880),0.05461997156972846
ALG12 (79087),0.0546265638905747
AVPR1A (552),0.05463149780193934
GNRHR (2798),0.05464196106289175
ATP5MC3 (518),0.05465127334481908
DDIT3 (1649),0.05468330023495459
ZNF473 (25888),0.054705376558353946
F12 (2161),0.05471624787978239
CREB5 (9586),0.05472300542718893
DNAI2 (64446),0.05472595637555152
LRRC4B (94030),0.05475049840140067
ZSCAN2 (54993),0.05475769776903958
SEMA4C (54910),0.05476788309745982
SGCG (6445),0.05477830408451408
ARSB (411),0.05481247373278848
ZNF177 (7730),0.054832659813326336
PRUNE1 (58497),0.05486256695859746
AP1B1 (162),0.05486923745631746
CA10 (56934),0.054921405249881206
RPL10A (4736),0.05492887430682973
WTAP (9589),0.054940867016180596
TUT1 (64852),0.054950033329753054
ZMYND15 (84225),0.05495464338264551
RIMS4 (140730),0.05496866220853789
OR5L2 (26338),0.05502182884864367
TRIM7 (81786),0.0550338032374294
SAP25 (100316904),0.05504253516606927
SLC4A1AP (22950),0.05504312153259827
NFKBIZ (64332),0.055046306619056976
ZNF180 (7733),0.055056751932157824
CCDC8 (83987),0.05506272864963428
TRIM38 (10475),0.055063399081118514
PARVG (64098),0.05509136905502562
ITGAE (3682),0.05509172358052437
OR11H6 (122748),0.05509311173256977
RIMBP3 (85376),0.05511694469909841
PRRG1 (5638),0.05512045320697365
UBOX5 (22888),0.055134302368774715
ZNF211 (10520),0.05515552597649165
GLI1 (2735),0.05518257817948742
ARG1 (383),0.05518563847358356
NTMT1 (28989),0.055217889561725964
SPAG4 (6676),0.05522321217853952
PKP3 (11187),0.0552312085202298
LRAT (9227),0.05524783566668538
POU2AF2 (341032),0.05526934932618599
ATP9B (374868),0.055301812183754004
TRAF1 (7185),0.05530607826177766
ANO8 (57719),0.055332764969263926
TXNL1 (9352),0.05534846241397837
P2RX4 (5025),0.05535643199369803
ABCA4 (24),0.05536698427201316
CTNNA1 (1495),0.05537879848719914
OCEL1 (79629),0.055383874329668584
NFKBID (84807),0.0554308442972292
SRSF12 (135295),0.055435836537351776
VPS37B (79720),0.05544002968590119
WDR93 (56964),0.05544573263473544
PNMA8B (57469),0.05546158606604009
SYT6 (148281),0.05546612261399002
SYNGAP1 (8831),0.05546773307076545
EGFR (1956),0.055503251081842266
SEC61A1 (29927),0.05550878606558594
TMEM258 (746),0.05552682656079344
UBE2Z (65264),0.055546541104130064
ING3 (54556),0.05554702145081616
POU3F4 (5456),0.05555230139518129
ZW10 (9183),0.05555806079260538
HINT2 (84681),0.05557892059269951
OASL (8638),0.05559383546755921
DDR1 (780),0.055600600478858966
SLC16A10 (117247),0.05560464592619403
ERICH6B (220081),0.05560739425413773
ENAM (10117),0.05562333723178725
DNASE2B (58511),0.055624356111240704
AFAP1L2 (84632),0.05566104460290929
ANXA7 (310),0.05568341011839077
PTPRE (5791),0.05568703097385484
NEK8 (284086),0.05572357766813833
LY6K (54742),0.055734466254919734
TMEM213 (155006),0.055740517493249056
C20orf173 (140873),0.05574289611774438
COASY (80347),0.05575730572005775
LUC7L2 (51631),0.05578799632092744
RIN1 (9610),0.05579924223920814
FBN1 (2200),0.055804129867038296
INTS6L (203522),0.05584092797609601
TRHDE (29953),0.055841068470223444
ZNF135 (7694),0.05584355498452527
CNGB3 (54714),0.055865987779066095
ZSWIM2 (151112),0.05590554744944167
SLC1A3 (6507),0.05591507955196819
SLC17A7 (57030),0.0559249319617968
EMP3 (2014),0.055928591149460735
HAMP (57817),0.05593075757856129
CDK5 (1020),0.05593163048225034
TSGA10 (80705),0.05593482456225044
ABCB9 (23457),0.05594860718154472
FKBP15 (23307),0.05597453756661315
TEX9 (374618),0.05598214420428569
CDCA3 (83461),0.055988886927427164
DENND2D (79961),0.05601072704870873
TUSC1 (286319),0.056019318469068526
CCDC87 (55231),0.05604842416504148
KRTAP10-2 (386679),0.056067577778766156
MOB3A (126308),0.05607367919631928
GPAT2 (150763),0.05610330875443844
KIF4B (285643),0.05611481473900685
BEAN1 (146227),0.05612943804842241
UBE2R2 (54926),0.05614878907852587
OR8I2 (120586),0.056168066368522555
SLA2 (84174),0.05617026271050309
TAF9 (6880),0.056178367412500374
ARMH4 (145407),0.056179151134358715
HOXC12 (3228),0.056188035408548366
ACTR2 (10097),0.056210805096233954
KRT222 (125113),0.05621128752937397
SLC35B1 (10237),0.0562278365273615
ELOC (6921),0.056253335771559686
GRM3 (2913),0.056289767479738274
NUP188 (23511),0.05629953201563248
OR7A10 (390892),0.056316136682982215
RHOC (389),0.056363101018970706
PTPRCAP (5790),0.05637276071535936
BEST4 (266675),0.05637963591826567
NUDT17 (200035),0.05638194146489339
STAC2 (342667),0.056418260600318536
EPB41L2 (2037),0.05644289912651581
SLC7A11 (23657),0.05644302874520059
MYL7 (58498),0.05645334876683703
OPA3 (80207),0.05647865748299671
BLTP3A (54887),0.056486378910734825
PLEKHG7 (440107),0.05650307235029296
LAMC3 (10319),0.05651636839448247
CD53 (963),0.05654672555820013
ARID4B (51742),0.05655756786114964
SUZ12 (23512),0.056570680130543206
ZSCAN29 (146050),0.05658726324195812
SOBP (55084),0.056587862962828174
GPR182 (11318),0.05659519937244088
WFDC5 (149708),0.056599800463715
TCTE1 (202500),0.05661857625036598
C19orf18 (147685),0.05662223501697154
LAMP2 (3920),0.056658409433548294
SLC4A10 (57282),0.05666232180156622
HOXC8 (3224),0.05666400762731104
GPATCH2 (55105),0.056668493081205085
UPF1 (5976),0.056717518628646844
OR9K2 (441639),0.056729690022043346
ZNF843 (283933),0.056732535318567714
NPTX1 (4884),0.056749111895632295
EHD4 (30844),0.056753774389607214
CHRNB3 (1142),0.05675696215940954
TMEM106A (113277),0.056773194390185654
NTNG1 (22854),0.05678551975493292
OGFOD1 (55239),0.05686788478332881
DLX6 (1750),0.05686852677981334
SHB (6461),0.05688194747489791
HBP1 (26959),0.05688745471080382
CCNI2 (645121),0.05690935936526553
DPY19L2 (283417),0.056935111160752026
TRAF7 (84231),0.05694077264950882
PRPS1L1 (221823),0.05695461695815849
NRSN1 (140767),0.05695925263940553
TRAF6 (7189),0.056967739957495524
ERCC8 (1161),0.05698638267351832
STUM (375057),0.0569892547978331
ITGAD (3681),0.05700147498938779
ACYP1 (97),0.05705289226597077
TKFC (26007),0.057063256711245416
GOLGA2 (2801),0.057067412665726534
SYNJ2 (8871),0.05707001862670631
ATP6V0B (533),0.05707404804816272
USP12 (219333),0.05709923418493401
NAA60 (79903),0.05710931124444317
MATCAP2 (23366),0.05711600303694686
SHISAL1 (85352),0.057118640446015015
HAS2 (3037),0.05712568037989944
FOXN4 (121643),0.05713897714863893
RPH3A (22895),0.05716532707621658
PXMP2 (5827),0.05718279119141308
ASXL1 (171023),0.057189803931732876
BHMT (635),0.057210658319580984
TBX10 (347853),0.05721332638972672
TMEM184B (25829),0.057220325698834285
MOGAT2 (80168),0.05722523298998498
FAM151B (167555),0.05723517505945306
CLDN2 (9075),0.05724595555129068
ATP6V1G2 (534),0.05725997227974394
TMEM33 (55161),0.05727582647359401
BANK1 (55024),0.05728266402861484
DGAT2L6 (347516),0.05732704315914259
HSPB9 (94086),0.05732980657444688
MPZL3 (196264),0.05734845121037333
RBM24 (221662),0.05735141776641874
OR2L2 (26246),0.057356155887668236
CNST (163882),0.05735771578947592
NUDT16 (131870),0.05737522291320281
C21orf91 (54149),0.05738049221089845
CAPN5 (726),0.05739912343151502
ATP5PB (515),0.05741502496651878
PRPSAP2 (5636),0.05742937967829712
SERPINA9 (327657),0.05745382079818238
NLN (57486),0.05745954010213379
BIK (638),0.05747754563955547
E2F5 (1875),0.05748051587727333
XBP1 (7494),0.0574896704390516
NRTN (4902),0.057491036739394395
TEC (7006),0.057501004464864634
CATSPERG (57828),0.05750628947757326
PARN (5073),0.05751221217403128
RTP4 (64108),0.05751448348774666
GPR157 (80045),0.05752812179536702
SAMHD1 (25939),0.05752879474232551
PAQR3 (152559),0.05753261204817024
CDKN2C (1031),0.05754364327515862
TIMM17A (10440),0.057559079282129846
ANGPTL2 (23452),0.05756509804910903
TOP6BL (79703),0.057577739191435676
SRPK1 (6732),0.057607904079284365
ADAP2 (55803),0.05762901010760309
ATMIN (23300),0.05763285857793297
RELT (84957),0.05764438421543498
CLEC7A (64581),0.05765397946889313
HAUS2 (55142),0.05767993027448837
IRX1 (79192),0.05771439426040135
MFN1 (55669),0.05772518194454168
CPTP (80772),0.05772907427786154
AAK1 (22848),0.05773048167031271
ZFP36 (7538),0.05775621763918156
ST8SIA4 (7903),0.05777005279416518
ADAM22 (53616),0.057773449132691945
MAOA (4128),0.057781102636971546
OR5M1 (390168),0.05778748634785202
KCNJ3 (3760),0.0577941079751072
ZNF451 (26036),0.057800074157917616
LRRC8B (23507),0.05781239460056061
COQ6 (51004),0.057821044601798155
BBS2 (583),0.05782107547194957
CCDC126 (90693),0.05782523840896854
HAPLN3 (145864),0.057830710471120525
ADIPOR1 (51094),0.057834843679217006
PHKA2 (5256),0.0578370502850428
KLRG1 (10219),0.05785419388355471
AQP11 (282679),0.057858038069763286
GAMT (2593),0.057863093111767475
BPNT1 (10380),0.05788592319471562
GNAT3 (346562),0.05788970330152654
TPST1 (8460),0.057896997862622944
RNASE7 (84659),0.0579397392119412
SLC25A44 (9673),0.05795018768812227
CCDC85A (114800),0.05796024921319613
CPS1 (1373),0.05797736246558445
TPMT (7172),0.05798442746001788
AGMO (392636),0.05799677599423936
PFKFB1 (5207),0.058000547368164415
HSD17B2 (3294),0.05800190186192633
FOXB1 (27023),0.05800364688030181
WFDC3 (140686),0.058019631883634425
DGKQ (1609),0.0580292290538237
ZMYND12 (84217),0.058041308122363564
CDH11 (1009),0.058070422759182304
SMIM7 (79086),0.05807085180198046
GTPBP1 (9567),0.058073106474077166
MTRR (4552),0.058096201355964695
ONECUT1 (3175),0.05810213601254223
THBS2 (7058),0.0581373435826628
MC1R (4157),0.058147485308403635
MIEF2 (125170),0.05816450720467169
GZMH (2999),0.058187963032829616
EPGN (255324),0.0581937076381713
FUT8 (2530),0.05820075461919187
BTBD8 (284697),0.058214295958204695
RSPO1 (284654),0.05822010709769239
ANKRD26 (22852),0.05822425886130426
RPLP2 (6181),0.05823514296996883
LAPTM4B (55353),0.05823960365188298
FBP2 (8789),0.0582399219046051
UNC50 (25972),0.05828140226027938
VPS50 (55610),0.05828765371364784
ESYT1 (23344),0.058306157807827955
OR4K2 (390431),0.0583220121692795
CHAT (1103),0.05833150597591482
XK (7504),0.05833217603188049
GALP (85569),0.05833839056516636
ASPSCR1 (79058),0.058340930083088896
IGSF21 (84966),0.05836851397950195
KRBOX5 (124411),0.058372411326796145
PTPN18 (26469),0.05838116227002543
PCLO (27445),0.058393046769111036
ACTA2 (59),0.05841186420347337
PKD2 (5311),0.05842712242714445
CYB5B (80777),0.058430020732941956
B3GNT9 (84752),0.05843392448684335
PCSK2 (5126),0.05843480239787313
CDSN (1041),0.0584530922108636
CNTN4 (152330),0.058454983850021014
DDAH2 (23564),0.058455983221385635
MUC1 (4582),0.05847414698502906
ALB (213),0.0584772871799822
SLC30A10 (55532),0.05847844394001957
CARMIL2 (146206),0.05848630985377825
HAS3 (3038),0.05848712068638222
STRC (161497),0.05848975064606985
HCRTR2 (3062),0.058495837454429836
RALA (5898),0.05849716569679825
GNAI2 (2771),0.05851349856126804
YDJC (150223),0.05851607271622187
HLA-DOB (3112),0.05853776631787537
FNIP2 (57600),0.058544079828011575
NIFK (84365),0.05855120094717474
PHLDA1 (22822),0.058564827891296634
MAPKAPK2 (9261),0.05857820675082642
NGFR (4804),0.0585783407721366
BAHD1 (22893),0.058584613326118515
DOK1 (1796),0.05859872616239623
RNASE1 (6035),0.05860316883613622
HLA-DRA (3122),0.058609383418059116
MYBPHL (343263),0.05864140202338197
MAP3K19 (80122),0.05866039448795478
CDH10 (1008),0.058685485069121815
PI16 (221476),0.05868620940841337
OGDHL (55753),0.05868908754915632
PUM1 (9698),0.05868990863370808
PDZD7 (79955),0.05869890041364105
MANBAL (63905),0.05874201203628755
PODNL1 (79883),0.05875602010810617
KDM2B (84678),0.05876022758247568
GAL3ST3 (89792),0.058764122109917404
TGFA (7039),0.05876619340007814
RPRM (56475),0.05877792776926699
PKP4 (8502),0.05878752234545955
NR3C2 (4306),0.05878911266442559
GJA8 (2703),0.05882319715542537
WDR59 (79726),0.05882562842763091
NRG2 (9542),0.05883283138803529
TRIM68 (55128),0.05883676863359237
OR4D2 (124538),0.05884107693224123
PPIH (10465),0.058847290800133734
OR4C46 (119749),0.0588478178624396
SLC66A2 (80148),0.05884903171376932
UBE2Q2 (92912),0.05885219010755888
DNASE1L3 (1776),0.058855062586007346
TTLL5 (23093),0.05887027705536109
KCNQ5 (56479),0.05887248236668263
SERTAD1 (29950),0.058875913802929405
TMEM63C (57156),0.05889545684774239
C2orf73 (129852),0.05889922157239515
CRISPLD1 (83690),0.05891643190668712
PHKA1 (5255),0.05892003201577487
RFPL4B (442247),0.05893730716206658
SV2A (9900),0.0589864181682229
MUS81 (80198),0.05898733116947332
PROKR1 (10887),0.05899781700591361
SLC37A2 (219855),0.0590503001425132
DHRS3 (9249),0.059057209340427276
DNPEP (23549),0.05905813801833346
ENPP5 (59084),0.05910611734128464
GALNT12 (79695),0.05911242885714194
CFAP263 (29070),0.05912997369564547
REM2 (161253),0.0591306500726745
PPARD (5467),0.059147346861967466
SUCLG1 (8802),0.05918053052020265
PURB (5814),0.05918836916076893
KLHL21 (9903),0.05918957589815464
CACNA2D2 (9254),0.05922131340078397
IGHMBP2 (3508),0.05922153097614604
SH2D4B (387694),0.05923494817511933
PDIA5 (10954),0.05925028671967929
S100A2 (6273),0.05925190079039279
CHAC1 (79094),0.05926548760845955
AHDC1 (27245),0.05927033149516314
ARHGEF4 (50649),0.059276571446388406
KCNT2 (343450),0.059284122268019844
CACNA1I (8911),0.05928957586161684
SLC12A4 (6560),0.05933691462682391
VSTM4 (196740),0.05934413926599963
ERN1 (2081),0.05936083050564257
A2M (2),0.059362736912924804
OR51L1 (119682),0.059389916991989464
KCTD4 (386618),0.0593923639513958
GULP1 (51454),0.05944201371161728
EXOC7 (23265),0.059443213120579194
POLR1D (51082),0.05951654704016265
CD300LF (146722),0.0595233127798123
CCDC85C (317762),0.059535956432514435
SNX31 (169166),0.05955213929843837
MAGEA12 (4111),0.05955636314828846
MEIS2 (4212),0.0595661874117957
RNF115 (27246),0.05960116955230512
LDB1 (8861),0.05962101332609439
BET1L (51272),0.05963383913049859
WNK4 (65266),0.05964146104676462
MYL9 (10398),0.05964685583312117
SGK2 (10110),0.059647128744338064
CISD1 (55847),0.05967410574319523
NANOGNB (360030),0.05968016587494229
MPEG1 (219972),0.05970007929558352
VILL (50853),0.059701412946263265
LCT (3938),0.05970929668889101
THSD7A (221981),0.05971880377820684
GARIN3 (153745),0.059750241238850955
HGSNAT (138050),0.05975127523883841
SLC16A1 (6566),0.059757114949660725
FLT4 (2324),0.059760989360584695
TRPT1 (83707),0.05977682626606098
KLHDC2 (23588),0.05980485003771001
ARHGEF17 (9828),0.059838274964314354
RAG1 (5896),0.05984024928764966
CCR9 (10803),0.059849943547896224
HLA-DQB1 (3119),0.05986445993544269
CLU (1191),0.05986530146383863
YIF1A (10897),0.059865328050432834
SLCO1B3 (28234),0.059882404301459954
HDAC6 (10013),0.05988339166407296
FCN3 (8547),0.059901427570129874
ZACN (353174),0.05992213328722629
BLOC1S6 (26258),0.059931647898644934
APOD (347),0.059950214248869135
CLSTN1 (22883),0.059970871270371116
PLAC8 (51316),0.05997609989174638
VAMP3 (9341),0.05998181012998201
IDH3G (3421),0.0600041454213114
GPR26 (2849),0.06000502397085076
MMP11 (4320),0.06000833096449485
MOB1B (92597),0.06002347652211641
IWS1 (55677),0.06005074106810311
SYNGR2 (9144),0.06005243894333613
PROZ (8858),0.0600597574545612
CDC42EP5 (148170),0.06007420011080764
EMC9 (51016),0.06008475192079551
TUSC2 (11334),0.060160099128393964
NAB1 (4664),0.06016216809768005
USP30 (84749),0.060172885480201665
TNRC6C (57690),0.06017387347493852
SEC62 (7095),0.0601763617529378
PM20D1 (148811),0.060178476864003974
OR5F1 (338674),0.060189859550434
EPM2A (7957),0.0602009758656461
UTP20 (27340),0.06021487625996116
H2AX (3014),0.060228790854066475
ABHD18 (80167),0.06024254728149777
ATP6V1G3 (127124),0.06028760554864472
PHIP (55023),0.06029872907035845
QRICH2 (84074),0.06030082811056925
C11orf21 (29125),0.06034277846249538
KRT6B (3854),0.060356269902918744
CDC20B (166979),0.06036734865837902
SERBP1 (26135),0.06037646379452764
SLCO5A1 (81796),0.0603871521480349
SIKE1 (80143),0.060393417576484774
FASTKD2 (22868),0.060416797391167544
SETD1B (23067),0.06042227563528235
FKBP10 (60681),0.060428145607101434
CHST15 (51363),0.0604424219785414
RASL11B (65997),0.06046609663230799
PRKAG3 (53632),0.06050875247998896
PURG (29942),0.06051352488824959
FGF4 (2249),0.0605214824481856
C4orf17 (84103),0.06052861998712369
MCAM (4162),0.06055154532374553
OGA (10724),0.06056900555983127
CNOT9 (9125),0.06058899011348573
DVL2 (1856),0.06059510948761464
FGFBP2 (83888),0.06059924241610859
PEDS1 (387521),0.06060002015341668
SDHD (6392),0.06060040859346252
TRAPPC3L (100128327),0.06060481654830352
SPATA22 (84690),0.06060510796588956
COP1 (64326),0.06061506736058296
PCDHGC4 (56098),0.060615741434224914
CCDC39 (339829),0.06062692386707347
ACTB (60),0.06063512429309835
MED27 (9442),0.0606938719791267
CRYGN (155051),0.060705432197928545
H3C11 (8354),0.060745367074890345
NYX (60506),0.06075409879714995
TMEM106B (54664),0.06076581131429911
PQBP1 (10084),0.060785858078656954
DGKB (1607),0.060807733203141215
OPN1LW (5956),0.06081689543785562
KDM3B (51780),0.060833006313219785
DHX38 (9785),0.06084321771144783
KRT6C (286887),0.060849753644702506
EFR3B (22979),0.0608620745988244
RSPH3 (83861),0.06086599785439419
DISP3 (57540),0.06087331823017796
RXFP2 (122042),0.06087459294392179
VSTM2B (342865),0.0608893501190763
ARFGAP1 (55738),0.060889994989068594
CRB1 (23418),0.0608932515093451
KLHL36 (79786),0.06090030194902385
ADPRS (54936),0.06091617635011485
RNF5 (6048),0.06093426239743847
MXI1 (4601),0.060936113521810484
NIN (51199),0.06093624656066976
CARTPT (9607),0.060938000565653704
CD226 (10666),0.06093900996959278
MDH1 (4190),0.060950145549110754
DELE1 (9812),0.06096470660485102
TMEM216 (51259),0.06096694445995236
CCDC136 (64753),0.0609805955317466
C2CD2L (9854),0.060989682554581925
CALHM3 (119395),0.06102232239652413
NCL (4691),0.06103147018061328
CALM3 (808),0.06103787078028529
POR (5447),0.06103900214725231
RNF167 (26001),0.06104948965014413
MPP2 (4355),0.06105075446620707
AP1G2 (8906),0.06105909207355801
SLFN12L (100506736),0.061067960249492306
SEMA3A (10371),0.061068111853286824
CHERP (10523),0.06107491443701962
CHRM1 (1128),0.06109135562825206
WDR19 (57728),0.06109824300214099
HAT1 (8520),0.06110859193650429
RAB32 (10981),0.061142794914925136
CLRN2 (645104),0.06114293528024476
TMEM164 (84187),0.0611582208621298
GNGT2 (2793),0.06116179043022925
NLRP8 (126205),0.06116773706774444
CACFD1 (11094),0.06120710865586225
RPL28 (6158),0.06121434670300054
SUMO3 (6612),0.06121701203415532
ZNF648 (127665),0.061228405335793504
ZNF131 (7690),0.06126929604542577
FN1 (2335),0.06128651127637933
TRIQK (286144),0.0612974832728307
SLC1A7 (6512),0.06130883997446439
TAAR1 (134864),0.061314509742730186
ZNF561 (93134),0.06132484229684852
ZNF141 (7700),0.06132683645813973
AGTR1 (185),0.06133099564513154
DEFB126 (81623),0.06133257030818727
CEP76 (79959),0.06136805100467568
MYO1B (4430),0.06137912238425732
GLRA3 (8001),0.06143200339043148
SCD5 (79966),0.06143377623711048
LIPH (200879),0.0615009677115402
CST6 (1474),0.06150474728012127
ZNF337 (26152),0.061512493115297606
FAM9C (171484),0.06151335858847003
TM4SF18 (116441),0.06155211680964582
MAFG (4097),0.06155914681260786
RALYL (138046),0.06157361398543444
MST1R (4486),0.06157730900191476
CRK (1398),0.06159135539589491
NME5 (8382),0.061603682015306624
AEBP2 (121536),0.061604017072972785
C9orf50 (375759),0.06161708332283777
FBXL8 (55336),0.06161833903650006
CERK (64781),0.06162114145704319
DIRAS1 (148252),0.06162850524444076
XKR3 (150165),0.061645993014941045
TMEM139 (135932),0.06166853882488636
PGAP3 (93210),0.06169961454113698
ATF3 (467),0.06170567579403128
IFI35 (3430),0.06170976275965179
CPEB1 (64506),0.06172298487555668
PBX1 (5087),0.06173822003735503
TMEM209 (84928),0.06174998241243065
ZNF571 (51276),0.061754973971577434
PHF14 (9678),0.06175574151080804
TSKS (60385),0.061772834131607356
LSM14B (149986),0.06177485251151325
BBLN (79095),0.06179704909834094
COPS7A (50813),0.06180187365356019
KLK6 (5653),0.061806095812931616
SULT1A1 (6817),0.06181966894785075
ZNF713 (349075),0.061822122117251174
RANBP10 (57610),0.06183857461428712
SLC1A2 (6506),0.06184611492264451
MICU1 (10367),0.06184850433304656
LTBP1 (4052),0.06185222132881929
RBBP7 (5931),0.06188348789510841
TLN2 (83660),0.06189052628527727
RSPH6A (81492),0.06190855367623984
NSMAF (8439),0.06191852618073078
GPR137B (7107),0.061928190945433295
KRTAP16-1 (100505753),0.061934293046031805
NRIP1 (8204),0.06194073457974336
SPTY2D1 (144108),0.061958955835134444
UGDH (7358),0.06196385075293924
LGALS16 (148003),0.06197255990876603
WNT11 (7481),0.06200479629985509
SLC22A11 (55867),0.0620206908842336
POMK (84197),0.06202239635213151
PPM1N (147699),0.06202736591476895
CABP1 (9478),0.06203295532307753
SLC52A1 (55065),0.06203587029937676
APOL2 (23780),0.062040644826332925
PIAS1 (8554),0.06204157801168819
MYH10 (4628),0.06207540608361885
SEPHS1 (22929),0.06208020718353082
UACA (55075),0.062098718795563834
C1QTNF4 (114900),0.06210134237154681
EIF5A2 (56648),0.062110814356080235
MYO9B (4650),0.06211460639941744
MRPS7 (51081),0.062128749013124554
LURAP1 (541468),0.0621323780541679
TMEM268 (203197),0.062141482587930716
ATP6V0D2 (245972),0.06216977585443808
HEATR5B (54497),0.062173660402391806
GLRX2 (51022),0.06218655724343044
PPIL4 (85313),0.06218997487183888
INVS (27130),0.062228858801212136
PABPN1L (390748),0.06225028555054148
PAX1 (5075),0.06229302822712739
NCOA7 (135112),0.062301456354376325
COL5A3 (50509),0.062310856300333416
PPP2R5B (5526),0.062370695261221486
FAM13B (51306),0.06241326325484714
DAND5 (199699),0.06241618032031214
ARL4C (10123),0.062417080627722575
RAD54L2 (23132),0.062420161450203945
FAM81B (153643),0.0624368129675064
KCNN2 (3781),0.062446167015852795
MMRN1 (22915),0.0624604853909043
RAB2A (5862),0.06248389740513462
N4BP2L1 (90634),0.062488696280071844
QRICH1 (54870),0.06249618297436681
FCRLB (127943),0.06250675592007582
XRCC5 (7520),0.06250891060669757
TRO (7216),0.06257574880023171
KNG1 (3827),0.0625771095242725
NCR3 (259197),0.06258433495364708
PAIP2B (400961),0.06261623409202993
APRT (353),0.06264235698092603
LHX2 (9355),0.06266482255858631
GFPT2 (9945),0.06267620102265191
STRN (6801),0.06269121271554665
CDX2 (1045),0.06270147111327404
ATG5 (9474),0.06270544505361578
YPEL2 (388403),0.06270786852331522
HOXB4 (3214),0.06270878359009344
PREP (5550),0.06273469140547584
MAP4K2 (5871),0.06274720484052829
LASP1 (3927),0.06276277331086544
ADAMTS19 (171019),0.06277551024628975
LRRTM1 (347730),0.06279003828443888
EFCAB9 (285588),0.06279015808564134
NR2F6 (2063),0.0627920830195845
TSSC4 (10078),0.06281671130713704
SECISBP2 (79048),0.06282463516420791
SGPP1 (81537),0.0628792006477408
SORCS2 (57537),0.0629170111965306
PVR (5817),0.06293703411185989
CORO1C (23603),0.0629383401470203
C6orf52 (347744),0.06298314059602815
RSRC1 (51319),0.0630172112094334
PSMC5 (5705),0.06301838474225971
LETM2 (137994),0.06304563363960161
KBTBD2 (25948),0.06304732141153255
ADAM12 (8038),0.06306817187273503
DIP2B (57609),0.06308461389236072
ULBP3 (79465),0.06309834203986789
SLC14A2 (8170),0.063106240248858
ZNF701 (55762),0.06311943451414223
TMEM263 (90488),0.06312647039370418
OR5M3 (219482),0.06315782053675541
TAF15 (8148),0.06317193385354267
C2orf78 (388960),0.06317533775314561
CYTH4 (27128),0.06317609158884732
CYP27A1 (1593),0.06318296007392563
CEACAM3 (1084),0.06318816659653478
PTF1A (256297),0.06321694371221227
PLEKHF1 (79156),0.06322281972812996
CLEC2D (29121),0.06322823261647309
C7orf57 (136288),0.06326946324668584
ESR2 (2100),0.06327267750769747
PLAC9 (219348),0.06327356979600765
MACROD2 (140733),0.0632870807557326
APBB1 (322),0.06329719422312105
LAMA4 (3910),0.06329924624019267
MINAR1 (23251),0.06331183455442631
RPS27A (6233),0.06332967177127938
AASDH (132949),0.06333379969297284
PCDHB10 (56126),0.06338428263734733
PIF1 (80119),0.06338821615730421
OR4C13 (283092),0.0633902366221249
PADI3 (51702),0.063398644498209
CBLB (868),0.06340049599822149
ANKS3 (124401),0.06340797460288058
SLX9 (85395),0.06340983115236756
NUBP2 (10101),0.0634130112068229
HTR2A (3356),0.0634519717518318
OR2C1 (4993),0.06347820336798009
ANKRD10 (55608),0.06348390518394433
QKI (9444),0.06348741143761504
BATF2 (116071),0.06353610305347446
CRYZL1 (9946),0.06356541275061307
NDST3 (9348),0.06361894190434877
CLCNKA (1187),0.06362699705088457
CXCL10 (3627),0.06365597926032553
CALHM5 (254228),0.06368307003195069
ZC3H12A (80149),0.06370026369906155
SYMPK (8189),0.06371572813636077
TRPS1 (7227),0.06376387759967891
CCND2 (894),0.06376543543751845
CCDC24 (149473),0.06382666425777893
ZNF879 (345462),0.06383097530404767
HCAR3 (8843),0.06384014641330912
AGXT2 (64902),0.06386466650972855
GRIPAP1 (56850),0.06388811541889838
KIF17 (57576),0.06390568627504252
C1orf53 (388722),0.06391243246194936
ATG2B (55102),0.06394296113392903
DNAI4 (79819),0.06394699597828782
DDI2 (84301),0.06397132577099277
PPIP5K1 (9677),0.0639813792934237
OR56B1 (387748),0.06399747035584559
PTPRF (5792),0.06400547887658559
KCNK12 (56660),0.0640332341082234
HSD11B2 (3291),0.06405147516020782
TMEM51 (55092),0.06405398352186871
ZCCHC13 (389874),0.06409028094818675
ZNF729 (100287226),0.06409920577819421
CAB39 (51719),0.06409976289948718
OR6Q1 (219952),0.06411117450622555
PPP3CA (5530),0.06412490940055253
COL7A1 (1294),0.06412552434472471
KLC4 (89953),0.0641431250481873
REX1BD (55049),0.06414583201315109
CNIH4 (29097),0.06418010829649753
SBDS (51119),0.06418916142268594
ARL14EPL (644100),0.0641940938159231
TRIM42 (287015),0.06420548142972711
CMTM2 (146225),0.06423138606850787
COLGALT1 (79709),0.06426327235919127
IPP (3652),0.06427257104828268
C3orf70 (285382),0.06427372819406701
LRRC75A (388341),0.06427899519974059
SFI1 (9814),0.06428025453734926
CYP11A1 (1583),0.06429140091534313
MBTD1 (54799),0.0643123427977226
DCAF8L2 (347442),0.06432758753717496
TCAP (8557),0.06432843272521727
CD14 (929),0.06435075903343204
MT1HL1 (645745),0.0643813460922235
WDFY4 (57705),0.06439604145339799
FBL (2091),0.06442270041297667
MYOZ3 (91977),0.06443131602745009
F9 (2158),0.06443233854752645
ILVBL (10994),0.06444025846235779
UBTF (7343),0.06444119256981665
FAM124B (79843),0.06444802306797763
CAMSAP3 (57662),0.06450354305621164
ARHGEF18 (23370),0.06450715924386351
GRAMD2A (196996),0.06452559768652293
FCGR3B (2215),0.06453046576089341
PPP1R35 (221908),0.06454153904533455
VPS53 (55275),0.06456600702653428
CA2 (760),0.0645996231341849
ELOVL1 (64834),0.06461200486526619
SMPDL3A (10924),0.06464557192455453
BRCA2 (675),0.06468076456754834
NDRG1 (10397),0.0647043529532276
ENO2 (2026),0.06470710070078803
ACTL7B (10880),0.06471158013970198
ZNF623 (9831),0.06472985053131715
ACOX2 (8309),0.06474114752021809
MYH15 (22989),0.06474199692439508
GPD2 (2820),0.06478169771936183
TAS2R46 (259292),0.0647953265472829
NRBP1 (29959),0.06480531813715137
BRDT (676),0.06481892595742254
GALR2 (8811),0.06482875943544611
KIAA0586 (9786),0.06483707160269434
AANAT (15),0.06488196496627636
TSPO2 (222642),0.06488326066868037
INSM1 (3642),0.06488408641852175
CHCHD1 (118487),0.06488751428429287
POU6F2 (11281),0.0648947714656688
GSTO1 (9446),0.06489614628921458
C1QL1 (10882),0.06495157325651073
TPM1 (7168),0.06497268586697821
PLCXD2 (257068),0.06497444458680315
PLA2G4D (283748),0.06499160122518573
LCOR (84458),0.06499879751285803
GZMB (3002),0.06500089288279375
PEX11G (92960),0.0650098689039714
ARL9 (132946),0.06501061040986608
BAZ1A (11177),0.06501329168779853
DDB2 (1643),0.06501606513543079
SERF2 (10169),0.06501907980083987
PHYHIP (9796),0.06502957872258815
C6 (729),0.06505491379892824
PROS1 (5627),0.06506648000121992
ARL5B (221079),0.06506690751113815
APOBEC3G (60489),0.06506899179734675
DNM3 (26052),0.0650866337788231
ERBB3 (2065),0.06508717935285567
LCMT1 (51451),0.065088199151069
OAZ3 (51686),0.06509214591831475
TCF7L2 (6934),0.06509530674123225
EMSY (56946),0.06509676252273582
CBLN1 (869),0.06513047014556655
ISCU (23479),0.06514326118698807
DPPA2 (151871),0.06515475622594354
WASHC3 (51019),0.06519196396366425
PTCD3 (55037),0.06521125594937269
SAYSD1 (55776),0.06521653631718863
ERV3-1 (2086),0.06522957554063849
TMCC2 (9911),0.0652640595854935
ERC1 (23085),0.06526597388347327
STK38 (11329),0.06529551657953468
MTSS2 (92154),0.06530003953187039
ATP8A2 (51761),0.06532376144914934
PIN1 (5300),0.06532501038897834
WASF1 (8936),0.0653277972240134
GRM4 (2914),0.06535836293866647
ACTL8 (81569),0.06536762786133564
MYBPC1 (4604),0.06537274327981726
C4orf51 (646603),0.0653766717436387
TBC1D20 (128637),0.06538870794700476
SLC9C2 (284525),0.06539071076281414
CACNB3 (784),0.06539228506091492
SULT1C2 (6819),0.06539397239248781
COMMD9 (29099),0.06540601059481216
PPIC (5480),0.06544149310413443
CLIC6 (54102),0.06544563973776607
SNAI1 (6615),0.0654568993267696
PNMT (5409),0.0654630808995916
PCDH19 (57526),0.06549222318749554
REG1B (5968),0.065500028859588
KCNG3 (170850),0.06550053032632705
KIFC2 (90990),0.06550407870260498
CLCNKB (1188),0.06552441432299702
PRDX1 (5052),0.06554303386149948
GAD1 (2571),0.06556361223075834
SH3BP1 (23616),0.06557776497006924
ZNF233 (353355),0.06558352333009329
HCN4 (10021),0.06559406564350032
WNT3 (7473),0.06559672812685492
TRAPPC12 (51112),0.06560189844849187
ADRA2C (152),0.06562105617691015
MAGEA8 (4107),0.06562866835760843
ZNF281 (23528),0.06565261769220457
ATF1 (466),0.06565811528738989
RNF152 (220441),0.06566042915495185
H2AC6 (8334),0.06567281415168762
CCDC65 (85478),0.0656734385931554
XAB2 (56949),0.06567604428847136
GYPC (2995),0.06568158314608102
CHCHD7 (79145),0.06570015564338301
CEACAM1 (634),0.06570557982650099
OR1N2 (138882),0.06571074839543764
OTP (23440),0.06572321886392384
UBE2S (27338),0.06573208254750203
GPR35 (2859),0.06577118807255292
JOSD1 (9929),0.06585013783996144
H2AP (25763),0.06585763820263675
PRICKLE2 (166336),0.06586870079392979
LMO3 (55885),0.06593801305308766
CLC (1178),0.06594059257900699
MAF1 (84232),0.06594722662808321
MC2R (4158),0.06599486082405764
NDNF (79625),0.06607123813079382
BICC1 (80114),0.06607674311970355
TGM1 (7051),0.06608107670418766
NUDT3 (11165),0.06612131504931551
FAM83D (81610),0.06612269810031395
FGF17 (8822),0.06613352271536069
MYH11 (4629),0.06613837483201733
CD247 (919),0.06614082940431283
RSPO2 (340419),0.06616495362726389
PLEKHA1 (59338),0.06616751164314756
GPC4 (2239),0.06616905608323317
HAL (3034),0.06618745301442612
ZBTB22 (9278),0.06619155841058477
TMEM109 (79073),0.06620012517716067
GATD1 (347862),0.06621778775774118
PCDH8 (5100),0.06627036359115361
FGD2 (221472),0.06631227735735577
NKX2-1 (7080),0.06632058558210488
SUCO (51430),0.06638480120429324
TSPAN13 (27075),0.06638597168906409
DTWD2 (285605),0.06641645750154589
FKBP5 (2289),0.06643560090751267
NOS1AP (9722),0.06645590932868525
ITSN1 (6453),0.0664581562040236
TRMT61B (55006),0.06648525901209236
GZMK (3003),0.06648757691186287
SLC10A5 (347051),0.06651156919319216
CMSS1 (84319),0.06651730132162485
TUBA1C (84790),0.06654355217132989
VIT (5212),0.06656584917570339
IFT22 (64792),0.06657236796296391
HEATR9 (256957),0.0666110463558309
GH2 (2689),0.06664355324492102
CAPN1 (823),0.06665130428017482
ZNF329 (79673),0.06666644121188212
MZT2A (653784),0.06668081890601044
OTOP2 (92736),0.06671248494629034
GUSB (2990),0.06671316896269124
CADM3 (57863),0.06672139564927428
DNAJC6 (9829),0.06672284132134862
NAT8L (339983),0.06674646234135559
TUBB6 (84617),0.06677566634053524
PBX4 (80714),0.06681270542828052
ALG9 (79796),0.06682279114031617
PKD2L2 (27039),0.0668284930781103
CLCA4 (22802),0.0668371302682385
RIMS1 (22999),0.06684023239995038
HOXB7 (3217),0.0668422606604331
RAD23A (5886),0.06684771845677263
MYO18A (399687),0.06688860540387528
PTPRN2 (5799),0.06688958077751597
FAM98A (25940),0.06690683069954154
TULP1 (7287),0.06694633976524603
SAFB2 (9667),0.06695389285433927
EVC2 (132884),0.06699216510002932
ARSK (153642),0.06699733622216372
MIER1 (57708),0.06699830404590998
CREB3L4 (148327),0.06701008576761916
CSN2 (1447),0.06701363026914109
ZZEF1 (23140),0.0670732672526094
CBFA2T3 (863),0.06707584536505533
TSPAN11 (441631),0.06709259287581389
MUC22 (100507679),0.06709340484306552
MYZAP (100820829),0.06710195706588111
NOL3 (8996),0.06711804394637821
OSBPL3 (26031),0.06712335042878044
DNALI1 (7802),0.06713336943013128
TOR1B (27348),0.06714531047442526
C1QTNF5 (114902),0.06714967738082805
SLC8B1 (80024),0.06714970753969164
FKBP4 (2288),0.06715113593841489
LFNG (3955),0.0671518514399488
DDHD2 (23259),0.06715473575052998
ZFHX3 (463),0.06717833198228082
CELF4 (56853),0.06718628220629626
RNASE8 (122665),0.06720733705518424
MDH1B (130752),0.06724856553772454
THBS3 (7059),0.06725491987098571
GLMP (112770),0.06729843287204448
C1orf116 (79098),0.06730375506638289
PDHB (5162),0.0673163041086981
DCAKD (79877),0.06733910620931963
SPNS2 (124976),0.06736599242852968
POGLUT2 (79070),0.06737857970050383
CYP3A7 (1551),0.06741044797726611
PROM1 (8842),0.06742127000951356
PIK3CG (5294),0.06744339109855714
CORO1B (57175),0.0674650272538734
SPATS1 (221409),0.06746750903350447
DYNLT3 (6990),0.0674813889772432
HLA-A (3105),0.06749596318269203
INSYN1 (388135),0.06750960875698037
OR1F1 (4992),0.06751181266011026
PHPT1 (29085),0.0675137364953802
LMNTD1 (160492),0.06758753671793856
TYR (7299),0.06759862910831801
TBC1D17 (79735),0.06760332550039687
OSBPL5 (114879),0.06760677962445391
FUT10 (84750),0.06761203933196887
SEZ6L2 (26470),0.06761467882430319
MTHFD2L (441024),0.06761843695909227
PPP5C (5536),0.06763992724773446
CHSY3 (337876),0.0676523146146502
PSD4 (23550),0.06767268018460722
NET1 (10276),0.06770651018561369
AHCTF1 (25909),0.06772496409648743
PLOD3 (8985),0.06774436128309583
PSCA (8000),0.06774776714762722
ALX4 (60529),0.06775827577870262
TXNDC2 (84203),0.06776039577700071
GPLD1 (2822),0.06776299412232163
ITIH3 (3699),0.06777486847820625
TAOK3 (51347),0.06780613156732339
PSMD8 (5714),0.06785387118791757
PTGER3 (5733),0.06786165108162756
DOP1B (9980),0.06788687473034308
PTPRG (5793),0.06790124496390028
HEBP2 (23593),0.06790154020819066
CHRNB2 (1141),0.0679043963321044
XKR7 (343702),0.06795952620256604
SPINK6 (404203),0.0679644576065302
ETFDH (2110),0.06797245268234976
MYO5A (4644),0.06797405315034709
CA14 (23632),0.06799042517717016
SFRP2 (6423),0.06806401968956124
ADCYAP1R1 (117),0.06807907142991905
TIGIT (201633),0.0680792189734356
PLAT (5327),0.06808557357543552
ABCB11 (8647),0.06811884540365165
MAGI3 (260425),0.06812643509876097
KIDINS220 (57498),0.0681293071791836
AP1G1 (164),0.06813957640497842
LCA5 (167691),0.06815026564819386
GRAMD1B (57476),0.06818158767700375
BFAR (51283),0.06819649773077463
NPTX2 (4885),0.06820484015917141
ZFP36L2 (678),0.06821555276464855
JAZF1 (221895),0.06823997087972944
C17orf67 (339210),0.0682659559021871
FNDC3B (64778),0.06828982216133947
GNG8 (94235),0.06829139861999385
RNASE6 (6039),0.06829259698604478
SHPK (23729),0.06832233122914393
RIT2 (6014),0.06832771502510404
GASK1B (51313),0.06836428624321325
ETV3 (2117),0.06837408997679062
MYL5 (4636),0.06837882724183666
HK3 (3101),0.06837945463346515
ANKRD65 (441869),0.06838219350607154
RSBN1L (222194),0.06840494229598884
SAMD9L (219285),0.0684222946878553
SLC25A22 (79751),0.06844758032356332
RNF216 (54476),0.06845085984520614
ZNF544 (27300),0.0684704686886568
VWDE (221806),0.0684815590655451
LST1 (7940),0.06848941198819895
TP53I13 (90313),0.06849170236934751
PCDHGA5 (56110),0.06850115718257663
FAM193B (54540),0.06851441075713945
RUNX3 (864),0.06852637461778519
HSPA12B (116835),0.06852836394776522
MGAT4A (11320),0.06853232009438319
TNFAIP3 (7128),0.06854140741875256
PDS5B (23047),0.06855269973825903
ERBIN (55914),0.068561783502093
AMPD2 (271),0.06857742535407027
HDAC7 (51564),0.06858013556470433
SLC10A3 (8273),0.06858617657984603
TMEM107 (84314),0.068601052871431
TMEM187 (8269),0.06861014208718008
CCDC34 (91057),0.06861070829716724
NTRK2 (4915),0.06861126117134646
IP6K1 (9807),0.06864357993234269
THTPA (79178),0.06868332516402495
TMEM245 (23731),0.06868443898579873
MSL1 (339287),0.0686907812312132
ANKRD17 (26057),0.068707441293713
PLIN5 (440503),0.068731383302553
NEK4 (6787),0.0687366354549668
ANKEF1 (63926),0.06874160926995002
ARHGAP26 (23092),0.06875672006680582
MAP4K1 (11184),0.06878868575608924
TNKS1BP1 (85456),0.06878965338058794
EEIG1 (399665),0.06879189506044987
FLRT2 (23768),0.06884132959409098
CCDC85B (11007),0.06892853329168683
PSMD9 (5715),0.06893200864127695
P2RX6 (9127),0.06893213726145894
ARRDC3 (57561),0.06893930156645187
OR4S2 (219431),0.068948968026114
EML6 (400954),0.06895939452442987
NUP58 (9818),0.06900048755810188
HOXD10 (3236),0.0690009351784335
RHNO1 (83695),0.06902528320918128
BCL2 (596),0.06903645297693714
ZNF730 (100129543),0.06905219008272678
SMAGP (57228),0.06905922845138598
BRPF1 (7862),0.06907052106027527
IL1B (3553),0.06909157470093079
ZNF443 (10224),0.0690958892458681
TMEM242 (729515),0.06909789083673958
PGLYRP3 (114771),0.06909972661264926
WIF1 (11197),0.06910661468299124
ZMAT5 (55954),0.06913026127281646
BLVRB (645),0.06913418253286169
TERT (7015),0.06913631228509079
C18orf21 (83608),0.06914477753146034
DBNDD1 (79007),0.06917301841086994
TSLP (85480),0.06920596864006016
ZNF536 (9745),0.06924247470006055
CREBL2 (1389),0.0692650170899324
TMF1 (7110),0.06929781578305709
DLG1 (1739),0.06930933870232733
PBXIP1 (57326),0.0693126924475171
FRMPD4 (9758),0.06933361673731277
GID8 (54994),0.06935913897449024
TBC1D26 (353149),0.06936048473222595
MFSD6L (162387),0.0693916294686718
NR3C1 (2908),0.06940190923687953
CDH23 (64072),0.0694200821646993
CATSPER4 (378807),0.06942098252038328
ARFGEF3 (57221),0.06942258779246305
LORICRIN (4014),0.06943140748549474
CGRRF1 (10668),0.06951146922070739
ENPP3 (5169),0.06951831588069197
FIBP (9158),0.06953682013728035
C1orf131 (128061),0.06954496845421572
CRH (1392),0.06956898752671821
STC2 (8614),0.06956979917103405
RPRD2 (23248),0.06958601915325882
HNRNPUL1 (11100),0.06959658766959344
ATP8B1 (5205),0.06960622250846714
COX4I2 (84701),0.06961401838037133
AGBL5 (60509),0.06961965815397979
GOLGA6D (653643),0.06963549952418817
RANBP1 (5902),0.06964961082900585
SEPTIN11 (55752),0.06965472855580637
CLDN3 (1365),0.0696693480470123
ANXA2R (389289),0.06970491334587876
CFHR3 (10878),0.06974777652742811
TSACC (128229),0.06974995262813787
SAMD14 (201191),0.06975972753651279
TMEM64 (169200),0.0697654288666484
CAMK1G (57172),0.06977959760586505
PUS7L (83448),0.06978028590400973
ZNF404 (342908),0.06981256283945375
SEC23A (10484),0.06985383915694174
SLC12A9 (56996),0.06985558616354923
MAL (4118),0.06986517733690187
MAGEB6 (158809),0.06987485849305648
SYNE1 (23345),0.069918168089068
GCDH (2639),0.0699477426147382
PAX7 (5081),0.0699683615256185
DOK5 (55816),0.06998769901678976
FAM219A (203259),0.07000928347597069
ITGAM (3684),0.07002420690790194
CCN2 (1490),0.0700365324093891
ITPKC (80271),0.07007332362100276
AGAP6 (414189),0.07007401875370428
RNF183 (138065),0.07007767444321233
TINF2 (26277),0.07009266841812796
ADGRF4 (221393),0.07012762661417338
TGFBR3L (100507588),0.0701291524311996
MRGPRE (116534),0.0701395322829407
RPE65 (6121),0.0701613249867051
IL11RA (3590),0.07016347792276711
UBAP1L (390595),0.07017562389098814
ELMO3 (79767),0.07017649687741616
DNTT (1791),0.0701789650436025
SQSTM1 (8878),0.07018110675281938
GALNT18 (374378),0.07018463367186882
LRRN4 (164312),0.07019159390836344
ASB6 (140459),0.07028506141982802
RARRES2 (5919),0.07029083224289055
CNP (1267),0.07033923913110843
SMAD4 (4089),0.07035068277762795
EIF4A3 (9775),0.07038231972400766
CA13 (377677),0.07038591515089601
ARID3A (1820),0.07039429711866803
DALRD3 (55152),0.07041126947598715
SEC24A (10802),0.07043976272094048
C2orf88 (84281),0.07048339710065006
ALDH3A2 (224),0.07048547031216608
ZNF705B (100132396),0.0704931794380882
XCL2 (6846),0.0705025295884722
WDR47 (22911),0.07052195844420213
EBF2 (64641),0.07052291053579754
PSAP (5660),0.07053178080750157
TRIOBP (11078),0.07055254277583736
GATAD1 (57798),0.07057432707036623
RNF39 (80352),0.07065535018405164
SPR (6697),0.07066168653522117
DOC2A (8448),0.0706645707043678
PLXND1 (23129),0.07066911823414888
KRTAP17-1 (83902),0.07068330251898258
CLEC4M (10332),0.0706929753315488
ITLN2 (142683),0.07069364549988073
TMPRSS5 (80975),0.07072119278872721
PLEKHH3 (79990),0.07072430260331818
PRPF18 (8559),0.07072533883542453
NTAQ1 (55093),0.07073379955504235
BCOR (54880),0.07076503179602324
MUC6 (4588),0.07077322782308082
RWDD2A (112611),0.07082844705290223
MCM6 (4175),0.07083147136105121
ZNF524 (147807),0.0708402543382137
ASTL (431705),0.07084236391158923
SPATA12 (353324),0.07084691353861892
ZNF239 (8187),0.07086597243667458
TFAP2B (7021),0.0708777148404566
DEFB116 (245930),0.07090869310727058
SLC66A1 (54896),0.0709157756174579
ACADVL (37),0.07092073308492275
CD84 (8832),0.07094514824082872
ARL10 (285598),0.07095348777576045
PLEKHG2 (64857),0.07098600747587203
GPX8 (493869),0.07109827877600275
PCDHB8 (56128),0.07109875626134285
GABRB3 (2562),0.07113001509932845
LY9 (4063),0.07113885698217819
RBM6 (10180),0.07114408753104089
TLNRD1 (59274),0.07117379644569803
LILRB1 (10859),0.07118471336312619
ANKRD9 (122416),0.07118621586018528
KRTAP15-1 (254950),0.07118900491467223
FGF6 (2251),0.07120982111585475
PLD3 (23646),0.07126414403366647
MFGE8 (4240),0.07126482649572138
SLC25A39 (51629),0.07133535676623468
NPAS3 (64067),0.07133656564257967
EOGT (285203),0.07134099603492726
MKX (283078),0.07135144858899448
ZP2 (7783),0.07142601472697471
ATOH7 (220202),0.07143017027709035
PLEKHM3 (389072),0.07143975040662161
WFS1 (7466),0.0714932558723945
CLK1 (1195),0.0714934631407966
SLC25A1 (6576),0.07152348094202013
FXYD5 (53827),0.07152629814808593
ATP10B (23120),0.07152859865519032
RTBDN (83546),0.07153029662300417
LTBR (4055),0.0715337591517069
TK1 (7083),0.07153884398010217
EID1 (23741),0.07154276272826211
CCT7 (10574),0.07155302889640247
AGPAT3 (56894),0.07155495352319617
OAZ1 (4946),0.0715765272321868
TECR (9524),0.07157844588751174
ADCY4 (196883),0.0716836708448907
NLGN4X (57502),0.0716838942645057
SLC29A2 (3177),0.07169868955262168
GATA4 (2626),0.07170790636251143
CLIP3 (25999),0.07170828161823
EXOC4 (60412),0.07172074315047242
NAGLU (4669),0.07172294673354221
CASP8 (841),0.0717344759839618
FBXW7 (55294),0.0717540265633204
TBL1XR1 (79718),0.07176101533827738
BCL2L13 (23786),0.071774880128037
ZC3H12B (340554),0.0717907522407709
OR6C3 (254786),0.07181855907600954
CDKAL1 (54901),0.07186001490235581
ARK2N (147339),0.0718831113183033
SOST (50964),0.07192261779933218
HDGFL1 (154150),0.07193976112138699
GSX1 (219409),0.0719444080886292
TTC9B (148014),0.07195929713980931
CNKSR2 (22866),0.0719663761988166
CHD9 (80205),0.07197692515209585
EXOC5 (10640),0.07199852105648842
RPS17 (6218),0.0720186961167732
ZNF625 (90589),0.07207707206388816
HEG1 (57493),0.07209261251455644
DECR1 (1666),0.07210683594748454
CNOT2 (4848),0.07212540319398952
DPY19L3 (147991),0.07214198622215247
CCDC158 (339965),0.07215708522260478
PARD3 (56288),0.07216226438551712
CMTR2 (55783),0.07216936636362567
LHX5 (64211),0.07217470740939162
TAF6 (6878),0.07217799880519035
ATG13 (9776),0.07217813618406053
EDNRA (1909),0.07218220781608428
FOXJ3 (22887),0.07218849995629324
ATP6V1D (51382),0.07221484605976805
ANP32E (81611),0.07222440929243919
C11orf87 (399947),0.07225294476681944
NCOA3 (8202),0.07225578852382337
AKR1C2 (1646),0.07227613283163395
GARIN2 (161142),0.07229615578468755
MEPCE (56257),0.0723198881216944
IFNA16 (3449),0.07234084399943361
LMBR1L (55716),0.07234345633281143
PDZD2 (23037),0.0724403386209227
STARD13 (90627),0.07249533752410729
MYO1F (4542),0.07253620705011651
C17orf58 (284018),0.07257886739262501
SH2D2A (9047),0.07259628231199862
UNK (85451),0.0726245209576661
TMEM91 (641649),0.07262908968358421
WNT9A (7483),0.07267104184607345
IFNE (338376),0.07267292421751502
CNNM4 (26504),0.07268201679533809
ADAMTS18 (170692),0.072700673630944
MAFB (9935),0.0727062881857761
NR2E1 (7101),0.07272524903936506
SOX5 (6660),0.0727378355279484
TRMT1L (81627),0.07280423537318023
GATM (2628),0.07280767726014105
TOR3A (64222),0.07283541860607325
RPL26L1 (51121),0.07285265177892516
OCLN (100506658),0.07285426217867244
STON1 (11037),0.07286156897805736
FOSL1 (8061),0.07289576908937911
CTAGE1 (64693),0.07290018628469078
UBD (10537),0.07290483954993919
SIX5 (147912),0.07290784470582556
OR7E24 (26648),0.07295816980371336
RESP18 (389075),0.0729721788493943
CALML6 (163688),0.0729754118049703
STX10 (8677),0.07300434869308182
ZFPL1 (7542),0.073021772658736
MTERF4 (130916),0.07304007896318272
NADK2 (133686),0.0730493675122291
HDAC2 (3066),0.07306791259935616
LALBA (3906),0.07307475733293554
MMP20 (9313),0.07308008714166615
SEL1L2 (80343),0.07312251528546512
CD40 (958),0.07315291982023543
GRM1 (2911),0.07316997782283628
NYAP2 (57624),0.07321644947898924
RTN4R (65078),0.07323028399198528
TUBA3D (113457),0.07324407374552959
DPYSL2 (1808),0.07327888954729242
DCLRE1C (64421),0.07329656912171724
DEFB113 (245927),0.07330481951362494
PTK7 (5754),0.07332262658419877
GH1 (2688),0.07333150356027303
ERC2 (26059),0.07334384270100724
VASH2 (79805),0.07334730289815161
H3C3 (8352),0.07335192791634823
COL6A3 (1293),0.07338323934196209
RABEP2 (79874),0.07338882962767339
MPST (4357),0.07343260536361407
PDZD4 (57595),0.07344230462155392
CEP70 (80321),0.07346010902448943
CHRNB4 (1143),0.07346762155130253
CNR2 (1269),0.07346845858772819
MYG1 (60314),0.07350575295026243
ARID2 (196528),0.07352297959649369
DUSP7 (1849),0.07352331265929408
U2SURP (23350),0.07353714951768198
OR11H4 (390442),0.0735541406740531
BIRC5 (332),0.07358039724573681
MUCL1 (118430),0.07358900587096201
NCOA2 (10499),0.07360882576359837
ARSG (22901),0.07362584831849346
NPB (256933),0.0736296305155392
UQCC3 (790955),0.0736496368741329
CYP11B2 (1585),0.07365195314063153
GPX7 (2882),0.07367308697600054
BRD2 (6046),0.07372389535586119
GSTP1 (2950),0.07373699150741127
ABHD16A (7920),0.07374033159528834
ZMAT1 (84460),0.07374381475734405
KLK10 (5655),0.07374860029235131
HK2 (3099),0.07376389972267272
NLGN1 (22871),0.07376751753652482
PAFAH1B3 (5050),0.07381520091774421
ANLN (54443),0.07387543214324219
UBE2I (7329),0.07391422773011284
BRINP3 (339479),0.07398159579303092
GLT8D2 (83468),0.07398924816926152
SETD6 (79918),0.07402649548060766
MCHR2 (84539),0.07405650067407177
L1CAM (3897),0.07409236752228601
MGAT5B (146664),0.07418378337117214
ARFGAP2 (84364),0.07420426011895517
FEZF2 (55079),0.07421421718035183
EPC1 (80314),0.07421574625144313
IGFBP7 (3490),0.0742318398882745
IL1F10 (84639),0.07427836690261033
FAU (2197),0.07429994463219111
C3orf33 (285315),0.07431475112424824
LRPPRC (10128),0.07433063891082752
GALNT2 (2590),0.07435207646163115
MSX2 (4488),0.07437219693953528
PAPPA2 (60676),0.07437279438301178
ZNF787 (126208),0.0743811580928534
INKA2 (55924),0.07438467641394185
KRTAP20-1 (337975),0.07440036273777614
HSD3B7 (80270),0.07442288019842855
CDK20 (23552),0.07443038530438534
ARHGEF12 (23365),0.07446014362644036
CHTF18 (63922),0.07446630524438123
TMED1 (11018),0.0744684981578351
NIPA1 (123606),0.07447462827009119
SLC13A4 (26266),0.07447971432167998
RASL10A (10633),0.0745023901763017
MDK (4192),0.07453785999343081
ZNF532 (55205),0.07456765084725749
IFIT3 (3437),0.07456987286093336
NEURL1 (9148),0.07457856810307881
DCAF12L1 (139170),0.0746106282779879
ZNF30 (90075),0.07467765103272822
ZC3H6 (376940),0.07470999198487699
GAL (51083),0.07473691051437462
ZNF75D (7626),0.07475880006861815
GABRA3 (2556),0.07476309305536011
PRND (23627),0.07480131321168253
C2orf68 (388969),0.07480547278783682
NT5DC1 (221294),0.07481899272063341
CMKLR1 (1240),0.07483781629399168
SCAMP4 (113178),0.07485039532038178
NAT9 (26151),0.07485772044671166
SH3BGR (6450),0.07489519471753152
RGL2 (5863),0.07492058368940635
CEP192 (55125),0.07492223999475298
UTP6 (55813),0.07494867860861236
EXOC3 (11336),0.07496015231973105
STMP1 (647087),0.07497650916829124
ZNF354B (117608),0.07502880468443805
DOCK3 (1795),0.07504188381945623
SPACDR (402573),0.07506540522512903
NUDT16L1 (84309),0.07511430836931288
C3orf80 (401097),0.07514517491611092
HDAC9 (9734),0.07514849432879314
RAB1A (5861),0.07517654220404141
SGPL1 (8879),0.07518188583840121
PRRX2 (51450),0.07518848387885685
ARHGEF40 (55701),0.07531430458665055
JPH2 (57158),0.07533202360337779
BBS5 (129880),0.07535244106887554
LAMA3 (3909),0.07538691966630691
ESRP2 (80004),0.07544274565903389
TEX11 (56159),0.07546969184813306
ERBB4 (2066),0.07551187756391123
ADAMTS15 (170689),0.07563449743110527
MPP3 (4356),0.0756414482746896
CCKBR (887),0.07565948374940813
CUL4B (8450),0.07567627027444787
ATP5F1D (513),0.07568806625746105
CIMIP2C (339778),0.07569660675614502
XYLT2 (64132),0.07571104846066364
CPNE2 (221184),0.075750979736499
EXOC8 (149371),0.07575663702269451
BCAR1 (9564),0.07576011214900749
SUB1 (10923),0.07576798976941378
RNF130 (55819),0.07577366496646501
WDR54 (84058),0.07577959178508689
SLC39A2 (29986),0.07579405573623568
SLC9A1 (6548),0.07579882421940656
ASS1 (445),0.07581309373466114
DUSP22 (56940),0.07583451439135269
LAMB4 (22798),0.0758393299762233
CATIP (375307),0.07584494055636792
SLC1A4 (6509),0.07585924862977729
NUP62 (23636),0.07586930011036705
NCR2 (9436),0.07588126436041284
GCAT (23464),0.07594044094090799
ANXA1 (301),0.07597431155599925
AP1S2 (8905),0.07604594671784799
REEP4 (80346),0.0760552626829095
CLEC12B (387837),0.07607502565056694
RTN4RL2 (349667),0.07610188816029916
INAFM1 (255783),0.07616557580212768
IVD (3712),0.07619050766471554
CYB561D1 (284613),0.076196007148884
FCRL2 (79368),0.07619674861016244
FCER1G (2207),0.07620773402266726
MEF2C (4208),0.07621252728282266
HSPBP1 (23640),0.07624127130456033
GLYCTK (132158),0.07631273431718097
NRP2 (8828),0.076321816509031
PTRHD1 (391356),0.07633070323543112
H2AC7 (3013),0.07633576486198135
HPCAL4 (51440),0.07633984528533314
MT1X (4501),0.07637260497384954
ANXA11 (311),0.07641386597212971
AGAP5 (729092),0.07644086078702612
PRICKLE4 (29964),0.07645571435269467
OXA1L (5018),0.07651567120462802
ATF7IP2 (80063),0.07653084892176618
MTUS2 (23281),0.07653102408325099
F2 (2147),0.07654528480716154
OR2T10 (127069),0.07655678517835209
XRRA1 (143570),0.07656163761288767
GBP3 (2635),0.07657751105820228
VIM (7431),0.07660829530674343
DFFB (1677),0.07661854280273231
ETAA1 (54465),0.07666395922607852
STAR (6770),0.07667374574672675
PLAAT5 (117245),0.07668037227502875
CCSAP (126731),0.07668666976421744
FAM169A (26049),0.07672724310480275
CNFN (84518),0.0767471805391456
FGR (2268),0.07675344002305096
EIF4E3 (317649),0.07676008500871559
AVPI1 (60370),0.07676730601493474
OR6C65 (403282),0.07679028714059048
FAHD1 (81889),0.07685096593034875
OVGP1 (5016),0.07694829524479266
CEMIP (57214),0.07695484636224445
RAX (30062),0.0769562047169657
POLM (27434),0.07697564512199259
C5orf24 (134553),0.07697579573651188
NDRG4 (65009),0.0770413673781272
SYTL1 (84958),0.07706540714211654
TSC22D4 (81628),0.07706627280975635
ACTR1B (10120),0.0770724318496985
FAM83G (644815),0.0770767574576958
HSPA4 (3308),0.07712124599051837
CYB561D2 (11068),0.07713770028096831
CLCC1 (23155),0.07713837098635049
WDR25 (79446),0.07714072802156571
LRRC58 (116064),0.07714483266674606
VIP (7432),0.0771593307725861
PAXX (286257),0.07718792627167426
TEX30 (93081),0.07718883544586155
SRRT (51593),0.07719971422202125
GPR107 (57720),0.07720209724002343
SMIM1 (388588),0.07721009930269399
PAK3 (5063),0.07729631239300178
SIGMAR1 (10280),0.07729869137369758
NIPBL (25836),0.07730115576083856
TSPAN31 (6302),0.07731001819428111
PAFAH1B2 (5049),0.07732872965726356
CPSF6 (11052),0.0773430636653059
RASD1 (51655),0.07735269085176591
SPTA1 (6708),0.07737287675128324
PKIB (5570),0.0773797199407123
TMEM106C (79022),0.07739492853635291
APPL1 (26060),0.0774121806849892
REXO1 (57455),0.07741754708647122
NHERF1 (9368),0.07743302263761753
WDR83OS (51398),0.07743846780519972
FAM86B2 (653333),0.07743883986413752
AHSP (51327),0.07746852520434544
AGAP9 (642517),0.07751350723905942
ARL15 (54622),0.07752498901491534
ASB15 (142685),0.07753159836690385
CMTM5 (116173),0.07758265538771782
HAS1 (3036),0.07760560761570381
ITM2B (9445),0.07761553869825129
LRP11 (84918),0.07771333003522093
NUPR2 (389493),0.0777220172876723
ENPEP (2028),0.07774616107212526
REM1 (28954),0.07777236122652369
UBE2D3 (7323),0.07778965018723968
KLF9 (687),0.07780548659850076
COQ8B (79934),0.07780746451427531
PHC1 (1911),0.07782324976141276
AGPAT5 (55326),0.07783923580400576
SLC50A1 (55974),0.07785026428003991
MDM2 (4193),0.07785866411190234
MYO1E (4643),0.07787829195197499
FUT9 (10690),0.07788669041426141
ERICH1 (157697),0.07789672879068725
DNASE2 (1777),0.07790180945405092
PIH1D1 (55011),0.0779405976784133
NPBWR1 (2831),0.07796393334624371
ZNF611 (81856),0.07802980527897843
SLC35E2B (728661),0.07803508971284893
TMEM50B (757),0.07805391549976087
TRIB1 (10221),0.07805605369958127
HSPA9 (3313),0.07814312480941199
SLC13A1 (6561),0.0781526867024856
ATRN (8455),0.07816041167427928
SYNRG (11276),0.07819103568171173
KHDC3L (154288),0.07822363626176769
SPACA3 (124912),0.07824663625858302
CFAP276 (127003),0.07827907687449187
COL9A2 (1298),0.07828500116723303
GFAP (2670),0.07832485346111158
PDCD1 (5133),0.07833166158061673
ACVRL1 (94),0.07833615886569109
SEL1L (6400),0.07834302309464951
IKBKB (3551),0.07834758456477506
TAC4 (255061),0.07843614663761903
UBQLN2 (29978),0.07844261665761784
NOCT (25819),0.07844291768030558
MSMP (692094),0.07844350022045976
DTD1 (92675),0.07849765741605161
C2orf42 (54980),0.07852222928919676
CD2BP2 (10421),0.07854845363877587
TOPAZ1 (375337),0.07858302805458789
MCF2 (4168),0.07859216446648884
ARFGEF2 (10564),0.07860660411522369
HCFC2 (29915),0.07862368610206656
CSH2 (1443),0.0786703156793834
KRTAP22-1 (337979),0.07870830503979788
PKHD1L1 (93035),0.07873160900526763
LILRB4 (11006),0.07874015227494087
TERF2 (7014),0.07875455064700843
H2AC12 (85235),0.07882450125956013
HJV (148738),0.07883172230318039
DMXL2 (23312),0.07883368512748401
AP1S1 (1174),0.07883923617953237
SNX2 (6643),0.07884006725658312
UNKL (64718),0.078841617214393
MANSC4 (100287284),0.07886869886445544
SAPCD2 (89958),0.07891049571992893
TMEM208 (29100),0.07894028985735312
R3HDML (140902),0.07895200913540631
FSCB (84075),0.07898322864149737
NLRP3 (114548),0.07899068480859506
BTNL3 (10917),0.07901141058145086
HAO1 (54363),0.07902882389188896
FGD3 (89846),0.07903783550385163
CUBN (8029),0.07905158121713643
OR1Q1 (158131),0.07906600078744422
PTMA (5757),0.07907010860028155
DDX24 (57062),0.07908094198333857
SULF1 (23213),0.07909314898740386
CEP120 (153241),0.07910266180926254
ELFN2 (114794),0.07914591516404984
KIF20B (9585),0.07916956710575263
SQLE (6713),0.07917472530099261
HSD11B1 (3290),0.0792489601944095
CHCHD2 (51142),0.07926130015426161
PPP2R5A (5525),0.079285441111039
COMP (1311),0.07931029042312589
KLK9 (284366),0.07931300887394448
TMEM200C (645369),0.07932426187320153
OTULIN (90268),0.07933862035340918
ANKS6 (203286),0.07934374658723391
TOGARAM1 (23116),0.07941048480398362
EVA1A (84141),0.07942444656975683
DYNLT5 (200132),0.07942955377736988
HBE1 (3046),0.07943628284245965
PCCB (5096),0.07944228409245484
LCE2A (353139),0.07944895848256296
MICA (100507436),0.07948478638976579
PHOX2A (401),0.07950726759141491
C9 (735),0.07954050393056415
EEF2K (29904),0.07960345209757708
TCTN1 (79600),0.07961374669482969
TGFBR2 (7048),0.07964223870558128
CCDC60 (160777),0.07966471234684423
CCL4 (6351),0.07967062778519529
SMG6 (23293),0.07969580847266737
FAM131A (131408),0.0797141687782762
PHF3 (23469),0.07972533663479615
MACROD1 (28992),0.07972946052947066
ICAM5 (7087),0.07974933659318435
MUC21 (394263),0.07976034794735443
DHX40 (79665),0.07976694923183424
FOXA2 (3170),0.07978293217735895
ST3GAL5 (8869),0.0798167434149415
USP31 (57478),0.07984385969773711
OLIG3 (167826),0.07985777492815285
ERBB2 (2064),0.07986131910227831
FOXL2NB (401089),0.0798857822990832
APH1B (83464),0.07992198069575404
SAMD11 (148398),0.0799227234315222
SPATA31A7 (26165),0.0799319634739776
GMFG (9535),0.07997158288283837
HMG20A (10363),0.07997335020968363
PLXNA4 (91584),0.08003053487865645
ELMO2 (63916),0.08006555474459534
FSIP1 (161835),0.08011423442670047
PCDHB13 (56123),0.0801402071165937
SFRP5 (6425),0.08016091370359657
PLK1 (5347),0.08017037063140667
CCDC3 (83643),0.08017485678607097
LCE2D (353141),0.08018247159077854
FHIP2B (64760),0.08018256370921731
AIMP1 (9255),0.08018890724175984
OR52E6 (390078),0.08018900635339787
OR6K3 (391114),0.08019395023765574
DNAJA2 (10294),0.08022828228883835
VSIG10L (147645),0.08026017119740061
PNPLA2 (57104),0.08026843374794737
ALOX12B (242),0.08028020806160516
OR5D18 (219438),0.08028588942097774
CDKL2 (8999),0.08029572556299634
F11R (50848),0.08030064690339586
MEOX1 (4222),0.08032880840054783
C16orf92 (146378),0.0803792112426797
GSTCD (79807),0.08037953353032046
BRAT1 (221927),0.08039135536795453
FTSJ3 (117246),0.08043471776378067
ULK1 (8408),0.08043632786298945
PCDH15 (65217),0.0804434874212964
CCL11 (6356),0.08057029543796625
MAB21L3 (126868),0.08057975130030479
ERMN (57471),0.0805834613926503
NAV1 (89796),0.08058348405764881
CBFA2T2 (9139),0.08058649394118086
CORO2B (10391),0.08061170647927522
USP18 (11274),0.08063280665235266
KRTAP19-4 (337971),0.08063637186801911
RGL1 (23179),0.08066309033532616
DGCR2 (9993),0.08067188253926397
C1QC (714),0.08074160568919202
NRARP (441478),0.08076077383372979
CIC (23152),0.0807717132108002
TBL1X (6907),0.08079210488151627
ART3 (419),0.0807967625926994
TNFAIP8L3 (388121),0.08081357885374078
RPLP0 (6175),0.08082667300585852
MSGN1 (343930),0.08082801725421503
TMEM214 (54867),0.08082995051180512
PRODH (5625),0.08083213040149242
LRP12 (29967),0.0808589861886177
HDAC5 (10014),0.0808681650812979
IPMK (253430),0.08087332818333746
ICAM4 (3386),0.08090177525255055
GDI1 (2664),0.0809272433850869
BRICD5 (283870),0.080936611055445
THAP10 (56906),0.08095324979496894
NLRC5 (84166),0.0809861019069585
ARHGAP5 (394),0.0809890356604816
CBFB (865),0.08104648436845222
KLHL8 (57563),0.08105595243326218
IL10 (3586),0.08108020581307616
ZNF500 (26048),0.08111533103924877
DKKL1 (27120),0.08114617625703778
BCL11B (64919),0.08116622294521636
ORM1 (5004),0.08121565024240732
ZNF396 (252884),0.081350409158038
PRLHR (2834),0.0813596385162815
ELOVL2 (54898),0.08141710718491665
SCARB1 (949),0.08141854879260302
ZNF280B (140883),0.08144587563205377
WRNIP1 (56897),0.08149460239616198
CRIM1 (51232),0.081509569223734
HDC (3067),0.08157219919855926
BRAP (8315),0.08158220202914523
KCTD6 (200845),0.08159537511509428
PSMB8 (5696),0.08160023056825545
PPM1L (151742),0.0816330565557691
TRIM47 (91107),0.08164836826550492
CCL28 (56477),0.08165056458642313
FAM167B (84734),0.08167174222772794
MTMR9 (66036),0.08174188336108576
UBE2L6 (9246),0.08174572554728413
POLR1E (64425),0.08176224826013427
BPI (671),0.081781350165648
HERC1 (8925),0.08181545993190478
RGL4 (266747),0.0818929666878448
CDK2AP2 (10263),0.081975315202556
SLC10A1 (6554),0.08200329521651159
CHRM3 (1131),0.0820198631324487
B3GNT7 (93010),0.08202596916774757
CARNS1 (57571),0.08204770863532372
JAM2 (58494),0.08205428674945145
RAB18 (22931),0.08208069506494657
VCL (7414),0.08209390190466694
PDE10A (10846),0.0821238663419945
HNF4G (3174),0.08212423215245934
ZNF263 (10127),0.08212955526741934
CNNM3 (26505),0.08213703799664175
KLHDC3 (116138),0.08218234977365957
MARCHF9 (92979),0.0822127486718803
ATF6B (1388),0.08224628921064533
BPIFB1 (92747),0.0822619678171029
BRWD3 (254065),0.08227102892930419
PITRM1 (10531),0.08232076930039002
TMEM101 (84336),0.08232332261227426
ACOX3 (8310),0.08232505222798389
DGCR6 (8214),0.0823278557219083
B4GALT1 (2683),0.08234750523891607
JUNB (3726),0.08235391882856462
NRM (11270),0.08236138535657886
PREX1 (57580),0.08236508071808787
VSNL1 (7447),0.08239406324049972
BCAN (63827),0.0824238451254871
TREX2 (11219),0.08242921495600752
OR8U1 (219417),0.08243566013245264
FGL2 (10875),0.08243879795347167
SOX9 (6662),0.08244192254550452
SLC38A2 (54407),0.08244474996690752
CCDC66 (285331),0.0824773147244425
CHST11 (50515),0.08253400069902685
MRC2 (9902),0.08253647849635906
DZIP1L (199221),0.08253740828866893
SENP1 (29843),0.08255561294431371
OR5D14 (219436),0.08257862114965166
RRS1 (23212),0.08270185410660427
PDE3A (5139),0.08272706161281637
H4C13 (8368),0.08273958209829532
MB21D2 (151963),0.08275422050684388
LRRC70 (100130733),0.08275753448193153
SPINK4 (27290),0.08280322400434972
SPIC (121599),0.08282667998507584
ATP5MG (10632),0.08283677216565256
STX11 (8676),0.08284063598256822
ATP8B4 (79895),0.08290612254098764
PABPC1 (26986),0.08296207569368741
BCAR3 (8412),0.08304004342691121
CDC25B (994),0.08311513104224992
HOXB5 (3215),0.0831740826464499
C19orf67 (646457),0.08318128013091178
ELF1 (1997),0.08321142346490536
ACSM4 (341392),0.08323015542445288
EPS8L2 (64787),0.08323170235894148
CSPP1 (79848),0.08323776597880117
GNG13 (51764),0.08329450455629736
GIMAP4 (55303),0.08333064999232391
ISG20 (3669),0.08340798898856344
BPIFA1 (51297),0.08342842092597533
DNAH2 (146754),0.08344653655155124
SAFB (6294),0.083451517134829
HNRNPLL (92906),0.08358481411120813
H2BC1 (255626),0.08366933434330186
DNAH7 (56171),0.08370802102568069
TDP2 (51567),0.08371031045586128
ARHGAP9 (64333),0.08372302766111507
ALDH3A1 (218),0.08376154441177384
ANKRD39 (51239),0.08377248452733627
PMEL (6490),0.08377863940126398
RASGRP3 (25780),0.08379070498819342
FGF19 (9965),0.08379670726040762
ACACA (31),0.08381813893146298
IBTK (25998),0.08386469242244128
PDE1C (5137),0.08388553751219802
LAMA2 (3908),0.08390610279810747
B3GALT2 (8707),0.0839164200397677
SPIDR (23514),0.08395702430566085
DDA1 (79016),0.08402312657804686
ZNF330 (27309),0.08402974780587728
POLL (27343),0.08411123286209946
ZNF45 (7596),0.0841357204288026
MMP19 (4327),0.08413587186098506
CDH20 (28316),0.08414705551487882
ARRDC5 (645432),0.08417458560433297
CSKMT (751071),0.08418172214507966
DEF8 (54849),0.08421128574352262
DOT1L (84444),0.0842123291694388
LRRC40 (55631),0.0842238671141865
MTMR11 (10903),0.08427112298066622
SYN3 (8224),0.08429317109233066
ACTL10 (170487),0.08431355305167815
GLCE (26035),0.08434226520387322
WNT4 (54361),0.08437422388336438
PTPRA (5786),0.08440642634104174
RAB40AL (282808),0.08442520423944536
DCST2 (127579),0.08443225521169714
ERLIN2 (11160),0.08443424052296737
LRRN3 (54674),0.08457341745965877
MTCH1 (23787),0.08460367236060486
CCL22 (6367),0.08462533360442784
CYP17A1 (1586),0.08462938172503882
CWF19L2 (143884),0.08463937757751336
CTXN1 (404217),0.08464125330313337
CREB3 (10488),0.08467345080736115
MOSMO (730094),0.08469266427547661
ZNF334 (55713),0.08473488034993801
OLFM3 (118427),0.08477150637356817
TNK1 (8711),0.08483484529086924
SEBOX (645832),0.08483552971098748
BMS1 (9790),0.08484941293623798
GC (2638),0.0848725997735904
SETD5 (55209),0.08488498952528771
GNPDA2 (132789),0.08501147099301361
MARK2 (2011),0.08501697474976957
MERTK (10461),0.085020315293619
WAC (51322),0.08502582709685151
CACNA1D (776),0.08505462679677421
ADGRG6 (57211),0.08511827694537814
WFDC8 (90199),0.08515799121478121
ITPRID1 (223075),0.08515875016345811
TRIM11 (81559),0.08516697836804113
NPM3 (10360),0.08518654727632556
SLC5A10 (125206),0.08524063919147198
SETD2 (29072),0.0852861550273004
ADAMTS6 (11174),0.08528870444330261
GABPB2 (126626),0.08529802491858621
RPLP1 (6176),0.08529905074174282
LOXL4 (84171),0.08532813123922638
POMGNT1 (55624),0.08534806712364651
ALDH3B2 (222),0.08536975340554218
ZNF573 (126231),0.08547767596615936
BMI1 (648),0.08549265350567152
RPGRIP1L (23322),0.08550892483164713
EVPLL (645027),0.08550961288630957
EME1 (146956),0.08557822181791357
EPHA2 (1969),0.08560249793393879
TIPARP (25976),0.08561162196807737
CYP27B1 (1594),0.08562429909417835
CTDSP2 (10106),0.08565036502891259
TFF2 (7032),0.08565501441087034
ACTL6B (51412),0.08571636296235194
CCNG1 (900),0.08574064026022923
XPO7 (23039),0.0857987010409213
BCKDHB (594),0.08580432688778057
AP2B1 (163),0.08581985673619208
ZNF320 (162967),0.08583123329704034
STYXL2 (92235),0.08586824557896297
FOXP4 (116113),0.08587245388861162
SEMA5A (9037),0.08588023454858658
ZNF74 (7625),0.08588995254338756
FIS1 (51024),0.0859988912868976
BTF3L4 (91408),0.08601042967225428
FMO2 (2327),0.08604761492731204
CDK15 (65061),0.08606753055664088
ADAM30 (11085),0.08607380740282948
AKAP8L (26993),0.08609996262880434
KCNA3 (3738),0.08614068837341249
PWP2 (5822),0.0861468970376156
UTS2B (257313),0.08615923575980061
MXD1 (4084),0.08617952050886635
ZGRF1 (55345),0.0861811657802696
SLC7A7 (9056),0.08621988818454444
MAGEE2 (139599),0.08623705881915403
ZNF32 (7580),0.08625512770384622
EMP1 (2012),0.08631944601044014
RASSF1 (11186),0.08639333216644164
ZNF704 (619279),0.08641566566343391
MCM8 (84515),0.08643066266214362
EPHA3 (2042),0.08643118855788616
PUS3 (83480),0.08643129297514349
GRIN2C (2905),0.08651012412667233
ARSF (416),0.0865124308957566
IP6K3 (117283),0.08651330414952699
ARNT (405),0.08651621682012578
ODAD1 (93233),0.08652886838141802
LIMD2 (80774),0.08655553906030204
SCIMP (388325),0.08658609544721871
PITPNM1 (9600),0.08666918187797339
TRMT12 (55039),0.08668727519326888
SKA2 (348235),0.08672951766132024
CTNNA2 (1496),0.08675543173713338
ADIPOR2 (79602),0.08675898210844939
BCAT1 (586),0.08677508462302201
TERF2IP (54386),0.08679306497843357
TIGD7 (91151),0.0867938331374923
ATP4A (495),0.08679386783831275
SAMD9 (54809),0.08679676321932865
ADORA2A (135),0.08680060161871131
MCM9 (254394),0.086822475854611
CDH17 (1015),0.08683375946759309
KCNJ13 (3769),0.08687146764304807
BTC (685),0.08688338866123876
CDK5RAP1 (51654),0.08689827780689877
SLC44A1 (23446),0.08691837254352115
OLIG2 (10215),0.08691888520356403
ITGB6 (3694),0.08692777289404549
MICALL1 (85377),0.08692918634769203
OTOG (340990),0.086964997268851
CCSER1 (401145),0.08708262697390833
ETHE1 (23474),0.0871383961401485
FBXW4 (6468),0.08716518475525814
SNRPA (6626),0.08724820530373764
PRICKLE3 (4007),0.08732539400719139
PSORS1C2 (170680),0.08734950541558381
KIF22 (3835),0.08736410642842388
UNC5B (219699),0.08738432215158834
MAP2K3 (5606),0.08738743184204602
CYP11B1 (1584),0.08744958367272897
METTL25B (51093),0.08744959150367873
H3C4 (8351),0.08747653034284622
IRX6 (79190),0.08750128598106108
EIF2S2 (8894),0.08750575646663475
NPFFR1 (64106),0.0875108430195666
EPN2 (22905),0.08753068385668852
PCYT1B (9468),0.08753925271930932
HOXC5 (3222),0.08755874964056454
GIN1 (54826),0.08758933994085828
SMARCD2 (6603),0.08759828239624755
SUPT16H (11198),0.08762383750736387
SENP2 (59343),0.08767863500497372
GREB1L (80000),0.08769941118457328
HM13 (81502),0.08770624463578196
C3orf38 (285237),0.08785092066092862
URI1 (8725),0.08785497178770356
ZNF471 (57573),0.08786699985768098
SASH1 (23328),0.08789403470054963
SIGLEC8 (27181),0.08790064695996933
SOWAHA (134548),0.08790344093653772
FBN2 (2201),0.08791290743658864
ERAS (3266),0.08793532531710516
PAN2 (9924),0.0879380552338875
OR10C1 (442194),0.08798752314995821
MIDN (90007),0.08800078262111229
CRCT1 (54544),0.08800575519202866
DNAJB1 (3337),0.08801885615010131
NONO (4841),0.08801935379157866
DEFB119 (245932),0.08802876991956173
PLOD1 (5351),0.08803366068875158
OSGEPL1 (64172),0.08805211565665416
TRAPPC13 (80006),0.0880925324930884
TSPAN4 (7106),0.08814733977799039
ZNF768 (79724),0.08814967067207716
PCP4 (5121),0.08817069506192429
USP42 (84132),0.08818342341866771
CD160 (11126),0.08818351683459838
CELSR3 (1951),0.08820528027925564
PYROXD1 (79912),0.08822043305788971
EIF3A (8661),0.08823957594420614
CCL14 (6358),0.08826563175018712
DRD5 (1816),0.0882707805521519
CCNT1 (904),0.0883033299597962
RASGRF1 (5923),0.08830948449092688
SOCS7 (30837),0.08831837924186432
TNFRSF10B (8795),0.08833808497530535
TEAD4 (7004),0.08833986967853584
SACM1L (22908),0.08835507546204369
FZR1 (51343),0.08836439426080339
COX7A1 (1346),0.08836989472348264
ATP6V1C1 (528),0.08837982105132244
TMBIM1 (64114),0.08840240258899114
ISM1 (140862),0.08840759696150469
ATP13A2 (23400),0.08842050951789834
VWA1 (64856),0.08844543271913068
MFAP1 (4236),0.0884646925630741
C2orf72 (257407),0.08848644273258621
OSBPL1A (114876),0.08851200645127222
STRAP (11171),0.08854873654470133
KRT32 (3882),0.088640351630316
NOS2 (4843),0.08867964275992574
PGRMC1 (10857),0.08868115529794192
SDSL (113675),0.08874047646147246
GRIP1 (23426),0.0887452992047473
UNC5A (90249),0.08877355463475471
IVL (3713),0.08877735348392653
VGF (7425),0.088779314648856
NAA15 (80155),0.0888223024942614
MEIOC (284071),0.08883656002315644
PARP16 (54956),0.0888379698127417
CLEC1B (51266),0.0888541985635675
CNTFR (1271),0.0888780609254765
DNAAF10 (116143),0.0888798148823799
OSBP2 (23762),0.08891241182253784
GBF1 (8729),0.08891884381380352
NKX2-4 (644524),0.08893001720489921
AIFM3 (150209),0.08894507040103412
AQP10 (89872),0.08897665427734887
PIERCE2 (145788),0.08901407906257805
FBXO31 (79791),0.08902833429331475
CEACAM19 (56971),0.08905307663913237
GKN1 (56287),0.08907008074196901
SNX27 (81609),0.0890771992838456
KRT25 (147183),0.08910107690190053
TMPRSS15 (5651),0.08915726629076717
IQCF1 (132141),0.08916708888222882
GABRR1 (2569),0.08922852139390891
ISG15 (9636),0.08926534278805083
SHISA2 (387914),0.08927216231869922
CDC14A (8556),0.08928896786560252
GEMIN7 (79760),0.08929609701749641
CYB561 (1534),0.08936237654832138
RNF25 (64320),0.08938749920448039
ZNF582 (147948),0.0893880701505256
ARHGAP44 (9912),0.08940698367545148
DOP1A (23033),0.08950503880909298
BRCA1 (672),0.08953580793440927
AGO3 (192669),0.08954125781018016
PRPF3 (9129),0.08955021389041765
LRRC46 (90506),0.08957572636136173
CALCRL (10203),0.08968023598411463
RAB3IP (117177),0.08969093673415587
ARHGEF28 (64283),0.08972240965028819
VPS35L (57020),0.08975507200527627
ZMYND10 (51364),0.08976963944060379
ATP5MF (9551),0.08977915756278092
TMTC4 (84899),0.08979243791898767
SHFL (55337),0.08983150956469209
OR52M1 (119772),0.08984465922404831
L3HYPDH (112849),0.08986057466363676
BASP1 (10409),0.08990323201567382
YJU2 (55702),0.0899556174090328
HMGN1 (3150),0.08998699951617838
PTPN23 (25930),0.09004230533051957
SUPT4H1 (6827),0.0900519491485601
MT3 (4504),0.09006881515384439
POU4F1 (5457),0.0901184510219583
EIF4E2 (9470),0.09012927829744233
LRRK2 (120892),0.0901579391759165
H2BC17 (8348),0.09018509763667037
DPP8 (54878),0.09018999737528469
TAX1BP3 (30851),0.09019753648039538
KLF4 (9314),0.09019882969132106
OR10T2 (128360),0.09020402172403291
IQSEC3 (440073),0.09021745293747638
KMT5B (51111),0.09024575494472149
LRP2 (4036),0.09024830289924497
ELMO1 (9844),0.0902514609112099
NHEJ1 (79840),0.09025506160235296
SLC43A1 (8501),0.09027661810347062
LGR5 (8549),0.09035403916846271
ORC4 (5000),0.09035950679222146
DHRS4L2 (317749),0.09036429992179612
RAB19 (401409),0.09039983060549356
MAFK (7975),0.09047360248203183
SLC52A2 (79581),0.09048147296843805
SREBF1 (6720),0.0904960612038777
AJM1 (389813),0.09050533996072158
G0S2 (50486),0.09050643717159561
IGSF11 (152404),0.09052413875652512
BLMH (642),0.09052830017100498
KCNK2 (3776),0.09052842445500488
OR10G3 (26533),0.0905632416766037
TSSK6 (83983),0.09059081267957358
PPM1B (5495),0.0905985137668743
VSIG4 (11326),0.09060086237934414
SAR1A (56681),0.09060440562351257
EFS (10278),0.0906045619163136
TMEM9 (252839),0.09063988918727989
SLC4A9 (83697),0.0906675642615272
KCNK18 (338567),0.09068188390809666
CXorf65 (158830),0.0907041807260062
ARHGEF1 (9138),0.09070630352347582
TM9SF3 (56889),0.09080422799866501
PHF20 (51230),0.09082758732044013
SLC25A48 (153328),0.09093664037912093
SP140L (93349),0.09096902594624344
FAM193A (8603),0.09102547748345358
ZNF143 (7702),0.09103373480389429
FBXO21 (23014),0.0910528419667955
CHIT1 (1118),0.09107052036019295
GPR4 (2828),0.0910708974740112
BID (637),0.09109838673225609
ITLN1 (55600),0.09111650114455329
ZC3H4 (23211),0.09113863340778423
SYCN (342898),0.09116728402070669
PGAM2 (5224),0.09118639392670524
CLK3 (1198),0.0912389385508358
SRRM2 (23524),0.09124955649183031
MATN1 (4146),0.09125012959369268
HINT3 (135114),0.09131042384021484
HP1BP3 (50809),0.091318543663253
STARD3 (10948),0.09135275829493653
SSUH2 (51066),0.0913558105193234
HES2 (54626),0.09139744494766211
IL17RA (23765),0.09144659439331167
CDH26 (60437),0.09155568503775768
HCN1 (348980),0.091576523541509
VAMP1 (6843),0.0915873834993685
NCAPH (23397),0.09166914025139845
GGA3 (23163),0.09170434248632857
ADGRG4 (139378),0.09171310473198421
STAT6 (6778),0.09179280020040048
UBA7 (7318),0.09180648822947793
MARK3 (4140),0.09181382485832358
ZNF764 (92595),0.09183130390533134
FOXRED2 (80020),0.09184052513717479
MYLK (4638),0.09184117537859753
GRHL3 (57822),0.09187700123111316
IMPDH1 (3614),0.09191559752065295
COPZ1 (22818),0.09191780236603922
PYGO2 (90780),0.09191863700137469
UCN3 (114131),0.09194672223024
PCDHA3 (56145),0.09195976435602374
TAFA4 (151647),0.09196464178129538
DNMBP (23268),0.09202636259904631
SLC38A9 (153129),0.09203866762909588
XRN1 (54464),0.09205389951516078
CEP72 (55722),0.09206981805767508
C19orf38 (255809),0.09207474845783148
ADAMTSL3 (57188),0.09208418907487262
SS18 (6760),0.09208500918754585
TNPO2 (30000),0.0921435057434384
ATG7 (10533),0.09215618021443482
CALML5 (51806),0.09218052026618874
CARD10 (29775),0.09226463697275353
CKAP2 (26586),0.09231065555073241
GP2 (2813),0.09233041806943262
MED31 (51003),0.09234326287687752
LCLAT1 (253558),0.09239064894138929
MDFI (4188),0.09240355391165223
PCSK9 (255738),0.09244419414354751
TASOR (23272),0.09244880268915998
HES5 (388585),0.09246534956553962
MTF1 (4520),0.09248139863622377
HEATR4 (399671),0.09248151019101716
KHDC4 (22889),0.09251841203640612
AMFR (267),0.09263709280408998
PRSS12 (8492),0.0926891078355155
TNFRSF19 (55504),0.09269358487317088
WDFY2 (115825),0.09276447385405162
DCP1B (196513),0.09280733652141325
GPR162 (27239),0.09282959207724359
PPP1R37 (284352),0.09283498935024144
USP3 (9960),0.09296051112716988
KCNN3 (3782),0.09301027634790433
LHB (3972),0.09303659487588299
MAGOHB (55110),0.09303838677354098
ZNF488 (118738),0.09305906817186797
EDNRB (1910),0.09313756792904473
PGAP4 (84302),0.09316656801714371
PHF21A (51317),0.09318165801747755
CREG1 (8804),0.09321114741970578
AKIRIN2 (55122),0.09333537355516537
COMMD6 (170622),0.09334533381575624
METTL8 (79828),0.09339281921826725
SYNGR1 (9145),0.09345685715270069
R3HDM2 (22864),0.09347064141656189
LRRC3B (116135),0.0935746118529859
SIAH1 (6477),0.0936375744209221
ROR2 (4920),0.09366449714650571
GTF2A1L (11036),0.09369597753635554
FAM43B (163933),0.09376225535758949
OR51V1 (283111),0.09378252003295069
ZNF106 (64397),0.09386125960975283
RAB33A (9363),0.09390699184476416
LIPI (149998),0.09396570907482917
TIGD2 (166815),0.09400320795563677
CACNA1A (773),0.09406323230309085
HPD (3242),0.09406673808793789
TCTN2 (79867),0.09410135126457778
INTS1 (26173),0.09414739725553709
KRT7 (3855),0.09420660165571411
VPS26A (9559),0.0942801968615532
FAM3D (131177),0.09432796877055953
DIAPH1 (1729),0.09438947193969255
STX18 (53407),0.09442859489093425
SRP68 (6730),0.09443067656236145
SOX13 (9580),0.09444355547598715
TMEM30A (55754),0.09445353221225469
ERGIC3 (51614),0.0944844982337352
GNG5 (2787),0.09448940330086167
ADRB2 (154),0.09459469422399738
RAB43 (339122),0.09460263105711926
MORF4L2 (9643),0.09466410157248792
NAT8 (9027),0.09471649060298454
FZD4 (8322),0.09481868809418531
HNRNPDL (9987),0.0948509932033157
PCDH18 (54510),0.09488798097016256
PRP4K (8899),0.0949343915771697
MTHFD2 (10797),0.09497523139519401
FAM117A (81558),0.09500316794779515
CELA3B (23436),0.09504196586856188
RFC2 (5982),0.09505606697142518
OR9G4 (283189),0.09512502681782214
ITIH4 (3700),0.09514421631055393
CELA2B (51032),0.0952045349323932
CENPL (91687),0.09524409945969121
NADSYN1 (55191),0.09525532662643715
COPS8 (10920),0.09526179606128393
OR7G2 (390882),0.09529151378224857
GRHPR (9380),0.09530250159889304
HGH1 (51236),0.09532186491288767
TRIM52 (84851),0.0953321751870878
TMPRSS7 (344805),0.09533304492244983
TROAP (10024),0.09534341074806853
CNPY3 (10695),0.09534517818277623
APP (351),0.0953498459061723
SRL (6345),0.09535644782688847
NUDT8 (254552),0.09537182153325635
MAD1L1 (8379),0.09538541184638973
ATP5F1C (509),0.0954340488192178
RB1CC1 (9821),0.09545770313790973
CCT6A (908),0.09546941267131145
PNN (5411),0.09559500101297189
ITPR3 (3710),0.09560767929137555
GEMIN6 (79833),0.09561506206965406
ZNF519 (162655),0.09565387261175218
SLC25A52 (147407),0.09572506512158724
EMX1 (2016),0.09575857370999177
EVA1B (55194),0.09579516496106569
WEE2 (494551),0.09582181311456231
NOL11 (25926),0.09583901043880086
DNAJC5B (85479),0.09585826171056924
TARS1 (6897),0.09587948069292618
SFTA2 (389376),0.09591163257341676
KCTD21 (283219),0.09592048611534786
PTPN1 (5770),0.09596477521988184
LEMD2 (221496),0.09600212686144885
ATG10 (83734),0.09600395306814674
POLR2G (5436),0.09603398836821912
PAXBP1 (94104),0.09605194270793582
IRF1 (3659),0.09613189894416525
MAGEE1 (57692),0.09614407820201913
CLCN2 (1181),0.09618230082460619
H2BC8 (8339),0.09621245287517967
PHKB (5257),0.09628579289309937
RPAIN (84268),0.0963140547777441
FMNL2 (114793),0.09631758144178855
ZNF71 (58491),0.09639909458610088
FADS2 (9415),0.09643366023702252
SMIM29 (221491),0.0964433439067664
CSDE1 (7812),0.0964489063319933
WIPI2 (26100),0.09644925261202056
AXIN2 (8313),0.09645687626717017
MSN (4478),0.09647728781479516
GLE1 (2733),0.09649348751890545
LAMC2 (3918),0.09654814064834887
ZNF415 (55786),0.09658126979614781
DBF4B (80174),0.09659705004897581
MAP3K7 (6885),0.09660642826050274
MCM3 (4172),0.09670581298654046
ARF4 (378),0.09672329668234621
MRPS12 (6183),0.09673090489057197
SPCS2 (9789),0.09673864003945201
TRIO (7204),0.09676742287251301
CHTOP (26097),0.09676945035895337
RHPN2 (85415),0.09684632279022314
C19orf84 (147646),0.09698213270659375
GGH (8836),0.09698364778856819
MARCHF10 (162333),0.09699352860557058
MINDY4 (84182),0.09699814963622236
PCTP (58488),0.09703619545410827
HOMEZ (57594),0.09721275210788742
ADGRF1 (266977),0.0973024039135429
TMEM131 (23505),0.09730603116979111
GINS3 (64785),0.09733699293626104
KRTAP26-1 (388818),0.09734507492391675
POLD4 (57804),0.09737872517578633
IQCD (115811),0.09739519895559454
IRF3 (3661),0.0974331493440284
SYT11 (23208),0.09743743926367657
CISH (1154),0.09748779255423475
RHD (6007),0.09751994652518414
GREM2 (64388),0.09753064219931903
MAF (4094),0.09753088842605594
RBL2 (5934),0.09754679049962411
ELK1 (2002),0.09759511250835683
GLT8D1 (55830),0.09765564599475504
OR4P4 (81300),0.09766455369454272
AHI1 (54806),0.0976819059979623
CXCR4 (7852),0.09769941764732817
ZC3H8 (84524),0.09772170463715886
OR2W1 (26692),0.0977525160251078
EIF6 (3692),0.09777512606122032
CDH15 (1013),0.09780807139840322
ATPAF2 (91647),0.09786308888297846
MBOAT7 (79143),0.09795578158623994
ACOT2 (10965),0.09799493210073905
PARD6B (84612),0.09807763712478575
CNGA4 (1262),0.09809483984418284
RAD51C (5889),0.09811852127487689
FAM32A (26017),0.09820072524413088
AFF2 (2334),0.09821153490689406
TCF12 (6938),0.09822773886215187
PAF1 (54623),0.09841678573541643
GPR75 (10936),0.0984277392370222
EID2 (163126),0.09845062293959128
CNTF (1270),0.09846112274303055
RUFY2 (55680),0.0985117465852491
TGFB1 (7040),0.09854284473522099
UBE2Q1 (55585),0.09855179566005653
ADGRB3 (577),0.09859909903414325
TMEM94 (9772),0.09863074685112269
BACE2 (25825),0.09864869012652111
CDNF (441549),0.09866381315876975
RNF208 (727800),0.09871238633894872
DHRS4 (10901),0.09880037795872769
IL1R1 (3554),0.09882957736982463
OR4D9 (390199),0.0988384229478297
PDCL3 (79031),0.09885375306395586
OS9 (10956),0.09891177784722438
ZNF507 (22847),0.09892813019042032
ZEB1 (6935),0.09894943427528134
PRODH2 (58510),0.09906699010531506
TXNDC9 (10190),0.09908667757693938
KLHL14 (57565),0.09912698447675475
SH2B1 (25970),0.09913818507865325
ANKRD33B (651746),0.09916438117253161
SPATA24 (202051),0.09916472564859746
SAXO4 (220004),0.09918216273395353
GMCL1 (64395),0.09928216673584087
MCOLN2 (255231),0.09928563115142663
SPINK1 (6690),0.09941128456617614
SNX24 (28966),0.09949642497713167
SMAD7 (4092),0.0995455279299367
COPS6 (10980),0.09961509765592447
DDX47 (51202),0.09963269558844626
NCBP3 (55421),0.0996793278329097
TTLL9 (164395),0.09971897052119554
KRT26 (353288),0.09983374041635978
LSAMP (4045),0.09990208972983426
FHIT (2272),0.09992471749379993
TGM7 (116179),0.09992781306472129
NKX2-2 (4821),0.09993615931785185
FOXP3 (50943),0.09995579886369753
CTTNBP2NL (55917),0.10001883333425063
DRD4 (1815),0.10005253422280522
KRT33A (3883),0.10013606476507736
PTPN9 (5780),0.10017191074060401
NKAIN2 (154215),0.10029325246049947
RAPGEF1 (2889),0.10031236040826952
AKT1S1 (84335),0.10034056227289474
KRTAP10-10 (353333),0.10034090516553414
SPAG1 (6674),0.10044612075524055
HAPSTR1 (29035),0.10044668094940006
TMEM115 (11070),0.10045385947083754
APC (324),0.10046418222076217
PDCD5 (9141),0.10050292505730256
PKLR (5313),0.10052432374109599
FBXO45 (200933),0.10052648287342274
KLHDC8B (200942),0.10053662469789311
LYPLA1 (10434),0.10054825456590417
PANX1 (24145),0.1005622038379651
ATAD3C (219293),0.1005940183641613
IL12RB2 (3595),0.10065581268251086
IREB2 (3658),0.10066195115358394
WNT16 (51384),0.1007143283102486
CD276 (80381),0.10072008806022803
YPEL1 (29799),0.10072365493689187
MCM3AP (8888),0.1007363397384966
CLIC5 (53405),0.10076823704015485
TMEM225 (338661),0.10094728526575376
CFAP119 (90835),0.10094927020931085
PDLIM1 (9124),0.10095017258240517
COX8A (1351),0.10104856007208249
BIN3 (55909),0.10114253868619769
PPP4R3A (55671),0.10116823154080896
SSBP1 (6742),0.10118392490433044
ARHGEF11 (9826),0.10128158281582293
SNX9 (51429),0.10134405467339894
KPLCE (100129271),0.1013469929340561
PATJ (10207),0.10145144064557836
ZNF700 (90592),0.101481495918887
TKTL2 (84076),0.10152181893641843
LGSN (51557),0.10155454376497064
RDH10 (157506),0.10162841601764497
NRBF2 (29982),0.10170382127562871
CAPSL (133690),0.10171373789533508
HAPLN4 (404037),0.10172062349586544
NLRP11 (204801),0.101783695572315
ALDH7A1 (501),0.10192658702298478
L3MBTL2 (83746),0.10197954870286075
VEGFB (7423),0.10199825427813909
ASCL1 (429),0.10200156047201829
INSR (3643),0.1020095935991467
PGRMC2 (10424),0.10203903965016496
SERPINA10 (51156),0.10219973804194282
USP48 (84196),0.10225532705838118
NADK (65220),0.10228606548493624
DNAH10 (196385),0.10228650168496349
MOGAT1 (116255),0.10237613987492696
MSANTD2 (79684),0.10239387457190566
SIRT5 (23408),0.10241810477888673
SLC8A1 (6546),0.10242061729187713
ORMDL2 (29095),0.10242518717609153
OTUD3 (23252),0.10247395280753455
WTIP (126374),0.10250445748897208
ATP5MC1 (516),0.10251134864908304
NUAK1 (9891),0.10252067076564908
ARF6 (382),0.10260074456185127
SLAIN1 (122060),0.1026056180430857
EIF4ENIF1 (56478),0.10268124349018434
NAA25 (80018),0.10273966277983097
AVEN (57099),0.1028017645305532
PLEKHH2 (130271),0.10285484169648118
TUBA8 (51807),0.10289191056189347
CCHCR1 (54535),0.10291987790535703
GPR61 (83873),0.10296511191792064
VPS35 (55737),0.10299015803323952
RAB25 (57111),0.1030119388995959
FRMD4A (55691),0.10302844544259082
TET3 (200424),0.10305371748197742
ADGRV1 (84059),0.10305573766858042
COL21A1 (81578),0.10308056847697855
OR11A1 (26531),0.10314388824067808
FAHD2B (151313),0.10334257749711633
NAP1L4 (4676),0.10338544640632555
UBL4B (164153),0.10338639723109058
PARL (55486),0.1035146408681507
CDC42EP3 (10602),0.1035172685709371
GCC2 (9648),0.10354408192230476
RPS6KA3 (6197),0.10354674904895977
ZNF589 (51385),0.10355827210463449
IL17RD (54756),0.10358408325736786
DGKI (9162),0.1036223571417814
GPAT3 (84803),0.10362694265658479
NLRP14 (338323),0.1036436229524041
PSMB11 (122706),0.10364718626105836
CDKN2A (1029),0.10366046027087941
UTP25 (27042),0.10369609677814365
ABHD11 (83451),0.10371374744515646
ADNP (23394),0.10372470349289273
HNRNPA1L2 (144983),0.10377444106333808
CD5L (922),0.10379537421137472
PDHA1 (5160),0.10384893662023335
TOX3 (27324),0.10392609695283747
SIGLEC11 (114132),0.10395525886467057
GAP43 (2596),0.10397059450993332
SAMD7 (344658),0.10399041918157248
RTCB (51493),0.1039937743606584
SNRNP48 (154007),0.10407023445249605
VIPR1 (7433),0.10407702750868482
CYP3A4 (1576),0.10411049922139895
ALDH6A1 (4329),0.10418922515055214
KRTAP23-1 (337963),0.10422693497822437
VSX1 (30813),0.10425099938283322
CPLX3 (594855),0.10426788827357636
PAG1 (55824),0.10427088066872807
SLC22A6 (9356),0.10427122777350983
TRPV1 (7442),0.10427884500260846
GTSF1 (121355),0.10428444503172848
PARP1 (142),0.10431899382524339
RIC8B (55188),0.10435886595951334
PROC (5624),0.10444047829249195
ARFGEF1 (10565),0.10446587053977927
PLEKHG1 (57480),0.10448622508662546
NEU3 (10825),0.10455598012872995
KCNK6 (9424),0.10455602082773163
NR2F2 (7026),0.10457501056354919
SFXN4 (119559),0.10464930677842603
ABLIM3 (22885),0.10477256058253523
SCAND1 (51282),0.10480235512984452
LRCH1 (23143),0.10492336728026093
MYBL1 (4603),0.10497776514938006
GUCY1A1 (2982),0.1050914305029473
CCPG1 (9236),0.10509701354212919
IL36G (56300),0.10516668865788543
B9D1 (27077),0.10519238387604872
C19orf73 (55150),0.1052519418291323
CTSS (1520),0.10529803454191884
TCOF1 (6949),0.10530421877579157
CPB2 (1361),0.10539039089257791
RAB1B (81876),0.10545982066909516
DUSP5 (1847),0.10559474073609379
CBR1 (873),0.10560136091609125
LDLRAD4 (753),0.10563008922036972
IRX4 (50805),0.1056835211318772
DHRS2 (10202),0.10576480007357089
SLC40A1 (30061),0.1057837652635131
PDCL (5082),0.10580036023462736
FBXO33 (254170),0.10586406856857529
NRXN3 (9369),0.10586533109260583
WFDC2 (10406),0.10589492842349935
CNOT10 (25904),0.10592592721771503
KRTAP19-7 (337974),0.10601693006154553
TECTA (7007),0.10611996507372368
DNAH1 (25981),0.10617716991612566
PIK3R4 (30849),0.106181103260603
FTH1 (2495),0.10623778321119505
FGD6 (55785),0.10628583942139613
PLXNC1 (10154),0.10630159135966726
ATG12 (9140),0.10632681198010092
RPAP3 (79657),0.10636272436173885
SVBP (374969),0.10639980045234862
ALDH5A1 (7915),0.10647568010818409
IMPDH2 (3615),0.10650616914992476
PTPN3 (5774),0.10650761237517589
MYLK3 (91807),0.10651270835776357
ADAMTSL2 (9719),0.10655382804019001
MCRS1 (10445),0.10660695951576138
SMAD3 (4088),0.10663120553158298
H2AC8 (3012),0.10667857096379166
POMP (51371),0.10669660624906777
KYNU (8942),0.10678060972844965
H3-5 (440093),0.10680176276387136
DNAJC3 (5611),0.10685242804883957
SCYL1 (57410),0.1070001574138982
GRM2 (2912),0.10710519907982255
TUBGCP4 (27229),0.10713705207172541
MAP9 (79884),0.10717078728451901
RBPJ (3516),0.10723028354997444
ZNF606 (80095),0.10737676869175031
SRPRB (58477),0.10739269877617455
PBLD (64081),0.10740608904832669
FBXO36 (130888),0.10743171149874627
RPL30 (6156),0.10747952972147141
KIF3C (3797),0.10748053355797552
FLOT2 (2319),0.10750019336337746
H3C10 (8357),0.1075197853297144
TUB (7275),0.10754308199079306
ERICH3 (127254),0.10755524493772992
PPTC7 (160760),0.10758611748298263
PSKH1 (5681),0.10760755300335352
ADO (84890),0.10760840889965169
BUB1B (701),0.10768097263358267
EPCAM (4072),0.10773453460623253
LMTK2 (22853),0.10774808535067264
SDC2 (6383),0.10778754279577556
TMEM95 (339168),0.10778918263252893
OTOP1 (133060),0.10780193363521662
LRRC8A (56262),0.10784904976278849
GGTLC2 (91227),0.10797219209195712
BOC (91653),0.1079774290717614
TRPC4AP (26133),0.10799631410203751
TMEM230 (29058),0.10800552479348513
MPLKIP (136647),0.10803901995122467
B3GAT2 (135152),0.10810103542296332
GON4L (54856),0.1081662288605931
BEST1 (7439),0.10824651069209781
ARL6IP5 (10550),0.10826539035926634
NDFIP2 (54602),0.10831245435548846
ACVR1 (90),0.10835268704421641
RGP1 (9827),0.10837733798052684
HAUS7 (55559),0.10838723670652599
SMC3 (9126),0.1084532515248122
CREBBP (1387),0.1084924432863732
MSANTD1 (345222),0.10849366297939515
SPATA19 (219938),0.10849995867968895
ANGPTL6 (83854),0.10851278956952579
IL1A (3552),0.10867865347197243
REST (5978),0.10869681788700895
UXS1 (80146),0.10879065192289698
ETF1 (2107),0.10880866704394729
RNF43 (54894),0.10888291887934418
CHD7 (55636),0.1088829584391628
MCU (90550),0.10892461598941779
PLEKHG4 (25894),0.10912681123549701
RTN3 (10313),0.10923328363741938
HLA-DMA (3108),0.10924450998393778
PSD2 (84249),0.1092677139950673
NFIC (4782),0.10933122742030273
SLC43A2 (124935),0.10934187445831575
ITCH (83737),0.10936722192364264
FOXO3B (2310),0.10937603021149164
RORB (6096),0.10940381026401187
WASHC5 (9897),0.10941812708638506
LTV1 (84946),0.10942300347008369
SEH1L (81929),0.10944227077203668
SKAP1 (8631),0.1095350888586786
RNASEL (6041),0.10954051688798654
M1AP (130951),0.1095454684935043
GGNBP2 (79893),0.10955172850751704
INPP4A (3631),0.10960338287380851
KCNMB2 (10242),0.10964868806120467
ZNF728 (388523),0.10966744170366627
IGFL3 (388555),0.10983996872556549
GLI4 (2738),0.10984318677239542
REEP1 (65055),0.10989860097026524
PIGG (54872),0.10992102686451817
DERL2 (51009),0.10995812781615029
FAM83E (54854),0.11008006717727055
CACYBP (27101),0.11011664194417665
UBE3A (7337),0.11011824982250726
TGS1 (96764),0.1101846722384017
KAT2B (8850),0.11023758641369563
NRF1 (4899),0.11026364331973407
CD58 (965),0.11029118769259894
MORC4 (79710),0.11032222793870519
CIDEB (27141),0.1104571349450639
CASP2 (835),0.11069130537821228
SERPINB7 (8710),0.11074647246969475
CUX2 (23316),0.1108267495863765
HPDL (84842),0.11084521189770521
EMD (2010),0.11089956097363576
SLC5A3 (6526),0.11094447208185584
RPS28 (6234),0.1109679170413243
TXNDC17 (84817),0.11097130370362471
ACAP1 (9744),0.11098664468667037
FHIP1B (84067),0.11101017682207308
MRGPRG (386746),0.11103310770112582
BPNT2 (54928),0.11104478990479796
RAP1B (5908),0.11105806452607685
MAD2L1BP (9587),0.11112899268380891
BPIFA3 (128861),0.11113127039925749
TAAR8 (83551),0.11113283308795234
PLEKHD1 (400224),0.11119613346950072
ZNRF3 (84133),0.11120783742518461
AHCYL1 (10768),0.1112423910960397
NEUROD2 (4761),0.11125435951181357
HOXB8 (3218),0.11127392171484027
RGS5 (8490),0.11158213661128316
FBXO24 (26261),0.11158729241497803
AFM (173),0.11159293584170575
SYNPR (132204),0.11161117788737407
LEP (3952),0.11164040459755094
LSMEM2 (132228),0.11171077355623207
ING5 (84289),0.11171443547241267
DPP7 (29952),0.11173901155828032
LSM7 (51690),0.11177053381359055
SGO2 (151246),0.11183064992832079
CCL19 (6363),0.11191779491398898
RCC1L (81554),0.11194485329690318
SNX20 (124460),0.11204077913353103
H3C1 (8350),0.11204769491506057
AIG1 (51390),0.11212148093254419
SCN9A (6335),0.11213094539253121
VRK1 (7443),0.11215042661233876
DNAAF2 (55172),0.1121918075794214
CDH2 (1000),0.11224672244576657
FGFR1 (2260),0.11240453862873359
DUSP8 (1850),0.11242828140369095
KCNK3 (3777),0.11249790279294584
PPP1R1A (5502),0.11261213874996519
HDHD5 (27440),0.11282180100684829
IL6 (3569),0.11283075166101483
LENG9 (94059),0.11293125374685005
KPNA2 (3838),0.11303134024187825
RSAD1 (55316),0.11304542477436881
OR6K2 (81448),0.11306544140008772
SUPT3H (8464),0.11310039106941994
BTBD3 (22903),0.11311119964177843
ATXN7L3 (56970),0.11313964070408704
EMC4 (51234),0.11325942497434663
TCF7L1 (83439),0.1133292856894487
FIBCD1 (84929),0.11357478937386156
PRR29 (92340),0.11366746733457145
MIDEAS (91748),0.11372179177527135
PRF1 (5551),0.11374268095777806
DNAJC13 (23317),0.11381333837311809
MORC1 (27136),0.11383022798149187
TACR1 (6869),0.11401552733533413
KCNK7 (10089),0.11404662430547234
AFAP1L1 (134265),0.11419506453895986
CAMKK2 (10645),0.1142026079675584
HSD17B1 (3292),0.1142720114724803
LGI4 (163175),0.11431445645839848
WDFY3 (23001),0.11432781591104683
RNF168 (165918),0.11439365337405309
GAB1 (2549),0.11440742002884907
NBAS (51594),0.11450049545146831
ZFC3H1 (196441),0.11454119037052231
MICOS13 (125988),0.1145825229488227
SIM2 (6493),0.11461477038047721
SND1 (27044),0.11461655609482188
R3HDM1 (23518),0.11467436003124205
HOXA4 (3201),0.11473653607786305
GDPD1 (284161),0.11484222796315394
WASHC4 (23325),0.11487767686027568
CFAP126 (257177),0.11495476120678852
TIMM13 (26517),0.1149807488780874
SRSF11 (9295),0.11503141804101089
TEN1 (100134934),0.11503407543519906
PACSIN2 (11252),0.11512632888419896
MFRP (83552),0.11513385527168558
PRAC1 (84366),0.11515466511504698
PHLDA2 (7262),0.11516902207750479
RBM42 (79171),0.11517114637812184
PLA2G4A (5321),0.11522165635944674
RPP25 (54913),0.11534994561094589
CIAO2B (51647),0.11535005202326125
ZNF93 (81931),0.11541588072975076
RIT1 (6016),0.11548191877042728
MASP2 (10747),0.11554483103984844
NDC1 (55706),0.11555981744551291
SHISAL2B (100132916),0.11564760294197214
DPPA5 (340168),0.11566399711609494
ANO4 (121601),0.11588288441279718
KCNT1 (57582),0.11590882661650903
MAGEA6 (4105),0.11593950366567415
MACF1 (23499),0.11604183359101938
BLOC1S4 (55330),0.11612728697874937
CPSF3 (51692),0.11631555938154854
ATP5PF (522),0.11641772328788642
ESPN (83715),0.11651536341453048
TIFA (92610),0.11660343780232788
PRSS38 (339501),0.11666593864613303
PPP4R1 (9989),0.1166688288054039
HPS6 (79803),0.11672062875540035
CES5A (221223),0.11672745158177666
ZNF765 (91661),0.11674634833487954
WDR45B (56270),0.11675497025281108
GBA1 (2629),0.11686718475070643
RAE1 (8480),0.11696749250839789
CABIN1 (23523),0.11704075410339843
DNAJC15 (29103),0.11706063585208193
MAP3K11 (4296),0.11706372331567519
OPRL1 (4987),0.1170881481566441
CST5 (1473),0.11713135599398908
CHD8 (57680),0.11720895622530306
DUOX1 (53905),0.11721282146866532
ALG14 (199857),0.11728766900604545
CCM2 (83605),0.11732939732712415
MELK (9833),0.11735112764396301
ATP13A5 (344905),0.11746310780115606
SDF2L1 (23753),0.11751778245529258
ADA2 (51816),0.11753504819264911
CRISP3 (10321),0.1175496125224593
MAX (4149),0.11759606229106792
CREB3L3 (84699),0.11764669997997919
GLRX3 (10539),0.11769401827943696
OAS2 (4939),0.11773642055434605
LNPEP (4012),0.11778583080453935
ZNF157 (7712),0.11782770791624435
SLC29A4 (222962),0.11783376427852339
CST7 (8530),0.11790112017987027
NOX3 (50508),0.11793307691363586
PFKFB4 (5210),0.11794117270989972
ZC3H13 (23091),0.11795582540133495
NAA80 (24142),0.11795726835128877
NUDT12 (83594),0.1180736949272649
PRKACG (5568),0.1180890213717491
ELP5 (23587),0.11809322520695013
CRNKL1 (51340),0.1182368667943892
CCNI (10983),0.1182691339854441
GCM1 (8521),0.11846449183700006
HNF1A (6927),0.11868665356023334
DDX23 (9416),0.11872915383522309
PAX3 (5077),0.11883900910138082
HPCAL1 (3241),0.11886869691810872
NAT10 (55226),0.11888526584975759
PSMB9 (5698),0.11888578846137325
PSMA2 (5683),0.11891254783424099
BRIX1 (55299),0.11893540470527794
PTPN13 (5783),0.11897113978509469
LCE2B (26239),0.11901699308827982
TBX22 (50945),0.11903217434601158
PKM (5315),0.11914127487129962
PTTG1IP (754),0.11914670728211182
HCST (10870),0.11938379223531848
TAF2 (6873),0.11940414177484551
ATP5F1E (514),0.11977478987205267
EMC10 (284361),0.11983787097447382
ACKR1 (2532),0.12019874692322863
TRPC1 (7220),0.12038772226051522
ANKRD34C (390616),0.12056090000244708
HTRA2 (27429),0.12067937842578402
DUSP15 (128853),0.12091058240513405
IFNL1 (282618),0.12102379069971439
SSNA1 (8636),0.12109652896046792
RNF13 (11342),0.12119069136880242
CYP7A1 (1581),0.12143201111595063
ERLIN1 (10613),0.12149071108348583
PRDM10 (56980),0.12155273469102826
IRF7 (3665),0.12155451665560273
UBL7 (84993),0.12157715093933157
DRP2 (1821),0.12167619203159555
GOT1 (2805),0.1216896370187801
TMEM167A (153339),0.1218257005149878
TRIM39 (56658),0.12186397051563565
TMUB2 (79089),0.12192080360258288
DHX36 (170506),0.1219768026869942
ASB3 (51130),0.12208317766404034
ASH1L (55870),0.1222222344191661
RCE1 (9986),0.12226361991861501
DPP9 (91039),0.12240540359433279
PIP5K1A (8394),0.12246276354574892
CRB3 (92359),0.12247915915787924
IL12RB1 (3594),0.12248005809103005
TBC1D24 (57465),0.12249314393844198
TMEM183A (92703),0.12250353264577207
TAFA1 (407738),0.12260113562488457
FBXL18 (80028),0.12263969074802691
SORCS3 (22986),0.12272445356946322
GPR15LG (387695),0.12273261183449088
MCM2 (4171),0.12274564429626231
KCTD13 (253980),0.12288670472689393
AFF3 (3899),0.12293301390974545
CYP26C1 (340665),0.1229949630130331
MAPT (4137),0.12302596502482147
HNRNPA1 (3178),0.12308365452089454
VDAC1 (7416),0.12312667344480768
FANCM (57697),0.12316084162776701
DACT3 (147906),0.12324150761096335
TAP2 (6891),0.12339216619194515
GRN (2896),0.1234559692109111
HCFC1R1 (54985),0.12346385775011984
VPS51 (738),0.12350256380135105
PHF13 (148479),0.12351047350816144
SPRR4 (163778),0.12364194956635799
ARPP19 (10776),0.12365463357371378
H2BC13 (8340),0.12369287951019003
USP9X (8239),0.12389256621488857
ALPG (251),0.12391486204556486
F2RL2 (2151),0.12391750674583565
ADRM1 (11047),0.12392507336635425
JUP (3728),0.12394927800583659
MED21 (9412),0.12399969187953949
GPRC6A (222545),0.12400827418621804
C22orf39 (128977),0.12412342902695554
H2BC14 (8342),0.12430712062667497
OR4S1 (256148),0.12432435672790629
MUC17 (140453),0.12433568967692532
SPC25 (57405),0.1243376655168102
SPRING1 (79794),0.12435860864671602
ABHD17C (58489),0.12457846762163163
HSD3B2 (3284),0.12483732608595402
MAPRE2 (10982),0.1248470442936517
NAA40 (79829),0.12503728623751725
ARPC2 (10109),0.12504876844977902
GP1BB (2812),0.12569823596873417
SNAI2 (6591),0.12576672630048444
POLR1B (84172),0.1258268747051549
SET (6418),0.12583335396611278
PI4K2A (55361),0.12586494960757605
BCKDK (10295),0.12587503449523568
ANK1 (286),0.12588992730742646
MAMLD1 (10046),0.12619315562398487
OR6B3 (150681),0.12619373241488852
IGFALS (3483),0.1262405163416639
POC1A (25886),0.12638241374257825
SLC6A2 (6530),0.12642398793285506
OR5T2 (219464),0.12650080086856288
TLDC2 (140711),0.1267210958936142
SBSPON (157869),0.12686100126785155
GATAD2A (54815),0.1269898583691811
MPC2 (25874),0.12701936975671596
CELF6 (60677),0.1271700265613518
GNG10 (2790),0.12726562344983508
LSM14A (26065),0.12733484252065766
ATG3 (64422),0.12734325076930794
GABBR1 (2550),0.12750009606797794
GOLGA8R (101059918),0.1276290991133172
PYCARD (29108),0.12766361481778507
DOK6 (220164),0.1276929736122284
ALG10B (144245),0.12771952359544184
TNFAIP8L2 (79626),0.12784831123677393
SOCS3 (9021),0.1278582439856281
OR5AP2 (338675),0.1279081097055825
PATZ1 (23598),0.12795435043764433
ANKFN1 (162282),0.12810950478226393
PPP4C (5531),0.12818645768898648
SLF2 (55719),0.12838500001490713
SLC39A1 (27173),0.12840662320260857
ATP2B1 (490),0.12842352875512225
TMEM273 (170371),0.12872489621658442
OSTM1 (28962),0.12874816854755733
H4C9 (8294),0.12885961627710277
ATP2B3 (492),0.12903014524212805
RNF207 (388591),0.1290637851897407
MYD88 (4615),0.12907505958751103
RPN1 (6184),0.129088187719333
SV2C (22987),0.1291018818593089
ZNHIT1 (10467),0.12913724483406513
PRCD (768206),0.1291708566370817
HNRNPA2B1 (3181),0.12930798601813348
PRKAR2A (5576),0.12943212182634173
CLDN18 (51208),0.12958273252936453
NDUFB10 (4716),0.12967152141206778
RSPO3 (84870),0.12967489538028734
DMRTB1 (63948),0.12983197215716305
YAP1 (10413),0.12988054075059363
PTPRK (5796),0.13009155821595794
CYP4A22 (284541),0.13015565599604442
MIB1 (57534),0.13018720362923242
ANXA9 (8416),0.13034077070002156
KCTD1 (284252),0.130482988507756
TSR1 (55720),0.13060198875008797
SHCBP1 (79801),0.1308560102578486
ENTREP3 (10712),0.13097078966087392
IFT43 (112752),0.13100880424226075
PARP15 (165631),0.13101889426818647
PHF7 (51533),0.13107010876190334
ARMC5 (79798),0.1311113125525412
GAPDHS (26330),0.13115443118069398
MMP2 (4313),0.13115639561974343
KGD4 (92259),0.13117078151234968
ZYG11B (79699),0.13120930533807634
VPS4A (27183),0.13121158178334774
NAAA (27163),0.1313334200670911
MTFR1L (56181),0.13135772593662218
PLA2G6 (8398),0.1313868734951234
BANF1 (8815),0.13140308499877923
MAP3K1 (4214),0.13165506680671474
USP19 (10869),0.13167428223057637
SLC25A46 (91137),0.1319226056733425
WIPF2 (147179),0.13193513503172055
NUF2 (83540),0.1319402491418015
PSMD11 (5717),0.13194750112963066
DDX5 (1655),0.13195687731767103
ACTL9 (284382),0.13212800676841646
PLXDC1 (57125),0.13219513006735303
VMAC (400673),0.13225918005527357
DHX58 (79132),0.13226438867715334
ESCO2 (157570),0.13234749990323413
BTG3 (10950),0.1324467819490664
LRCH3 (84859),0.1325599044075145
FOXN2 (3344),0.132597751414333
NUP133 (55746),0.13268077122486016
MKNK2 (2872),0.13271920765525955
GRIN3A (116443),0.1327609430257018
DCTN2 (10540),0.1327754182051913
MAP2 (4133),0.1328839878689898
SMIM17 (147670),0.13302443644673573
PALB2 (79728),0.13308003452454842
PLA2G2E (30814),0.13321950126412285
KLC2 (64837),0.1332492955908661
CKAP5 (9793),0.13334456716952517
SNRPF (6636),0.13337826731640395
CDKN2D (1032),0.13345924759319414
STAG3 (10734),0.1334796821108387
CTLA4 (1493),0.13351828277270117
ZMYM4 (9202),0.13355641316718722
DNAAF9 (25943),0.13355893441601746
FBXW11 (23291),0.13379396954630693
AQP2 (359),0.13397834179392065
NFYB (4801),0.1340391714850358
CDC14B (8555),0.1342990292393256
H2BC4 (8347),0.13435277249442232
DLG5 (9231),0.13450799313440992
FER1L6 (654463),0.1345753822559727
MCM4 (4173),0.1349443264329595
DDN (23109),0.13520263551216
GABPA (2551),0.13540260014934247
CD320 (51293),0.13545078108473138
ASB16 (92591),0.1354834667299852
TACC3 (10460),0.13574771219777912
VAPA (9218),0.1357625859560011
CIP2A (57650),0.13623654856445105
PAK4 (10298),0.13632667333286816
DOCK7 (85440),0.13639564096269702
TAF5 (6877),0.13645211008040653
PILRB (29990),0.13652452781192806
STYK1 (55359),0.136569944753387
KAT8 (84148),0.13660222608087702
DNAJC19 (131118),0.13661117084475216
SYVN1 (84447),0.13663502587877774
BRF2 (55290),0.1367432412997637
ANKRD61 (100310846),0.1367771392912014
GGCX (2677),0.1369521384232657
PAX8 (7849),0.13697669805421356
MMP26 (56547),0.13700798177640658
KRTAP19-5 (337972),0.13719744277893328
RAB14 (51552),0.13719905871164806
VPS8 (23355),0.13723748734362223
ZEB2 (9839),0.13727253288717062
KNSTRN (90417),0.13733310668840945
HERC2 (8924),0.1373390408789863
CHRNA10 (57053),0.1375048296640637
DEFB131A (644414),0.1375534993943871
ELAVL1 (1994),0.1376869794514994
MANBA (4126),0.13778207920536018
AQP7 (364),0.13790618492438417
JTB (10899),0.13791398822126927
NDUFS1 (4719),0.1379496427113634
EPC2 (26122),0.13798521112607834
LIMK2 (3985),0.13818028836377944
IQCH (64799),0.1382291849420052
CIAO3 (64428),0.1383059013593424
C11orf54 (28970),0.13833586955016264
CUL1 (8454),0.13846388999769726
PDRG1 (81572),0.13867941907051257
ZNF181 (339318),0.13883040130699625
KCNIP2 (30819),0.1388511003711261
CYB5R4 (51167),0.13894770958306174
AHCY (191),0.13915840634225746
CLCN6 (1185),0.13936790588046857
ACSF3 (197322),0.13948975738662323
INCENP (3619),0.1395116404739532
DCLRE1B (64858),0.13978514918021784
BHLHE41 (79365),0.1399215748848148
AWAT1 (158833),0.13996025345557553
MFSD1 (64747),0.14036086631968722
SIRT1 (23411),0.1405680122713952
PRDM1 (639),0.140571463723021
RPL41 (6171),0.14072625205630718
ARL2BP (23568),0.14105232946550567
NISCH (11188),0.1414453600559234
EMB (133418),0.14147023670459075
S100A14 (57402),0.1414805841345958
DNAAF5 (54919),0.14152642256296857
CLUH (23277),0.14154962939317317
ANKRD13C (81573),0.1415932699389519
GATAD2B (57459),0.14160068154809782
MANF (7873),0.14160126214711952
CSE1L (1434),0.14190286366138866
POM121C (100101267),0.14199711067007978
NEDD1 (121441),0.14204481488736195
F13B (2165),0.1420474288825111
ZFR (51663),0.14214003154843485
YTHDC2 (64848),0.14214306759602352
STOML2 (30968),0.14227353544314833
TUBGCP6 (85378),0.14228273964895943
EIF3J (8669),0.14232954743897996
DNHD1 (144132),0.14241289887066327
PRKAB1 (5564),0.14243130891868155
TMPO (7112),0.14243830407656421
PGLYRP4 (57115),0.1426904128057424
TUBGCP5 (114791),0.14292609711179388
EIF2B2 (8892),0.14305384913549185
BRD3 (8019),0.14313719436341824
HIF1A (3091),0.1431636301303577
ACTR3 (10096),0.14361955058428313
FAHD2A (51011),0.14368116070363462
GEMIN2 (8487),0.14374027862831473
CGN (57530),0.14391968333406016
SF3B2 (10992),0.14405174041320268
ZNG1B (150472),0.14415574423268124
TM9SF2 (9375),0.14416759436315546
ETV1 (2115),0.14427675720489144
H3C8 (8355),0.1442972834180241
SEPTIN2 (4735),0.14465609620779096
CPSF4 (10898),0.14492668333018952
SLC2A12 (154091),0.1452276419160497
ATXN7L3B (552889),0.1455006269102074
ARL11 (115761),0.1455971407523194
ATP6V1F (9296),0.1458602938531229
ATP5PO (539),0.1459194604621737
SLC25A13 (10165),0.1460062708487057
SMC4 (10051),0.14609514331329052
DCTN1 (1639),0.14616767388315904
CDC6 (990),0.14652578314833478
ACIN1 (22985),0.14670168926539823
RAPH1 (65059),0.1467180087702412
LMNB2 (84823),0.14701380639663517
POLR2H (5437),0.14701381714920164
ZNF207 (7756),0.14705782089225533
ASIC1 (41),0.14714130425105382
DUT (1854),0.14753402629405238
POLR2M (81488),0.14758638486162848
TMC1 (117531),0.14763998822876692
CTBS (1486),0.1476537057446869
DPM2 (8818),0.14765564158246644
RBM5 (10181),0.14775799758151628
ADAR (103),0.1482230824735356
CCT5 (22948),0.14852066073738
AFG3L2 (10939),0.14885907127712086
CRACD (57482),0.14893026288225514
RHOBTB2 (23221),0.14937462581491356
RUVBL1 (8607),0.1493871775413545
GABPB1 (2553),0.14961275264420143
ZNF829 (374899),0.1496870246092099
NPEPPS (9520),0.14976611391439415
EFTUD2 (9343),0.14992430441138183
RIC8A (60626),0.15002609445346066
ANAPC13 (25847),0.15004000234157325
RSRP1 (57035),0.1500783861817593
BMF (90427),0.15022692664345355
H2BC10 (8346),0.1503658821680945
ATXN10 (25814),0.15045164841961137
HAUS3 (79441),0.15099591597198142
SEC31A (22872),0.15130703044697777
NLRP6 (171389),0.15141585035002883
OR7G1 (125962),0.15145298232403914
CDT1 (81620),0.1515211121225113
TBCB (1155),0.15161150759732928
GPX1 (2876),0.15209718385704887
PES1 (23481),0.1523606736153113
PEA15 (8682),0.15253374553749868
PDCD6IP (10015),0.1527130329992848
CENPX (201254),0.15274486403730372
IFNL2 (282616),0.1528983263808491
ACTBL2 (345651),0.15296167396344829
KRTAP21-3 (100288323),0.15308473055549537
C19orf25 (148223),0.15328575684461274
LDOC1 (23641),0.1534556038450062
IRAK3 (11213),0.15368052067665025
IRF8 (3394),0.1538020261008975
GCFC2 (6936),0.15381483634947668
CTNNBL1 (56259),0.15410825085344948
PPP4R3B (57223),0.1541700055399482
PFN1 (5216),0.15426020874469273
RPP30 (10556),0.1547020170840416
NME6 (10201),0.15474637046418702
TSPYL1 (7259),0.15483459380279269
ANKRD13A (88455),0.15489561373108618
ARMC6 (93436),0.15492443188293653
CPZ (8532),0.15529741624625626
ZNF830 (91603),0.15551223119714405
ZNF699 (374879),0.155826841289884
U2AF1 (7307),0.15589754384599552
CCDC15 (80071),0.15595123543668898
HSF1 (3297),0.15596214924549107
DYNC1LI2 (1783),0.15601229304201203
SCNM1 (79005),0.15621705970780722
TAPT1 (202018),0.15634392055515872
BAMBI (25805),0.1564646521666518
HS3ST4 (9951),0.15676803746288512
NR0B2 (8431),0.15695978013429399
MED6 (10001),0.1571072784747559
FCGR3A (2214),0.157177376881099
PITPNB (23760),0.15726037576504345
MTRFR (91574),0.15764637524637926
ZNHIT3 (9326),0.15821612164151855
TARDBP (23435),0.15838226238362504
CSNK1A1 (1452),0.15842584176822735
BACH1 (571),0.15867616353443825
XPO4 (64328),0.15889417441534628
PDGFRA (5156),0.15906433805533182
RNF4 (6047),0.1594644083763479
NXN (64359),0.1594924324954151
WBP11 (51729),0.1595474926692661
MIS18A (54069),0.1596682131582532
ARCN1 (372),0.1597144046494289
TRA2B (6434),0.1598332940776744
SLC39A9 (55334),0.15999346700341044
VPS28 (51160),0.16026849016944303
MTBP (27085),0.1603251389925532
POTED (317754),0.1606067657626567
TICRR (90381),0.1608383558364522
CDC42EP4 (23580),0.16096094044985867
GOLGA6L6 (727832),0.16100256987292988
CNOT11 (55571),0.16133034362840729
CYP7B1 (9420),0.16136516521698777
NDST1 (3340),0.16136600425358832
POLE3 (54107),0.16145717961291728
RHOF (54509),0.16167469504023288
ACSL3 (2181),0.161794161000148
PCGF6 (84108),0.1618991953240624
UFD1 (7353),0.16240943468833435
MRGBP (55257),0.16244262061363385
LCE3C (353144),0.1628389040454947
DSN1 (79980),0.16342219864997565
TBC1D10C (374403),0.16356547735687693
RHOG (391),0.16409138255655673
ERVW-1 (30816),0.16456809376320858
AK4 (205),0.16461039667982913
SNRNP25 (79622),0.16467281587664945
MAP2K7 (5609),0.16468801904692482
KIF2C (11004),0.16479301958205625
LCE3B (353143),0.16497363837837503
ZNF780A (284323),0.16498541285593105
UBA2 (10054),0.16521078248501414
NIPAL4 (348938),0.16545893926377528
ATG9A (79065),0.16588566056739812
NGDN (25983),0.1669673574553795
FOXQ1 (94234),0.1669796746483882
NCAPG2 (54892),0.16751850762124468
SSRP1 (6749),0.16776626950239087
ANKRD40 (91369),0.16788005405049117
PHOX2B (8929),0.16825190912105875
AFDN (4301),0.16866252497089823
S100A13 (6284),0.16877873772288515
PHF12 (57649),0.16918969479943685
MSI2 (124540),0.16923971674079494
NCF1 (653361),0.16930300319113256
GPR12 (2835),0.1695103481830924
TGIF1 (7050),0.16960989288670897
YBX1 (4904),0.16988217927760615
SUGP1 (57794),0.1702553524574279
EIF3D (8664),0.17060932510406124
PRPF38A (84950),0.17137933018226664
IFITM3 (10410),0.17140669130898384
INHBE (83729),0.17191869665898066
TAF8 (129685),0.1720671114569303
SNUPN (10073),0.17280213412282336
HAUS6 (54801),0.17283039436503755
DDX11 (1663),0.17324833689946623
TSPYL5 (85453),0.17331777020793684
JAG1 (182),0.17381616590595222
METAP1 (23173),0.17392219849796073
CDK2 (1017),0.17509614799129067
HMGXB3 (22993),0.17519985861513482
P4HTM (54681),0.17566932081843517
PDS5A (23244),0.17569372339321085
HEATR1 (55127),0.17580018773206843
SCAF4 (57466),0.17649227956552163
FADD (8772),0.17738907133684104
PRKCE (5581),0.17839885164656713
NUFIP2 (57532),0.17852343769883855
MT1E (4493),0.1793597876677629
JPH4 (84502),0.17947537706524724
HSPA14 (51182),0.17967604452953923
FOXD4 (2298),0.179737386101556
DEPDC5 (9681),0.1798745153402419
RPS13 (6207),0.17990180165269987
CNOT1 (23019),0.18024348177580185
STK11 (6794),0.18060453889042313
SMARCA5 (8467),0.1808580798334687
NVL (4931),0.1818801590644823
VPS54 (51542),0.1820998184556939
H2BC18 (440689),0.18239436026036485
BCAS3 (54828),0.18263550472672502
SEM1 (7979),0.18334314321499576
PRKAR1A (5573),0.1839639038691126
STN1 (79991),0.18424823079949726
SRD5A3 (79644),0.18434112503083294
THAP5 (168451),0.18434264082432514
HEXIM1 (10614),0.18475766141050168
TOP1 (7150),0.18500682828494808
TIPRL (261726),0.18540849036363322
PSMB7 (5695),0.1856358100214932
TIAL1 (7073),0.18574246437638992
ATXN2 (6311),0.18635170305131715
ENY2 (56943),0.18702006122945924
NXF1 (10482),0.1871252110440011
NUP205 (23165),0.1873641539196727
STRADA (92335),0.1877410319922798
COPB1 (1315),0.18801022597836572
UBE2G2 (7327),0.18819716828149297
PMVK (10654),0.18837864429733003
NR2C2AP (126382),0.18930769234855468
SRSF2 (6427),0.19068144480576715
PSMG3 (84262),0.190856396445857
TCP1 (6950),0.19237910575072573
TFIP11 (24144),0.19263345632305312
CERS2 (29956),0.1929229544956127
UBIAD1 (29914),0.19300665203111225
CTC1 (80169),0.19337740489722463
HTR6 (3362),0.19410145316564067
HNF1B (6928),0.19425255633160873
XPR1 (9213),0.19430308938645413
RAC1 (5879),0.19442855595604885
PTK2 (5747),0.19519989530677923
CHMP3 (51652),0.19536932278141655
BIRC6 (57448),0.1955769986231422
KIF18B (146909),0.19569983430858331
KHSRP (8570),0.19609789448686535
METTL3 (56339),0.19619752090326786
NPRL2 (10641),0.19632114872960935
UBAP2L (9898),0.1966491581274387
PSMC1 (5700),0.19702434979192812
INTS7 (25896),0.1977041814409618
ACVR1C (130399),0.19832782163924376
IER3IP1 (51124),0.1983949014759035
RELA (5970),0.1984294520441972
SHC1 (6464),0.19891993094285484
NUP155 (9631),0.19914151546262426
PDCD11 (22984),0.19974722236133316
FBXO42 (54455),0.2006997296722938
SRF (6722),0.201102989807404
ATR (545),0.20153893416776736
PNISR (25957),0.20178971349128885
USPL1 (10208),0.2025376933714796
YTHDF2 (51441),0.20280115993909242
SLU7 (10569),0.20319873144489486
ANAPC5 (51433),0.20411419586008842
SPATA31A6 (389730),0.20535189663977604
ILK (3611),0.20568862845109956
NSL1 (25936),0.2060163438072601
ZFP36L1 (677),0.20616781488399233
DNM1L (10059),0.20662553785872423
HAUS4 (54930),0.20813022324272393
SBNO1 (55206),0.20862544392038268
ATG101 (60673),0.20994643852910774
SUGT1 (10910),0.20997907677584698
HMGCR (3156),0.2112008630191172
FUBP1 (8880),0.21142442605962267
H2AZ1 (3015),0.21293377098574773
MTA2 (9219),0.21315075214054366
YIPF5 (81555),0.2134931322746853
TIMM8A (1678),0.21360009830520302
ATXN2L (11273),0.21372605987338833
ATP5ME (521),0.2143339447914409
PSMC3 (5702),0.21492272981009058
BCAS2 (10286),0.21504284993718342
ACD (65057),0.21572511202572117
CHMP7 (91782),0.21586495606267891
KANSL1 (284058),0.21615730273085668
PSMD4 (5710),0.2182875499715668
RPL7 (6129),0.21978214974195726
NAPA (8775),0.2210082009112666
DDX19A (55308),0.22220877273944536
NCAPH2 (29781),0.22287755634721124
TONSL (4796),0.22367435823073745
SINHCAF (58516),0.2244682695548291
RUVBL2 (10856),0.224719557540368
SRCAP (10847),0.2253411621101123
NUP85 (79902),0.22767597721288996
HIRA (7290),0.2279250560949911
NAPG (8774),0.22868182788171837
LSM2 (57819),0.22905855726371788
SNRPD2 (6633),0.22958108213036948
BANP (54971),0.23066289258374645
PSMB4 (5692),0.23307242097691655
SGO1 (151648),0.23373621333574576
AMBRA1 (55626),0.23431943808061767
SF3A2 (8175),0.2343462667127351
NCBP1 (4686),0.2346534173430655
TRAPPC3 (27095),0.23565945388597376
ARFRP1 (10139),0.23691394107242533
NAA50 (80218),0.23715087618999636
CBLL1 (79872),0.23774490812476548
UBA6 (55236),0.23774534970215622
INTS12 (57117),0.2403938750392353
JUN (3725),0.24283049059758305
XPO1 (7514),0.2443297232267569
CCT3 (7203),0.24550573526207514
BCL2L1 (598),0.24692754682053045
TRIR (79002),0.2520656147299039
KANSL2 (54934),0.2530130761040156
POLR2C (5432),0.2565486270717632
PPP2R5C (5527),0.2576205762669662
KIF4A (24137),0.2590855638230597
SSU72 (29101),0.2603154618895438
POLR2D (5433),0.2603983995337599
H2BC21 (8349),0.2633293959570256
CDC23 (8697),0.2666360052045771
COPB2 (9276),0.2666749386266238
PRPF6 (24148),0.2714490262486724
RPS19 (6223),0.2728780364714418
RBM8A (9939),0.27289913976976765
TLN1 (7094),0.2734254653009994
TRIP12 (9320),0.2777786134733461
PRKRA (8575),0.2843407266998942
PPP1R2 (5504),0.2878248977880909
HAUS5 (23354),0.2891016594391745
CHEK1 (1111),0.28919435518308084
PPP1R8 (5511),0.28975347770496235
POLE (5426),0.2911967715525691
SRP14 (6727),0.2916039759016451
KANSL3 (55683),0.2926889641750644
CDCA5 (113130),0.2962486596188163
UBR5 (51366),0.29636386259969416
PPP1R11 (6992),0.30002131494478096
TIMELESS (8914),0.3088365857810074
CDC42 (998),0.3176045179204006
SNRPB2 (6629),0.3183531302248753
INTS9 (55756),0.32032191734494714
ITGB5 (3693),0.32220019596235094
SMU1 (55234),0.32373071127021946
CMPK1 (51727),0.32430585139916956
LRRC37A2 (474170),0.33088428284828947
SIN3A (25942),0.33247755566743975
ICE1 (23379),0.33520487263759713
NCAPD3 (23310),0.3382542435012891
BPTF (2186),0.3393649115318816
RPS11 (6205),0.35188042406029
PPP4R2 (151987),0.35237605661793214
SNRPA1 (6627),0.3598605246791955
ALG11 (440138),0.37699143837694876
DDIT4 (54541),0.37728082395233015
CDC5L (988),0.3838085867940689
FERMT2 (10979),0.41085282441951493
TSC1 (7248),0.4118363933848562
TSC2 (7249),0.42243473693093125
DNAJC9 (23234),0.45199217475829573
