,0
PIK3CA (5290),-0.5015324195138784
POLR3H (171568),-0.3214522074877558
RPS2 (6187),-0.3182584446149482
CEP43 (11116),-0.2514086862023862
ENO1 (2023),-0.24355234581489588
NOP56 (10528),-0.23616431952422404
RICTOR (253260),-0.23076708639941013
VMA21 (203547),-0.22992053754661557
ANKRD49 (54851),-0.21561706837853573
VHL (7428),-0.2031705923485066
PMPCA (23203),-0.19410505501411668
RSL24D1 (51187),-0.19354897714385694
UBA3 (9039),-0.19182929107993926
AFG3L2 (10939),-0.18874716953372284
DDX49 (54555),-0.18788523550484623
RUVBL1 (8607),-0.18733837397985142
FLII (2314),-0.18683141954935323
RPS4X (6191),-0.18563102913835106
RMI1 (80010),-0.1836417791016466
PEX1 (5189),-0.18335224771186892
EEF2 (1938),-0.18311824860804046
RTTN (25914),-0.18228418000909621
SNRPG (6637),-0.1806146530051527
ARHGEF7 (8874),-0.1804960334311439
PPP2R3C (55012),-0.17919696964295856
CDK8 (1024),-0.17541850641548942
TRIM9 (114088),-0.17468967133324076
GLMN (11146),-0.17263157028642878
PTEN (5728),-0.17208945968349332
CAND1 (55832),-0.16922259899839814
MRPS34 (65993),-0.16904332240525258
HMGB3 (3149),-0.167352365619692
ACTB (60),-0.1670286985996703
HINFP (25988),-0.16643100593049948
BIRC6 (57448),-0.16577407977259762
SUPV3L1 (6832),-0.16512087465389474
E2F6 (1876),-0.16505327806531522
CSNK1D (1453),-0.16417030601076135
CHCHD4 (131474),-0.16363681476179204
CENPN (55839),-0.16121409936112785
TBC1D31 (93594),-0.16028188806546456
MRPL52 (122704),-0.1581407920932865
MED11 (400569),-0.15755295965949856
HTRA2 (27429),-0.15740823939506463
MED19 (219541),-0.15658361859069028
SRFBP1 (153443),-0.154884127081907
URB1 (9875),-0.15353521543883647
GRHL2 (79977),-0.15296160368239334
GATA3 (2625),-0.15239292516402958
FBXW7 (55294),-0.15211751906593635
TENT4B (64282),-0.1514417786282017
TOP3A (7156),-0.14965091453008547
CEP135 (9662),-0.14868255160397562
MRPL16 (54948),-0.1485383281340248
EIF1AY (9086),-0.14583730942550843
NOC4L (79050),-0.14490825499240445
TP53RK (112858),-0.14431462656333266
CENPA (1058),-0.1439594825424075
TRIP13 (9319),-0.1430733085328098
WDR46 (9277),-0.14184952728819605
SRSF5 (6430),-0.14154343304485553
ZFP36L1 (677),-0.14132841570550575
PCYT1A (5130),-0.1409585524778331
KEAP1 (9817),-0.14031221302327757
TBCD (6904),-0.13969655145135135
PRMT5 (10419),-0.13963173192620118
PSRC1 (84722),-0.1392505516482952
ZNHIT3 (9326),-0.13924289824695427
KDM8 (79831),-0.13895047796760596
ARPC4 (10093),-0.13781732488667708
FAM83D (81610),-0.1358652662582362
PDCD11 (22984),-0.13534821465762817
OR4P4 (81300),-0.13504795513249546
UBA6 (55236),-0.1349444185662152
STRAP (11171),-0.13479642371530037
RPUSD4 (84881),-0.13467845362846123
IREB2 (3658),-0.13431581286040914
USP9X (8239),-0.13342816199415472
NCOA4 (8031),-0.1334005925979112
CHP1 (11261),-0.13260936054758313
OR4C11 (219429),-0.13238491115843684
PIK3R1 (5295),-0.13236773188762221
MTPAP (55149),-0.13219810068407584
MLST8 (64223),-0.13193467552137758
UGT2B15 (7366),-0.13190607116165404
IARS1 (3376),-0.13141901470646694
HAUS6 (54801),-0.1312509305950492
DDB1 (1642),-0.13095788502731992
CAMSAP2 (23271),-0.1309501439214232
HAT1 (8520),-0.13058003850587088
ZNHIT2 (741),-0.1300313440476864
CAMLG (819),-0.12985734973938226
MED4 (29079),-0.1293972767235521
RBM18 (92400),-0.12901694086566592
MYO15A (51168),-0.12900686785055068
DIAPH1 (1729),-0.1290006960180738
C19orf53 (28974),-0.12890343213977257
FCHO2 (115548),-0.1285695060831453
WARS1 (7453),-0.1285508889138255
BLM (641),-0.12815127284676925
HEXIM1 (10614),-0.12753224546168657
NCKAP1 (10787),-0.12751685999963025
TRMT10A (93587),-0.1274294486278258
NPC1 (4864),-0.12715474993909545
CNTROB (116840),-0.1269961726585275
AARS2 (57505),-0.12698726803759672
LATS2 (26524),-0.1267200958278245
ARHGAP21 (57584),-0.12660923714412153
CRIPT (9419),-0.1264057114316756
OR4C6 (219432),-0.1257607178066335
MYBL2 (4605),-0.12480178266075792
CEP97 (79598),-0.12468636991281436
PUM1 (9698),-0.1231247679591513
ATG13 (9776),-0.1228671194236149
PSMC5 (5705),-0.12262014054554887
SLC39A6 (25800),-0.12240591186927871
COPS3 (8533),-0.12220357584509862
TNPO1 (3842),-0.12099184188655315
MRPL14 (64928),-0.12039103902332543
PPP1R15B (84919),-0.11991639702927613
SNRNP40 (9410),-0.11968719471752827
OR4S2 (219431),-0.11946707578734092
DCPS (28960),-0.11927871663948163
CNOT9 (9125),-0.11924302712511475
NAE1 (8883),-0.11919659483951217
CAPRIN1 (4076),-0.11887215572984876
ZBTB1 (22890),-0.11861992773805735
BRAP (8315),-0.11815354010313807
RAB35 (11021),-0.11793730830809987
CCDC77 (84318),-0.11773801219774131
GTF2B (2959),-0.11762235810009687
MIS12 (79003),-0.117439208519575
MMADHC (27249),-0.11721467282902027
CACNA1G (8913),-0.1170890174219934
POLR3A (11128),-0.1164338332344307
PPP4R3A (55671),-0.11628747060763743
PABIR1 (116224),-0.11627939074050783
PAGR1 (79447),-0.11617073408573445
NUBP2 (10101),-0.11604120814324403
MS4A6A (64231),-0.11604085933163866
VARS2 (57176),-0.11577948605998087
ORC4 (5000),-0.11558810656374743
TAOK1 (57551),-0.11499340944285466
RPL18 (6141),-0.11436732248751359
SLC39A10 (57181),-0.114306979034559
KCTD5 (54442),-0.11425912446754799
MRPS24 (64951),-0.11424932484094011
CCDC182 (101927581),-0.1140951194005878
SNAI2 (6591),-0.11399342265208667
OR2T10 (127069),-0.11376501087044621
NOP10 (55505),-0.11374093260095602
GSK3B (2932),-0.11264500008555796
MRPS14 (63931),-0.11247774269951213
RPL19 (6143),-0.11245218059453697
ADNP (23394),-0.11240332175614662
FKBPL (63943),-0.11230744150166252
ATP6V1E1 (529),-0.11227732969695176
ILK (3611),-0.11213655733001231
TSPOAP1 (9256),-0.1120023609436381
ANLN (54443),-0.11178974765396539
ERH (2079),-0.1117626786834556
DGCR8 (54487),-0.11161146758596462
RAI1 (10743),-0.11149114131601107
PCID2 (55795),-0.11116477762368451
EEF1A1 (1915),-0.11106753680005327
C1QBP (708),-0.1110488183469437
PXN (5829),-0.1106364216156469
XPNPEP3 (63929),-0.11044645778768906
TIMM17A (10440),-0.11020640229577404
LGALS7B (653499),-0.1101452898031122
RALGPS1 (9649),-0.10995833476466656
CLASRP (11129),-0.10975616803445774
VBP1 (7411),-0.10963628239711774
PBRM1 (55193),-0.10844445660415669
EDF1 (8721),-0.10817504693482381
CCP110 (9738),-0.1078153521429012
DCTN6 (10671),-0.10745852011913604
USPL1 (10208),-0.10719938534701057
UBE2M (9040),-0.10708871125774624
NOC3L (64318),-0.10699278127979103
ANXA8 (653145),-0.10697287918502844
MRPL40 (64976),-0.10687556990858846
CGB7 (94027),-0.10684287383624991
PGRMC1 (10857),-0.106764013000911
MRPS35 (60488),-0.10647375463340235
MST1 (4485),-0.10621058774639157
CCDC51 (79714),-0.10599247506732977
GPN1 (11321),-0.10563965410202168
NOP16 (51491),-0.10528212405239497
YJU2B (81576),-0.10483371985176472
CIC (23152),-0.10473731685052942
HAUS8 (93323),-0.10464291947991079
NXF1 (10482),-0.1042311745717702
DIS3L2 (129563),-0.10342888773091774
SAMD12 (401474),-0.10323129860717448
ATP6V1D (51382),-0.1032170521365659
SQLE (6713),-0.10304872168583223
NKX3-2 (579),-0.10304515044924736
SEZ6 (124925),-0.10263960929654907
SF3B2 (10992),-0.10252830417269579
FOXA1 (3169),-0.10250559410118497
TMEM151A (256472),-0.10243477576690847
MRPS7 (51081),-0.10190390171103027
BUD23 (114049),-0.10186126098094311
KLF4 (9314),-0.10181862274042104
BET1 (10282),-0.10168064305113376
NSMCE1 (197370),-0.1012528065653844
CD2BP2 (10421),-0.1012101730467835
WRAP73 (49856),-0.10086484540753338
KMT2D (8085),-0.10077632685505665
PIPOX (51268),-0.1007242057801033
HAUS4 (54930),-0.10062372766302195
DRG2 (1819),-0.10042933303398477
WDR18 (57418),-0.10023816100423569
CNOT1 (23019),-0.09981118723865376
HJURP (55355),-0.09979093220738251
FOXK1 (221937),-0.09975806244712199
TRIT1 (54802),-0.09955552277726734
KIR2DL3 (3804),-0.09934388711925954
MRPL46 (26589),-0.09910045434815383
BNIP2 (663),-0.09898035403359358
VAPB (9217),-0.09887672200330555
RBM27 (54439),-0.09882035947650877
INTS13 (55726),-0.09859398403048122
ETAA1 (54465),-0.09858232571793041
LTA (4049),-0.09831292939417252
SYMPK (8189),-0.09828555659800878
CEP44 (80817),-0.09827992294036911
KLF7 (8609),-0.09827444851476265
SLC25A3 (5250),-0.09826277108642138
HEATR1 (55127),-0.09813736436342374
WDR48 (57599),-0.09800651110313927
ZDHHC11 (79844),-0.09792789656457128
ASCC3 (10973),-0.0978894990008785
PTPRF (5792),-0.09788236923609618
SIPA1 (6494),-0.09736270271594999
ARV1 (64801),-0.09678449626687621
ETS2 (2114),-0.09661656014192627
UBR4 (23352),-0.09621495136853443
EXO1 (9156),-0.09616242172603226
NMI (9111),-0.0959842514014074
ALG5 (29880),-0.09594947464149285
CDKN2AIPNL (91368),-0.09586804720834317
ETNK1 (55500),-0.09577882196015627
GHSR (2693),-0.09577247730902552
MRPS6 (64968),-0.09532317351879004
UBXN4 (23190),-0.09501319008776662
MRPL20 (55052),-0.09499089137788186
SLC25A17 (10478),-0.09486296126593932
PARS2 (25973),-0.09473588412640446
TSC2 (7249),-0.09450485498000244
EXOC4 (60412),-0.09449537457813548
NR0B2 (8431),-0.09437336169180267
ACTN1 (87),-0.09430189787943417
ESR1 (2099),-0.09427991574093747
GFER (2671),-0.09420627933736386
SARNP (84324),-0.09419836600046153
SASS6 (163786),-0.09404170790722051
OIP5 (11339),-0.09389575811830657
MDN1 (23195),-0.09377709477588239
SLFN12L (100506736),-0.09368638072013298
PEX6 (5190),-0.09349810808894742
PIK3C3 (5289),-0.09344889292161929
TTI2 (80185),-0.09337928738311073
TMA16 (55319),-0.09332121686478284
TUBB4B (10383),-0.09325580257512747
ZSCAN30 (100101467),-0.09320649005127156
CYP4F2 (8529),-0.09313390005588648
MRPS18B (28973),-0.09302312618253245
SGCE (8910),-0.09292277307831738
RTF2 (51507),-0.09228861333180441
HABP4 (22927),-0.09213174657067277
PSPC1 (55269),-0.09210277849283124
C1D (10438),-0.09207931539602773
VPS45 (11311),-0.09201153115003338
AKT1 (207),-0.09174595488773306
FAM83H (286077),-0.09172141717188906
TRIM49D1 (399939),-0.09167369899549434
WDR43 (23160),-0.09160312207433643
PPM1J (333926),-0.09155600527473015
CTTN (2017),-0.09143045366328392
CTR9 (9646),-0.09132957374518255
FKBP6 (8468),-0.0913152148587361
WDR54 (84058),-0.09122881503738077
POLR2H (5437),-0.0910917168876717
VEZT (55591),-0.09108611745603402
KIF22 (3835),-0.09105096725836162
ZNF561 (93134),-0.09089140240396851
RPAP3 (79657),-0.09083722008879777
TFG (10342),-0.09082618798004737
YWHAG (7532),-0.09077880494455653
NANOG (79923),-0.09066404701697918
RBM12 (10137),-0.09063330189940995
ANKRD31 (256006),-0.09056338013326802
POTEI (653269),-0.0905294900731346
GTPBP10 (85865),-0.09042825770264626
USP50 (373509),-0.09028984470562464
FAM50B (26240),-0.09025023171687496
PPFIA1 (8500),-0.09006375840482207
ORC3 (23595),-0.08997184327317814
TMEM120A (83862),-0.08984362378175116
POLD1 (5424),-0.08955070719161504
OGFOD1 (55239),-0.0894952338012401
RBSN (64145),-0.08942826113856281
HARS2 (23438),-0.0893327797007072
SHLD2 (54537),-0.08918194976444122
PHOSPHO2 (493911),-0.08900387809135599
DCUN1D4 (23142),-0.08897393483244713
PHF10 (55274),-0.0887636583661754
HMMR (3161),-0.08872585212882753
MRPL17 (63875),-0.08851592083581807
RBIS (401466),-0.08849826031474364
POLR1D (51082),-0.08845927693710401
CYFIP1 (23191),-0.08834676592948218
KATNA1 (11104),-0.08806722358682627
ANKRD11 (29123),-0.08799970805791077
SPICE1 (152185),-0.08793012180557434
KCMF1 (56888),-0.08792072377420426
ACTR10 (55860),-0.08789442742775495
PES1 (23481),-0.08782534622842476
SLC47A1 (55244),-0.08780405755914414
DDX1 (1653),-0.08772540075766064
ATP6AP2 (10159),-0.08770455155513843
COL9A1 (1297),-0.08769007448939661
PIGX (54965),-0.08767607363765859
MRPL24 (79590),-0.0876188769120417
SLC39A13 (91252),-0.08746281994004762
PTCD2 (79810),-0.08745390144661955
IGFL4 (444882),-0.08734815558384837
TCEA1 (6917),-0.08729729534514845
LCE1D (353134),-0.08729153768198894
GLI2 (2736),-0.08727357490858047
FIS1 (51024),-0.08724173073931117
FGF3 (2248),-0.08721462768186769
CEP295 (85459),-0.08680698499241726
RPUSD3 (285367),-0.08666237831725171
NSA2 (10412),-0.08665961793463463
DCAF4 (26094),-0.08663301223207837
GOLGA7 (51125),-0.08661399632744328
PALB2 (79728),-0.08641488682717122
ZNF727 (442319),-0.08639220524848291
POP7 (10248),-0.08635163662805376
ZCCHC7 (84186),-0.08628181056676541
RARS2 (57038),-0.08627610440007519
PDZK1IP1 (10158),-0.08615613770434573
TMEM199 (147007),-0.08602119198202633
FBXO3 (26273),-0.08600043789192176
MRPS27 (23107),-0.08563847347555745
NARS2 (79731),-0.08552598764889918
HNRNPA1 (3178),-0.08550836070682367
FLYWCH1 (84256),-0.08519364554809263
PRKCH (5583),-0.08506474093474943
AARD (441376),-0.08496326074152681
TDRD10 (126668),-0.08490408881039062
PHTF2 (57157),-0.08487659833083787
PNO1 (56902),-0.08462107367356374
BMP5 (653),-0.08455833627182961
GAR1 (54433),-0.08453078081720675
ARL14EPL (644100),-0.08452048380691188
COPS5 (10987),-0.08445565314820977
SNUPN (10073),-0.08443703085750592
MAPKAP1 (79109),-0.08423559388063279
MTERF3 (51001),-0.08420479525658824
CD177 (57126),-0.0842003199676894
B4GALT1 (2683),-0.08408655183325055
CORO2A (7464),-0.08408325485425064
DHX16 (8449),-0.08407306085456347
PPME1 (51400),-0.08403749204855411
RMND5A (64795),-0.08399243287536431
ABHD2 (11057),-0.08398073268585374
LPO (4025),-0.08397932845030749
CEP350 (9857),-0.08388851961249705
SLC1A5 (6510),-0.08383164381757119
HSCB (150274),-0.08379467850468642
MPRIP (23164),-0.08371026127164155
STX5 (6811),-0.08363223280631739
NTMT2 (149281),-0.08347766709848511
GLYR1 (84656),-0.0834029017662682
CLEC4A (50856),-0.08328306041825068
HIF3A (64344),-0.0832213922561274
GYPE (2996),-0.08321180043001036
GTSE1 (51512),-0.08318936381523716
RPS5 (6193),-0.08309387004282498
ANP32B (10541),-0.08304223553459641
IL18R1 (8809),-0.08302419165401193
RNGTT (8732),-0.08302295088876743
ABI1 (10006),-0.08299759752929094
RBFA (79863),-0.08292035396780394
ZNF491 (126069),-0.08288796079153997
MED8 (112950),-0.08272149457834885
MT1A (4489),-0.0826386271652149
TUBGCP5 (114791),-0.08253454452470269
ZNF790 (388536),-0.08252832941865419
RSL1D1 (26156),-0.08244770533621819
HAPSTR1 (29035),-0.08236540050246216
MTRFR (91574),-0.08231295672402722
NAF1 (92345),-0.08228207590443626
SCO1 (6341),-0.08224768985516087
CEP152 (22995),-0.0822404404655451
ARHGEF9 (23229),-0.08217570017363683
CIR1 (9541),-0.08216215460866359
TGFBR2 (7048),-0.08209357317313161
INTS14 (81556),-0.08204661834631405
MGP (4256),-0.08200649394139613
TFCP2L1 (29842),-0.08193777144326951
GOLGA6D (653643),-0.08192298964375971
RXRA (6256),-0.08184352041757179
PRDM10 (56980),-0.08183949186076075
E4F1 (1877),-0.08179358823589028
LSM4 (25804),-0.08171958385717419
DBF4 (10926),-0.08168107189449635
PLEKHH1 (57475),-0.08163545062489791
CCL13 (6357),-0.08159976963739399
THUMPD1 (55623),-0.08151469186417658
KRTAP9-1 (728318),-0.08137079559413164
OR4A5 (81318),-0.08136821604882852
RBM34 (23029),-0.08130267582618272
TEAD3 (7005),-0.08099287849274131
RBM33 (155435),-0.08091795995773254
PRAME (23532),-0.08091077164887751
TMEM181 (57583),-0.08050651291515801
DTNA (1837),-0.08036206954183203
GABRA2 (2555),-0.08035582904482184
MFSD4A (148808),-0.08030909187140986
MRPL13 (28998),-0.08019728256398956
CTNNA2 (1496),-0.08010324107650729
DDX20 (11218),-0.08008833431382664
C3orf38 (285237),-0.08008607984689345
ZBBX (79740),-0.07995619102434724
CYB5D2 (124936),-0.07988327775372854
USP42 (84132),-0.0798551878418716
PLXDC1 (57125),-0.07982936547694816
DEFB112 (245915),-0.07981587762406926
KCNE4 (23704),-0.07964695241525563
NUP37 (79023),-0.07955947785896003
USP9Y (8287),-0.0795445718067865
LRIF1 (55791),-0.07950458190718926
HK2 (3099),-0.07935384997912635
NSUN4 (387338),-0.07934081529858586
SNAPC3 (6619),-0.07925658267157261
CAP1 (10487),-0.07925285498506415
TRUB1 (142940),-0.07909691997883568
KHDRBS1 (10657),-0.07893987741887559
HSD17B10 (3028),-0.0788797649085162
BUD13 (84811),-0.0788793760501989
ARRDC3 (57561),-0.07886206887815374
NFIC (4782),-0.07882959327189362
SLC25A26 (115286),-0.07879414324930714
MRPL51 (51258),-0.07877637804665748
PCBP2 (5094),-0.07867163900232109
ADAT3 (113179),-0.07863485883380965
NSUN2 (54888),-0.07843326664394608
ACTG1 (71),-0.07836995733114917
CLPP (8192),-0.07836552358441537
CNNM2 (54805),-0.0783527756777305
LARS2 (23395),-0.07834028833239344
CTRB2 (440387),-0.07801642235550199
ACTR6 (64431),-0.0779778097722271
TMC5 (79838),-0.0778559163246749
MTMR6 (9107),-0.07784632093010765
VPS28 (51160),-0.07772595286514875
GPHN (10243),-0.0777134053655108
HELZ2 (85441),-0.07762585713068325
RHAG (6005),-0.07747989855855836
MAIP1 (79568),-0.07744563909798778
TRIM4 (89122),-0.0774160655764646
PINX1 (54984),-0.076898313512932
MLC1 (23209),-0.0767598191965153
SFTA2 (389376),-0.07672353135398866
ITM2A (9452),-0.07671979789562935
PPP1R3C (5507),-0.07667394538322853
OR5AK2 (390181),-0.07655139871876028
LCORL (254251),-0.07654450559905547
PTGDR (5729),-0.07652823677294181
LSM1 (27257),-0.07629436854708876
TMEM59L (25789),-0.0760486471289708
CILP2 (148113),-0.07600612311483554
CDKL4 (344387),-0.07592886198228896
MRPS18C (51023),-0.07587851098458595
SLAIN2 (57606),-0.07584856767480495
CTNNA1 (1495),-0.0758413624580068
PHB1 (5245),-0.0758073029785921
COG2 (22796),-0.07574726729852826
SRP19 (6728),-0.07574486823920908
SLC45A3 (85414),-0.07563571709071974
MED12 (9968),-0.07560255327532528
TIGD1 (200765),-0.07556220906884191
SLC18A3 (6572),-0.07546580203030674
EIF1B (10289),-0.07532370985166498
BPHL (670),-0.07527620191089131
POLR2M (81488),-0.07522349748511721
LAG3 (3902),-0.07514453885489332
NUCB1 (4924),-0.07511586424227001
CDCA2 (157313),-0.07507346642143758
CFAP20 (29105),-0.07506021998799334
UGCG (7357),-0.07504476069520569
CORO1C (23603),-0.07502506806165422
WAPL (23063),-0.07502392097724814
EPHA3 (2042),-0.07500111898723416
ZNF208 (7757),-0.07482763915882043
TPRKB (51002),-0.07481300902792407
TYW1 (55253),-0.07475148089678639
ATP4A (495),-0.07468466164746441
JAK3 (3718),-0.07454310533644573
KDM6B (23135),-0.0745078835824625
ZNF732 (654254),-0.07436854515362139
TCHH (7062),-0.07424846912580636
BAMBI (25805),-0.07414254854742341
NIF3L1 (60491),-0.07413152496283429
COG1 (9382),-0.07411591669398611
NPR1 (4881),-0.07407956838188623
WASL (8976),-0.07404099557528976
UNC45A (55898),-0.07397379391964456
RSAD2 (91543),-0.07394027593860088
SLC4A1 (6521),-0.07393232861825445
CYB5R4 (51167),-0.0738759212014779
STK40 (83931),-0.07382825453590265
WASHC5 (9897),-0.07368585126658628
ATF7IP (55729),-0.07363750328029331
COG8 (84342),-0.07362618432472551
PGK2 (5232),-0.07360066204179318
AP2B1 (163),-0.07358664632780688
VAC14 (55697),-0.07348254662580035
ANAPC1 (64682),-0.07329779738556279
ARID2 (196528),-0.07328083009675525
APC (324),-0.07326643304294732
EIF4G3 (8672),-0.07318099662945197
GPR17 (2840),-0.07312331189496923
EXOSC8 (11340),-0.07303192673131194
ZBTB11 (27107),-0.0729679670956168
CEMIP2 (23670),-0.07289208300395945
PPFIA4 (8497),-0.07287625351204889
EVPLL (645027),-0.07284042961704232
TPTE2 (93492),-0.07281395748232523
MAP4K3 (8491),-0.0727859513102263
FBXL18 (80028),-0.07275288507231414
NOPCHAP1 (121053),-0.07271077789829833
PRRC2A (7916),-0.07252145165621313
EFCAB13 (124989),-0.07231111022958424
POM121 (9883),-0.07230018121428515
FAM114A1 (92689),-0.0722841508005933
ZNF276 (92822),-0.07227451261882008
DDX39B (7919),-0.07223722678554204
SCO2 (9997),-0.07222544549694992
RNF135 (84282),-0.07219065462406238
USP19 (10869),-0.07216595771407702
FZD9 (8326),-0.07208032591482588
ATG9A (79065),-0.0720521774240084
ASAH2 (56624),-0.07204739549557482
ZNF652 (22834),-0.07204595536906541
PCDHB16 (57717),-0.07201736991773283
CPEB4 (80315),-0.0719315920841266
PCDHA3 (56145),-0.07190819297373245
DUS2 (54920),-0.07190024969674694
SPR (6697),-0.0718932759303491
LAGE3 (8270),-0.07188819368629483
ARL4D (379),-0.07188701244701232
PCNX1 (22990),-0.07179269567193555
IKZF2 (22807),-0.07173508622033825
USP2 (9099),-0.07172040396670915
MRE11 (4361),-0.07169782226654951
SLC7A10 (56301),-0.07169668740488791
TRIP4 (9325),-0.07166431729914952
DRAP1 (10589),-0.07158115781141511
MRPL33 (9553),-0.07137842107927087
ZNF691 (51058),-0.07136814901247554
PIGY (84992),-0.07134753793047897
DPY19L1 (23333),-0.07133022133929315
NADSYN1 (55191),-0.07132894499490473
TNRC18 (84629),-0.07130686622066829
FRYL (285527),-0.0712557306221348
POLH (5429),-0.07120907389667129
CRB2 (286204),-0.07112903006501979
TMEM67 (91147),-0.07112126612102652
SLFN13 (146857),-0.07107067676478651
PTPRG (5793),-0.07101921876482982
MME (4311),-0.07100522182382649
NAA20 (51126),-0.07092383360450263
DPF2 (5977),-0.07091381284319004
MMS19 (64210),-0.07088213494786297
TMEM17 (200728),-0.0708033134487499
FBXO8 (26269),-0.07075338315439995
ALG10 (84920),-0.07075220887877458
EXOSC1 (51013),-0.07065007313247632
SHQ1 (55164),-0.07064965243849289
RPL27 (6155),-0.07064154939389398
BPNT1 (10380),-0.07060521128000427
ATL1 (51062),-0.07059954012535859
IP6K2 (51447),-0.07058016659491194
GPATCH2 (55105),-0.07056967270003055
COPA (1314),-0.07055682497584893
C5orf34 (375444),-0.0705261875141152
GSTM2 (2946),-0.070496862662292
TNS2 (23371),-0.07048272900492908
RBM44 (375316),-0.07041352756746228
FOXN1 (8456),-0.07040839057961665
MPV17L2 (84769),-0.0703990234521174
ADGRG3 (222487),-0.07031088451747926
UTP25 (27042),-0.07026972797944014
EFL1 (79631),-0.07025423327868144
RBL2 (5934),-0.07019612664259961
KIR3DL2 (3812),-0.07017649159776919
PLD1 (5337),-0.0701514380390807
PAGE2 (203569),-0.07013562079688998
AK5 (26289),-0.07008042266932858
ACOXL (55289),-0.0699295243228506
PRICKLE2 (166336),-0.06991262363007021
PTCD3 (55037),-0.06985818901199489
PDZD9 (255762),-0.06984191173914557
TSR1 (55720),-0.06982516854899597
GALNT1 (2589),-0.06974166165443374
STAC2 (342667),-0.06970105580953018
OCIAD1 (54940),-0.06962082668998407
NT5C3A (51251),-0.06961410651399022
ENAM (10117),-0.06954318536294449
CKAP2L (150468),-0.06952661837987259
SPDL1 (54908),-0.06946736171228739
GPR135 (64582),-0.06942147525177617
CEP120 (153241),-0.06942010725450774
ZDHHC17 (23390),-0.0694188284579781
CCL4 (6351),-0.06935293850280634
APLNR (187),-0.06926893598021416
KIAA1549L (25758),-0.0692513064587186
MFSD9 (84804),-0.06924356665339579
MIPEP (4285),-0.06915588926667633
ANKRD17 (26057),-0.06912489855200873
STX3 (6809),-0.06911907494765418
SLC38A11 (151258),-0.06909288151112919
BARD1 (580),-0.06884318097286299
OLIG3 (167826),-0.06881046466346129
EHBP1 (23301),-0.06875697632889527
ZNF571 (51276),-0.06872929636423014
SMTN (6525),-0.06862860575396681
GNL1 (2794),-0.06855087016822771
ESCO1 (114799),-0.06854522287388445
SIN3A (25942),-0.06843238726989476
CNOT4 (4850),-0.06843028869735888
NEFH (4744),-0.06842209381477991
ARHGAP29 (9411),-0.06836696167579025
TIPIN (54962),-0.06836511195772947
HTATIP2 (10553),-0.06835613460005206
TEX11 (56159),-0.06835604305427943
NKAPD1 (55216),-0.0683127245151727
CCDC22 (28952),-0.06831019943770575
AMPD3 (272),-0.06820104598329306
RGPD4 (285190),-0.06819198035391623
EIF4G2 (1982),-0.06815127516916276
METTL27 (155368),-0.06806916894002077
ZBTB14 (7541),-0.06806765163423024
MTMR1 (8776),-0.06801047776920197
KLHL13 (90293),-0.06796906329002346
PIWIL4 (143689),-0.06790006634145389
ADH4 (127),-0.06786927528309857
EIF4E2 (9470),-0.0677869841494414
SNRPN (6638),-0.06771873518475371
KRTAP3-3 (85293),-0.06770618541375663
ZW10 (9183),-0.06768198038451025
USP35 (57558),-0.06763610418016222
IQCB1 (9657),-0.06761734711105316
MALSU1 (115416),-0.06760721807524409
KRT73 (319101),-0.06760045784623427
CLUL1 (27098),-0.06756014119142055
MTMR14 (64419),-0.06755283998023692
NSD1 (64324),-0.0675326778894459
TFAP2C (7022),-0.06750987004996328
ZNF501 (115560),-0.06750796637478164
CLXN (79645),-0.06749905178933309
CUL4B (8450),-0.06749547448485466
NAGS (162417),-0.06747029916100394
ELOVL1 (64834),-0.06743064491660732
GOLGA8R (101059918),-0.06732137587660722
KRTAP5-11 (440051),-0.06730005956664947
ATP6V0A1 (535),-0.0672946272121042
EPC1 (80314),-0.06725187028767796
ALPL (249),-0.06725002347171075
IGFBP2 (3485),-0.06723561907874927
OR10AD1 (121275),-0.06705759625400273
TMEM270 (135886),-0.06705605986926967
DYNC1LI2 (1783),-0.06704502569917614
AZGP1 (563),-0.06700475703240291
SPIN4 (139886),-0.06699122443105729
EXOSC10 (5394),-0.06682065080408275
DRGX (644168),-0.06677439043695853
IRF2BP1 (26145),-0.06676404794127132
PDHX (8050),-0.06670625013231755
EFNA4 (1945),-0.06669203944376201
RPP40 (10799),-0.06669055821371912
MRC1 (4360),-0.06667982129757319
PAK1IP1 (55003),-0.06666019492896821
EPCAM (4072),-0.06665393915383214
RAPGEF1 (2889),-0.06661234399840311
IGFBPL1 (347252),-0.06656483910303268
SI (6476),-0.06653974757136809
XG (7499),-0.06648607525652131
GPR22 (2845),-0.06646461324363605
KRT18 (3875),-0.06645384080001653
WIF1 (11197),-0.06642607343217267
NIPA1 (123606),-0.06640556904542352
GPR160 (26996),-0.06640496293167192
MAGEF1 (64110),-0.06638824877778947
TRIB1 (10221),-0.06634295889315861
TRDN (10345),-0.06634079282725361
SUN3 (256979),-0.06633291309614964
ATF2 (1386),-0.06633207474722061
DPP3 (10072),-0.0663203039577441
TFB2M (64216),-0.06629755318503472
TLN1 (7094),-0.06623145449066453
FIP1L1 (81608),-0.0662136472162418
ZNF396 (252884),-0.06619433126936768
IMMP2L (83943),-0.06618754206717117
PDE2A (5138),-0.06611088294978408
SNAPC5 (10302),-0.06605466702179016
ITGB7 (3695),-0.06604410726221308
PRLR (5618),-0.06600383287205297
FKBP9 (11328),-0.06599433398589806
APMAP (57136),-0.06599245896969905
LTA4H (4048),-0.06598867529368155
SLC3A2 (6520),-0.06595505875628
MYO7B (4648),-0.06590127617888783
TSEN2 (80746),-0.06589686160750928
CENPJ (55835),-0.0658300798550339
CCDC181 (57821),-0.06578875525648309
MRPS22 (56945),-0.06575578514358477
ANTKMT (65990),-0.06572836111189645
NR2F2 (7026),-0.06565640822729926
SH3GL3 (6457),-0.06565558796461123
CFAP418 (157657),-0.06558642524359373
PDRG1 (81572),-0.06557402558631106
MPP2 (4355),-0.0655409446125761
POSTN (10631),-0.06550987713731456
OR4A47 (403253),-0.06546178792154567
RNF217 (154214),-0.0654277173924894
UBE2K (3093),-0.06541172266341291
ZNF626 (199777),-0.06533410754595148
PFDN4 (5203),-0.06532571643652142
RBPMS (11030),-0.06527688166425688
BEX3 (27018),-0.06526946013352324
S100A7 (6278),-0.06524501846472601
PRPF18 (8559),-0.06523149860735938
MRRF (92399),-0.06520257936166951
TMC1 (117531),-0.06520053034920031
NID2 (22795),-0.06515436573241282
C12orf50 (160419),-0.06515424363420183
MACF1 (23499),-0.0651446908614627
RAET1G (353091),-0.06514318060363981
MED24 (9862),-0.06513851238242131
DDA1 (79016),-0.06512473860002875
WASHC3 (51019),-0.06509301617928734
PUM3 (9933),-0.06509034912972572
PARN (5073),-0.06507607062477629
TENT5D (169966),-0.06507078245833707
CUL1 (8454),-0.06506692795069119
JSRP1 (126306),-0.06501530434609679
GDF9 (2661),-0.06501373040864523
PLEKHB2 (55041),-0.06496618211467688
QPCT (25797),-0.06493954826081831
MYL6 (4637),-0.06489970348925403
KRTAP25-1 (100131902),-0.06488906855487558
SLC38A6 (145389),-0.06486700204899556
DLGAP5 (9787),-0.06483241771777239
MRPL1 (65008),-0.06482198528689623
PKHD1 (5314),-0.06481174559974096
TMEM70 (54968),-0.06479903338220905
PON3 (5446),-0.0647590361097101
TAF7L (54457),-0.0646982278802612
CCDC93 (54520),-0.06469235197329193
FOXN4 (121643),-0.06468509773590611
NUDCD1 (84955),-0.06467980519227691
PHKG1 (5260),-0.06465550676984823
BACE2 (25825),-0.0646344842161543
CALM1 (801),-0.0646206521811553
SERPINB12 (89777),-0.0645454447131894
GABRR2 (2570),-0.06450683452038761
IARS2 (55699),-0.06444836885447086
DYNC2LI1 (51626),-0.06443297313482277
GET1 (7485),-0.06441405880219057
FAM222A (84915),-0.06439024099688952
PEX19 (5824),-0.06425918994576416
RDH12 (145226),-0.0641591935477969
DCUN1D3 (123879),-0.06415874702842142
STARD7 (56910),-0.06405264020761972
THUMPD2 (80745),-0.06401565781543879
ZNF593 (51042),-0.06398300732451054
SF3B1 (23451),-0.06397751151533879
CFAP221 (200373),-0.0639462705817792
DDX47 (51202),-0.06392681894665374
CEP41 (95681),-0.06392273717566524
RASD2 (23551),-0.06391421647302648
HYLS1 (219844),-0.06388460908273749
PSG5 (5673),-0.06387274793750629
TNFAIP3 (7128),-0.06385099067873544
KCNJ16 (3773),-0.06380514488353517
HSPA14 (51182),-0.06380278035376871
TRMT1 (55621),-0.06378253282271677
RUSC1 (23623),-0.06374758161113982
BCO1 (53630),-0.06368401018331503
NCOR1 (9611),-0.0636829019385863
ANKMY2 (57037),-0.0636250273735292
TAS2R8 (50836),-0.06361659429307456
CCT6B (10693),-0.06353324610875771
FBXO9 (26268),-0.06348827120936462
KRT4 (3851),-0.06345727191329255
POGLUT2 (79070),-0.0634057544618586
TMEM273 (170371),-0.06334155853173215
TMEM127 (55654),-0.0632397061603509
LRP2 (4036),-0.06323617369825865
DNAL4 (10126),-0.06322179319411488
FEZF2 (55079),-0.06319685261710781
CDKL3 (51265),-0.06317649330529058
RAB7A (7879),-0.0631301774877722
TXNL1 (9352),-0.06312541660899293
METTL14 (57721),-0.0630966210690635
MIIP (60672),-0.06306570319841662
KCNAB2 (8514),-0.06305662332355327
ERCC5 (2073),-0.06302412594692428
SRF (6722),-0.06298580771482844
RRP15 (51018),-0.06295470386687949
RAB38 (23682),-0.06291306722216641
FZD7 (8324),-0.0629051806077581
SLC22A13 (9390),-0.06289475143393017
PTCH1 (5727),-0.06288386590924301
ZNF181 (339318),-0.06288066461498834
EXOC1 (55763),-0.06284675685137146
SRMS (6725),-0.06283492387288399
ZNF354B (117608),-0.0627818434152374
ATP2B1 (490),-0.06275759727912139
PCDHB11 (56125),-0.06273411462378375
SMPDL3B (27293),-0.06273011908060808
CACNA2D1 (781),-0.0626686687069171
HACD4 (401494),-0.0626659023312819
AGAP9 (642517),-0.06264162963704376
TRA2A (29896),-0.0626155983369456
LRP12 (29967),-0.06254535419888299
NPRL2 (10641),-0.06251104894370313
RPTOR (57521),-0.06245864079996654
MYO1A (4640),-0.06244170002988876
ARHGAP5 (394),-0.062411991378688796
KCNV1 (27012),-0.06237375177425845
NEMF (9147),-0.06236169286494585
POLR2C (5432),-0.06233661483335527
TPR (7175),-0.06233172647538166
NELFCD (51497),-0.06231473397500506
HTR1F (3355),-0.06219416212417099
ACTL7A (10881),-0.062182880496177755
TUBE1 (51175),-0.062176726744606656
ATPAF1 (64756),-0.06212955732883384
ABCA12 (26154),-0.06208795910431393
KLHL41 (10324),-0.06203972860446242
GRSF1 (2926),-0.06202673165844
CTXN2 (399697),-0.06196695815690388
ASPDH (554235),-0.061887383364800964
RTL3 (203430),-0.06188400924678096
XPOT (11260),-0.0618254641004434
ZACN (353174),-0.061794111770417534
SKIC2 (6499),-0.06171716339374596
RRS1 (23212),-0.06170746438626648
CFAP161 (161502),-0.06168682915810195
KRT82 (3888),-0.061682990317830574
RRP36 (88745),-0.061677162816065806
NOSIP (51070),-0.06164876365012676
DCST1 (149095),-0.06154548847908264
ATP11B (23200),-0.06154479786544252
SRRT (51593),-0.061543858653586886
PIK3R2 (5296),-0.06152306630658507
SPDEF (25803),-0.06149636600698556
MTX2 (10651),-0.061466207658522024
CCL3L3 (414062),-0.06139044965550128
GJD3 (125111),-0.061378185057822124
FAM78A (286336),-0.06132479669006548
C15orf61 (145853),-0.06131881891541457
PRODH2 (58510),-0.06128636734083599
EDDM3B (64184),-0.06126854571374761
NLGN4Y (22829),-0.06125428585674996
NGRN (51335),-0.06122082435379845
CADPS (8618),-0.06118675553626108
PIK3R4 (30849),-0.06118161794621891
PELI2 (57161),-0.061180690486455865
SFXN5 (94097),-0.061178308989800784
NAA15 (80155),-0.06115146369648436
C2CD4D (100191040),-0.061074572146546026
SKA2 (348235),-0.061027623215586205
SPNS1 (83985),-0.06101912560867191
ATF7IP2 (80063),-0.0609712250217157
DLGAP1 (9229),-0.06094470925043631
LAIR2 (3904),-0.06087449658080836
HDAC7 (51564),-0.060867778949706484
C10orf105 (414152),-0.06082144022969538
SLC35F3 (148641),-0.06079077042938459
FAM13A (10144),-0.060756394347229355
CCNA2 (890),-0.06075228515565507
PABPC4 (8761),-0.060731170330834146
NHSL1 (57224),-0.060723997844543506
FAM162A (26355),-0.060643155019222024
DDX46 (9879),-0.06062315203498621
NPY (4852),-0.06058625921950573
TXNRD2 (10587),-0.060575233882697935
NDOR1 (27158),-0.060500681847632645
MARCHF10 (162333),-0.060496164790666676
SLC35A2 (7355),-0.06048062527972094
ADGRV1 (84059),-0.06046497306948086
PDE6A (5145),-0.06045425706473491
KIF21A (55605),-0.060437541633398394
ADGRE2 (30817),-0.06038554020875294
MAP3K1 (4214),-0.0603850604249255
SETD1B (23067),-0.060379124582895634
CENPW (387103),-0.06037044843456729
MARCKS (4082),-0.06034856465093659
UEVLD (55293),-0.06032670433704805
STARD8 (9754),-0.06031865716371821
DBF4B (80174),-0.06030427540331654
RCN3 (57333),-0.06028979943287626
TNS3 (64759),-0.060287316536758076
THEM5 (284486),-0.06028118270656482
GPR45 (11250),-0.060233039896833956
MRPL11 (65003),-0.06022955274717052
SP7 (121340),-0.06016407269671288
TUT7 (79670),-0.06007013131958269
SGO2 (151246),-0.060063897746617585
GPR25 (2848),-0.06005668579058536
SLC28A2 (9153),-0.06001414114814663
GJD2 (57369),-0.05999949775517651
CARNMT1 (138199),-0.059976233361148545
SPAG16 (79582),-0.059953031902941
SNX4 (8723),-0.059870820947240874
SEMA3C (10512),-0.059854378774712516
RAB11A (8766),-0.059847529524328764
IRX6 (79190),-0.05983787421113156
COMMD8 (54951),-0.05982870701830049
ID3 (3399),-0.059826706734971306
TSC1 (7248),-0.05971383462169733
SETDB1 (9869),-0.05970565353766518
MRPL32 (64983),-0.05970186163413944
USP14 (9097),-0.05969909556686799
GJA3 (2700),-0.059650426781304895
VAMP1 (6843),-0.05964624321698757
RPAP1 (26015),-0.0596266871827681
SEMA4B (10509),-0.05960851438432658
IL1RAPL2 (26280),-0.05958322312444694
GAGE12H (729442),-0.059567606227915716
LAMC2 (3918),-0.059567586678575285
BRCC3 (79184),-0.059460056682606996
NSUN7 (79730),-0.059453282930172234
ENTPD6 (955),-0.05943740841708414
ARID5B (84159),-0.05941079606482896
MRPS31 (10240),-0.05938262484813153
CIAO3 (64428),-0.059382210667099006
BLMH (642),-0.05937432903410881
RIPOR3 (140876),-0.05936562982914986
RMDN1 (51115),-0.059358645351534026
TCEAL4 (79921),-0.059345318536154434
TRMT112 (51504),-0.05930396935272505
ZNF607 (84775),-0.05928289115288059
UBA52 (7311),-0.05927440550291137
TRIM46 (80128),-0.05919884503843688
TMEM68 (137695),-0.05917422296458788
PREPL (9581),-0.059005938231052296
THAP2 (83591),-0.05898604059078057
ACVR1C (130399),-0.05895875036460296
ALOX12 (239),-0.058939652739885294
IFNAR1 (3454),-0.05891438056141128
ABCB4 (5244),-0.058904803690052625
ITIH1 (3697),-0.05888091486207284
MINDY1 (55793),-0.05888044422523091
EPN1 (29924),-0.05886321133620072
ANO5 (203859),-0.05885810577348878
KCNA3 (3738),-0.058844016564052956
SLITRK3 (22865),-0.05881166089567135
PARP3 (10039),-0.05879420406531361
CASP10 (843),-0.05877778168550239
SCFD1 (23256),-0.05877093185579252
MZT1 (440145),-0.058726910276149576
DIS3L (115752),-0.05870061407656497
RFX3 (5991),-0.05869603999083043
B4GALT2 (8704),-0.05869496628565217
CCL24 (6369),-0.05861158701817659
MGAT5 (4249),-0.05858939352391312
ZNF267 (10308),-0.05854944444264825
BRCA2 (675),-0.05851925046054488
TICAM2 (353376),-0.05851819542686671
UCHL1 (7345),-0.05850184658899152
F2 (2147),-0.05848385436709157
DCAF4L2 (138009),-0.05847508220923824
ST6GAL2 (84620),-0.058473737095223854
SDR16C5 (195814),-0.05847354457951638
PTPN12 (5782),-0.05844063464444575
DCUN1D1 (54165),-0.05842949212350859
CHST4 (10164),-0.05841789531421224
SERP2 (387923),-0.05840882056609103
MYOM1 (8736),-0.058395439008831776
PPIL3 (53938),-0.058393725229965006
CDKN1B (1027),-0.05839014222167952
APOBEC3F (200316),-0.058386397823007946
FLCN (201163),-0.058367001807284685
MATK (4145),-0.05827000723577326
ABT1 (29777),-0.05824539978953613
GORAB (92344),-0.05822035192219204
RALGAPA2 (57186),-0.05820244638412571
ZNF580 (51157),-0.05799342678407827
MAK16 (84549),-0.05798554330657341
PALS1 (64398),-0.057928607178060476
TTC39C (125488),-0.05788659612254499
SAMM50 (25813),-0.05785179500724295
CCR1 (1230),-0.05780123360606307
SHROOM1 (134549),-0.05779390886853968
TRPS1 (7227),-0.057773981729797315
MRPL2 (51069),-0.0577326030034725
HNRNPC (3183),-0.05772535526448859
METTL8 (79828),-0.05769914269791674
SIGLEC1 (6614),-0.05768235654303782
WNT10B (7480),-0.05764612442381337
ABHD10 (55347),-0.05762920965802936
PCM1 (5108),-0.057612953833987006
LIN7C (55327),-0.05759153223499791
UTY (7404),-0.05758598644287615
SZT2 (23334),-0.0575822643174467
ATOH8 (84913),-0.05756569601639046
MRPL9 (65005),-0.05755677108838789
ANO6 (196527),-0.057545451423403976
KPNA6 (23633),-0.05753869546579572
LUZP2 (338645),-0.05751778936243205
IGSF3 (3321),-0.05750255408519242
ATAD1 (84896),-0.05747630066168251
ING3 (54556),-0.05746410296615975
ARL13B (200894),-0.057447461589103535
KIF15 (56992),-0.05741997626698504
RARG (5916),-0.05739037928450115
ASB17 (127247),-0.05736800680675564
CHMP2B (25978),-0.05735307280854818
KCNH5 (27133),-0.05734199508909587
BRF1 (2972),-0.0573188916445745
LRRTM3 (347731),-0.05728792895791425
NOP2 (4839),-0.05725776251019178
OCIAD2 (132299),-0.057251480196179746
SCUBE1 (80274),-0.05724488975611498
ZNF85 (7639),-0.05718281637514239
ZNF397 (84307),-0.057180098860037325
TNRC6A (27327),-0.05714012875324371
MCPH1 (79648),-0.05712053377163832
MOB2 (81532),-0.05710091246927001
LRRIQ4 (344657),-0.05707285870925386
GSK3A (2931),-0.057067267484535826
TOMM70 (9868),-0.05706269869817858
GADL1 (339896),-0.05704817151091957
SUGP2 (10147),-0.05698891298809931
PTPN1 (5770),-0.05695151586263462
TARDBP (23435),-0.05694346566164387
DYNLL2 (140735),-0.05692764983257056
CNTN4 (152330),-0.056925813682705856
ARG2 (384),-0.05691237024001273
EIF3G (8666),-0.05690560376891425
AUNIP (79000),-0.056897706984139755
SPEF2 (79925),-0.05688193532695122
FBN2 (2201),-0.056817617031197906
ADRM1 (11047),-0.05681485317201885
AP2A1 (160),-0.05681045834767613
ABCB1 (5243),-0.05665627039924865
DGKE (8526),-0.05665475685800469
KLHL12 (59349),-0.056632556770436514
BPIFC (254240),-0.05661350867559344
MRPS17 (51373),-0.05660802016416937
PTGDR2 (11251),-0.056576793656984176
LRIT3 (345193),-0.05655534288393248
MTNAP1 (55028),-0.05647556137840407
PTPN22 (26191),-0.05647487251345844
COPS7A (50813),-0.05646041367073713
TACC3 (10460),-0.05643441313884126
APLP1 (333),-0.056385762249088006
KIRREL1 (55243),-0.05638550641112412
NT5C3B (115024),-0.0563777491245281
SPRTN (83932),-0.0563600870834781
N4BP2 (55728),-0.05634901493201752
SNW1 (22938),-0.056306879201118015
ZFP36L2 (678),-0.05629785844693988
NME5 (8382),-0.05628487955548967
SEZ6L (23544),-0.05626371175152634
PRUNE2 (158471),-0.056260669682985945
CD1C (911),-0.056257292232701116
SLC39A9 (55334),-0.056255424887720076
PFDN5 (5204),-0.05624753552533855
GLYATL1 (92292),-0.05621368825493359
LYPLAL1 (127018),-0.056190421378088724
MAPK8IP1 (9479),-0.05617005713359031
SLF1 (84250),-0.05616816788309899
SERGEF (26297),-0.05613064068075499
SNRNP27 (11017),-0.056120715483643085
KCNV2 (169522),-0.056079276550078334
APEX1 (328),-0.05607430492874975
LRRC72 (100506049),-0.05598953513038585
ATOSA (56204),-0.055969729830380524
ZNF268 (10795),-0.055965875339540366
CSH2 (1443),-0.05594771765387714
MPDZ (8777),-0.055914731560199146
IL12RB1 (3594),-0.055837569620267466
RNF133 (168433),-0.05582637535718703
TAS2R10 (50839),-0.055823870830050186
GFM2 (84340),-0.05580718693660615
ZNF20 (7568),-0.055795169055274034
ZNF441 (126068),-0.05574965950025167
ARHGAP12 (94134),-0.05573699618245858
C21orf91 (54149),-0.05573261943225101
EIF3L (51386),-0.055726198294595145
SYTL4 (94121),-0.05570242263129596
ATAD3B (83858),-0.055676860928437474
BMP4 (652),-0.055612969447677144
OSBPL3 (26031),-0.05559144334528303
POLR1H (30834),-0.055589046397132316
TMEM192 (201931),-0.05557849877770755
H2AC1 (221613),-0.05554446760763647
VPS13A (23230),-0.05552761781969304
NGF (4803),-0.05550533400419614
CACNG2 (10369),-0.05547509563354455
ST6GALNAC3 (256435),-0.055470352406854974
ZC3H8 (84524),-0.055466940301678425
KDM4A (9682),-0.0554249347727587
TRNP1 (388610),-0.05541276375849521
PARL (55486),-0.055319161334473725
NEK6 (10783),-0.05531511900137475
MAPK9 (5601),-0.05529315229087142
PSG3 (5671),-0.05529028123800416
GIGYF2 (26058),-0.055289464777416926
MAEA (10296),-0.05528350021559784
B3GNT5 (84002),-0.0552382872037127
TLX2 (3196),-0.05522574523839
RASEF (158158),-0.05522179135386805
PPARA (5465),-0.055214522364461255
SLC16A4 (9122),-0.055181790954789096
TSPAN18 (90139),-0.05517039506342642
SCN3A (6328),-0.05512553107674008
PLEKHB1 (58473),-0.05510744580450073
TEX101 (83639),-0.05509498170489258
FHL3 (2275),-0.05509487087642909
TRRAP (8295),-0.05508591196781449
RAB8A (4218),-0.055057118593784364
NFATC2IP (84901),-0.05505076722159105
ALK (238),-0.05505039379435883
SLC6A2 (6530),-0.05502282765819503
SPECC1 (92521),-0.05501629249219946
USP15 (9958),-0.05500563980653719
PTH (5741),-0.05495178795517798
OGDHL (55753),-0.05490997428255004
OR5V1 (81696),-0.054907779645255596
UBE2D2 (7322),-0.054764187134897044
ANKFN1 (162282),-0.05476047610088867
USF2 (7392),-0.054745397478568276
ANXA9 (8416),-0.05473440107777615
SHCBP1L (81626),-0.05472669213170962
FAM131A (131408),-0.05466448884528012
ZSWIM6 (57688),-0.05466143334645955
NMD3 (51068),-0.05464861490704477
PTPN3 (5774),-0.05461744910319212
BMP6 (654),-0.05461332458458469
SNRPA (6626),-0.054602023286310405
RORC (6097),-0.05459881340748621
MIEF2 (125170),-0.05458424412895378
HLA-DPB1 (3115),-0.054572490030985334
MPL (4352),-0.054547182401755406
ZC3HC1 (51530),-0.054530674090783125
FUBP1 (8880),-0.054500791536995635
HAUS1 (115106),-0.05449683976890052
HCN3 (57657),-0.05448435208534989
SLC41A3 (54946),-0.054480377233955816
AMER3 (205147),-0.05447824745411622
FAM219B (57184),-0.05447583519903834
FOXC2 (2303),-0.05444743149070485
CELF1 (10658),-0.0544461227960558
DEPDC5 (9681),-0.05442774416422705
RAD50 (10111),-0.05441478024067195
ERO1A (30001),-0.054414029825337266
SFMBT1 (51460),-0.054412241136496675
DOK5 (55816),-0.05441175906419572
CTF1 (1489),-0.0544096436634464
LGALS9 (3965),-0.054366566461396953
FAM111B (374393),-0.054362990066816254
RRP1B (23076),-0.05435303806779716
VPS26C (10311),-0.054346395937207484
ZNF18 (7566),-0.054322913071081544
HS6ST3 (266722),-0.05429892223337706
GRIN2C (2905),-0.05425228717398526
RPP30 (10556),-0.05417786760181223
OSBPL9 (114883),-0.05414805556101246
PRDM15 (63977),-0.05413302630382966
MAK (4117),-0.054131741891235076
MAOA (4128),-0.054110072463186894
ADM5 (199800),-0.053999175895590654
LYRM2 (57226),-0.05398815831220173
AIDA (64853),-0.05398144819597747
ADAMTS5 (11096),-0.05394790592322499
EIF2D (1939),-0.053930812303352366
THAP6 (152815),-0.05392663689080535
CCS (9973),-0.0539073315779308
KLHDC9 (126823),-0.053882860669983504
XRCC1 (7515),-0.05386683205586037
RIOK3 (8780),-0.0538590364604324
GPR63 (81491),-0.05384922940340727
MRPS11 (64963),-0.05381630134371081
KBTBD4 (55709),-0.053815431421021125
CHRDL1 (91851),-0.05380000360658447
KDM4D (55693),-0.053799009687014995
ZNF319 (57567),-0.053797199455263844
PLCL2 (23228),-0.0537767039374737
BIRC2 (329),-0.05376724558814112
PLEKHG7 (440107),-0.05375388954537436
PRR5L (79899),-0.05375342261906297
ZBTB41 (360023),-0.053644828585258326
ACSF3 (197322),-0.05361323130752092
B9D1 (27077),-0.05360232465630592
SLC9A3 (6550),-0.053574234523481125
RBM39 (9584),-0.053568679226251185
ACACA (31),-0.053567488496511745
VGLL3 (389136),-0.053559020068949796
GJA8 (2703),-0.053532531413992196
TBL1XR1 (79718),-0.053481814002020754
PMS2 (5395),-0.05346953620225632
CUL5 (8065),-0.05346000439381799
MDM1 (56890),-0.05345451689580135
C4BPB (725),-0.05345204386244517
EIF4E3 (317649),-0.05342491444638066
RMDN2 (151393),-0.05338436046004786
ZNF689 (115509),-0.053363466275727904
MYT1L (23040),-0.053281321953561625
OLFML1 (283298),-0.05327644921749665
SNX5 (27131),-0.053259143195923835
LRRC75A (388341),-0.053243844982224925
OXTR (5021),-0.053232984663778966
ZNF222 (7673),-0.053217716046439975
HECW2 (57520),-0.053183021018073165
SHISAL2B (100132916),-0.05313917358054572
GIMAP1 (170575),-0.05312569607357504
LRRC37A3 (374819),-0.05310939869242322
RXYLT1 (10329),-0.05304381839400574
MRPS23 (51649),-0.053012478042942054
FAM90A1 (55138),-0.052995551267865884
CYP4B1 (1580),-0.05297174471990902
FAM210B (116151),-0.05296471261521522
SCN1B (6324),-0.05295726396307927
FGF21 (26291),-0.05294186148273006
DENND11 (57189),-0.05293319029090788
OLA1 (29789),-0.05290540648751111
CCDC71L (168455),-0.05286751214233534
FCGRT (2217),-0.05285454982458659
MATN2 (4147),-0.05283265571464435
MTCH1 (23787),-0.05282324848381296
H1-10 (8971),-0.05281621750988603
MLIP (90523),-0.05281578748593714
CBX5 (23468),-0.05280663088220171
MRPL35 (51318),-0.052787823766312525
MBOAT4 (619373),-0.0527703373832579
CABYR (26256),-0.052743935804056126
RFXAP (5994),-0.0527331017062466
CHIC2 (26511),-0.052701981082753764
PGAP2 (27315),-0.052698256124191205
PPM1N (147699),-0.05269746858648987
REDIC1 (283461),-0.052693915978577435
CDKN2A (1029),-0.052659780840247576
VTA1 (51534),-0.052659066571904785
TGM7 (116179),-0.05265730662117785
MT3 (4504),-0.05264592415649787
CNN1 (1264),-0.052643603384720294
HYPK (25764),-0.052643250117161214
ATM (472),-0.05261695045752572
H6PD (9563),-0.0525406675183534
FMNL1 (752),-0.05252730015819067
C5 (727),-0.05252344753105225
GRIN3B (116444),-0.0525094386103458
ADCY2 (108),-0.05249315782989861
SLC6A4 (6532),-0.05247846613351408
NIFK (84365),-0.05244981565422987
LILRB4 (11006),-0.052399841616890055
TTC17 (55761),-0.052384577177935814
GRB7 (2886),-0.05235235730982676
SESN3 (143686),-0.052332755607037325
IL12RB2 (3595),-0.05228681540958686
NHP2 (55651),-0.05228180751243477
PYGB (5834),-0.05226402299471265
MAPK14 (1432),-0.05226341348350431
SERPINB4 (6318),-0.052244405487887224
CLU (1191),-0.052238798436008156
RBM38 (55544),-0.05222462003093244
CCDC28B (79140),-0.052221977735066774
CRYBA1 (1411),-0.05221655557337389
MRPL48 (51642),-0.052199230388738686
IGFLR1 (79713),-0.052178242575495186
SLC44A2 (57153),-0.05216890120502871
PET100 (100131801),-0.05214341484739377
CD80 (941),-0.052142659789002746
FIBP (9158),-0.05211374673394682
MYF6 (4618),-0.05210825646187819
COX7A2 (1347),-0.05208179742793732
RBM4 (5936),-0.052056895493395094
LRTM1 (57408),-0.052041137585326705
DCHS2 (54798),-0.05203340897807619
HSPA13 (6782),-0.05199528894406532
MYOM3 (127294),-0.051992354139880695
PPP2R1A (5518),-0.05198824004910352
CCDC175 (729665),-0.051978781912403176
ZWINT (11130),-0.051975473745905235
CDC27 (996),-0.05196569355360454
FN3K (64122),-0.05193727949145047
TUBB1 (81027),-0.05192622533917313
PGBD4 (161779),-0.051893828243529685
NPC1L1 (29881),-0.05186499916421171
LIG4 (3981),-0.05185619759564778
FANCM (57697),-0.05184570478770634
ATP5F1E (514),-0.05184116924569445
OR51M1 (390059),-0.051840822450940606
TMEM185B (79134),-0.051839865003126206
ENTHD1 (150350),-0.05183975172353449
NIT2 (56954),-0.051837939495634755
ELOC (6921),-0.05183412254321769
TBKBP1 (9755),-0.051797272999022294
NOL6 (65083),-0.051776061167811624
TRMT5 (57570),-0.05173710249418338
SERPINB8 (5271),-0.051718791823987816
LMTK2 (22853),-0.05168514994739756
ABHD16A (7920),-0.05167612678627672
CNOT7 (29883),-0.05164976357824112
PRPSAP2 (5636),-0.0516344185703744
CEP162 (22832),-0.05162484255849045
OAS3 (4940),-0.05160438756050411
GPATCH11 (253635),-0.051583506286661966
RRP9 (9136),-0.05157492096063755
THOC3 (84321),-0.051571625228526846
RAB23 (51715),-0.05156746179348482
COLEC10 (10584),-0.05154815148485465
HIF1A (3091),-0.05149098314784119
DEFB114 (245928),-0.0514780924850836
ALX1 (8092),-0.051459880698062094
ANKRD34A (284615),-0.051450211450526834
TCAP (8557),-0.05144958764094804
SPTBN1 (6711),-0.05142363039313697
TATDN3 (128387),-0.051409488661726406
RFX8 (731220),-0.05138035942286041
GRB14 (2888),-0.051378919714049946
CNGB1 (1258),-0.051342796547938684
SLC6A16 (28968),-0.05133306629927226
XXYLT1 (152002),-0.051318185358065836
ZFP3 (124961),-0.05128956380821289
ZNF236 (7776),-0.051288177254484216
PEX26 (55670),-0.05126834616062826
TIMM29 (90580),-0.05123801797527728
DEFB121 (245934),-0.05119768448764699
UBA2 (10054),-0.051169944947957235
MRPL37 (51253),-0.051157885361629914
IRF2BPL (64207),-0.05110596754895177
TM9SF2 (9375),-0.05108235545791489
MEMO1 (51072),-0.05107905876704644
ZKSCAN7 (55888),-0.05107884230109871
MED14 (9282),-0.05107817245441079
CLEC14A (161198),-0.051071589163852155
TTLL3 (26140),-0.05105800509585379
MANSC4 (100287284),-0.05103761391805549
EEIG1 (399665),-0.05100178895343843
APOBEC3H (164668),-0.05096718810251541
PTGES (9536),-0.0509653706419497
SAMD14 (201191),-0.05095649380327309
FAXC (84553),-0.050938244361231115
SLC35B4 (84912),-0.05092504322897217
CRY1 (1407),-0.050899344515733705
NBN (4683),-0.050888778604599845
TMEM42 (131616),-0.05087766177705312
NWD1 (284434),-0.05085863301707223
ZRANB2 (9406),-0.05085009007562153
HNRNPA1L2 (144983),-0.050841757504661605
MRPS9 (64965),-0.05083399308715946
DEFB113 (245927),-0.050780157070234644
ALDH1A1 (216),-0.05071241009592868
PCDHA13 (56136),-0.050692822005023404
ANKRD46 (157567),-0.05068869158576327
ATP6V0E1 (8992),-0.050666677543520784
CCDC186 (55088),-0.050649765480836516
GPR15LG (387695),-0.050648486608335604
YPEL2 (388403),-0.0506456985787234
ZCCHC14 (23174),-0.05063114714336128
SRRD (402055),-0.05062663854790898
PCDHA7 (56141),-0.05061916534867281
TMEM74 (157753),-0.050594999342652894
ANKRD52 (283373),-0.050582252245460785
CEP192 (55125),-0.050572571866051366
ZNF75A (7627),-0.05054237914753634
KMT2C (58508),-0.05051792134105732
CHST11 (50515),-0.050495325477944775
DSG4 (147409),-0.05047268618828022
SETD5 (55209),-0.05047055706937542
EARS2 (124454),-0.05044753409043069
CALM2 (805),-0.05044178415643535
PINLYP (390940),-0.05043201256571676
PAIP1 (10605),-0.05041815092660266
VSX1 (30813),-0.05035780414609817
OR2B6 (26212),-0.05033159640285265
HSPB1 (3315),-0.050323558484416844
SPA17 (53340),-0.050311287076687444
IQGAP1 (8826),-0.050310655509257
LRFN5 (145581),-0.0502766628066953
FES (2242),-0.050273800085239954
EFNA2 (1943),-0.050273641538034326
OSR2 (116039),-0.05026706186531394
ANKRD18A (253650),-0.05024681949225806
KRTAP13-4 (284827),-0.05024149537432833
TRAPPC1 (58485),-0.05023957996672945
VMP1 (81671),-0.0502339220429529
RMND1 (55005),-0.05023385197947337
CROCC (9696),-0.05018764897582518
WWOX (51741),-0.0501857084813982
RRAGB (10325),-0.05016391427714964
PLAA (9373),-0.05014839738125852
COQ2 (27235),-0.05014780811776254
BICD1 (636),-0.05012925559144753
GPR179 (440435),-0.05012505983959804
CPB1 (1360),-0.05012421871286118
ADH6 (130),-0.050119561744054124
ATP13A2 (23400),-0.05011349526327918
DISC1 (27185),-0.05007186531700324
NUTM2F (54754),-0.050051520481429954
RGS13 (6003),-0.050044245933864855
PAQR8 (85315),-0.05003804744846171
MGA (23269),-0.04996824346388654
AAK1 (22848),-0.0499514432971475
PCP4L1 (654790),-0.049948746350799815
ZNF428 (126299),-0.04989511326184881
PLA2G4F (255189),-0.049886979994125384
KIR2DL4 (3805),-0.049863515204399404
SAP25 (100316904),-0.0498520362973397
PRKRIP1 (79706),-0.04984994257463097
MFSD12 (126321),-0.04983388935085829
SLC2A10 (81031),-0.049824639328129354
GTF2F1 (2962),-0.04980145648251709
ZFAND5 (7763),-0.0497896144783837
MAPT (4137),-0.049779121190271274
RAB27A (5873),-0.049760799197696395
SEC14L6 (730005),-0.04975889214194063
ITM2B (9445),-0.04974835042726586
SPRYD7 (57213),-0.04971626572286687
AZIN2 (113451),-0.049708222736390625
AP5M1 (55745),-0.04970422518965363
AHSA1 (10598),-0.0496803656327304
PSME1 (5720),-0.04966784040409444
FARS2 (10667),-0.04966728659502354
TEK (7010),-0.04966423626395067
HAPLN2 (60484),-0.04964932376337109
HES3 (390992),-0.0496490053042606
DIRAS3 (9077),-0.04963843887069576
TMT1B (196410),-0.04959170593229862
PSAT1 (29968),-0.049556003228573994
RWDD4 (201965),-0.04953775000897419
CHAC1 (79094),-0.04953637956401225
LMX1A (4009),-0.049533143852812704
VSIG1 (340547),-0.049516675211072905
SLAMF8 (56833),-0.049504582729901436
ALOX5 (240),-0.049491664542268735
NPM3 (10360),-0.04946976964799221
GGA2 (23062),-0.04946844000666444
SEC22A (26984),-0.04945866435088734
KLHL35 (283212),-0.049430699114525536
ZAR1 (326340),-0.04941299707272225
TMEM9B (56674),-0.049395758128062295
CTSF (8722),-0.04938239601880053
MRPL55 (128308),-0.04935103111543647
BTBD10 (84280),-0.04934585840087201
DNTTIP1 (116092),-0.04933269075225459
ATG14 (22863),-0.04930535047062829
POLR1B (84172),-0.04928023915824985
HELT (391723),-0.0492763576773925
MRPL19 (9801),-0.04927447796287142
MCF2 (4168),-0.049266619025384636
SCGB2A2 (4250),-0.04926185351181838
TRAM1L1 (133022),-0.0492596308271749
SMIM6 (100130933),-0.04925027081991677
TAS2R46 (259292),-0.049249449668922626
TREML2 (79865),-0.0492279776687027
GMFB (2764),-0.0492165361706567
PPP6R1 (22870),-0.0492016891822293
FOXD4L5 (653427),-0.04919054775105296
CNNM1 (26507),-0.049179723519843795
RNF168 (165918),-0.049179485378465476
ASIC2 (40),-0.049179450301323306
TAF7 (6879),-0.04917043250612697
PAMR1 (25891),-0.04915047862735411
HECTD1 (25831),-0.04914023105699801
CTSV (1515),-0.04913372632834811
CA9 (768),-0.04912825322735041
COCH (1690),-0.04911355724257704
GALNT16 (57452),-0.0491053292734395
GNG8 (94235),-0.04909729992684264
SLC22A7 (10864),-0.0490796316678218
CD34 (947),-0.04907232699508554
TEKT5 (146279),-0.0490691135671996
AMIGO3 (386724),-0.049061880036738184
FBXO17 (115290),-0.049056342925671355
PNMA8B (57469),-0.049046926579041465
ATP6V1B1 (525),-0.049042889956586115
NBAS (51594),-0.049037729337335106
SLC10A5 (347051),-0.04903320078120698
NCF1 (653361),-0.04902864947185337
MRPL28 (10573),-0.049018601827001504
ANKDD1B (728780),-0.04897807679428389
CDH5 (1003),-0.0489729278161407
ZNF574 (64763),-0.04895730593527374
ZNF25 (219749),-0.048941404301706744
SSX2IP (117178),-0.04893495068327377
CCDC13 (152206),-0.048925896132766114
OLFM1 (10439),-0.04891229174813125
GSTA2 (2939),-0.04891048527116454
USP34 (9736),-0.04888858168806516
PDHA1 (5160),-0.0488614890920015
GSAP (54103),-0.048859695487274195
PEX13 (5194),-0.048846213496919096
NUTM2G (441457),-0.048834410607953564
FA2H (79152),-0.048811621805147545
CCDC70 (83446),-0.04880591241562681
ZNF48 (197407),-0.048786631935277595
SYNPO2L (79933),-0.04878337608475318
SLC2A2 (6514),-0.04877713495742491
RNF40 (9810),-0.04871003619937848
SYNGR4 (23546),-0.048709887919400674
NKAIN2 (154215),-0.04868585477625351
SSU72 (29101),-0.04866607870445056
RAB10 (10890),-0.04865137999471614
PRB2 (653247),-0.0486370332803107
SLC9A8 (23315),-0.04863703009616805
CPNE5 (57699),-0.04863236767835458
MSX2 (4488),-0.048620945740084354
BTBD8 (284697),-0.04859920394543198
STARD3NL (83930),-0.04858498025518557
WDR89 (112840),-0.04858342434719862
IZUMO3 (100129669),-0.04855872394140619
PTCD1 (26024),-0.048543993919751754
MPG (4350),-0.04853745047843597
BHLHE41 (79365),-0.04852735547954975
ADGRG4 (139378),-0.04852268590640048
HSD11B1 (3290),-0.048515514232625886
FCRL4 (83417),-0.04850428516573502
GNPTAB (79158),-0.04849280007720818
RBM26 (64062),-0.04849227876740676
DMBX1 (127343),-0.04848453277129637
RABEPK (10244),-0.0484730858419392
RSPH4A (345895),-0.048451334175481926
SNTB1 (6641),-0.04844303213629513
MYF5 (4617),-0.048440625384664475
MAGEB5 (347541),-0.04842684758931703
APOL3 (80833),-0.04841736389654716
C14orf39 (317761),-0.04841716781184614
EFHD2 (79180),-0.048416049438624875
FMN1 (342184),-0.04841349604126936
RARA (5914),-0.048410405904781996
ZNF662 (389114),-0.048406988800226966
ATP9A (10079),-0.04839263116253148
DOCK8 (81704),-0.04838881612990943
TMEM54 (113452),-0.04838159369535878
BEND6 (221336),-0.04837266138472155
OPN5 (221391),-0.04834242642293302
CCDC146 (57639),-0.04827910399530715
STYK1 (55359),-0.04826693436589601
OR4C46 (119749),-0.0482516460175071
ETNPPL (64850),-0.04822032601455677
CST11 (140880),-0.04817976353282101
ALKAL1 (389658),-0.04815441128671574
DERL3 (91319),-0.048120221023671646
PCK1 (5105),-0.048116231438631724
ATG2A (23130),-0.04807922428752068
DCAF5 (8816),-0.04806256590125816
LPGAT1 (9926),-0.0480517005494698
HSPA2 (3306),-0.0480411158839383
SLC16A7 (9194),-0.04803649825862583
IL7 (3574),-0.048029704821178125
MRPS18A (55168),-0.047980159096520245
ERMN (57471),-0.04796848750778908
LOXL3 (84695),-0.047952496855739976
ZNF687 (57592),-0.0479453187951385
CBX8 (57332),-0.047916431217756766
RAB11FIP2 (22841),-0.04791143093197147
PIWIL3 (440822),-0.04789314071079649
UBE2F (140739),-0.047889676112325294
ZNF726 (730087),-0.04788027093508569
MYH3 (4621),-0.04786769502156803
DDX28 (55794),-0.04786677586881304
GTF2H4 (2968),-0.04786617138048703
OR4N5 (390437),-0.04785849074172839
TTC31 (64427),-0.04785218920610083
SSR2 (6746),-0.04782877688253474
RYR1 (6261),-0.04774497881190999
KCNB1 (3745),-0.04774280309819756
ST7L (54879),-0.04771146479322033
ENDOU (8909),-0.047689292678522587
DACT1 (51339),-0.047686448052681636
ALKBH5 (54890),-0.0476636878086643
IRS4 (8471),-0.04761619246869085
ZBTB8OS (339487),-0.0476097248840949
CYTIP (9595),-0.04760732944193739
STT3A (3703),-0.047597947033652645
COX14 (84987),-0.047556890421765106
RAET1L (154064),-0.047526808194407445
PPP1R9A (55607),-0.04750657297549235
CRIM1 (51232),-0.04748085834924563
GALNTL6 (442117),-0.04746477212972285
DRC3 (83450),-0.047439341312842095
MRPL38 (64978),-0.047438025787946675
CCN3 (4856),-0.0474371169845799
ZNF383 (163087),-0.0474342032314069
ELN (2006),-0.04739314766035731
MRPS25 (64432),-0.047385627239442465
SLC10A4 (201780),-0.04738162154921065
CXCL6 (6372),-0.04736626757085261
FZD6 (8323),-0.04735724959712616
SMIM5 (643008),-0.04729207130099889
OR5M11 (219487),-0.04728944228974939
FADS3 (3995),-0.04728589540988805
MRPL45 (84311),-0.04728079589409938
APBB2 (323),-0.04726717130934163
SMYD5 (10322),-0.04717185117448541
USH1C (10083),-0.047169768486733155
CSF1 (1435),-0.04715999877464819
SLC36A1 (206358),-0.0471365485924673
C3orf62 (375341),-0.04712976493846552
PBX3 (5090),-0.047122596044049
PMM1 (5372),-0.0471191567792492
TAS2R19 (259294),-0.04709716169038859
CRTC2 (200186),-0.04708345890513567
SUV39H2 (79723),-0.04707852028229025
ASGR1 (432),-0.047047190512672706
ABCD3 (5825),-0.04704389230928837
IL1B (3553),-0.04701090279352082
SCGN (10590),-0.04700493032444753
EFHC1 (114327),-0.04699470101621585
SPATA9 (83890),-0.04699291403226091
CD44 (960),-0.04695067214908495
BHLHA9 (727857),-0.04693432041051263
CAPZA3 (93661),-0.046924508448257504
IL10 (3586),-0.04691202078203335
HOXC4 (3221),-0.04688899803180889
RBP3 (5949),-0.046882702655973434
KLHDC4 (54758),-0.04687170118298074
GTPBP8 (29083),-0.04686787822719071
STEAP2 (261729),-0.046854929760017865
CAPNS1 (826),-0.04685431848896006
GOT1L1 (137362),-0.046853934021003435
PTPN14 (5784),-0.046830994011832036
FGD3 (89846),-0.04682006269375308
SLC48A1 (55652),-0.04679605524684113
ZC3H12A (80149),-0.04679267952233544
ZNF19 (7567),-0.046785897812653104
BAZ1A (11177),-0.04677911570078901
ZNF155 (7711),-0.046762477935614416
NKAIN4 (128414),-0.0467545336536113
KLRF1 (51348),-0.04674825148329836
FAIM2 (23017),-0.04671357842525749
MAP10 (54627),-0.04669316015241392
CTNNA3 (29119),-0.04669184683666605
DENND2C (163259),-0.04664116612563303
SDCBP (6386),-0.046626616525041506
CYSRT1 (375791),-0.04661563549564388
SCP2D1 (140856),-0.04661482289817292
KRIT1 (889),-0.046608588201850355
ANKRD33 (341405),-0.04660195226826376
DPH6 (89978),-0.04659300505789129
RBPJL (11317),-0.04653018097928777
TOX4 (9878),-0.04652466516570422
SYDE1 (85360),-0.046507806590285555
TWNK (56652),-0.046505318563045406
PCDHA4 (56144),-0.046488891822271554
NLRP7 (199713),-0.04648193176064611
GPR150 (285601),-0.046461736325303954
MIEN1 (84299),-0.04644946595530572
C6orf52 (347744),-0.04642300886936322
CLCC1 (23155),-0.04641307319983575
ZFP37 (7539),-0.04639733316546717
ZMYND12 (84217),-0.046381978794330286
CEBPG (1054),-0.04636748174526322
NTAN1 (123803),-0.046334472649763495
TFDP2 (7029),-0.04629993278610677
MRPL44 (65080),-0.046231457332313146
S100A16 (140576),-0.04621522463399273
C8orf76 (84933),-0.046185103453478274
DSG1 (1828),-0.046183347040436265
GABRA5 (2558),-0.04616227111041758
TAFA4 (151647),-0.04613787372647073
MKNK2 (2872),-0.04612834795379518
DACH2 (117154),-0.04610026192781835
MS4A12 (54860),-0.046095442540748315
COLEC12 (81035),-0.046080065425469385
BGLAP (632),-0.04607625798797791
ATP12A (479),-0.046071509109547416
TIFAB (497189),-0.04604927005275336
PGLYRP2 (114770),-0.046032361179627605
OSM (5008),-0.046020751366057114
TBC1D22B (55633),-0.04602039191456863
ATP2A2 (488),-0.046009434830411575
TSNAXIP1 (55815),-0.046002384715773344
RBFOX2 (23543),-0.04599182850744243
CTSK (1513),-0.0459599840295083
PARD3 (56288),-0.0459456282591819
MLXIPL (51085),-0.045938657738393944
ADAM33 (80332),-0.045925442237909064
ATOX1 (475),-0.04591213106870733
ZNF165 (7718),-0.04590242674805725
SLC7A7 (9056),-0.04589010211927194
COL8A1 (1295),-0.04588708705300584
PIGL (9487),-0.04587026640919731
TUBD1 (51174),-0.045867398945114525
GLI3 (2737),-0.04584756349223966
MEPE (56955),-0.04584637562874169
CD1D (912),-0.04584396244919116
CDKN3 (1033),-0.04583662118058318
TENT4A (11044),-0.04583452110757004
THBD (7056),-0.045822076600695386
HECW1 (23072),-0.04577291917945195
CIBAR1 (137392),-0.04575441056746437
TMEM130 (222865),-0.045711715610236715
PON1 (5444),-0.045696895119072635
ARHGAP33 (115703),-0.045677372245882204
NOTCH3 (4854),-0.04566872422607809
PATE3 (100169851),-0.04566704600516401
EDIL3 (10085),-0.04566207236130582
CDR2 (1039),-0.04566123970517983
GAREM1 (64762),-0.04564806899752013
SEBOX (645832),-0.04564099728670816
KDM2A (22992),-0.04562382412843473
ARL3 (403),-0.04560588374834266
CD6 (923),-0.04558159794744465
KIF6 (221458),-0.045581456544169556
SHISA7 (729956),-0.045560961336929655
CENPF (1063),-0.045549394967132395
CDPF1 (150383),-0.04554695173001295
USP32 (84669),-0.04553292137487198
SYNJ2BP (55333),-0.045531081999966284
SLC46A3 (283537),-0.04550821319588068
OGN (4969),-0.045503597899276056
CTSE (1510),-0.045495427349766374
AKTIP (64400),-0.0454949229777548
POLK (51426),-0.045414093115708466
VRK2 (7444),-0.04540261268332894
CERKL (375298),-0.045402469934010155
SPZ1 (84654),-0.04539120230403473
PRAMEF12 (390999),-0.045387935385511745
ZNF284 (342909),-0.045370387552070464
SLC30A8 (169026),-0.04535853886215531
EIF4ENIF1 (56478),-0.045356437698081634
OR4C3 (256144),-0.04535219177298837
UFC1 (51506),-0.04534966547272436
KCNQ4 (9132),-0.04534553850097892
EXD2 (55218),-0.04534324459278195
C8B (732),-0.04534152612874539
POU3F4 (5456),-0.045335434301150467
DUS1L (64118),-0.04533018378013394
SAMD3 (154075),-0.04532052220598466
DCBLD2 (131566),-0.04529251353392662
ZNF493 (284443),-0.04527829448583434
C1orf21 (81563),-0.04527526137793428
DDX53 (168400),-0.04527095754572357
EEF1G (1937),-0.045252377631217935
RND3 (390),-0.04523798272362012
HABP2 (3026),-0.04517850042804547
CPAMD8 (27151),-0.045164190523594945
C14orf28 (122525),-0.04512592767729754
ANKLE2 (23141),-0.045109391085618504
OTUD6B (51633),-0.045108397874985
CDH10 (1008),-0.04507694256187343
RNF6 (6049),-0.045072085660341994
IQCC (55721),-0.045060094050834554
CEBPB (1051),-0.045042672362325925
MDH2 (4191),-0.04502634458275649
SLC22A17 (51310),-0.04502604044039866
CCDC14 (64770),-0.0450193381176232
KRTAP4-3 (85290),-0.045012809853817476
GJB7 (375519),-0.04499852641067256
RARB (5915),-0.04498743566076316
NANOGNB (360030),-0.0449481032220819
FREM2 (341640),-0.04492338367240175
LAD1 (3898),-0.044907229065008325
MBD5 (55777),-0.04489703279292115
PIWIL1 (9271),-0.044872022511326465
ADCY5 (111),-0.04484464197956657
MYL12B (103910),-0.04481069386314429
INTS10 (55174),-0.044745128100940786
ARMH4 (145407),-0.04474316321152761
MACROD2 (140733),-0.0447252197986745
ACTA1 (58),-0.04470179592750793
MKNK1 (8569),-0.04469743663764862
LRRC8B (23507),-0.044650588771057806
MBNL3 (55796),-0.044648964760745063
THRB (7068),-0.04463042749424777
ZSWIM7 (125150),-0.04461379622033644
MRPL54 (116541),-0.044611244605063896
PRAMEF4 (400735),-0.04461106916389618
CD48 (962),-0.04460750396879575
HELZ (9931),-0.04460281082151999
PCDHB4 (56131),-0.04460218418608416
CILK1 (22858),-0.04458358680540918
NRCAM (4897),-0.044575520991423666
PAPSS2 (9060),-0.04453012502226375
CDYL2 (124359),-0.04450668108209583
WDR62 (284403),-0.04449350292269591
LAMA3 (3909),-0.04447598787429003
SOX12 (6666),-0.044475636631972244
SETX (23064),-0.0444698824218496
TEX10 (54881),-0.04446525551772028
RUBCNL (80183),-0.044462932862444446
COA4 (51287),-0.04446274712910436
DAAM2 (23500),-0.044458044524827406
GUF1 (60558),-0.04445217792564053
FAM187B (148109),-0.044446411472912714
ADAMTSL2 (9719),-0.044388794836799264
ASCC1 (51008),-0.044379363849183916
MSL1 (339287),-0.04429126217130326
MKKS (8195),-0.044276712034857876
CCER1 (196477),-0.044272363526488924
DHX34 (9704),-0.04425613918451875
CLCN5 (1184),-0.04425144672433247
LAP3 (51056),-0.04422428271371227
REV1 (51455),-0.04422193310645176
ILF2 (3608),-0.044203866409168506
SPATA2 (9825),-0.04419438791492425
CELF6 (60677),-0.04419271501408226
ADGRF5 (221395),-0.044189457969778134
FGD4 (121512),-0.044186140899410926
COP1 (64326),-0.04418032828016731
KIF14 (9928),-0.044180167835228594
VSIG4 (11326),-0.044176749101791556
STXBP4 (252983),-0.04417432460145003
DPY19L3 (147991),-0.04417409028708593
VPS37D (155382),-0.04416706840033546
ZNF407 (55628),-0.04413468634518676
SMARCC1 (6599),-0.04409425928028095
GTF2IRD1 (9569),-0.04407924740101222
ZNF780A (284323),-0.04407760775627134
CHN1 (1123),-0.04407693458760548
GPR61 (83873),-0.044075381951722586
NUDT6 (11162),-0.04407375045456784
AKT1S1 (84335),-0.044068736783544324
CCNP (79935),-0.04404638878026956
FAP (2191),-0.04403255785502943
BLOC1S3 (388552),-0.0440198240073381
PNOC (5368),-0.04401868853530336
ZNF215 (7762),-0.043993757848537325
NAA35 (60560),-0.04398421876263921
SLC12A6 (9990),-0.043960266520323414
MFSD1 (64747),-0.043947690622909916
HAX1 (10456),-0.04394549676783114
TMEM65 (157378),-0.04394137398613248
SUDS3 (64426),-0.043915684432333076
C1orf87 (127795),-0.043887956623618614
CR1L (1379),-0.04388569821309501
CYP3A5 (1577),-0.04388025768861944
P3H1 (64175),-0.04387785184984543
SPATS1 (221409),-0.043874325613060323
SPINK14 (408187),-0.04387259147413607
ARAP2 (116984),-0.04384964211580248
TAF2 (6873),-0.043842625549865726
IL17RD (54756),-0.04384167491828268
GTF2H1 (2965),-0.04383361338475305
FRMD7 (90167),-0.043822048150512896
MYADM (91663),-0.0438195102688454
KCNE3 (10008),-0.04379815381611297
PYGL (5836),-0.0437953225090799
ABCD2 (225),-0.04378626807981934
MKI67 (4288),-0.04377207303695329
NOMO1 (23420),-0.04377144018234249
ATP10D (57205),-0.043755796225023694
KLHL10 (317719),-0.04370201796636121
GRK2 (156),-0.04368839761598696
XPO5 (57510),-0.043645670477797334
KLRC1 (3821),-0.04361930380991109
BPNT2 (54928),-0.04360663395955959
CDYL (9425),-0.04360613243929993
KIAA1191 (57179),-0.043569954710819404
MAZ (4150),-0.04356892795183976
KCNH3 (23416),-0.043561452377879374
GSR (2936),-0.043556094826544885
FABP7 (2173),-0.04351463233533229
CYP26C1 (340665),-0.04350761549943864
TFPI2 (7980),-0.043500389204698744
SLC9A1 (6548),-0.04349089992171668
CRLS1 (54675),-0.04348093411833266
SLC38A9 (153129),-0.04347215076572146
SLC28A1 (9154),-0.043438251983157025
GXYLT1 (283464),-0.04343628546801463
CORIN (10699),-0.04343608774712794
CPA5 (93979),-0.043418849616643294
ZNF747 (65988),-0.04339651927356056
S1PR5 (53637),-0.04335816218201309
SHISAL2A (348378),-0.04333461361941103
TPH1 (7166),-0.043309523921998716
RAPH1 (65059),-0.043285824375427266
RFESD (317671),-0.04325356182845426
LCA5 (167691),-0.043229562929354794
SNAP91 (9892),-0.04321195922428979
MATN1 (4146),-0.04320851243723946
SLC47A2 (146802),-0.04319716308763934
MCTS1 (28985),-0.04319419809673685
MIDEAS (91748),-0.043186984276611606
RNASEK (440400),-0.04316494371061891
KAZN (23254),-0.04316189862012168
SLC10A7 (84068),-0.04315123439495933
CDK5RAP2 (55755),-0.04314772743229636
ATP5F1D (513),-0.043132949109170315
XPA (7507),-0.04311057826127819
STOML2 (30968),-0.04309737784835143
PTGFR (5737),-0.04306624324936943
TGFB1 (7040),-0.04305533005841238
PABPN1L (390748),-0.043041999783846784
CNP (1267),-0.04302761080033939
CYP51A1 (1595),-0.04302274701277587
XKR3 (150165),-0.0430217503749177
ZNF283 (284349),-0.04302170761277212
DHPS (1725),-0.04301457496571161
BARHL2 (343472),-0.04300749439607383
RRP8 (23378),-0.042961835091062474
HSPA6 (3310),-0.04295928927905963
ZDHHC5 (25921),-0.04295530412305552
COMMD2 (51122),-0.04294311380517136
ZNF343 (79175),-0.04294212866562368
CLDN10 (9071),-0.04294040414353167
ADAP2 (55803),-0.042927887361445996
RASA3 (22821),-0.04292540295945754
CHODL (140578),-0.04292264595238879
PPP3CC (5533),-0.04290134117043007
RABL2A (11159),-0.042895095528807964
ST3GAL3 (6487),-0.0428910935704464
NOM1 (64434),-0.042887982598648164
TBX15 (6913),-0.042879091458102744
BCL6B (255877),-0.04287538387983151
LARP1B (55132),-0.042832247488983406
PSAP (5660),-0.04281630484753591
DEFB126 (81623),-0.04281387644675716
GGTLC1 (92086),-0.042810183972057506
IER5L (389792),-0.04278659893144816
EFCAB5 (374786),-0.042785802941123434
FXYD2 (486),-0.04276723760201933
OR11A1 (26531),-0.04276286944857927
DOK1 (1796),-0.042762143413517764
BRD3 (8019),-0.04275903029546401
NETO1 (81832),-0.042750574359899485
MCMBP (79892),-0.042744495280193744
CALCR (799),-0.04272366577883771
RNF138 (51444),-0.042714443115599535
TSHB (7252),-0.04271230621032746
TSEN54 (283989),-0.042683730968874796
PDLIM2 (64236),-0.04267873089413851
DNAAF11 (23639),-0.042678563111180005
UGP2 (7360),-0.042674415913567194
RHOJ (57381),-0.042671013238236424
SPTBN2 (6712),-0.042669462713897675
SEMA3G (56920),-0.042649103270803276
ASRGL1 (80150),-0.042636395231795965
MRPS28 (28957),-0.042619184240381455
SBF2 (81846),-0.042617498083963375
SIMC1 (375484),-0.042616355786535394
NSMCE2 (286053),-0.04260228159745154
ZNF350 (59348),-0.042599054413992476
OR1A2 (26189),-0.042577386304190834
C16orf92 (146378),-0.04256136980016107
GP9 (2815),-0.04255429647416796
FUT2 (2524),-0.042544235302589516
LPXN (9404),-0.04253951127508451
WDR47 (22911),-0.04252314891050357
NEB (4703),-0.042519297977663725
SLC4A8 (9498),-0.04251628726665028
SFTPB (6439),-0.04249002209804002
CYP26A1 (1592),-0.042481636187074706
UACA (55075),-0.042473205753717075
LARP6 (55323),-0.042463633834801666
CTRB1 (1504),-0.042441030092952726
C9orf72 (203228),-0.042414110426266784
ZNF599 (148103),-0.04241366269784544
MACC1 (346389),-0.04240866654100588
MRPS16 (51021),-0.042335782442428416
GSPT2 (23708),-0.04233116813296414
RIMS2 (9699),-0.04231753568509732
SHMT1 (6470),-0.04230169845637902
SATB2 (23314),-0.04229568956636568
STOX2 (56977),-0.04228525448279556
TIAM2 (26230),-0.04228182039717709
TMEM51 (55092),-0.04227916315947773
GNG2 (54331),-0.042266909536713755
OPA1 (4976),-0.0422584570141875
ISLR (3671),-0.04225525938590824
COL17A1 (1308),-0.0422509320299836
KRT33B (3884),-0.04225021462458399
CROT (54677),-0.04224987413157661
CD70 (970),-0.042233578971009086
TFCP2 (7024),-0.04223272672994041
SMCP (4184),-0.0422207630403658
ZNF566 (84924),-0.042218611896772715
BHLHE23 (128408),-0.0422096758065998
TMEM125 (128218),-0.04217771028715168
PRKX (5613),-0.042171740504294314
ZNF106 (64397),-0.04216190708169338
ANKRD62 (342850),-0.04215894958680248
SLFN11 (91607),-0.04215713663540548
FKBP15 (23307),-0.04214688776144775
CD86 (942),-0.04212206225993428
MRPL34 (64981),-0.04209492487869505
CDH26 (60437),-0.04206221816259511
HS3ST6 (64711),-0.042049219624080106
FILIP1 (27145),-0.042044956225217076
TIPRL (261726),-0.04201850272833948
SLC11A2 (4891),-0.042012150821932145
CEP78 (84131),-0.04200896224638126
DEFB115 (245929),-0.042005687754066226
ZNF430 (80264),-0.04200465133409597
HOXA5 (3202),-0.041993262841108096
XPO4 (64328),-0.04199156327357299
UTP3 (57050),-0.041987936513532505
DGKB (1607),-0.04195973473045527
WFDC11 (259239),-0.04195253635773681
TIE1 (7075),-0.041944157196089
CFAP92 (57501),-0.04192627637477241
GNAT3 (346562),-0.04190962581108884
IKBKE (9641),-0.04190746902198913
EPC2 (26122),-0.041901088721835504
BICRA (29998),-0.041863377296943005
SLC28A3 (64078),-0.041841298452136605
PTRH2 (51651),-0.041832591688560274
SPAG4 (6676),-0.04182528035720027
SEPTIN5 (5413),-0.041811754102776
RB1CC1 (9821),-0.04181166800717791
MFSD13A (79847),-0.041806372017062915
CSGALNACT2 (55454),-0.041802811708947354
SPAG9 (9043),-0.04179485830397361
SLC25A45 (283130),-0.04177982778651979
IL20 (50604),-0.04177810855690642
OR9Q2 (219957),-0.041765585815340726
DPEP2 (64174),-0.0417404724509777
INS (3630),-0.0417364077063569
NUTM2A (728118),-0.041721427847912024
FAM83B (222584),-0.04170412557976433
STYXL1 (51657),-0.04169733077411002
CHAC2 (494143),-0.04169123141458337
OTUD3 (23252),-0.041678664160704884
DNAJC30 (84277),-0.041654363072734485
REEP3 (221035),-0.04161889120592772
KRBOX1 (100506243),-0.041590331484751816
ALAS2 (212),-0.04158765286744343
OOSP2 (219990),-0.041576585210098334
ELAPOR1 (57535),-0.041575590320745905
FLRT1 (23769),-0.04156655557737426
H2BC13 (8340),-0.04155974014167376
SLC16A9 (220963),-0.04155828576997686
MYL11 (29895),-0.04152962550070165
SVBP (374969),-0.04150467181394177
MMP15 (4324),-0.04149242848458608
ZNF660 (285349),-0.04148999513065126
HDGFL3 (50810),-0.04148409814093968
C5orf22 (55322),-0.04145703383907591
TTC3 (7267),-0.04141925425829282
PARP15 (165631),-0.04138700917091877
RET (5979),-0.04138523186059419
CD101 (9398),-0.04138405629938005
CCIN (881),-0.04136887561097332
DNAH1 (25981),-0.041362061418107166
ARL5A (26225),-0.0413584941618577
CFAP69 (79846),-0.041356799189454674
C2orf42 (54980),-0.04134700046157457
DAZL (1618),-0.04134362471624609
ZNF567 (163081),-0.0413242392184306
ENPP5 (59084),-0.041321157141111925
RAD1 (5810),-0.04130783300499809
ACOX1 (51),-0.041305916360419054
UCHL3 (7347),-0.04125772610178768
LRRC43 (254050),-0.0412513809752559
SLC25A37 (51312),-0.041250948652014514
CD36 (948),-0.04124591914712902
MTERF1 (7978),-0.04120028148977222
RAG1 (5896),-0.04118074617558207
EPS15 (2060),-0.04117570446245136
CMSS1 (84319),-0.041161597503074174
CFAP57 (149465),-0.04114225862765794
ZPBP (11055),-0.04113812115696537
DYNLT2 (6991),-0.04112532759631503
TBC1D28 (254272),-0.04110490959321321
ZNF768 (79724),-0.04109960200230765
C17orf75 (64149),-0.041090807567292345
TMEM126A (84233),-0.04108187165898802
MRPL57 (78988),-0.04105716410255315
CMC1 (152100),-0.04103665641451178
SLC24A1 (9187),-0.04103592160148342
FAM184B (27146),-0.041018661757552165
AICDA (57379),-0.041006365736844345
STX19 (415117),-0.04097995927868136
LHB (3972),-0.04097391605145227
MN1 (4330),-0.040973486861623436
RAD51AP1 (10635),-0.04096094490451703
TMEM41B (440026),-0.04095564423006282
CFD (1675),-0.04093600278151874
COMMD9 (29099),-0.04093567660941449
CCNT2 (905),-0.04092855141695505
MFF (56947),-0.040926135349148164
DRG1 (4733),-0.04092433942900779
GSTO2 (119391),-0.04087816444003863
SLC16A11 (162515),-0.04086511855453719
LRRC1 (55227),-0.040805884588229986
TXNDC17 (84817),-0.040794367233386905
PTPRCAP (5790),-0.04079389588773367
KPLCE (100129271),-0.04078833950147031
KIF20B (9585),-0.040755264244726336
CD9 (928),-0.04074876059515049
HLX (3142),-0.04074768450729324
CUL2 (8453),-0.04073981578260043
SULF2 (55959),-0.04073720299035303
NCOA6 (23054),-0.04073365877743385
THEMIS2 (9473),-0.04073312039829586
ENAH (55740),-0.04071799789258225
FAAP24 (91442),-0.04071631519009595
MID2 (11043),-0.04071037079156849
VARS1 (7407),-0.040703575344403525
TFAP2E (339488),-0.04069073445501511
KCNG3 (170850),-0.04067402215881374
SLC41A2 (84102),-0.04064331368456105
PGLYRP1 (8993),-0.0406311217810511
TMEM248 (55069),-0.04062675905129157
AGFG2 (3268),-0.040625953701925885
PIGO (84720),-0.040624595716262216
KICS2 (144577),-0.040624477727730965
VTCN1 (79679),-0.040605420715154314
SH3BGRL3 (83442),-0.04056752891293202
USE1 (55850),-0.04056373734677242
C8A (731),-0.04055469901615349
SPI1 (6688),-0.040536846274511436
PPP1R1B (84152),-0.040491778260635096
ZHX1 (11244),-0.04045409624595848
TNNT2 (7139),-0.040441615070851804
CHKA (1119),-0.04043924160787888
KIAA0513 (9764),-0.0404287018205277
POU3F3 (5455),-0.040421239906957014
SLC10A1 (6554),-0.04041573178553194
SCN9A (6335),-0.040410203437272724
CHAT (1103),-0.04039932272731169
GNE (10020),-0.04039225982073498
PLEK2 (26499),-0.04036831043831795
AASDH (132949),-0.04035598485164851
SLC16A12 (387700),-0.04034324169538518
DKK4 (27121),-0.040330053527697446
OLIG1 (116448),-0.04032806759380754
IQUB (154865),-0.04032236292496305
CWH43 (80157),-0.040306619985596134
LRRC59 (55379),-0.040306226550913996
RD3 (343035),-0.040301348061733785
SLFNL1 (200172),-0.04030014621416241
CXCR3 (2833),-0.040292499065609395
GCNT4 (51301),-0.04027956964937044
PM20D2 (135293),-0.04025303694027314
EFCC1 (79825),-0.040244935215925974
FAM234B (57613),-0.040230074037762784
CCDC183 (84960),-0.04022086607486239
R3HCC1L (27291),-0.04019874127945748
SRGN (5552),-0.04018962449282017
GRM5 (2915),-0.04018598269406822
TMOD4 (29765),-0.04018143641077399
AKR7A2 (8574),-0.04016709112976426
RNF17 (56163),-0.04015511154349624
EDEM3 (80267),-0.040134185136723025
ZNF483 (158399),-0.0401294384966514
PLA2G2D (26279),-0.04012471888411527
KIF2B (84643),-0.04009695906112133
SLC10A3 (8273),-0.040069876569208046
CATSPERB (79820),-0.04006075363974608
VPS51 (738),-0.040057740289476174
TTN (7273),-0.04003319632152455
ZNF136 (7695),-0.03997489192479412
ZNF679 (168417),-0.03996926224379526
SNURF (8926),-0.03992006727074457
DACT3 (147906),-0.03991287227585442
ADAP1 (11033),-0.03990335328415525
NEK2 (4751),-0.03989781395903107
POLR3C (10623),-0.03989524197153156
DHRS11 (79154),-0.039890463359316376
CDKN1C (1028),-0.03988511211969125
GPR55 (9290),-0.039871990417352
S100A3 (6274),-0.03985781986767868
NKIRAS1 (28512),-0.039855401436166775
TMEM202 (338949),-0.03984663372027468
C2orf49 (79074),-0.03982021834340865
NRIP1 (8204),-0.03981319836383123
METTL9 (51108),-0.03980789500992145
MRAP2 (112609),-0.03978271939115486
JUND (3727),-0.03977698414959497
RSBN1 (54665),-0.03977206911693073
DDX17 (10521),-0.03976807984696223
ENTPD4 (9583),-0.03974929405952643
STOM (2040),-0.03974025143334122
NR2C2 (7182),-0.03972336958221168
SPPL2C (162540),-0.039711915769619084
MAP4K4 (9448),-0.03970789739916666
FPR3 (2359),-0.0397077058185987
HPGDS (27306),-0.03969145114121485
BECN1 (8678),-0.03967751964395168
NAV1 (89796),-0.03966983723552826
FLG2 (388698),-0.039665492477725814
LAMP2 (3920),-0.03964869351092494
ALDH1L1 (10840),-0.039630396577691955
SFI1 (9814),-0.03961928980514907
PLGRKT (55848),-0.03961622547966501
LIPN (643418),-0.03958704266200704
SELENON (57190),-0.03956365426515925
KLF17 (128209),-0.03955483751751173
DEFB132 (400830),-0.03954208824869132
ATF3 (467),-0.03953780923661714
ABCA8 (10351),-0.03953149856679998
ULBP3 (79465),-0.03950543019301086
SARDH (1757),-0.03948609528328428
FXYD4 (53828),-0.0394857453015596
PRORP (9692),-0.039415132779467385
CALHM6 (441168),-0.03938660095758013
ZNF248 (57209),-0.039365256334823136
TMEM39A (55254),-0.03935046714536654
KCNQ2 (3785),-0.03933383459863394
TCEAL9 (51186),-0.03931782863432421
FAM186B (84070),-0.039302948494388396
FASTKD3 (79072),-0.03928969369880922
FBXO41 (150726),-0.03927478507612926
SHISA9 (729993),-0.0392662435923211
TECR (9524),-0.03925710394834981
CINP (51550),-0.03923526547370767
TRNT1 (51095),-0.03922839720989061
ASB15 (142685),-0.039218846654019965
ADAM30 (11085),-0.03921404571301556
NELL2 (4753),-0.03919834907806467
FFAR1 (2864),-0.0391909080777081
ITPRIP (85450),-0.03918127794780314
MFN2 (9927),-0.039165849601580024
ANXA8L1 (728113),-0.039164628735502804
CXCL12 (6387),-0.03915539547817323
ANXA11 (311),-0.039143568587155605
ANKRD44 (91526),-0.039142782940959485
PDHA2 (5161),-0.03910804786565487
SULT6B1 (391365),-0.03910258851047431
TMEM184A (202915),-0.03910009653982102
CYP4A11 (1579),-0.039091964618598804
GNG13 (51764),-0.039080386001216626
KRTCAP2 (200185),-0.039075451893541994
VPS16 (64601),-0.039073986661854916
MFNG (4242),-0.0390482384030897
LSM6 (11157),-0.03904309203565372
ADORA2A (135),-0.03904004471911507
CLUH (23277),-0.03900357406603945
GRHL3 (57822),-0.03900316170655209
SEMA3F (6405),-0.039001103832329895
TTC33 (23548),-0.03899964287003387
SKOR1 (390598),-0.03899167521988011
CEACAM6 (4680),-0.038981626072404664
SC5D (6309),-0.03897682900319273
HSBP1L1 (440498),-0.03896367362426491
POM121C (100101267),-0.038960208998477
DNAJC2 (27000),-0.03893938624832398
PRSS54 (221191),-0.03893179542087137
CPEB1 (64506),-0.03893110701598724
MASP2 (10747),-0.03892844496906357
ANAPC4 (29945),-0.03892670338134539
ZKSCAN1 (7586),-0.03892561453689399
TSNAX (7257),-0.03892214064892146
ZNF782 (158431),-0.038916691254654016
OR4D10 (390197),-0.03890869575810858
MYBPC3 (4607),-0.03890820681333485
AKR1C3 (8644),-0.03890206125910578
SLC6A15 (55117),-0.038896624456782214
SUCLG2 (8801),-0.03889412015614995
SLC50A1 (55974),-0.03888828639905261
MTHFS (10588),-0.03888216094773712
CCDC8 (83987),-0.038870859646156934
UCP3 (7352),-0.038866645742269876
SCARF2 (91179),-0.03886445618860386
MYO5C (55930),-0.03885650699536683
RBBP9 (10741),-0.03885630940112572
RTBDN (83546),-0.0388550252514372
ANKHD1 (54882),-0.03885079361069034
DGAT2L6 (347516),-0.038848799357512426
CTSZ (1522),-0.03883349177064674
LRIG1 (26018),-0.03882275033611433
SPMIP4 (136895),-0.038819292110844714
TMEM198 (130612),-0.038818967436557425
RTL4 (340595),-0.03878747223365169
KIF7 (374654),-0.03878740610868882
PLCE1 (51196),-0.03878542069925221
ZNF100 (163227),-0.0387740576881273
PATE4 (399968),-0.038766087735728864
FOXR2 (139628),-0.03875450617034149
CPNE3 (8895),-0.038745159316465015
UXT (8409),-0.038740292114942745
PHACTR2 (9749),-0.03872773959964155
KLHL40 (131377),-0.03871476523354275
NKD1 (85407),-0.03871018130020037
PIK3CG (5294),-0.038701730097008065
BVES (11149),-0.038674848491464756
TRABD2B (388630),-0.038657620062950274
USP51 (158880),-0.03864375839013022
MYH6 (4624),-0.03863911472646513
ARL6IP5 (10550),-0.03863546244152717
KRT3 (3850),-0.03859748168555158
GDI2 (2665),-0.038583984032112446
NAA40 (79829),-0.03856573330515683
HS3ST2 (9956),-0.03855544121087262
MON1B (22879),-0.038540930570801726
ARHGAP27 (201176),-0.03853617151606148
TMEM30A (55754),-0.03853557913975531
SSR3 (6747),-0.038531537496987525
LRRC18 (474354),-0.03853071559658524
FMO4 (2329),-0.038528480230327504
NYAP2 (57624),-0.03851062201854943
BTC (685),-0.03850586481556084
VPS18 (57617),-0.03849500784395325
LGI1 (9211),-0.0384835128614422
TSHZ3 (57616),-0.03848305057859587
ERC2 (26059),-0.03846096789906398
PRLHR (2834),-0.03844615629499733
MAP3K21 (84451),-0.03843884295183854
FSHR (2492),-0.03843368710429431
NTRK1 (4914),-0.03843305121634378
RIOK1 (83732),-0.03842496628925264
NTRK3 (4916),-0.03840841881004028
HMGB4 (127540),-0.0383965647499932
ENTREP2 (23359),-0.038380427010718046
GALNT13 (114805),-0.03835293587533747
ZNRD2 (10534),-0.03833918656602467
GRM4 (2914),-0.03833646423674532
OR10H2 (26538),-0.038326661129975494
NIBAN3 (199786),-0.038310124596136655
FUCA2 (2519),-0.03830220884377402
EGR4 (1961),-0.038296933374861536
AGR3 (155465),-0.038287381984978164
TCP11L1 (55346),-0.03827621168119805
RABGEF1 (27342),-0.03826735306921811
HSD17B7 (51478),-0.03826144394157211
DXO (1797),-0.038250549294383734
CDRT15 (146822),-0.03823949681993972
THAP12 (5612),-0.038233933644288134
MED21 (9412),-0.038221374646571875
ARMH1 (339541),-0.03821079291532001
ZNF469 (84627),-0.03820902791983271
TEX12 (56158),-0.038206437963181655
TMEM225 (338661),-0.03820544518388674
RANBP2 (5903),-0.038202962959804576
LAT2 (7462),-0.03820075101292609
ANO1 (55107),-0.03818206640048895
GDF15 (9518),-0.03816874586865731
NPL (80896),-0.03814019608240657
ATXN1L (342371),-0.03813680503128639
CDX4 (1046),-0.038129800697892985
CDKN1A (1026),-0.0381289633911241
SHROOM4 (57477),-0.038119906465021405
HFM1 (164045),-0.038104571604241924
TRIM36 (55521),-0.03806690050162708
SLC22A15 (55356),-0.03806516294139352
NTPCR (84284),-0.03806302051992845
ANKRA2 (57763),-0.038061819965266246
DHRS7B (25979),-0.03804724235065477
CYP2E1 (1571),-0.03803980626212192
CNOT6 (57472),-0.03803752781404387
GDF10 (2662),-0.03803641950819409
ADAMTS7 (11173),-0.038025603916065756
NKIRAS2 (28511),-0.0379844442048609
ZNF99 (7652),-0.037971030966359044
GSDMC (56169),-0.03795060489026823
HOXB9 (3219),-0.03795042308626279
NPHS1 (4868),-0.037945482443624536
CCL16 (6360),-0.03793819372494275
ATMIN (23300),-0.037937216714910044
MYO9B (4650),-0.03792306278996603
AMOT (154796),-0.0379065017335056
MAGEA4 (4103),-0.03788071229216827
VPS8 (23355),-0.037866521357879886
PPP2R5E (5529),-0.03786234191916355
KYNU (8942),-0.03786031981081012
MS4A15 (219995),-0.037855553545666706
TSSK3 (81629),-0.0378519865345471
METTL4 (64863),-0.03783662954101864
CRHR1 (1394),-0.03783250917667041
WDR53 (348793),-0.037831013478525834
HYI (81888),-0.03783027174416286
LETM2 (137994),-0.03782488590950601
FOLH1 (2346),-0.03781845717623307
CYP26B1 (56603),-0.03781424466401964
MAEL (84944),-0.03780182647106038
TIFA (92610),-0.037766378584734576
RSAD1 (55316),-0.03776402466371741
CDH1 (999),-0.03774652275142289
DNAJC24 (120526),-0.0377456444548943
LECT2 (3950),-0.03774543072850543
KPTN (11133),-0.03774413529435152
CLCNKA (1187),-0.03773548820060923
FADS6 (283985),-0.03773201112110943
STAT1 (6772),-0.03770632246753501
OSBP2 (23762),-0.03769738424480119
PHYHIPL (84457),-0.037694111470837635
CIT (11113),-0.03768385473385071
MICU1 (10367),-0.037671028586488235
PATL1 (219988),-0.03761952777427017
ANXA10 (11199),-0.037614262934207006
SPATA21 (374955),-0.03760340738957863
ST13 (6767),-0.03755661874792196
HOXA2 (3199),-0.037543950053549255
POP1 (10940),-0.03754122043776031
URM1 (81605),-0.03753111846615
ZNF45 (7596),-0.03752116764085698
OR52K1 (390036),-0.037499325494407265
SAFB (6294),-0.03749588206904179
ERBB3 (2065),-0.037488055164401034
ATP10A (57194),-0.03747783646517046
MAGI1 (9223),-0.037464968252288275
ME3 (10873),-0.0374589931265138
HOGA1 (112817),-0.0374511043549237
OR5AS1 (219447),-0.037447261255348564
RBX1 (9978),-0.03744577405592374
LYRM9 (201229),-0.037443408981473345
SCNN1B (6338),-0.03742287027116093
PALM3 (342979),-0.037418380232305766
IL16 (3603),-0.037417983895678415
MYLIP (29116),-0.037404746668761674
RIMOC1 (285636),-0.03734305343596788
ARPC3 (10094),-0.037331970437116786
TRHR (7201),-0.03731409818499897
TSPAN19 (144448),-0.037301169867219375
EFHB (151651),-0.037281258575041554
CERS1 (10715),-0.03727698806503999
SVIP (258010),-0.03727365770669476
FGF5 (2250),-0.03726803112996944
COX4I2 (84701),-0.037263640237682104
TAP1 (6890),-0.03724916372536608
INHBB (3625),-0.03724394368649844
FNDC7 (163479),-0.03723834510211538
IFI44L (10964),-0.037204004675562105
CYP2F1 (1572),-0.03719876942504891
OR4B1 (119765),-0.03719809218207442
H4C7 (8369),-0.037196200962212135
KCNH1 (3756),-0.0371703234102661
CIB2 (10518),-0.03714966392406606
RHBDL3 (162494),-0.037145103881902786
RCAN2 (10231),-0.03714142245379351
SPAG6 (9576),-0.03713201830895971
THEM6 (51337),-0.03711933053618732
PHC2 (1912),-0.037103695549966946
UBAP1 (51271),-0.03709783427407963
LGALS8 (3964),-0.03708105950853031
TBK1 (29110),-0.03707996615653942
SYT6 (148281),-0.03707777757064897
GAS8 (2622),-0.03707351118140186
GATC (283459),-0.03706306318728188
DHCR7 (1717),-0.037062495591684855
TNFAIP8L1 (126282),-0.03706245463924987
PDZD11 (51248),-0.0370624085297051
TDRD3 (81550),-0.03704678300253921
USP44 (84101),-0.03704122078080497
PGLS (25796),-0.037028186671448804
SEC31B (25956),-0.03702368585035344
PLP2 (5355),-0.03702085425070764
SPN (6693),-0.03701752442244648
PLIN1 (5346),-0.03700756196089423
ACSS3 (79611),-0.036982243504962556
DGKZ (8525),-0.03698184776105083
C9orf78 (51759),-0.03697453842061415
SPTAN1 (6709),-0.03695690222954484
DUSP19 (142679),-0.03695041353168464
GNGT2 (2793),-0.036938293769238656
WWP1 (11059),-0.0369374068978846
COL26A1 (136227),-0.036932658997158904
ASCL3 (56676),-0.036916489840472896
NFS1 (9054),-0.036913644047136894
IL18 (3606),-0.036906253000872725
C8orf88 (100127983),-0.0369024822151544
PDE4D (5144),-0.03685889734016419
ADGRL1 (22859),-0.036849853466318146
NUP214 (8021),-0.036836757689923325
FAM118A (55007),-0.036813512478849855
SLC29A1 (2030),-0.03680166648696599
TYR (7299),-0.036785627034135224
EXOC2 (55770),-0.036778448243898226
ITPKC (80271),-0.0367639646155002
ADRA2A (150),-0.036755098650622195
SLC5A9 (200010),-0.03674119893475716
CRTC1 (23373),-0.03672281437689159
WIPF1 (7456),-0.036719854730284995
RFFL (117584),-0.0367142179615627
MAGEC1 (9947),-0.036711685559757117
SLC24A3 (57419),-0.036703855382224496
KCNN4 (3783),-0.036686854323643645
ZBTB10 (65986),-0.03666422291869351
CRTC3 (64784),-0.03664874398957214
LY6H (4062),-0.03664732743279807
ELANE (1991),-0.03662800684781437
RTL5 (340526),-0.036626020295487886
MRPL10 (124995),-0.03662582243773737
C6orf226 (441150),-0.03662544545343631
ACE (1636),-0.03658811485747233
AIF1L (83543),-0.03658764383583839
PITRM1 (10531),-0.03657812161589501
IBSP (3381),-0.036574927701344725
LY6G6C (80740),-0.03657122448048776
LDLRAD3 (143458),-0.03656785816716126
JMJD8 (339123),-0.036565071947637064
TNFAIP1 (7126),-0.036539756323134935
CCNK (8812),-0.03653325440730177
OR5A1 (219982),-0.036529882727937196
RAD9B (144715),-0.036522179172255816
CNIH2 (254263),-0.03651714414767611
SYT17 (51760),-0.03650196133883881
SEL1L2 (80343),-0.036490358219518834
KCNJ6 (3763),-0.03646968613065705
TAF6 (6878),-0.03646571693778063
SERINC3 (10955),-0.03645167960009404
ARL1 (400),-0.03644417965705994
PTGIR (5739),-0.0364439668810209
ZC3H7B (23264),-0.036438923554498986
ATP5MC3 (518),-0.03642163001143048
PPP1R12C (54776),-0.03641489987169125
SPG7 (6687),-0.03641099495093538
CLDN3 (1365),-0.03640538730718675
RASGRP2 (10235),-0.0364005788511944
ARMC1 (55156),-0.03638129961166166
FCN3 (8547),-0.03638072072218372
ZNF93 (81931),-0.03633890942392038
FAM3D (131177),-0.03633793686020592
KDR (3791),-0.036327551059144474
PSORS1C2 (170680),-0.036312456461086835
IGFN1 (91156),-0.036300835403286276
FRMD6 (122786),-0.03629907962908418
PCDH7 (5099),-0.03629239526083307
RCHY1 (25898),-0.03629102204366442
MS4A1 (931),-0.03628594418622845
CCDC172 (374355),-0.036270688444004516
TMEM63A (9725),-0.03626214889969075
PLXNA1 (5361),-0.036261735941739204
ZNF177 (7730),-0.03624939094217478
SYNE4 (163183),-0.036244936490516896
NGDN (25983),-0.03624123201722618
ZNF682 (91120),-0.03623538625764985
GPR85 (54329),-0.036227863803605515
CCDC148 (130940),-0.036227091930307605
PNRC2 (55629),-0.036216707239537314
CAPRIN2 (65981),-0.036211823377185384
MRPL22 (29093),-0.0362028445312354
SHROOM3 (57619),-0.03618695162445794
OR8U1 (219417),-0.03617286028333809
MRPL21 (219927),-0.03614685913477114
TMEM59 (9528),-0.03614445036545659
RNASE3 (6037),-0.036130409372640185
LGI2 (55203),-0.036128419392784696
F2R (2149),-0.03612751435944647
SLC46A2 (57864),-0.03611758232555851
CHRNA9 (55584),-0.036116605329844384
PWWP3B (139221),-0.03609600232010115
TNFRSF13B (23495),-0.036077024674039816
ASCL5 (647219),-0.036076823151480496
IGSF6 (10261),-0.03607266404739863
MED12L (116931),-0.036066019436727444
JTB (10899),-0.03605812044601841
PCDHGC4 (56098),-0.036053745847233684
KLHDC10 (23008),-0.036034138448109265
MAN2A1 (4124),-0.0360289898552975
KCNK16 (83795),-0.03601435030403173
ZNF107 (51427),-0.0360033666857745
HNRNPH3 (3189),-0.03599787140366344
ADAMTS1 (9510),-0.03598482117791132
MYL7 (58498),-0.03596929870954691
EIF6 (3692),-0.035967112825022365
CHST13 (166012),-0.035966884932189545
CCDC122 (160857),-0.03596497669004338
NOL4 (8715),-0.03593635359635935
APPBP2 (10513),-0.03593261735599019
CXorf66 (347487),-0.03592309341622984
ARHGEF4 (50649),-0.035907798258764154
FTO (79068),-0.03590638332790645
CLDN15 (24146),-0.03589063684953572
VPS35L (57020),-0.035879472676995865
SEMA3D (223117),-0.03587815416487788
HERC6 (55008),-0.03586922606091973
MFAP4 (4239),-0.03584008850051998
MGAT3 (4248),-0.03582779554012421
RPL14 (9045),-0.03582370635038436
TANGO6 (79613),-0.03581792885792774
CXCL16 (58191),-0.03578444835784174
DOC2A (8448),-0.03577598976946788
FGF4 (2249),-0.03576482898471421
CDC42SE2 (56990),-0.03576124751887205
BRD7 (29117),-0.03575647754288592
ANGEL2 (90806),-0.03575375347408043
TMEM243 (79161),-0.03575255159806029
AMACR (23600),-0.03574769139014129
ZNF654 (55279),-0.035737898782091444
SMARCAD1 (56916),-0.035729467704636766
ERLIN2 (11160),-0.035722434008586886
ACTR1B (10120),-0.03569971101584902
IFT70B (150737),-0.035693516692586816
PDGFC (56034),-0.03569219017984671
ZFP2 (80108),-0.03566656662756669
CNGA1 (1259),-0.035655343711304285
RPL35 (11224),-0.0356518077821616
MAD1L1 (8379),-0.03564025893866025
SLC7A9 (11136),-0.03562366210400782
NAAA (27163),-0.035623229868450464
WAC (51322),-0.03561402385368531
SSTR1 (6751),-0.03561094196200572
SDAD1 (55153),-0.03560134154118391
ZFP69 (339559),-0.03557583109898951
OR52J3 (119679),-0.035574600276251644
ZMIZ1 (57178),-0.035570803767746455
STOML3 (161003),-0.03556896968037801
PDE6C (5146),-0.03555190131259499
C1QL4 (338761),-0.035548877071055994
DLGAP4 (22839),-0.03554878613814804
SLC22A11 (55867),-0.035544281469450406
ADGRL4 (64123),-0.035542477251916345
GAPT (202309),-0.03554054851266147
ECE2 (9718),-0.03553895058025733
GALM (130589),-0.03552767675894757
COMMD10 (51397),-0.03552748656634431
PCBD2 (84105),-0.0354803118722401
SELPLG (6404),-0.03546788594004838
WDR44 (54521),-0.03546044394058725
ZNF878 (729747),-0.035458252766173926
TMEM91 (641649),-0.03544258642890595
S100A2 (6273),-0.035437623423609704
C1orf50 (79078),-0.03541962427576934
FAM200A (221786),-0.03540637182254831
MORC3 (23515),-0.03540079661081709
NFIL3 (4783),-0.03539613156159945
PANK1 (53354),-0.03538899644727858
AXDND1 (126859),-0.03537754828361805
ASTN2 (23245),-0.035371233378890816
CHRNA10 (57053),-0.03536574525361039
UBB (7314),-0.03536202730678515
ATP6V0D2 (245972),-0.035356464736911945
PI4K2B (55300),-0.03535458846050184
VAMP3 (9341),-0.03535392521842478
GABRE (2564),-0.03534204297462954
SLC22A8 (9376),-0.035302089194650485
KLF2 (10365),-0.03530089499592366
KCTD4 (386618),-0.03528054827875144
PLA2G6 (8398),-0.03527317502674861
SS18L1 (26039),-0.03526805726910888
ZC3H12B (340554),-0.03526769588210729
TP53I13 (90313),-0.03526599738692756
CFAP70 (118491),-0.0352657547445827
GPT2 (84706),-0.03524763031998419
SPRED1 (161742),-0.03522930377359395
KCNK6 (9424),-0.03521668906519218
CPNE6 (9362),-0.03521664117047351
RIMS1 (22999),-0.03520899278491397
GRIK5 (2901),-0.035194991043121085
TRIM33 (51592),-0.03515901687665132
CBL (867),-0.03512816493107142
PAQR9 (344838),-0.035124225079152846
VPS9D1 (9605),-0.03510977249629235
ADPGK (83440),-0.03509392881734173
SFRP5 (6425),-0.03509391501329094
MUSK (4593),-0.03508552053755555
IL17RB (55540),-0.03508384205611543
TUT4 (23318),-0.03508277818966298
CHST9 (83539),-0.03507968246736594
SP8 (221833),-0.03507456049978059
ZNF235 (9310),-0.0350278803110892
MAGED1 (9500),-0.03502367083347288
CD180 (4064),-0.03501822630393943
ZNF362 (149076),-0.03500818160560428
KCNA10 (3744),-0.0350037268566429
BOLL (66037),-0.03494300740108502
CALHM2 (51063),-0.03493950305857862
RNF126 (55658),-0.03490982102159741
ZNF527 (84503),-0.03490217046293688
LRRC4B (94030),-0.034898313417311484
RAPGEF6 (51735),-0.034896744997842594
HLA-A (3105),-0.03488716698780184
RAB11FIP4 (84440),-0.0348846362830704
RGS2 (5997),-0.03486890464013188
TAGLN3 (29114),-0.03486021616639123
KIF12 (113220),-0.034858472289638405
URI1 (8725),-0.03483546891302906
BASP1 (10409),-0.03482871852553076
HNF4A (3172),-0.034828433314132226
ENPP2 (5168),-0.034824782859252716
CASR (846),-0.03482358766604596
GNLY (10578),-0.03482046720677922
SLC25A52 (147407),-0.03481732247538922
HDAC6 (10013),-0.0348070162046611
CRIP3 (401262),-0.03480352902901796
ATAD2 (29028),-0.03479427675062442
BCAP29 (55973),-0.03478381405740118
SH3TC2 (79628),-0.03478364491173931
ZNF75D (7626),-0.034783211431021
ZNF404 (342908),-0.03477702794565406
ACAD10 (80724),-0.034774714492132715
FAM47C (442444),-0.0347650907099134
NUDT9 (53343),-0.034763119805398306
STING1 (340061),-0.0347388820144783
SENP8 (123228),-0.03473776335388338
METTL2B (55798),-0.034732671142192806
ZFHX4 (79776),-0.0347287365238278
CALM3 (808),-0.03471676580396842
ZNF14 (7561),-0.034708091384141285
EPB41L2 (2037),-0.03470680038130269
TUFM (7284),-0.03469586729308591
TBL1X (6907),-0.03467585735186455
BMAL1 (406),-0.034660210645841565
CKAP2 (26586),-0.03464134288858142
RAB5B (5869),-0.034636348839177246
SHE (126669),-0.03463438538186249
VPS39 (23339),-0.034633912469277627
STEAP4 (79689),-0.03463287327144396
FTSJ3 (117246),-0.03460740017517624
NIPAL1 (152519),-0.03459037049993416
DNAJB13 (374407),-0.03458857326551692
HIVEP1 (3096),-0.03457290577030083
CD276 (80381),-0.03456507360254222
ZDHHC4 (55146),-0.03451791530062986
ARHGEF33 (100271715),-0.034510891455548885
POU6F1 (5463),-0.03450870832966287
SLC35A5 (55032),-0.034502039344220484
SYNGAP1 (8831),-0.03449880152138171
DNAH7 (56171),-0.03449443345137936
FBXO25 (26260),-0.03448204685164301
C2CD4B (388125),-0.034478376856966836
FAM227B (196951),-0.0344767036518518
RDX (5962),-0.034460507126459275
DNAJB8 (165721),-0.0344555632123658
OR5AP2 (338675),-0.03445306723485268
AGFG1 (3267),-0.034436638729218
NEK4 (6787),-0.03442600350100103
RAB5C (5878),-0.03442377492010999
EEF1AKMT2 (399818),-0.034413094490795146
BIVM (54841),-0.03439106248265778
SGMS2 (166929),-0.03438018490567489
YWHAH (7533),-0.034377629982745524
FAM181A (90050),-0.0343692091944158
CNPY3 (10695),-0.034350500442261206
TNNC2 (7125),-0.034334205009987004
PPP2R5A (5525),-0.034317672647885385
IGSF22 (283284),-0.034311787706266
UBE2A (7319),-0.034282817171239745
PGLYRP4 (57115),-0.03426877100700604
TLR10 (81793),-0.03425477644358533
GJC2 (57165),-0.03425397858621083
MAP3K3 (4215),-0.034251105694331395
TNIP1 (10318),-0.034235630780782816
THSD4 (79875),-0.03423279070983955
OR1E1 (8387),-0.034224231016618534
ARL5B (221079),-0.03421700040520308
CNGA4 (1262),-0.03421623775019549
ARMH3 (79591),-0.03420436522740238
SP140 (11262),-0.03420425906435969
CFAP157 (286207),-0.03418110993198849
KLHL38 (340359),-0.034174535562787454
TMED3 (23423),-0.03416051139942062
CHMP4A (29082),-0.034155619947746456
SNX15 (29907),-0.034150561526258026
DCHS1 (8642),-0.03414812229163967
GC (2638),-0.034139154513795206
SFRP2 (6423),-0.034138739873609165
COX19 (90639),-0.03413240444222609
TIGD6 (81789),-0.03412899875144444
CCL11 (6356),-0.034118997350960675
ARHGEF38 (54848),-0.034115427896555424
MTPN (136319),-0.03410560907516479
METTL3 (56339),-0.03408954946111482
RMI2 (116028),-0.03407879995621109
FAAH (2166),-0.034076339930077935
EPCIP (56245),-0.03407471928468449
BRCA1 (672),-0.034064536117141775
HLCS (3141),-0.03406335279575408
LMX1B (4010),-0.034060657402793244
C2orf76 (130355),-0.034059854091958386
DNAJC5B (85479),-0.03405440421089822
ACYP2 (98),-0.034051889210686234
UBFD1 (56061),-0.03403285195421103
MLANA (2315),-0.0340286027191608
KCNMB1 (3779),-0.0340274459357026
AUTS2 (26053),-0.03402562264371056
TMX3 (54495),-0.0340165403555854
TDRD12 (91646),-0.03401382285309706
LTV1 (84946),-0.03399721724863842
PPP1R14B (26472),-0.033992624233242716
SRA1 (10011),-0.033991619857418755
CD302 (9936),-0.03399141201189819
FGL2 (10875),-0.03397488467179991
HOXD8 (3234),-0.033966835705772275
AMELX (265),-0.033965904296525955
PDE4C (5143),-0.03395684639312616
C12orf56 (115749),-0.03395454578046976
NDUFS3 (4722),-0.03394666973644996
IL36B (27177),-0.03394247005649243
RPN1 (6184),-0.0339384736752195
KRT14 (3861),-0.03392771774067968
TF (7018),-0.0339234445011406
PRSS1 (5644),-0.033919274989060846
MT1H (4496),-0.03391011664288183
PCDHGB3 (56102),-0.03390239947863832
OR2M2 (391194),-0.03390060289756679
RIOK2 (55781),-0.03387640906327771
DDX4 (54514),-0.033872250912454084
NR0B1 (190),-0.033866176025398306
CACFD1 (11094),-0.03386016433247992
RWDD3 (25950),-0.033839251935859176
ZBTB42 (100128927),-0.033818341384149644
G6PC2 (57818),-0.033815398644039846
CNBP (7555),-0.033802340749341915
HBS1L (10767),-0.03378972161986542
OR5P2 (120065),-0.0337789106093165
A2M (2),-0.03377449147890433
GGN (199720),-0.03376826244697776
PTGER2 (5732),-0.03375850958742797
PRR7 (80758),-0.03373026686612162
PYGM (5837),-0.03370281538348444
THAP8 (199745),-0.03369682609269251
TUBA1C (84790),-0.03367775818912986
RALGAPA1 (253959),-0.03365806672748309
JPH3 (57338),-0.03365526731627721
TMEM212 (389177),-0.03365050373182778
CD93 (22918),-0.033631616566466994
TNFSF4 (7292),-0.033616535355138755
LONRF2 (164832),-0.0336055385533493
GJB2 (2706),-0.033605164392440115
SLC35E1 (79939),-0.03360043237511702
STK11IP (114790),-0.03359080458762235
PTGER1 (5731),-0.03358681280121819
NUAK2 (81788),-0.03358671782493528
ASB7 (140460),-0.03357863969582712
HELB (92797),-0.03357710851932609
LRCH2 (57631),-0.0335629104920132
OR4D2 (124538),-0.03355087479131118
IMPACT (55364),-0.03354203463868999
ETV3 (2117),-0.033536999343573896
PYURF (100996939),-0.03353309296337473
CYP27B1 (1594),-0.0335282017659943
RALGAPB (57148),-0.0335173125508677
SKOR2 (652991),-0.03350376083391589
SH2D3C (10044),-0.033484917415983154
BCLAF3 (256643),-0.03346935779424216
KIAA1586 (57691),-0.03346760738851696
SLC37A2 (219855),-0.033465611081205465
CEACAM7 (1087),-0.033462474691292626
KISS1 (3814),-0.03346148488706777
CTLA4 (1493),-0.033455290301310926
TNFSF12 (8742),-0.03345508311469822
TAS1R2 (80834),-0.03345209491910275
FOXD2 (2306),-0.03344995391386134
MIF (4282),-0.03343389237564816
HYCC1 (84668),-0.03343353299844702
GBP6 (163351),-0.0334253307071448
PF4 (5196),-0.03340220030914502
IQGAP3 (128239),-0.03339413919943728
RNASEH2C (84153),-0.033392015324852795
MMRN1 (22915),-0.03338453504442204
C10orf53 (282966),-0.03338405702235901
COX18 (285521),-0.033382062369229235
POGZ (23126),-0.033370445691316336
SCPEP1 (59342),-0.03336448327404881
SPAST (6683),-0.033354679049745435
OR13J1 (392309),-0.03334638237905943
CEP72 (55722),-0.0333362025943407
FUCA1 (2517),-0.033331697860585034
ESR2 (2100),-0.033329391482682096
TULP1 (7287),-0.03330365409690362
STIP1 (10963),-0.03329636272035543
PLSCR5 (389158),-0.03329533921582472
CDH22 (64405),-0.03329502515376656
SMCR8 (140775),-0.03327789046812338
TRMT10B (158234),-0.0332741554883112
EPX (8288),-0.033268039614706424
ST7 (7982),-0.033259454855802
ADAMTS20 (80070),-0.03325602087369264
KLHL24 (54800),-0.0332537757217911
NHEJ1 (79840),-0.03324135942797223
SP5 (389058),-0.033227228334874355
RSF1 (51773),-0.033224460919168496
COX10 (1352),-0.0332082095485114
CWC25 (54883),-0.033202795002001725
HEPACAM2 (253012),-0.03317760414443015
AGPAT3 (56894),-0.033176687805505437
PPFIA3 (8541),-0.033167000311526314
MRPL53 (116540),-0.033163021190663784
CXADR (1525),-0.03315818704932413
HEMK1 (51409),-0.03314890894892416
STX8 (9482),-0.03313372774119654
CFI (3426),-0.03312698221615061
AKAP8 (10270),-0.03311593905962267
CHIT1 (1118),-0.03311554429150647
DMAC1 (90871),-0.03310698331370142
TAS2R31 (259290),-0.03309332507450301
AKAP5 (9495),-0.03308966140657831
CSDE1 (7812),-0.03307630731694761
ESD (2098),-0.03305406738400891
ALKBH2 (121642),-0.03305177549438951
TRIM71 (131405),-0.03304845085052856
CEBPD (1052),-0.033046822086347113
KCNE5 (23630),-0.03303399588561451
LRFN2 (57497),-0.0330059469660153
HSBP1 (3281),-0.03298849363182059
SPC25 (57405),-0.03298782513222342
PPARG (5468),-0.03296729412816302
RAI14 (26064),-0.03296442693987936
TIMP3 (7078),-0.032957580349451114
ZNF32 (7580),-0.03295752677989334
WNK4 (65266),-0.032928422244498504
PSKH1 (5681),-0.03292741229017626
FKBP4 (2288),-0.032913549801764024
GYPC (2995),-0.03290996077807724
LRRTM1 (347730),-0.032909447126344
RAB11FIP1 (80223),-0.03290893552414077
MSTN (2660),-0.03288556091863793
FANCF (2188),-0.03286307719017444
MOB1A (55233),-0.03285104648015984
ZNF74 (7625),-0.03284968740514237
SEPTIN10 (151011),-0.03284935630415657
ZNF470 (388566),-0.0328278942904851
DYNLT1 (6993),-0.03281314329319201
ZNF737 (100129842),-0.032812956252852014
CNTN3 (5067),-0.032807919857045606
LPIN2 (9663),-0.03280201214993485
SMURF1 (57154),-0.032798091335510024
PPP1R3D (5509),-0.03279283935836709
ZFP30 (22835),-0.032781519455790525
TXNDC16 (57544),-0.03276924916221432
C5AR1 (728),-0.03276437409499699
SPHK2 (56848),-0.032761542681012605
SIRT1 (23411),-0.03275329765486263
TRPM2 (7226),-0.03274557536101057
POLA2 (23649),-0.032745268074178685
H3C1 (8350),-0.032744292368081955
DYNLRB2 (83657),-0.032743063191691214
CLVS1 (157807),-0.03271519520957587
SLC9A6 (10479),-0.03271504726596785
SYNRG (11276),-0.032715030489158144
ZNF804B (219578),-0.03271205885842547
NINJ1 (4814),-0.03270575459821895
GPR39 (2863),-0.032690496437935396
OR5M8 (219484),-0.03268196088075933
PIGM (93183),-0.03265390742040848
RGSL1 (353299),-0.032636130562598925
LRRIQ3 (127255),-0.032617663336852336
PCNT (5116),-0.03261213150338177
DLL4 (54567),-0.03260708820893517
NR2C2AP (126382),-0.03259607818381506
TXK (7294),-0.03258985564526836
TCTN3 (26123),-0.03257868135703768
CYBRD1 (79901),-0.032571462265721635
TMPRSS11D (9407),-0.032570003024542035
DCAF16 (54876),-0.03256318481465824
ZNF620 (253639),-0.03255999288020644
C19orf73 (55150),-0.03255388385132633
MNT (4335),-0.032552995219417645
NANOS2 (339345),-0.03254986893122124
IFNG (3458),-0.03254551780999901
KANK2 (25959),-0.032538396633843274
DMAP1 (55929),-0.03253757632603571
ULBP1 (80329),-0.03253686811217523
INKA2 (55924),-0.032531392918315
SETD9 (133383),-0.032520724406475944
PRDM7 (11105),-0.03251656596127418
OR2AP1 (121129),-0.03250829141759465
ARRDC4 (91947),-0.03248675130147423
TRIM45 (80263),-0.03247876667955989
TBL2 (26608),-0.032472764688028365
PRAMEF19 (645414),-0.032468885533770496
ZNF263 (10127),-0.03246317359027648
PTMS (5763),-0.032446154531946034
CLHC1 (130162),-0.032446086975322815
ORM2 (5005),-0.03243494842370395
IAPP (3375),-0.03241213542463489
E2F1 (1869),-0.0324030866438227
POLG (5428),-0.032372474622792906
CCDC30 (728621),-0.032369014655144905
FXN (2395),-0.032361582837645814
ZNF789 (285989),-0.032355967673778366
SOCS4 (122809),-0.03235362962388947
OR1G1 (8390),-0.03235354083937575
TRPM5 (29850),-0.03233643644085172
POTEH (23784),-0.03231026122501535
CENPH (64946),-0.03229742042883892
ACOT9 (23597),-0.032290571245616295
KIAA1958 (158405),-0.032287124540832976
PHF14 (9678),-0.03227818544635809
TRPC7 (57113),-0.03227430417498278
PIP4K2A (5305),-0.03227184894567143
LYZL4 (131375),-0.03226997857789396
AVPR2 (554),-0.03223454012547271
MROH2B (133558),-0.032223561483589194
TLCD3B (83723),-0.03220801962213486
PRSS27 (83886),-0.03219451145664877
C11orf91 (100131378),-0.03219323030001402
USP20 (10868),-0.032192011593213006
LEMD3 (23592),-0.03218669228951976
MSRB3 (253827),-0.032185534695585265
NUP210L (91181),-0.032179315167162964
BTBD3 (22903),-0.03216368677658783
UGT2B17 (7367),-0.03216096978319658
DMGDH (29958),-0.032158153610087
MDFI (4188),-0.03214901671693049
KDM6A (7403),-0.03213036275186805
SOX3 (6658),-0.03211900304042089
VAV3 (10451),-0.03211357514300554
MARVELD2 (153562),-0.0321027970249804
CSF3 (1440),-0.0320981194179493
GRIN2D (2906),-0.03207678757535169
OR10C1 (442194),-0.032076045003933164
UBE2D1 (7321),-0.03207014234009321
CNOT6L (246175),-0.032058780733992036
COL11A2 (1302),-0.032055739062960956
CPEB2 (132864),-0.032049091260089355
SMG7 (9887),-0.03204129519762839
FMN2 (56776),-0.032037409256916734
MAPRE2 (10982),-0.032037098939716464
DPM3 (54344),-0.03203653837729869
PHF21B (112885),-0.032035984106080065
SLC6A1 (6529),-0.032033454649343325
TIMM10 (26519),-0.03202951022914634
LONP2 (83752),-0.03202060544722767
EED (8726),-0.03201161314839304
PIK3R3 (8503),-0.03200875150988943
ZDHHC13 (54503),-0.032003941723665344
UROC1 (131669),-0.03200140744996401
HHIPL2 (79802),-0.03199404122440013
SEC14L3 (266629),-0.03198922971600976
AP1M2 (10053),-0.03198616712776319
TAS2R20 (259295),-0.03198593822951338
GSTCD (79807),-0.03197959094586288
STC1 (6781),-0.03197487016180381
TARS2 (80222),-0.031946256884979075
AREG (374),-0.03194480746458583
MGST3 (4259),-0.031944356372370405
SERF2 (10169),-0.03193702220623122
SLC22A10 (387775),-0.031935222864208294
ZNF799 (90576),-0.03192324317510425
UPF3B (65109),-0.03191481174348631
LEMD1 (93273),-0.031907526261894796
CCL5 (6352),-0.03190658861945576
UPF1 (5976),-0.031900387991196225
CENPO (79172),-0.03187330153219157
ENOX1 (55068),-0.03185996275518265
CNPY4 (245812),-0.031857510323528834
CMBL (134147),-0.031845392839383736
ZNF728 (388523),-0.03184456793438395
ATG10 (83734),-0.031841493201439336
ACVR1B (91),-0.03183342662543574
FIZ1 (84922),-0.03182446535616927
GRIA4 (2893),-0.031815794610334985
PCCB (5096),-0.03180002137059971
PPP1CC (5501),-0.031796312956522264
ZNF277 (11179),-0.03179546870183585
SEMA4G (57715),-0.03179199022979316
FAM171B (165215),-0.031766928456865115
S100A5 (6276),-0.031765811239159975
COL4A1 (1282),-0.03176153118126138
OR4A16 (81327),-0.031757609087267935
STX16 (8675),-0.031756073783389085
CRYBG1 (202),-0.031749452193060475
BCL2L15 (440603),-0.03173364513009232
PCSK1 (5122),-0.03172089888925964
PLA2G7 (7941),-0.03169401421284841
GIT2 (9815),-0.03168870831300058
IHH (3549),-0.031686194889469395
SPATA31D1 (389763),-0.031678220527873543
NSUN3 (63899),-0.0316762349436562
TXNIP (10628),-0.03167422702325692
S1PR2 (9294),-0.03166851663053458
PTTG1IP (754),-0.03165380239831991
CLIC5 (53405),-0.03161826634632863
FSIP1 (161835),-0.03161489111049971
CCDC39 (339829),-0.03161042027529115
PIGP (51227),-0.031589433928984896
VPREB1 (7441),-0.03158744797480974
PATE2 (399967),-0.031575559958325956
KCNK5 (8645),-0.03157292860519912
BPIFB1 (92747),-0.03157053546206366
SPACA1 (81833),-0.031564357533963604
CHRNA1 (1134),-0.03156080372787272
TMEM232 (642987),-0.03155045241001518
LHFPL7 (255349),-0.03154546928690683
ODF1 (4956),-0.03152949802920714
FZD5 (7855),-0.03151778568500795
ALKBH6 (84964),-0.031513057154459775
WIPI2 (26100),-0.03149946196446255
ZNF385D (79750),-0.03148830123422833
SUN5 (140732),-0.03148466261985472
DYDC1 (143241),-0.03148420309265084
RGS1 (5996),-0.03147938303089111
OR4K14 (122740),-0.03147638340940857
RSPH9 (221421),-0.031467112487601936
UGT3A1 (133688),-0.03143858168265349
KRTAP10-1 (386677),-0.03143433431725849
BLOC1S6 (26258),-0.03140886585890667
DZIP1L (199221),-0.03139806311544793
PPP4R2 (151987),-0.0313941891649741
TOMM40 (10452),-0.03139134643570743
RAB6B (51560),-0.03138343169685651
TASOR2 (54906),-0.03137458741183225
KDM3B (51780),-0.03134981652632739
PRKCI (5584),-0.031347823440545326
GNAI1 (2770),-0.03134645019528302
TCEAL2 (140597),-0.031342474915794796
WBP1L (54838),-0.03133007597401858
CNKSR2 (22866),-0.031325295001970274
LIPK (643414),-0.03132390830974503
SORD (6652),-0.03131593966281977
GPR107 (57720),-0.031314219410616385
FXYD1 (5348),-0.0313118220887003
ASB8 (140461),-0.03128527620634654
COX16 (51241),-0.03127668617720191
CDC25B (994),-0.031264252721970136
OR2M3 (127062),-0.03125775059648794
FLT3 (2322),-0.031254612880538345
RAD18 (56852),-0.031254079554047694
OR5L2 (26338),-0.031237665583043483
SOWAHB (345079),-0.031230084998968365
LAMP3 (27074),-0.03122459287472705
CYB5RL (606495),-0.031221079019627465
PDE5A (8654),-0.03121945824222367
PHGDH (26227),-0.031218229611621316
ORAI3 (93129),-0.031213530824002245
ETFRF1 (144363),-0.03120782235914133
FSTL3 (10272),-0.031191204134140078
SULT2B1 (6820),-0.03117727214159275
UNC80 (285175),-0.031170825245626158
TRIM43 (129868),-0.03116575264777081
SLC22A12 (116085),-0.03116181277104371
AAAS (8086),-0.031140259057148963
ZNF229 (7772),-0.0311322548948091
HDGFL2 (84717),-0.03113062580941452
SLC39A5 (283375),-0.031115948007930536
ASXL3 (80816),-0.031114150351756912
MS4A4A (51338),-0.03110771292649722
ALB (213),-0.0310945162002241
C4BPA (722),-0.03109316680871391
SERPINB13 (5275),-0.03108406878689022
TNNI3K (51086),-0.031083380272039593
TRIM67 (440730),-0.031078315677730707
FEZ1 (9638),-0.03107830767555099
FAR1 (84188),-0.031077684903730717
PLCB1 (23236),-0.03107664866933744
SLFN14 (342618),-0.03105847302707493
HRNR (388697),-0.031056821873395705
ZNF420 (147923),-0.03105211240100961
OR5M1 (390168),-0.03104345021051468
ROPN1 (54763),-0.031036695275374847
SPATA20 (64847),-0.03102316422472277
ATP2A3 (489),-0.031019309012480407
ANKS4B (257629),-0.031018148472998514
OR5T2 (219464),-0.031007240571049144
WDR26 (80232),-0.03099844508382391
THAP10 (56906),-0.03099292534064465
CABLES1 (91768),-0.030984305857265117
TRAPPC5 (126003),-0.030984029076718215
GKN2 (200504),-0.030952427198047527
PTH2 (113091),-0.030945089598192952
DPYD (1806),-0.030945035349566177
TRIM63 (84676),-0.0309411205754232
STAT2 (6773),-0.030931667939931375
TMPRSS4 (56649),-0.030927647644705868
ERCC6L2 (375748),-0.030924184332709024
DKKL1 (27120),-0.03091914126654579
DENND10 (404636),-0.030914485331267734
POLRMT (5442),-0.030912942809101708
S100A4 (6275),-0.03089622862238481
FUT3 (2525),-0.03089350383857481
BLOC1S5 (63915),-0.030892310302483978
NTN5 (126147),-0.030880522565356863
DEFB131A (644414),-0.03087481606179109
PROC (5624),-0.03086011469466826
FAM186A (121006),-0.030859549109405797
BCAS2 (10286),-0.030859096619723157
SOWAHC (65124),-0.03085039755338109
USP11 (8237),-0.030837099849206042
NPHP3 (27031),-0.030835615652859874
STAB1 (23166),-0.030821175623798755
DUSP28 (285193),-0.03080233163296376
TINAG (27283),-0.030785400621803845
ACOT12 (134526),-0.030778820413137085
ZMYM1 (79830),-0.030763764028228446
MAGEB1 (4112),-0.03074851720361729
CCDC63 (160762),-0.030743238760867965
SPMAP2L (100506564),-0.03073586142216715
PRR32 (100130613),-0.03073404340854303
TTLL9 (164395),-0.030720098057967934
NEMP2 (100131211),-0.030701616232628244
CCDC185 (164127),-0.030701090292250637
CD69 (969),-0.030700586239798402
OR13C9 (286362),-0.03069448341776292
ZNF793 (390927),-0.03069409072881481
ST6GALNAC4 (27090),-0.030693071384046644
RGS6 (9628),-0.03069027163393895
RPRML (388394),-0.030677574671788686
FBXO33 (254170),-0.03067616908402548
DST (667),-0.030666095146216592
TRIM38 (10475),-0.030655638802734475
TMEM260 (54916),-0.030653322134679382
TTC9B (148014),-0.0306532982778669
AKR1C4 (1109),-0.030644931838876194
TMCO3 (55002),-0.03064170356786172
HORMAD1 (84072),-0.030627518284166416
EPB42 (2038),-0.030626074076637456
SLC38A8 (146167),-0.030623754674774142
NEGR1 (257194),-0.030623677313692223
APBA2 (321),-0.030620915714899645
ECM1 (1893),-0.030613268927006904
SH3BP5 (9467),-0.030588486924142302
PRRC2B (84726),-0.030561338287839503
MATN3 (4148),-0.030554937998222065
COX11 (1353),-0.03054400797023778
ZNF560 (147741),-0.030538258590600848
BSG (682),-0.030531707637244533
RYR3 (6263),-0.03052439443159316
PLAAT5 (117245),-0.030523105159365335
ZNF541 (84215),-0.030507744683621364
YIPF6 (286451),-0.030507081356727122
ARHGAP19 (84986),-0.030504325785238356
VNN2 (8875),-0.03050054369293417
ISL2 (64843),-0.030494845077990294
FUT9 (10690),-0.030485213300631024
PCSK2 (5126),-0.030480419312986697
NSL1 (25936),-0.03046495819155628
PLCXD2 (257068),-0.030462536504195857
HAO1 (54363),-0.030459323823865386
FCMR (9214),-0.030458567609959117
MRPL30 (51263),-0.0304473842055701
MAGOHB (55110),-0.030440892458011404
TNFRSF11B (4982),-0.030429694164746897
GNPNAT1 (64841),-0.030419898998041487
OR10W1 (81341),-0.03041477814877854
CHD6 (84181),-0.030414599583221163
GJA5 (2702),-0.03041290294990338
ZBTB24 (9841),-0.030412104748092077
LHFPL5 (222662),-0.030406772739632455
RPGR (6103),-0.03039564958786719
ANKH (56172),-0.030394925881360654
GRK3 (157),-0.030385267993937242
HIP1 (3092),-0.03038295756905756
SPMIP2 (152940),-0.030380193913475573
C1QC (714),-0.03037168676656971
ADCYAP1R1 (117),-0.0303337772817836
MMP14 (4323),-0.030328870973768858
INSL4 (3641),-0.030316901766839696
EXD3 (54932),-0.030304920903456344
USP3 (9960),-0.030282925776221766
PHF20 (51230),-0.030246859008259238
MTF2 (22823),-0.030243398566693405
CCNA1 (8900),-0.03023011729800313
CCDC138 (165055),-0.030228435733495405
NIT1 (4817),-0.030224279548159285
RAB3A (5864),-0.030222857809230765
GNA11 (2767),-0.0302210272078884
GLIPR1L1 (256710),-0.03021668060843951
ZNF30 (90075),-0.030191961856759583
LLPH (84298),-0.03017511579562632
BMAL2 (56938),-0.030157365365072245
PACSIN1 (29993),-0.03015681669151839
RHBDD3 (25807),-0.030150076435372257
CENPX (201254),-0.030141455048788453
KRT39 (390792),-0.030122082610582253
RIF1 (55183),-0.030110156479969674
GRPEL2 (134266),-0.03010376464369742
TNN (63923),-0.03008472253443419
FZD3 (7976),-0.03008204265826011
NTNG1 (22854),-0.03007581482194383
HAND1 (9421),-0.03007090657985523
CCDC81 (60494),-0.030069500602054496
CFAP77 (389799),-0.0300670669770001
FAM111A (63901),-0.03005424837907265
ADAMTSL4 (54507),-0.030048269533843815
NIBAN1 (116496),-0.030040376166302857
AJM1 (389813),-0.030027770177996013
LYZ (4069),-0.030019395966053596
ECEL1 (9427),-0.030001118642973692
RALBP1 (10928),-0.029997443557565846
EIF2B2 (8892),-0.029983242488323
OR7C1 (26664),-0.029971258659687146
CD151 (977),-0.02996720581026223
TRIM59 (286827),-0.029964980800123848
CEACAM5 (1048),-0.029955496830406214
RTL6 (84247),-0.029925002529629437
OTUB1 (55611),-0.02991568126030953
TAFA1 (407738),-0.029898938562682695
TMEM165 (55858),-0.029889565452344873
ACAP2 (23527),-0.02986872201746164
KRT7 (3855),-0.029867118524780408
SLC35C2 (51006),-0.02985256303258779
CRISPLD1 (83690),-0.029851949049448774
ASB6 (140459),-0.02983993915310261
MOCOS (55034),-0.029838431778365544
MFSD14B (84641),-0.02981947623450061
CYTL1 (54360),-0.029803436852309788
KRTAP12-3 (386683),-0.02979545350293278
ATP7A (538),-0.02979539361530459
MYL12A (10627),-0.029775085807115735
PPP1R16B (26051),-0.029774613486419958
NFIX (4784),-0.029771046941575934
MOSPD1 (56180),-0.02976546789523706
IL13RA2 (3598),-0.02976002963007453
YPEL1 (29799),-0.029750597220234636
CRYGA (1418),-0.029737691605060883
FANCG (2189),-0.029731183453016157
ADAM7 (8756),-0.0297277081458398
DDR1 (780),-0.029726992999177065
FOXR1 (283150),-0.02972208316902839
CPNE8 (144402),-0.029716907694835003
SPIB (6689),-0.029709528322646287
SMAD9 (4093),-0.029696424008652602
HDAC2 (3066),-0.029693971712612968
CCDC83 (220047),-0.029684967948567564
SSC4D (136853),-0.02968307282469462
KCND1 (3750),-0.029681580058108926
PUS3 (83480),-0.02967323849979801
RLN1 (6013),-0.029669217160454807
UBE4B (10277),-0.02966307634005954
NCKIPSD (51517),-0.029662009201582604
RESF1 (55196),-0.029651097878356306
CFAP43 (80217),-0.029641247418129662
IDE (3416),-0.02961940530754423
LYSMD3 (116068),-0.029586083084442195
KCNJ9 (3765),-0.029573531310027823
NEUROG1 (4762),-0.029567822375594213
ZDHHC15 (158866),-0.029539443223009883
HDAC9 (9734),-0.029530215512445928
BYSL (705),-0.029524935916180748
DBNDD2 (55861),-0.029520300100173442
SKIC3 (9652),-0.02952003140551127
MARK1 (4139),-0.029501680639161094
GGH (8836),-0.029499812792747805
GID4 (79018),-0.029492876823248963
TEAD4 (7004),-0.029483941883380674
SAPCD1 (401251),-0.02946620292520837
THOC6 (79228),-0.029453395449655008
LBX1 (10660),-0.029449568592916513
DPH1 (1801),-0.029441114368289025
RHOT2 (89941),-0.029426053312312704
SETD6 (79918),-0.029425487448434148
PPP4R3B (57223),-0.029424903697798988
STIMATE (375346),-0.02941938890062038
AGBL3 (340351),-0.029414260700728872
ARFGEF1 (10565),-0.02940299416088171
CRISP1 (167),-0.02940087272457332
MTMR8 (55613),-0.02939548334865921
TSC22D4 (81628),-0.029391100957157017
GALNT2 (2590),-0.02939015171302333
HIF1AN (55662),-0.029387322103044903
COMMD3 (23412),-0.02937861456819948
LIX1 (167410),-0.029372166991401938
ITGA1 (3672),-0.029363238850808656
NELFB (25920),-0.02936250588837408
SEMA6D (80031),-0.029351431650379532
LGALS3 (3958),-0.0293379066821627
FAM219A (203259),-0.029325835137507958
LIPM (340654),-0.029317100795502118
MTFMT (123263),-0.029307056231612894
SMIM19 (114926),-0.029304576104007034
SGTA (6449),-0.029302428389487673
DLX2 (1746),-0.02929713492662864
RTKN2 (219790),-0.029284879652089466
MRPS26 (64949),-0.029280780502342618
MADD (8567),-0.029274642153950793
TPD52L3 (89882),-0.029265811102928585
BCKDHA (593),-0.029265017189113725
IDS (3423),-0.029262042199065415
DCST2 (127579),-0.02923651132197719
UTP23 (84294),-0.029236099385903692
EVA1C (59271),-0.02923028249843538
GSE1 (23199),-0.029217914302646735
CLPB (81570),-0.02921367919982293
KCNK2 (3776),-0.029207614995177527
UPF3A (65110),-0.029182680755478783
USP36 (57602),-0.02917610472751536
RAB9B (51209),-0.02917516235027748
CA13 (377677),-0.029164770988776987
B4GALT3 (8703),-0.029153330036484168
HOXA11 (3207),-0.02912285710198805
SNX31 (169166),-0.029113483094477758
MARS2 (92935),-0.02910025727767675
PRR15 (222171),-0.029078709148188296
SLCO3A1 (28232),-0.02906566765148811
SERINC1 (57515),-0.029063532675721575
TWF2 (11344),-0.029055300981773665
DHX30 (22907),-0.029053120690320074
MORN2 (729967),-0.029050737979452956
GPR18 (2841),-0.029038813727401906
CRELD2 (79174),-0.029033946636849425
ADGRB3 (577),-0.029030919737967238
PPP1R11 (6992),-0.029025295737021943
B3GNTL1 (146712),-0.028981928313619135
TMEM170B (100113407),-0.02897688451161192
BEST3 (144453),-0.0289766811052786
ATXN7L3B (552889),-0.028974554328204446
WNT5A (7474),-0.02897429801429074
BTRC (8945),-0.02896733538848282
CAMK2N2 (94032),-0.02896725369880577
FAM9A (171482),-0.02896014230894352
BARHL1 (56751),-0.02894876639863251
ECT2L (345930),-0.028946895407072664
OXGR1 (27199),-0.028936935811400846
WDTC1 (23038),-0.028936286937186546
PFKFB1 (5207),-0.028934691246897046
RPGRIP1L (23322),-0.02892717225682238
MPND (84954),-0.02892288562391921
GPR84 (53831),-0.02891034558929414
CD68 (968),-0.028909784434701838
MARCKSL1 (65108),-0.028903759035414308
PRICKLE4 (29964),-0.028894905751075596
KLHL33 (123103),-0.028885542957791516
BABAM1 (29086),-0.028880644479859843
NOMO2 (283820),-0.028880136911713403
ANKRD7 (56311),-0.028871024332119688
GAMT (2593),-0.02886106667202918
NECAB2 (54550),-0.028848375634176988
KRT222 (125113),-0.028844816526409803
TNFRSF21 (27242),-0.02884132825878271
PSG4 (5672),-0.028838499822992098
FLT1 (2321),-0.028838104357865678
ZNF624 (57547),-0.028823921191736743
NME4 (4833),-0.02881898138517909
PDE12 (201626),-0.028798306719482428
DGCR6 (8214),-0.028777360105475085
WBP11 (51729),-0.02877023929784024
TM4SF18 (116441),-0.028764367238552094
DEFB116 (245930),-0.028763522932381127
TMCC3 (57458),-0.028761180996798235
KLF1 (10661),-0.028757444331252914
VMO1 (284013),-0.02875194085891112
TEKT2 (27285),-0.028750849129162728
NMU (10874),-0.028746710300572957
ARHGAP17 (55114),-0.028745731978252396
ZNF184 (7738),-0.028739566353833457
LAMP5 (24141),-0.02873322228126302
PAX6 (5080),-0.02871906773306856
LCE6A (448835),-0.028714509129272252
AFM (173),-0.028711729577434494
CCDC177 (56936),-0.028704384857906738
ARK2N (147339),-0.028704190024955063
C5orf47 (133491),-0.02869800664463483
NHLH2 (4808),-0.028696222518996454
C19orf33 (64073),-0.02868511868254144
PLEKHD1 (400224),-0.0286816863521146
POTED (317754),-0.028675605697613602
ACADM (34),-0.02866845466180583
EPN2 (22905),-0.028667503956184073
FKBP10 (60681),-0.02864174364411955
CCDC198 (55195),-0.02862805222287213
TOB1 (10140),-0.028627938372671104
RETREG1 (54463),-0.02861508498224382
DNM3 (26052),-0.028615052561818014
EPGN (255324),-0.028599313226775478
ZNF684 (127396),-0.028598093866688698
IRF2BP2 (359948),-0.02858645281756448
PNRC1 (10957),-0.02856903898678475
OPRK1 (4986),-0.028561982010643788
BTNL8 (79908),-0.028554084688695747
TRANK1 (9881),-0.028550740452148893
TCEA2 (6919),-0.02854009806263024
RRM2B (50484),-0.02853857472001683
ARSB (411),-0.028530984737528006
CIMAP3 (128344),-0.028520579339626425
ZER1 (10444),-0.02851804795209019
CLPS (1208),-0.02851483925635674
SIN3B (23309),-0.028504136004528776
GRID2 (2895),-0.02850345268832607
SESN2 (83667),-0.028502820195134813
KANSL2 (54934),-0.028496949847517477
TFAM (7019),-0.028495393999829925
MAGEB16 (139604),-0.028490493803926837
C18orf21 (83608),-0.028471620315658624
AMBN (258),-0.028470785957235643
INSIG2 (51141),-0.028459290802658053
ANKRD35 (148741),-0.028456511985896462
MEP1A (4224),-0.02844231450819451
PRRG2 (5639),-0.028420836201567982
FHIP2B (64760),-0.028404995264883125
NUP62CL (54830),-0.02839964617432558
ITGB8 (3696),-0.028398136923155275
GFI1 (2672),-0.028386858800502516
ZNF707 (286075),-0.028382264645065377
SYCP3 (50511),-0.02837690816170553
RPL28 (6158),-0.028358605739695876
DNAAF4 (161582),-0.02835232308489142
BTNL3 (10917),-0.028352144936393105
AADACL3 (126767),-0.028346701633875353
SLC39A14 (23516),-0.028327399831836828
MPIG6B (80739),-0.028326597114711076
CD209 (30835),-0.028325206876169108
TTC24 (164118),-0.028318614942044833
MYL6B (140465),-0.028312316045631628
GCFC2 (6936),-0.028298556866648592
ADAM32 (203102),-0.02828787061554531
STBD1 (8987),-0.028287861309489105
ATG101 (60673),-0.028280493947092443
ZCWPW2 (152098),-0.028278292751005924
MSANTD4 (84437),-0.028275272719491925
FRRS1L (23732),-0.028271106790121674
ENTPD2 (954),-0.028264475221415595
C1orf35 (79169),-0.02824760430590552
MRM3 (55178),-0.02824082149937929
IL34 (146433),-0.028224538177117845
MOCS2 (4338),-0.028223603496622198
CCDC69 (26112),-0.028216867205846083
AURKAIP1 (54998),-0.028210317739178186
ANGPT2 (285),-0.028207607238188843
SPARC (6678),-0.028193441425685504
MYRF (745),-0.0281852417576872
IFT88 (8100),-0.028177264148580346
FBXO44 (93611),-0.028174432267030262
FAM124A (220108),-0.028172273568205657
LGR6 (59352),-0.028169611940132344
LIMK1 (3984),-0.028158118099812755
DNAH9 (1770),-0.02815584043436918
RTN4RL2 (349667),-0.02815155300667188
GPR137C (283554),-0.02814390877389272
MS4A3 (932),-0.028123338029080895
MAGI2 (9863),-0.02812016858253418
PPDPFL (492307),-0.02811926161381628
DSG2 (1829),-0.02811899745382038
RPS6KC1 (26750),-0.028114834469028738
G6PC1 (2538),-0.02810889558085791
CXCL9 (4283),-0.028103333881417076
CHCT1 (124773),-0.028093397647692912
ABCA5 (23461),-0.02807768075405487
H2AP (25763),-0.02807737335254225
GNB1L (54584),-0.028071220127926653
TAL1 (6886),-0.028069955835491687
DEFB119 (245932),-0.028061767142293435
TGFA (7039),-0.02805730784238695
SIX4 (51804),-0.02805464103507058
ENTREP3 (10712),-0.028043828475608126
HTR6 (3362),-0.028031836396605916
TMEM109 (79073),-0.028022338157523467
ZNF234 (10780),-0.028018952705452405
IL31RA (133396),-0.02801714025133243
SLC6A14 (11254),-0.028001663013410148
CCL1 (6346),-0.02800166083028465
TAS2R43 (259289),-0.027998618389530463
HPR (3250),-0.027984310827741315
PBK (55872),-0.027980655449373996
BUB1 (699),-0.027980193041059292
DDHD2 (23259),-0.027946057082458158
CYB5R1 (51706),-0.027936022552245324
DAAM1 (23002),-0.027929983938173343
TEX55 (152405),-0.027919066853204777
ELMO3 (79767),-0.027910943481589456
BBS4 (585),-0.027895756969830467
CHRNA5 (1138),-0.027884348942964363
FAM171A1 (221061),-0.027880323275830638
MFAP3L (9848),-0.027878161133512915
CLDN5 (7122),-0.027868762287285624
PIERCE2 (145788),-0.02786227870959063
RIPOR1 (79567),-0.02784272739988231
ZNF44 (51710),-0.027833052755488866
DECR2 (26063),-0.02783205982825957
OR10H4 (126541),-0.027831749188873267
TIMM9 (26520),-0.027830003809049722
OR13C8 (138802),-0.027828892873284865
GNMT (27232),-0.02781787923012049
UBE2B (7320),-0.027815037504682276
PSPH (5723),-0.02781106430705066
MPHOSPH8 (54737),-0.027810425623806003
PTX3 (5806),-0.02780160976996277
MRGPRX3 (117195),-0.027795855171219932
NRGN (4900),-0.02779583322237947
SGCB (6443),-0.02779205917311694
C1orf131 (128061),-0.027784909368090298
GCM2 (9247),-0.027775764931818454
CX3CR1 (1524),-0.02777170652315562
SRPX2 (27286),-0.02775182271132433
GPR155 (151556),-0.027739729957969455
NUDT17 (200035),-0.027727450075854365
IVNS1ABP (10625),-0.027714818933318605
LANCL2 (55915),-0.027708683411482162
NIPAL3 (57185),-0.027707583702233213
BCL2L11 (10018),-0.027698986373319433
NCAN (1463),-0.027693807760992926
MYO9A (4649),-0.027693342906940567
OR13C2 (392376),-0.027691647680411612
MS4A6E (245802),-0.027682721560062386
SPATA2L (124044),-0.027663490005191246
PHACTR3 (116154),-0.02765566150881839
WDSUB1 (151525),-0.027652953364137645
MYH1 (4619),-0.02764988285187046
OR5F1 (338674),-0.027643207960349518
JADE3 (9767),-0.027636714445854173
RRP1 (8568),-0.02763347719090651
METAP2 (10988),-0.027616404115644026
ADH7 (131),-0.02761085645688436
SYT13 (57586),-0.027603887313121873
ASIP (434),-0.027579390836655924
ZNF280D (54816),-0.0275664664646022
SPARCL1 (8404),-0.0275573369400512
PRAMEF20 (645425),-0.027555269086552658
MMUT (4594),-0.02754183189977614
CCR10 (2826),-0.02752787215908071
CCDC126 (90693),-0.0275275385028565
FAM3B (54097),-0.027525102400378997
THG1L (54974),-0.027515866220760146
SLC25A34 (284723),-0.027510338956635964
TENM1 (10178),-0.027506263594421744
TRIM7 (81786),-0.027504606501335592
MTTP (4547),-0.027504335122499314
RFC1 (5981),-0.027501879897886564
SLCO4C1 (353189),-0.027497314961455667
RBM43 (375287),-0.027487414193130572
WDR93 (56964),-0.027477369327442533
GAS7 (8522),-0.027473250881307185
ABHD8 (79575),-0.027469901471620796
DUSP12 (11266),-0.027464832111172625
HNRNPU (3192),-0.027464745215729162
ATG3 (64422),-0.02745386844403063
IRAK3 (11213),-0.02745235562928082
LCE3A (353142),-0.027423638546904897
SAV1 (60485),-0.027396419196326256
KIR2DL1 (3802),-0.02739378986471103
FSD1L (83856),-0.027392477805986144
NPFFR2 (10886),-0.027391713337334103
HDGF (3068),-0.027391024746395116
UBE2G1 (7326),-0.027364919346220165
CLDN16 (10686),-0.027338963533044706
TTYH2 (94015),-0.02733553233342904
S100A10 (6281),-0.027331663663342037
TM9SF4 (9777),-0.02732673678012826
MTX1 (4580),-0.027324558676673306
MITD1 (129531),-0.027305262115225583
LCE3C (353144),-0.0273003896559324
ICAM5 (7087),-0.0272986364774417
QSER1 (79832),-0.027296559971021043
CHTF18 (63922),-0.027291073917060923
GSTM4 (2948),-0.02727125166025178
CEACAM8 (1088),-0.027269091750038187
MSH4 (4438),-0.02726808100356324
GGA1 (26088),-0.02725124335041762
FSHB (2488),-0.027228559516591828
VTN (7448),-0.02722839327941053
GFI1B (8328),-0.027221478885942393
TMEM87A (25963),-0.02722014192531615
NETO2 (81831),-0.027218848773760334
PPID (5481),-0.02721491866116544
KRT75 (9119),-0.02720278523132299
PGF (5228),-0.02719818507696773
PPM1B (5495),-0.027191073012235813
UGT8 (7368),-0.027190878081125622
BMT2 (154743),-0.0271887596251074
RTN1 (6252),-0.02717520455045397
KCNN3 (3782),-0.02717062045490765
CCNYL1 (151195),-0.027170009148860082
ATP5MF (9551),-0.027169766310955818
SMCO4 (56935),-0.027167810641062926
CLEC12B (387837),-0.02716584988408702
SYPL1 (6856),-0.027157453757932173
PTPN4 (5775),-0.027145333336906847
LIME1 (54923),-0.027142995614978824
HHLA2 (11148),-0.027133783000132472
GPR143 (4935),-0.027111523904445593
UNC45B (146862),-0.02711058042350982
SULT1A1 (6817),-0.027099594814208504
PRSS53 (339105),-0.027097495039060834
VGLL1 (51442),-0.02708899724701462
LCA5L (150082),-0.02708194630367714
BPIFA2 (140683),-0.027065755508292048
RASAL3 (64926),-0.02706396525435193
ZFY (7544),-0.0270625263719928
GBX2 (2637),-0.027050772053424064
SAA4 (6291),-0.027050507386202745
STAT4 (6775),-0.02704539447176588
MS4A7 (58475),-0.027044591135386667
C9orf153 (389766),-0.027027010584342162
ANOS1 (3730),-0.02701801730547304
RPL3L (6123),-0.027006605059349265
LRRC15 (131578),-0.02698740281972745
CISD3 (284106),-0.02697038885490068
RB1 (5925),-0.026969649995146748
RFX6 (222546),-0.026955442691778762
RDH10 (157506),-0.02695007449894704
ZNF674 (641339),-0.02694114514516083
TLX1 (3195),-0.026938284420550216
KRTAP1-4 (728255),-0.026935177488009828
EPHA5 (2044),-0.026934963741895565
KATNB1 (10300),-0.026926848292787384
TRMT12 (55039),-0.0269200184730281
GDF2 (2658),-0.02691954904475487
PRKAR2B (5577),-0.026917287321653733
PDE1A (5136),-0.026904975304290583
SH2B3 (10019),-0.026902967860217883
ZNF709 (163051),-0.026900770009922227
MX1 (4599),-0.02688591375291419
C20orf144 (128864),-0.026885449962963014
UFL1 (23376),-0.026882170218358002
SMARCC2 (6601),-0.026879261631500135
KDM4C (23081),-0.02687783381377906
SLC16A1 (6566),-0.026853025070485224
LMOD3 (56203),-0.026850314381911152
RPL22L1 (200916),-0.026848708288525
ZNG1A (55871),-0.026837495093104263
TGFBRAP1 (9392),-0.026833392338367432
STAG2 (10735),-0.02682982067431631
CLEC2D (29121),-0.026819484551109416
SYNDIG1 (79953),-0.026813026742833094
GRIN1 (2902),-0.026812708389592547
DEFB124 (245937),-0.026812121488074863
KRTAP3-1 (83896),-0.026807632742085793
ITIH3 (3699),-0.026800977699895888
GMNN (51053),-0.02679634432085313
PHKG2 (5261),-0.026794515127819434
CFAP47 (286464),-0.026793594831027626
TMT1A (25840),-0.02677984660363038
CCKBR (887),-0.026775040085520323
PIN1 (5300),-0.026763721998449966
DYNLT3 (6990),-0.02675862450308283
SPINT2 (10653),-0.026717552450092476
OR5T1 (390155),-0.026709261388364512
IRGC (56269),-0.02669955397941176
DOP1B (9980),-0.02669801658701108
RBL1 (5933),-0.026677955920299222
ZFP41 (286128),-0.026659107384418287
MINAR2 (100127206),-0.026654802061540788
FAM24B (196792),-0.026653406612797633
PDZRN4 (29951),-0.026649085542481056
COPS2 (9318),-0.026644979130841184
CHST1 (8534),-0.026625081238865318
STUB1 (10273),-0.026621894530092696
ARL5C (390790),-0.026620714047809732
ITLN2 (142683),-0.026619038163815428
HNRNPF (3185),-0.026617699136340562
TTYH1 (57348),-0.026614216668356727
TRPM6 (140803),-0.026613438814454653
NQO2 (4835),-0.026604251272569848
ERCC6L (54821),-0.0266022060258397
TUBGCP6 (85378),-0.026590136591201515
CALCOCO2 (10241),-0.026587495459972472
RBM45 (129831),-0.026583887914478223
LRRFIP1 (9208),-0.026583128840372363
PRKAG3 (53632),-0.026581185996080656
GUCA1ANB-GUCA1A (118142757),-0.026575372891356204
VIP (7432),-0.026575264507069006
SCTR (6344),-0.02656856505969331
SMIM21 (284274),-0.02656274734882129
FAM120AOS (158293),-0.026543871755348725
EXOC6B (23233),-0.026540955482345276
PEX16 (9409),-0.026540360149369755
TCN1 (6947),-0.026536345791447556
FGF19 (9965),-0.02653477247189385
PCYOX1L (78991),-0.026527870541624064
LMAN2 (10960),-0.026526691984094512
RASSF9 (9182),-0.026526531618727946
VWA8 (23078),-0.02652618291606594
NT5C1A (84618),-0.02650620792600094
MSH6 (2956),-0.026500916901575036
LGALS12 (85329),-0.02649627796883051
TNMD (64102),-0.026492384746934265
METTL26 (84326),-0.026486240030986888
HSD3B2 (3284),-0.026477883179751874
GUCA2B (2981),-0.026477049148254852
GPR20 (2843),-0.026476453103411398
SSTR5 (6755),-0.026469991726682844
SSRP1 (6749),-0.02646700455019417
PYROXD1 (79912),-0.026466812480462173
TFEB (7942),-0.026464932909261055
RIGI (23586),-0.026463807560856183
CABP1 (9478),-0.02645793887039955
APOBEC4 (403314),-0.02645705261225093
ACTA2 (59),-0.026449030057373243
KNSTRN (90417),-0.026433884888518944
CITED4 (163732),-0.026422307501062853
TOR1AIP2 (163590),-0.026417711563356226
TXLNB (167838),-0.026415042757897276
ITGA9 (3680),-0.02640300994011459
GNPDA2 (132789),-0.026402829764603866
COMP (1311),-0.02639925879911537
CDK5R1 (8851),-0.026394895523074703
PNPLA6 (10908),-0.026394056932537508
U2AF1L4 (199746),-0.026392506477274476
TGFB1I1 (7041),-0.0263815988606283
CALCRL (10203),-0.02637637148996883
CWC27 (10283),-0.026372768339582423
DEPDC1 (55635),-0.026371232048728314
RAP1B (5908),-0.0263584585567919
CLPSL2 (389383),-0.026350831571688015
MAGEB18 (286514),-0.026347265346347144
ZNF333 (84449),-0.02632712602761605
DCSTAMP (81501),-0.026325635411645936
USP33 (23032),-0.026319025200949916
PPP1R26 (9858),-0.026317101941144193
SLC35G2 (80723),-0.026302389781725624
SEMA4A (64218),-0.026301337806681296
ZNF280C (55609),-0.02629094380691915
KCNH6 (81033),-0.02628899746483805
LARS1 (51520),-0.0262797209856275
RIOX2 (84864),-0.02627101559529129
B3GNT8 (374907),-0.02626628011458728
H2AC11 (8969),-0.02625086104681311
CAMKK1 (84254),-0.026248303615061006
DNTTIP2 (30836),-0.026239250800618515
SGCA (6442),-0.026228041373051843
CSKMT (751071),-0.0262200928306881
SOX6 (55553),-0.02621767277696655
TWF1 (5756),-0.026209170794798713
TMPRSS12 (283471),-0.026205011596211917
MAN1A1 (4121),-0.026204744126970467
OR3A1 (4994),-0.026202379321429298
SRRM5 (100170229),-0.02620235591681676
PLEKHA3 (65977),-0.02619474735689459
CDCP2 (200008),-0.02619036452991166
MXI1 (4601),-0.02618000166978844
AVPR1B (553),-0.02617764403103884
SLC29A3 (55315),-0.02613031695530739
ZFYVE27 (118813),-0.026128580771591862
HAUS2 (55142),-0.026110386556932465
FAM133B (257415),-0.02610410953080023
WIPF3 (644150),-0.026096441839767996
CRY2 (1408),-0.026094767276078366
ZNF507 (22847),-0.02609426314492547
SVEP1 (79987),-0.026087940181762772
GFM1 (85476),-0.02608702702061049
ADAM9 (8754),-0.02608617064655773
SPRR1A (6698),-0.026072206117093842
DSTYK (25778),-0.026064650915685755
NSUN6 (221078),-0.02605560684600518
TIGD4 (201798),-0.02605543279484384
MEIG1 (644890),-0.026055265673207775
FRMD8 (83786),-0.026054116705571142
EID3 (493861),-0.026054043724294644
DTHD1 (401124),-0.026040521130233148
AKR1A1 (10327),-0.026038564217462347
MEIOC (284071),-0.026012839784421704
ERMAP (114625),-0.026010194836600994
IL7R (3575),-0.026006498513377545
SNTG1 (54212),-0.02600254651785574
IMPG2 (50939),-0.025993876388633094
ADAD2 (161931),-0.02598329106656265
FRA10AC1 (118924),-0.02596686155359486
TNFRSF4 (7293),-0.02595098874845705
CALCA (796),-0.025948474632776206
KTN1 (3895),-0.025945917465750642
LENEP (55891),-0.025939428021523294
NCSTN (23385),-0.025910029953341664
DNMBP (23268),-0.025902655404262526
MDK (4192),-0.025892772927874005
NAB1 (4664),-0.02588413013626992
CYP2B6 (1555),-0.025849868833912056
PKNOX2 (63876),-0.025845068754522322
UPK1B (7348),-0.02584441802982569
UBA7 (7318),-0.025831305755689062
EXOC3L1 (283849),-0.02582984832453864
CAPN2 (824),-0.025826352598579717
TOMM20L (387990),-0.02582335828484531
ZNF440 (126070),-0.02582161832479224
JMJD4 (65094),-0.025821419110428838
MPC2 (25874),-0.025806276933577673
RHBDD1 (84236),-0.02580145605493697
ARSA (410),-0.02579989487701993
DPH5 (51611),-0.025798886465045655
CNFN (84518),-0.025793255017372882
CCDC184 (387856),-0.02579282499037734
RAMP2 (10266),-0.025784131941440844
ZNF837 (116412),-0.02577939008247903
ANKRD34B (340120),-0.025767523522607652
HEATR6 (63897),-0.025765794224392034
ACADSB (36),-0.025755288741224645
NUP42 (11097),-0.025742850226208806
MAP4K1 (11184),-0.02573897994527473
CHI3L2 (1117),-0.02573212155857401
KCNMB2 (10242),-0.02573026333695675
CD58 (965),-0.02572918616776047
TIMM17B (10245),-0.025727238415379623
KCND3 (3752),-0.025717420787047366
WFDC8 (90199),-0.025716030572101478
NOTCH2 (4853),-0.02571478896769031
PVR (5817),-0.02570928797852268
PTPDC1 (138639),-0.02570657296818838
CNPY1 (285888),-0.025702478162032263
NAT16 (375607),-0.025696794682846982
PLS3 (5358),-0.025695734027640523
IL11 (3589),-0.025694324835336388
RPL41 (6171),-0.025694285271668373
HNRNPA3 (220988),-0.025690810069260998
TMEM168 (64418),-0.025689430533430688
C2orf69 (205327),-0.025684896338167763
SLC52A1 (55065),-0.02568096848587783
PRG2 (5553),-0.025675959344518086
RASL12 (51285),-0.02567241678574502
PI16 (221476),-0.025664133057130358
RGS5 (8490),-0.02565657710700143
MCAM (4162),-0.025644103041420195
ARPC2 (10109),-0.025640343569520975
MIS18BP1 (55320),-0.025630999214030184
MAJIN (283129),-0.025582247064928183
FAM9B (171483),-0.025578374259901733
OR2B3 (442184),-0.025571797200532837
SPRYD3 (84926),-0.02555659275840459
ANKRD29 (147463),-0.025548567260312176
WFDC12 (128488),-0.025543337835017506
IL21 (59067),-0.025535767077208858
POTEM (641455),-0.02553133827889755
ZNF346 (23567),-0.02551983862363873
CBLIF (2694),-0.02551167724281861
UBE3C (9690),-0.025505813581726308
SPO11 (23626),-0.025502540603167142
MIEF1 (54471),-0.025483855724340053
GKN1 (56287),-0.025480773063046476
HIVEP3 (59269),-0.025453430798050694
SCP2 (6342),-0.025451245198029916
ZBTB38 (253461),-0.02544500800232031
TIMD4 (91937),-0.025444889719104614
IRF9 (10379),-0.025427128998405366
REC8 (9985),-0.02542525166005481
SP2 (6668),-0.0254186443999115
IRF7 (3665),-0.025417875218762546
SCAPER (49855),-0.025409880665151357
MBD4 (8930),-0.02540876185773591
PPM1A (5494),-0.02539886161008114
CD53 (963),-0.025393430868395177
CCDC85A (114800),-0.025393323551617164
NPBWR1 (2831),-0.025384079529396458
RBM11 (54033),-0.025383243236106412
HCFC2 (29915),-0.025379389113891822
SPATA33 (124045),-0.025378427750847792
HACE1 (57531),-0.025373371015906795
UPK3B (105375355),-0.025369426708434603
CCDC179 (100500938),-0.02536639856161233
NEUROD1 (4760),-0.0253661842261256
C6orf132 (647024),-0.02536438388123011
ZCCHC24 (219654),-0.025358976716144784
EN2 (2020),-0.02534740889661406
DDX23 (9416),-0.0253305560644009
DEFB118 (117285),-0.025310813355087523
GOLGB1 (2804),-0.025306986096111646
FAM153A (285596),-0.02530669407807236
MUC21 (394263),-0.02530234651696487
AQP3 (360),-0.025296388320363697
ZNF253 (56242),-0.025291022608903594
PNPLA4 (8228),-0.025289665211759817
SLMAP (7871),-0.025280825330081542
WFDC1 (58189),-0.02527707116130349
HCST (10870),-0.025268930862332582
LZTS3 (9762),-0.02526456816756559
EPHB4 (2050),-0.02526117502303593
NAA25 (80018),-0.025253197588019922
TBX21 (30009),-0.02524793906252902
ZNF451 (26036),-0.025247687827337054
UBD (10537),-0.025238405959406202
SGSM2 (9905),-0.025233093815353682
C19orf12 (83636),-0.025231706207251937
FOXJ3 (22887),-0.025220009015933745
HEYL (26508),-0.025215055428936334
GBA1 (2629),-0.025214285397377488
COQ8B (79934),-0.025214188798242627
ANKRD13C (81573),-0.02521228772599404
CXCR4 (7852),-0.02519726106931615
SYCP1 (6847),-0.02519388239414684
ZBTB8B (728116),-0.025189634230605686
PPP1R7 (5510),-0.025168021187188108
URB2 (9816),-0.025166881634109066
PRR9 (574414),-0.025162278280261328
ALG6 (29929),-0.025155307512606417
ALG2 (85365),-0.025147287480089407
DFFB (1677),-0.025143905493284664
MCC (4163),-0.025136425836449285
FAM174B (400451),-0.025118269559560955
JPT2 (90861),-0.02511598645450961
LMTK3 (114783),-0.025108360472598998
AOC2 (314),-0.02510295654342703
DUSP3 (1845),-0.02510294075516464
ENPEP (2028),-0.025102295497726267
KCNA4 (3739),-0.025094679148645476
CDRT15L2 (256223),-0.025094407432271457
TIMMDC1 (51300),-0.02509435552680383
CPNE4 (131034),-0.025092076345836815
OR10K1 (391109),-0.025082386161517832
PPP1R1A (5502),-0.025075541200211812
RAG2 (5897),-0.025075520635379323
KIAA0408 (9729),-0.02507545379012477
DRAM2 (128338),-0.02506886400135755
KIF2C (11004),-0.025065983036843424
NPC2 (10577),-0.025059368164802562
SPEM1 (374768),-0.02505836700302239
CDK18 (5129),-0.025051178843366863
STK32A (202374),-0.025039554315356052
ZNF502 (91392),-0.02502998260573947
TMEM234 (56063),-0.025028259462693988
CRYBB1 (1414),-0.024995078255833816
SOBP (55084),-0.024986634021306315
CHCHD6 (84303),-0.02497191214764527
ELP6 (54859),-0.0249716137389334
HSF2 (3298),-0.02496941268414408
LCMT1 (51451),-0.024968843241644643
MYCL (4610),-0.02496391058350681
ACP2 (53),-0.024955854652852952
PPFIA2 (8499),-0.024948088238937943
MYCT1 (80177),-0.02493580907496865
FOXF1 (2294),-0.024934870607835162
SAP30L (79685),-0.02492561627004586
ANGPTL5 (253935),-0.02491656653031809
LCN1 (3933),-0.0249143063358905
ASB3 (51130),-0.024890568202139165
SGK1 (6446),-0.02487540011325177
RNF113B (140432),-0.02486808028691417
KCNJ3 (3760),-0.024863648147968362
SLC25A39 (51629),-0.024842811374259956
OR8K5 (219453),-0.02484160989140225
EIF3A (8661),-0.024835435987595574
TCEAL8 (90843),-0.02482806208813352
GALNT5 (11227),-0.02482781569319122
ADCY7 (113),-0.02482192423880953
ZNF521 (25925),-0.02481762977686402
ZNF792 (126375),-0.024804910406479197
PABPC3 (5042),-0.024803486283620182
CCDC12 (151903),-0.024793747528965675
LARGE1 (9215),-0.024784692623824954
KCNJ13 (3769),-0.024783855605133995
LBH (81606),-0.0247789083099873
DDR2 (4921),-0.024777840334780647
NUGGC (389643),-0.0247727231197595
HDHD5 (27440),-0.02477131986140809
CNIH1 (10175),-0.024751859603163524
IGSF5 (150084),-0.024751053201498334
SOCS6 (9306),-0.024729249014817763
MANEA (79694),-0.024727876790810153
KCNN2 (3781),-0.02472577928512432
GPR34 (2857),-0.024724895664312154
COL16A1 (1307),-0.02471931691646709
BABAM2 (9577),-0.024709076638404565
IAH1 (285148),-0.024706857299989414
EPHA7 (2045),-0.024702985613635802
P4HTM (54681),-0.024702481570065646
B3GNT6 (192134),-0.024688740621149927
ISX (91464),-0.024678645176173054
SGCG (6445),-0.02467455832324664
CNTNAP5 (129684),-0.024674101251822782
EVX2 (344191),-0.024670222874790284
GCLC (2729),-0.024665196903902863
TCIRG1 (10312),-0.024664242208436583
DUSP16 (80824),-0.024664122211331366
NALCN (259232),-0.0246617091868448
SLC26A2 (1836),-0.024661384784436573
BDNF (627),-0.024658809803412694
CSN3 (1448),-0.024650488942698383
VWDE (221806),-0.024634609028109315
CCDC166 (100130274),-0.024631303505880775
HOXD13 (3239),-0.024625572496362266
CPSF7 (79869),-0.024625350562921904
NPEPL1 (79716),-0.024622520449795585
TGM5 (9333),-0.02461303907159895
PHLDA2 (7262),-0.02460996941566429
COMMD4 (54939),-0.02459983206210475
SRCIN1 (80725),-0.02459632137701469
IFRD1 (3475),-0.02459505560543496
BANK1 (55024),-0.024591911025924434
ITGAL (3683),-0.024590237233460308
STX1A (6804),-0.02458399963751401
TDRKH (11022),-0.024582903919843732
MEIOB (254528),-0.024572855259455087
VSTM4 (196740),-0.0245676716058353
COL6A3 (1293),-0.02455950392549533
TSSK1B (83942),-0.02455778085297294
CPQ (10404),-0.024557113626871782
OGFOD3 (79701),-0.024541112424874514
LARP4 (113251),-0.024539483799755315
TTC36 (143941),-0.02453930366177276
RAD23B (5887),-0.02453285923200579
PSEN1 (5663),-0.024531346011806607
CD99L2 (83692),-0.02452579452813678
APRT (353),-0.024485244663475222
HTR1A (3350),-0.024478194990085637
PTPRS (5802),-0.02447006345169667
TMCC1 (23023),-0.024461432341338258
TACSTD2 (4070),-0.024454885459278555
KERA (11081),-0.02445251597923809
TEDC2 (80178),-0.024452452593014526
XKR9 (389668),-0.024451903673153568
H3-5 (440093),-0.024450980249421442
OSBP (5007),-0.024441648558994646
AXIN2 (8313),-0.024439145705452612
CYP4F22 (126410),-0.024430434954251075
FNIP1 (96459),-0.024428271116526127
EPS8 (2059),-0.024425669092453497
AMER1 (139285),-0.024422358605664864
C5orf46 (389336),-0.024421948390713724
GP6 (51206),-0.024419721937318433
EME2 (197342),-0.024417992055037037
DGCR2 (9993),-0.024416583537057873
OR2AG2 (338755),-0.024413929151117845
ANKEF1 (63926),-0.02440316020724174
SPHKAP (80309),-0.024391968443105348
FAH (2184),-0.024390239728002625
HOXB8 (3218),-0.02438781806210368
SPTB (6710),-0.024369391485456044
PCMT1 (5110),-0.024360116201171837
VPREB3 (29802),-0.02435151755908908
LYPD6 (130574),-0.02433976433856682
OBSCN (84033),-0.024307598046899356
OR4K13 (390433),-0.024307099872695657
SRRM1 (10250),-0.02430534706241733
CARD8 (22900),-0.024299225201494665
LRWD1 (222229),-0.024294180996730405
PCYOX1 (51449),-0.02428300061331649
RRBP1 (6238),-0.024282946616487885
TMSB4X (7114),-0.02427702468125628
IRAG1 (10335),-0.024274835089521767
RNASE7 (84659),-0.024274612059522235
PPP3R2 (5535),-0.024273442221441656
APPL2 (55198),-0.02426578049691677
MYH14 (79784),-0.02425336563017133
MAPK8IP3 (23162),-0.02424554949208474
NPY1R (4886),-0.02423767347923707
MIPOL1 (145282),-0.024236782834574866
PLSCR2 (57047),-0.024226773865480215
CCDC142 (84865),-0.024224926392934647
CYSLTR1 (10800),-0.024204645815610472
SMAGP (57228),-0.024202223349735798
AP3S2 (10239),-0.024195073228785783
NRDC (4898),-0.024180181807753425
CCNY (219771),-0.024180090453417992
MEX3D (399664),-0.0241746880520856
PCDHGA12 (26025),-0.024172292397177254
ALPG (251),-0.02416686636827499
TIMP1 (7076),-0.024158117090998372
TTBK1 (84630),-0.024156583888672662
TFF2 (7032),-0.024154233239579468
FIG4 (9896),-0.024153289785062444
EPB41 (2035),-0.024153138306386948
SLC12A9 (56996),-0.02415196279141063
MESD (23184),-0.024151691597788995
CACNG3 (10368),-0.024147436410099414
TBX1 (6899),-0.024142309186991378
CLEC4D (338339),-0.02413944958785756
DISP2 (85455),-0.02411309828111063
KLRB1 (3820),-0.024112340061608936
PRMT6 (55170),-0.024109192984479975
JHY (79864),-0.02410886004271095
PDE1C (5137),-0.024097092008607955
GPX7 (2882),-0.02409560986994153
ZNF317 (57693),-0.02408746578371767
PWWP3A (84939),-0.02408398472709559
LPCAT3 (10162),-0.02406466366715159
HIBCH (26275),-0.02404805062363912
TYK2 (7297),-0.024047039552677736
MAP2 (4133),-0.02404127587216096
ZNF784 (147808),-0.024038716997571628
NOL4L (140688),-0.024015744972719858
ZNF22 (7570),-0.024013954032212046
UTP6 (55813),-0.024013645199309964
PEX12 (5193),-0.0240060417058176
DCN (1634),-0.024000618215836426
ADRB3 (155),-0.02398243524930713
APBA1 (320),-0.023969805817635945
KCNMA1 (3778),-0.02396931974399965
MRPL50 (54534),-0.02396371610906514
AFTPH (54812),-0.023960279444341478
ZNF714 (148206),-0.023952283880737394
ZSCAN20 (7579),-0.02393414957123347
RHCG (51458),-0.02391396873535649
ABCA10 (10349),-0.023913929336016302
FOXA3 (3171),-0.023909712471201557
OTOR (56914),-0.02387971167477438
EQTN (54586),-0.023877119368695555
ZNF641 (121274),-0.0238638600474661
TAC3 (6866),-0.02385710342684396
MTMR10 (54893),-0.023853200716436856
CYP4X1 (260293),-0.02385026767227838
RAB34 (83871),-0.0238477303705216
MYO18B (84700),-0.02384494564061371
SCRN3 (79634),-0.023841844400652283
RIDA (10247),-0.023835562330010104
TRPV4 (59341),-0.023829138283990723
TRMT9B (57604),-0.023826797037667494
ABRAXAS1 (84142),-0.02381840410817259
KLF15 (28999),-0.02380606588459735
SNAI3 (333929),-0.02380481210125983
GABRB3 (2562),-0.02379886727319556
SPANXN4 (441525),-0.023795466913973325
LRRC4C (57689),-0.02379284281615364
OR2K2 (26248),-0.023786502417401306
OVGP1 (5016),-0.02378369502003578
ZNF638 (27332),-0.02378172403059566
TSFM (10102),-0.023777823211514153
EEF1AKMT1 (221143),-0.02377589301102077
OR10A2 (341276),-0.023762353227319375
NCOA3 (8202),-0.023754763003155894
SLC1A2 (6506),-0.023734347368813444
PDE8B (8622),-0.023730847297282566
RNF144B (255488),-0.023729973658390007
FAT4 (79633),-0.023729124114358253
CNOT11 (55571),-0.023713259199950727
TTC5 (91875),-0.023711949395670246
NKAIN1 (79570),-0.02370423209613976
FOXL1 (2300),-0.023701037228802107
SLC27A2 (11001),-0.02369392527914767
SEMA3E (9723),-0.02368297251658307
ZWILCH (55055),-0.023680504372921688
TMEM238 (388564),-0.023676862799441936
TFF1 (7031),-0.023674183993319296
KCTD17 (79734),-0.023673499362457516
KRTAP4-4 (84616),-0.023659478504849674
CCDC74A (90557),-0.023658143041884436
GDNF (2668),-0.023657989498939443
SLC1A6 (6511),-0.023657704230463268
SEPTIN14 (346288),-0.023653198605023747
TRMO (51531),-0.023651983379729385
CYP4A22 (284541),-0.023649544253613063
CALML3 (810),-0.02363732454908453
ZDHHC14 (79683),-0.0236245884936992
MEI4 (101928601),-0.02361767365955119
REG3G (130120),-0.023606760895815586
NEK10 (152110),-0.02359019341722862
CDKN2C (1031),-0.023586029037080732
NR1H3 (10062),-0.023585267832351434
BMP10 (27302),-0.023584136061911454
PM20D1 (148811),-0.02357216391165832
ZFP28 (140612),-0.02354798187601026
CDH8 (1006),-0.023547553115111333
KLHL7 (55975),-0.023543311655077424
SRSF6 (6431),-0.023538124667160557
NCAPH (23397),-0.02352402178583201
ABCA13 (154664),-0.02351842332582671
C1QL3 (389941),-0.023516598534403074
REEP5 (7905),-0.02350981563920868
NTN4 (59277),-0.023500372149446225
TBPL1 (9519),-0.023468323185117174
NAP1L5 (266812),-0.023464663343697685
KLRC3 (3823),-0.02346452571034167
C22orf39 (128977),-0.023461082245054728
LY96 (23643),-0.023459650662057224
CYGB (114757),-0.023441702951452162
ART4 (420),-0.02343760257991727
RFX2 (5990),-0.023423614176574403
LOXL2 (4017),-0.023405587717109707
JAK1 (3716),-0.02339981475557089
TTLL5 (23093),-0.023373073261818818
PCDHA8 (56140),-0.023371137213408704
TMEM150C (441027),-0.023369528103899063
TNNI3 (7137),-0.02336108306909051
APOBEC3A (200315),-0.02335888027580305
ALOXE3 (59344),-0.023342951209035838
ZNF558 (148156),-0.023319758645353603
EFNB3 (1949),-0.023313843341332005
RNASE2 (6036),-0.02330952079359269
MAPK10 (5602),-0.02330853080150008
ADGRG5 (221188),-0.023306149492801357
COG7 (91949),-0.023302197757310742
B3GAT2 (135152),-0.02329258602692503
RGS21 (431704),-0.023290528502737516
SLC7A4 (6545),-0.02328765574615557
DNAH3 (55567),-0.0232805387131132
SPOCK3 (50859),-0.023272526611453567
KNOP1 (400506),-0.023270617653527385
OVOL1 (5017),-0.02326474601538605
RRAGD (58528),-0.023262268903226743
TIGD3 (220359),-0.02326203852166218
SLC9B1 (150159),-0.02323969302199338
LRRC40 (55631),-0.02323744600018373
ALDH1A3 (220),-0.02321197605520215
TLX3 (30012),-0.023205554030445205
FAM136A (84908),-0.023205410649536327
MTG1 (92170),-0.02319220070273563
CALHM1 (255022),-0.023189356400555545
ARID4A (5926),-0.02318041123433832
PKHD1L1 (93035),-0.023175794731849726
MORF4L1 (10933),-0.023169319758905196
CSTF2 (1478),-0.023166247853222195
TSPAN3 (10099),-0.023166191195207395
TRAF3IP2 (10758),-0.02315763946523313
DMTF1 (9988),-0.023140463680795774
ELOVL4 (6785),-0.023123030627944227
ZNF729 (100287226),-0.023096041001901626
SLC2A13 (114134),-0.023095902273453504
ITPR3 (3710),-0.02309198272379451
ZMYM2 (7750),-0.02308950967101939
ZKSCAN2 (342357),-0.023079558692383425
LILRB1 (10859),-0.023050332156094106
MT1F (4494),-0.023047018246261396
NDUFA12 (55967),-0.023034825427577312
SNX24 (28966),-0.023024436616600197
CACNB2 (783),-0.02301679406109208
COL1A1 (1277),-0.02301627803855601
DNAH6 (1768),-0.023015436010256553
GOPC (57120),-0.023009808793754746
ALDH16A1 (126133),-0.023002767890868397
FOXP2 (93986),-0.02300067758856616
TRIM35 (23087),-0.022996300951481127
IFT20 (90410),-0.022992127263547883
C1QB (713),-0.022985597998804716
COA6 (388753),-0.022980257876194624
UBE2V2 (7336),-0.022968996979020766
TNFRSF18 (8784),-0.022968255820246197
PCDH10 (57575),-0.022966361713237755
ARPIN (348110),-0.022961402520194202
PAOX (196743),-0.022960693824018726
PDK4 (5166),-0.022959520210866467
CMC2 (56942),-0.02295363255961362
CLDN19 (149461),-0.02295122203747157
STX10 (8677),-0.022948214730663715
EMC1 (23065),-0.02294550561166966
MAGEB4 (4115),-0.022940269210638332
VIPR1 (7433),-0.022938530177768847
WIPF2 (147179),-0.022938113066622932
TNNC1 (7134),-0.022915710008477728
HMSD (284293),-0.022904545443855964
FGF9 (2254),-0.02290395378691765
CSGALNACT1 (55790),-0.02287991532996924
SWI5 (375757),-0.022877441382608468
RBMXL3 (139804),-0.022876056856354895
KIF21B (23046),-0.022875519662244288
LPIN3 (64900),-0.022873906530834206
KLHDC8A (55220),-0.02286806168549934
TAFA3 (284467),-0.022862107404627248
PCDHA12 (56137),-0.022858655601917473
SMIM3 (85027),-0.022850946796671025
SPRY3 (10251),-0.022846318883276536
TMEM106C (79022),-0.022829349984140063
GCN1 (10985),-0.02281236101777288
NDUFAF7 (55471),-0.02280448168636445
PSG2 (5670),-0.0227978678189843
NRP1 (8829),-0.022795191936687203
ZNF445 (353274),-0.022793006732025965
USP46 (64854),-0.022792730886991724
NODAL (4838),-0.022782765732647457
SYPL2 (284612),-0.02277164861638732
PRSS35 (167681),-0.02275493613111394
PRDM9 (56979),-0.022753629196745617
OR6V1 (346517),-0.02274573876042576
OR8B3 (390271),-0.022744987094913644
GGT6 (124975),-0.02274471185504123
SHISA4 (149345),-0.02274364000459679
TYW3 (127253),-0.022739881416685336
EIF2AK1 (27102),-0.022738963490007584
DMBT1 (1755),-0.022728272834973005
GAS2 (2620),-0.02271968226780694
SLC35B1 (10237),-0.022716725085648457
ZNF772 (400720),-0.022711953193532138
USP22 (23326),-0.022706599940431265
TAS2R1 (50834),-0.02270296673349148
RFTN2 (130132),-0.02268496903449769
HPN (3249),-0.022678918710237837
XKRX (402415),-0.022676100843990115
ZNF630 (57232),-0.022674945212347405
ABHD17C (58489),-0.022666738243507158
KCNC3 (3748),-0.02266581360905412
GATAD1 (57798),-0.022662644047015627
TNFRSF17 (608),-0.02265698228198615
HLA-DQB2 (3120),-0.022654636813334954
CXCL2 (2920),-0.0226542027376151
AJUBA (84962),-0.02265393151177298
LIM2 (3982),-0.022639084846820794
NDP (4693),-0.022633408950995134
CSRNP3 (80034),-0.02262795036038426
CERK (64781),-0.02262746194441138
SGSM1 (129049),-0.02262476423734568
FILIP1L (11259),-0.02262455610032693
KLRC2 (3822),-0.022621722020742894
DGCR6L (85359),-0.02261313615869163
ADAM22 (53616),-0.022612836132619697
GABRG1 (2565),-0.022610630070651932
FAM171A2 (284069),-0.02260970250666401
MGAT4C (25834),-0.022605644468709156
SUSD3 (203328),-0.022599217909584593
S100A12 (6283),-0.02259401948985146
HIVEP2 (3097),-0.022591871819229854
SOX8 (30812),-0.022583194427857403
PRSS38 (339501),-0.02257594776697354
OSR1 (130497),-0.02256532916271174
MYEF2 (50804),-0.022561016808993046
FADS1 (3992),-0.022560637315631134
TUBA1A (7846),-0.022558662241499494
NDRG4 (65009),-0.022557541511856995
ARFIP1 (27236),-0.022553806092559244
OR8K1 (390157),-0.02255248298463123
ZBTB40 (9923),-0.022542332686551345
DIMT1 (27292),-0.02253462937034398
SCNN1G (6340),-0.022534133425097268
NLRC4 (58484),-0.022516326082898552
RGS7 (6000),-0.022512191557056246
LIN54 (132660),-0.02250954551145729
RNF128 (79589),-0.022508670307307268
DNAJC5G (285126),-0.022489264828935554
ATXN10 (25814),-0.022489003339343044
YTHDC2 (64848),-0.02247215647313463
ERP44 (23071),-0.022457778317452198
GDF6 (392255),-0.02244991861214396
BRSK2 (9024),-0.022437657000664194
DNAJC18 (202052),-0.022431357511947827
BNIP3L (665),-0.022426062246873105
RGP1 (9827),-0.02242170147382724
GJD4 (219770),-0.02241480623379827
ABITRAM (54942),-0.02240816642640436
TM6SF2 (53345),-0.022400908202442758
MAGEA6 (4105),-0.02239903572730262
SH2D4B (387694),-0.02239187181628512
PMP22 (5376),-0.022383046934226727
TXN2 (25828),-0.022380534984111616
ZC2HC1A (51101),-0.02237928074123115
RGL3 (57139),-0.022372342538242197
MIS18A (54069),-0.022356333067260446
TSPYL4 (23270),-0.022356086922567527
ABHD12 (26090),-0.022353247178013645
MRPL4 (51073),-0.022349884650801788
ALDH1B1 (219),-0.02233475360962184
NKTR (4820),-0.022332928267507542
PPM1L (151742),-0.022327224098157714
KIAA1614 (57710),-0.022312490129920225
TMEM108 (66000),-0.022311247490935462
MYO10 (4651),-0.02230834046043752
PPARD (5467),-0.022302580620854027
CDC42EP5 (148170),-0.02230250389831073
AXIN1 (8312),-0.02229813665231314
COG6 (57511),-0.02229563663995519
SORT1 (6272),-0.02229293588939842
TRAF5 (7188),-0.022289704842780693
ZNF302 (55900),-0.022287497243164884
FAM217B (63939),-0.022287315615359512
SHBG (6462),-0.022262261342064736
CLEC17A (388512),-0.022261349738624866
PRRT4 (401399),-0.02225188790216905
TRAF3IP3 (80342),-0.022243452028419035
OR52A1 (23538),-0.022240655620590653
CRTAC1 (55118),-0.022231291935293034
FGF10 (2255),-0.02221372047626073
RANBP17 (64901),-0.02221002197025705
ZFP62 (643836),-0.02219766831751724
ACTRT1 (139741),-0.022195719307106503
BPIFB2 (80341),-0.022186041579208653
NT5M (56953),-0.02218367146337689
KMT2B (9757),-0.02217663800573594
KLK5 (25818),-0.022170105325343654
UBXN2A (165324),-0.022168423574794392
SFSWAP (6433),-0.022161566650385447
MMP16 (4325),-0.022161361281637156
IFI44 (10561),-0.02215510976383788
GCDH (2639),-0.022151481157133095
ATP5MC2 (517),-0.022145977319462277
LRG1 (116844),-0.022138071291911296
N4BP1 (9683),-0.02212361497185583
GPS1 (2873),-0.022115911606360165
PAX4 (5078),-0.022114479039790833
LHFPL6 (10186),-0.022098532848061125
KHDRBS2 (202559),-0.022094418417054364
RTP2 (344892),-0.022093958059123363
NUCB2 (4925),-0.022084399245061163
KANK1 (23189),-0.022083180874414056
DENND4C (55667),-0.02207727925506838
HES1 (3280),-0.022076831109077735
ACLY (47),-0.02207184586933608
MS4A14 (84689),-0.022069367212287232
ROR2 (4920),-0.02206848188934203
SCML2 (10389),-0.022063990633894356
GLTPD2 (388323),-0.02205558645567081
POU1F1 (5449),-0.022049157169996447
OSGEPL1 (64172),-0.02204865305845461
TRMT1L (81627),-0.02204558612562278
MS4A8 (83661),-0.02203892137782761
GPR37L1 (9283),-0.0220383646597476
MEGF11 (84465),-0.022006010346590093
CIDEA (1149),-0.021997997109191522
ITGB2 (3689),-0.021973916753769623
ETFA (2108),-0.021972278458645782
TSHZ2 (128553),-0.021971722553689153
ATRNL1 (26033),-0.021967396692781284
RAB3IP (117177),-0.021962870761249285
HAPLN3 (145864),-0.021944937197299695
GATD3 (8209),-0.021942745135393144
CAMKMT (79823),-0.02193862873223966
CSN1S1 (1446),-0.021930730378283338
OR5H14 (403273),-0.02192679515258892
PSMA8 (143471),-0.021926329608766112
ADAM10 (102),-0.021925024928925445
SPAG17 (200162),-0.021921145815989806
UBE3A (7337),-0.021920478513083715
ZMYM4 (9202),-0.021917141854255855
AKAP7 (9465),-0.021914512628251007
FOXC1 (2296),-0.021903840384887352
FAS (355),-0.021872742218948464
LACTB (114294),-0.02186110976158397
SETD3 (84193),-0.021856624180318064
RTL9 (57529),-0.021854426391588834
GAK (2580),-0.02185193389796814
USF3 (205717),-0.0218411159874399
IFT27 (11020),-0.021836934196099847
TFR2 (7036),-0.021830655442695544
BPIFA1 (51297),-0.021828973735415372
ANO8 (57719),-0.021819236848894332
ABHD12B (145447),-0.021818364877124827
CHIA (27159),-0.021814669261707515
LIMD1 (8994),-0.021811064277081703
PITHD1 (57095),-0.02180877344658533
FAM83A (84985),-0.021797673786742158
PTK2B (2185),-0.02179070666666912
OR5I1 (10798),-0.02178716990866259
ERV3-1 (2086),-0.021784436027294792
DBI (1622),-0.021772340115905717
CSRP3 (8048),-0.021771296610605523
SIRPA (140885),-0.02176992217340643
TMEM163 (81615),-0.021768386301570374
ATP5PD (10476),-0.021764213535494258
LSS (4047),-0.021757155902884358
PLEKHA8 (84725),-0.021749541395589586
COQ9 (57017),-0.0217429251041146
BMP8B (656),-0.021732763433884056
ETFB (2109),-0.021706991511452483
CRP (1401),-0.021702529176504316
ZNF831 (128611),-0.021702153391392198
PBX4 (80714),-0.02168855540525655
GALK1 (2584),-0.02167755860015477
STK32C (282974),-0.021671482549598567
COL21A1 (81578),-0.021664089821746828
TBCEL (219899),-0.021660396311961858
RFTN1 (23180),-0.021655940197191255
MCHR2 (84539),-0.021651456233522944
CLCA4 (22802),-0.02164794337166974
DMRT1 (1761),-0.021638713582087594
VPS52 (6293),-0.02161492193945105
CABS1 (85438),-0.02160946719936165
DCTN4 (51164),-0.02159395827569529
PEF1 (553115),-0.02159215333651993
NKX2-8 (26257),-0.021591111317332753
CASZ1 (54897),-0.0215820880154098
MAP3K2 (10746),-0.021574253642532085
C11orf54 (28970),-0.021569863759223654
CLEC3A (10143),-0.0215671201731046
ABCA6 (23460),-0.0215558605904948
FXYD7 (53822),-0.021540693438736293
CCAR2 (57805),-0.021532296973643436
PDCD10 (11235),-0.021523558520882304
POMK (84197),-0.021516913186793683
ATXN3L (92552),-0.021509399864589277
TTLL6 (284076),-0.021494339738425124
ADGRF4 (221393),-0.02149108339497715
BBS12 (166379),-0.021483682950304193
SMOC1 (64093),-0.021481310051535345
STRN3 (29966),-0.021479148000120366
MORN3 (283385),-0.021477573322697046
ARHGEF1 (9138),-0.02147620749700913
SMC1B (27127),-0.021474161179390834
MSGN1 (343930),-0.02145375309610629
OR51V1 (283111),-0.021440515947503708
SPAM1 (6677),-0.021440508326122616
SLC15A3 (51296),-0.021419217476830017
ERAP2 (64167),-0.0214081972470909
IGHMBP2 (3508),-0.021398019600010927
DNAI1 (27019),-0.021394507962788672
UBAP2 (55833),-0.021393424688318487
TOM1L1 (10040),-0.0213867610051795
ARHGAP25 (9938),-0.021380604608102913
POMC (5443),-0.02138026655191256
NDST1 (3340),-0.021373470937607456
ZNF639 (51193),-0.021371892670783085
ATP6V1C1 (528),-0.021369417166789913
TPST2 (8459),-0.021365195718098823
TMEM156 (80008),-0.021351336888447495
ZNF518B (85460),-0.021347350971541074
GYPA (2993),-0.02133524534098097
ZNF524 (147807),-0.021330466505262012
CEACAM3 (1084),-0.02132967522368407
RIN2 (54453),-0.02132879680203307
MYO1H (283446),-0.021325051085302495
LRP5 (4041),-0.021310242276968625
BST2 (684),-0.02130602351066141
RELA (5970),-0.021305936753276133
TMEM247 (388946),-0.021288542717557663
PEAR1 (375033),-0.02128396533606922
C2orf72 (257407),-0.021278147305194766
IRX5 (10265),-0.02126937210974542
AK9 (221264),-0.021266805158337145
CPT1B (1375),-0.021258361789850057
ZNF337 (26152),-0.021253744824275354
PDP2 (57546),-0.0212481959351178
KIF13B (23303),-0.021244202794770257
EPPIN (57119),-0.02123653987359632
SUPT3H (8464),-0.02121698157730334
CLTCL1 (8218),-0.021216270771395138
PRAM1 (84106),-0.021200681582741302
CNTN2 (6900),-0.02119234688872569
HLA-C (3107),-0.02118624713779536
SOX4 (6659),-0.021180689608037092
ODAPH (152816),-0.02117926697345046
OR4D6 (219983),-0.02117906565175396
TFEC (22797),-0.021177776668595938
MARCHF1 (55016),-0.021163507555254833
TMEM102 (284114),-0.021147772372994256
UGT2B4 (7363),-0.021134143903531334
PPP4R1 (9989),-0.021132921990923113
POTEF (728378),-0.021131952993170007
SLC4A10 (57282),-0.021121046190820333
INPP5F (22876),-0.021116497964820465
RXFP3 (51289),-0.021115353143734764
MCEE (84693),-0.02111016826771084
ANPEP (290),-0.021106136533090642
ZFHX2 (85446),-0.021102178009236472
DNPEP (23549),-0.02108891650171554
PKD1 (5310),-0.0210825419830137
CD5 (921),-0.02107158024463354
ZNF596 (169270),-0.02106007026106714
KLC3 (147700),-0.021047345293565646
TSPYL6 (388951),-0.021043045190353053
PNMA6A (84968),-0.021042144758005914
INIP (58493),-0.021031760025692556
LTK (4058),-0.021019757789696593
SNCB (6620),-0.02100982588347492
PTN (5764),-0.021007049544445783
ACOX3 (8310),-0.020998395607970382
DRP2 (1821),-0.020997389857396194
HNRNPUL2 (221092),-0.020997045350194136
PLXNB1 (5364),-0.020993786097940444
FAF1 (11124),-0.02097316040434931
NKG7 (4818),-0.020971211087811484
PTGER4 (5734),-0.020969814701908188
DYTN (391475),-0.020959680275187124
FAM234A (83986),-0.02095333592859008
NUFIP2 (57532),-0.020949634727303233
AIF1 (199),-0.020948805769008653
UBL4B (164153),-0.020938328402364974
ZNF653 (115950),-0.020930591847443055
SBK1 (388228),-0.020920003211984225
PDE7B (27115),-0.020904255244232246
UBE2QL1 (134111),-0.020901646668220565
RHBDF1 (64285),-0.02089619075488374
GEMIN4 (50628),-0.020892781696503826
FXR1 (8087),-0.020887778499587263
DOCK11 (139818),-0.020886644265609593
AADAT (51166),-0.020863703430705736
SGK3 (23678),-0.020859653745279292
STK39 (27347),-0.020843766221094552
GTDC1 (79712),-0.020835118764064922
SIKE1 (80143),-0.02083172926134117
RASGRP4 (115727),-0.020823245985389774
KLB (152831),-0.020823053435784993
C20orf96 (140680),-0.02081818787533822
FIGLA (344018),-0.020802779628912305
RLN2 (6019),-0.02079814808759583
PLA2G15 (23659),-0.020790195945340602
NOL7 (51406),-0.020788376475139127
SSR1 (6745),-0.020787667379320553
SEC23A (10484),-0.020778883053447064
GFY (100507003),-0.020777759388969006
PHF1 (5252),-0.02076764803666554
FLOT2 (2319),-0.020764841248622476
NEDD9 (4739),-0.02073891314871723
OR10T2 (128360),-0.020736650429600816
CNGA3 (1261),-0.02073387428898826
IFITM3 (10410),-0.02073295298083704
HRAS (3265),-0.02072987918442265
ANGPTL6 (83854),-0.020725009912721335
RASL11A (387496),-0.02072075827674127
LITAF (9516),-0.020713030098121237
OR13D1 (286365),-0.020711998483821614
PCDHGA6 (56109),-0.020705957286858555
COL25A1 (84570),-0.02070561743721227
MCRS1 (10445),-0.020705187906659324
TAX1BP1 (8887),-0.0206998374731762
DGKA (1606),-0.020692362437139566
NBPF3 (84224),-0.020689317218072153
STXBP6 (29091),-0.020683385459586867
TMEM30B (161291),-0.020681258550661323
PPP3R1 (5534),-0.02067356267544809
MUC6 (4588),-0.0206655765571749
MRGPRX4 (117196),-0.02066068273340801
SOX17 (64321),-0.02065999460049707
SOCS1 (8651),-0.020658641748092947
ACSL5 (51703),-0.020654132033378743
NIPSNAP3A (25934),-0.020632324163804092
INPP5B (3633),-0.020631039711945943
MAG (4099),-0.020611194137075534
PHF19 (26147),-0.020597500501595083
LY6E (4061),-0.0205911383632361
TTK (7272),-0.02058943700481438
EMC10 (284361),-0.02058220541090194
SAMD4B (55095),-0.020560070025619034
MTMR12 (54545),-0.020559964823688683
ZNF419 (79744),-0.020543740974785823
SLC17A8 (246213),-0.02053225162529014
HLA-DPA1 (3113),-0.020527536062869865
AK7 (122481),-0.020523274905149182
MYG1 (60314),-0.020517758472737752
UNC119B (84747),-0.020495080661234497
EBF2 (64641),-0.020481106538951778
CFAP65 (255101),-0.020476983947427394
RABIF (5877),-0.020465545830281894
ANO3 (63982),-0.020464997181445503
ECHDC1 (55862),-0.020426323082875262
FAM110B (90362),-0.020424954004611542
MINPP1 (9562),-0.02041046945973239
UBE2S (27338),-0.020409886557056483
ZNF24 (7572),-0.02040145887702929
NCR3 (259197),-0.020393218714000183
REST (5978),-0.02038906114303538
BCO2 (83875),-0.0203855271747734
SMAP2 (64744),-0.020383759349174753
LSMEM2 (132228),-0.02037786611189165
GRM3 (2913),-0.02037767375784735
GARIN6 (196472),-0.02037289219442782
LENG9 (94059),-0.02036832911746472
ATP2B4 (493),-0.020349277129779485
TLR3 (7098),-0.02034904275288319
C16orf87 (388272),-0.020348733897303763
TMEM183A (92703),-0.02034864190311187
ZNF627 (199692),-0.020324779757206663
KRT27 (342574),-0.020316823279899233
GMCL1 (64395),-0.02031413982647915
ELF1 (1997),-0.02030636554663974
GORASP1 (64689),-0.020298458573041817
ZZEF1 (23140),-0.02029492829291691
UBP1 (7342),-0.02029309561336631
FZD8 (8325),-0.020280650673660156
SLC35E4 (339665),-0.02026861541068136
ARHGAP22 (58504),-0.020256650216866214
NREP (9315),-0.020238571515047543
HLA-DQA2 (3118),-0.020236125560182623
SPINK1 (6690),-0.020234024019972353
HTR5A (3361),-0.02022889024503353
EPHX1 (2052),-0.020224462273070835
PSMF1 (9491),-0.020221817859885638
CHML (1122),-0.02022173640381008
TGIF2LX (90316),-0.020219389660686215
RNF19B (127544),-0.020218584598958585
ANKRD61 (100310846),-0.02021613726037982
RFPL2 (10739),-0.020214171468936466
BCORL1 (63035),-0.020213006588181148
LTN1 (26046),-0.02020840397529879
C11orf24 (53838),-0.020201984670349966
C16orf78 (123970),-0.020201065165518024
GPRC6A (222545),-0.02019449715131411
CCT8 (10694),-0.020188599948229278
HYKK (123688),-0.020186066234024864
HOXD4 (3233),-0.020181394908356968
F5 (2153),-0.0201649341455322
OR2C1 (4993),-0.020160366390060636
JAGN1 (84522),-0.02015476066015491
CNTLN (54875),-0.020151745427677427
DBX2 (440097),-0.020140064580283168
ANKRD34C (390616),-0.020137875688126253
PIGS (94005),-0.020132961830592704
CPLANE2 (79363),-0.02012602054119972
PCDH8 (5100),-0.020124293070400513
CAPN14 (440854),-0.020111699695691918
CXCL14 (9547),-0.020104279529351274
CDC42BPA (8476),-0.020089310773275946
TSSK4 (283629),-0.02008871329836102
CDHR1 (92211),-0.020082277310524324
NUDT7 (283927),-0.020079981392036636
PAQR6 (79957),-0.02007792081103352
RASD1 (51655),-0.02006283184561434
ZNF791 (163049),-0.020051639593971493
SAMD13 (148418),-0.02004596566205634
KLHL26 (55295),-0.020042740346862323
BDH2 (56898),-0.020033963885602482
C5orf63 (401207),-0.020032761970894878
AHDC1 (27245),-0.02002842533714402
ICAM3 (3385),-0.020026249828493683
CLCN2 (1181),-0.02001852874727257
ATP13A3 (79572),-0.020010369196617365
KRT76 (51350),-0.020005162078199707
NOC2L (26155),-0.019996705506659298
SERPINA7 (6906),-0.01999606130937174
CTU1 (90353),-0.01999426589525473
RPGRIP1 (57096),-0.019987626772012178
SHC2 (25759),-0.019978783761132015
LMAN2L (81562),-0.019971517023407416
MYO19 (80179),-0.019961569987814596
ARL2BP (23568),-0.01996097158790277
CP (1356),-0.019951338861261048
GRXCR1 (389207),-0.019947957666094213
SP9 (100131390),-0.019941844358463825
CPA3 (1359),-0.0199317931005684
BROX (148362),-0.019929628555600636
LRRTM2 (26045),-0.01992736138952672
NFKBIL1 (4795),-0.019905747464230614
SOCS7 (30837),-0.019903589389980995
FERRY3 (57102),-0.01990334345702421
MT4 (84560),-0.01989298205544845
STK38L (23012),-0.01988628959542218
TTC9C (283237),-0.019879041155389906
FIGN (55137),-0.019871471020165486
NR1H2 (7376),-0.019869907147277564
VDR (7421),-0.019864827098121745
LHX3 (8022),-0.01985955164038774
CYP24A1 (1591),-0.019857263676002497
RASGEF1B (153020),-0.019852152151042482
SCFD2 (152579),-0.019840848071953264
RFPL4B (442247),-0.01984047248039336
SLC30A6 (55676),-0.019840084537814013
PLEKHO1 (51177),-0.019839307097726126
FKBP2 (2286),-0.01983777022661404
VASP (7408),-0.019836848397049852
TSPAN16 (26526),-0.01983607776160767
CREM (1390),-0.01983322562832375
CYP1B1 (1545),-0.01982704086376215
GLT8D2 (83468),-0.019821953609078034
ESRRG (2104),-0.01979422947108486
MFAP5 (8076),-0.01978882775426294
SRC (6714),-0.019786793479990288
OR2L2 (26246),-0.0197860809146177
UBE2E2 (7325),-0.019779926682750065
CD19 (930),-0.01976516045235052
SLCO2A1 (6578),-0.01974954488862761
CRYGB (1419),-0.019743357097150676
TEP1 (7011),-0.019740280463890418
KCNJ15 (3772),-0.01973752835615625
NICOL1 (401115),-0.019736601771227106
DHRS4 (10901),-0.019728603354728532
CAPN13 (92291),-0.0197232091396374
ROS1 (6098),-0.019723046544901087
OR6K2 (81448),-0.019722359477259043
JMJD1C (221037),-0.019717402612075923
BCAS1 (8537),-0.01971467758259874
SYT9 (143425),-0.01971313627503838
RIPK2 (8767),-0.01971038059950421
CCDC102A (92922),-0.01970825574025579
BHMT2 (23743),-0.019704638622565107
BEX1 (55859),-0.01970453656369094
SNX32 (254122),-0.019703518968835376
PPY (5539),-0.019700456184432988
RC3H2 (54542),-0.019690405602111015
CCDC144A (9720),-0.019682975471670458
STK26 (51765),-0.019680909013837403
KIF13A (63971),-0.019674518803955234
PGLYRP3 (114771),-0.019671736906261412
DMXL2 (23312),-0.01962973087262407
PHOSPHO1 (162466),-0.019618567435719624
C1orf127 (148345),-0.01961229634788379
MSN (4478),-0.019610346844069353
MAB21L3 (126868),-0.019606897113819424
XIRP2 (129446),-0.0196029756163704
CNTRL (11064),-0.019600930837138705
SCGB3A2 (117156),-0.01959977794032362
TCEAL5 (340543),-0.019593789073205047
CA5A (763),-0.019586833969932254
TEFM (79736),-0.01958195092033064
PCARE (388939),-0.019574365417605745
ADPRH (141),-0.01954848605034013
C6orf141 (135398),-0.019547214315858805
SCN4A (6329),-0.019542551861157532
IL22RA1 (58985),-0.019539472651255316
TRIM13 (10206),-0.019531560919021397
SELENOP (6414),-0.019513836953062972
MB21D2 (151963),-0.019511304864139982
CHRD (8646),-0.01950903074676412
TGM4 (7047),-0.019508156661717756
CHM (1121),-0.019502488471601725
EVI2A (2123),-0.0194976703543325
NDUFA5 (4698),-0.019494341044295864
PHLDB2 (90102),-0.019491648872520802
GAL3ST4 (79690),-0.01948754301026024
IFI30 (10437),-0.019482524352703437
FHL2 (2274),-0.019480206515883336
F3 (2152),-0.01947822851792308
CD2AP (23607),-0.019476519874664804
GPC3 (2719),-0.019469691950402483
SPTLC3 (55304),-0.01946621598002109
TRMT61B (55006),-0.019461446418184557
ACOX2 (8309),-0.01945078945615237
ENPP4 (22875),-0.019445991098352603
FMO5 (2330),-0.01942477125810416
SOHLH2 (54937),-0.01941324868597301
ARF1 (375),-0.019412845196285413
PTGS1 (5742),-0.019411175075237166
ERRFI1 (54206),-0.019406367461189084
KCNK12 (56660),-0.019398427138745393
GPX6 (257202),-0.01939409499078893
BANF2 (140836),-0.01938524915972972
MAN1A2 (10905),-0.019383325973553394
CPS1 (1373),-0.019382233869054244
KCNC2 (3747),-0.019381539192850454
NRTN (4902),-0.019380233192999016
RGS3 (5998),-0.01937995248912216
NFKBIE (4794),-0.01936374168499774
CXXC4 (80319),-0.0193594774088973
OR4K1 (79544),-0.019358680166687958
GPR3 (2827),-0.019357712102075545
NECAB1 (64168),-0.01935178777350506
UBE2D4 (51619),-0.01933946534426471
TMIGD1 (388364),-0.019329369062063746
PAIP2 (51247),-0.01932098721224241
KRTAP17-1 (83902),-0.019315678909046115
USP47 (55031),-0.0193148016758752
ELF3 (1999),-0.019306938394948434
PRAMEF11 (440560),-0.019300737237251116
LCK (3932),-0.01929439654806246
FMO1 (2326),-0.019285045982663666
TCN2 (6948),-0.01927224667231768
SOWAHA (134548),-0.019270390228403413
OTX1 (5013),-0.019262355246372546
ICA1 (3382),-0.019262085019742352
THPO (7066),-0.019261248155722315
TMEM138 (51524),-0.019260252404889815
ERCC6 (2074),-0.019252418460704947
PSG1 (5669),-0.019247330246081756
PCDHGA8 (9708),-0.019242162872025046
SASH1 (23328),-0.019240306055098903
CEMP1 (752014),-0.019234491036781577
SRY (6736),-0.019233777491228114
DCX (1641),-0.019229946295675093
HEATR9 (256957),-0.019223876909127833
DCAF17 (80067),-0.019221855317828322
FAAP100 (80233),-0.019210964423908922
SCOC (60592),-0.019202668827485052
EFHC2 (80258),-0.019200206778348123
RHOV (171177),-0.0191988525992417
CCR4 (1233),-0.01919481987367891
DENND1A (57706),-0.019189232725385863
PCDHB7 (56129),-0.019181368087170622
ATG16L2 (89849),-0.01917775293976063
TCEANC2 (127428),-0.01917771581008449
ELK4 (2005),-0.019176314216839067
DDC (1644),-0.019174292285437815
TAF9B (51616),-0.019155151971357687
AOX1 (316),-0.01915420816247615
ZCCHC17 (51538),-0.019148014260588424
TCP10L (140290),-0.01913268689155119
ACSS1 (84532),-0.01912792704701968
POGK (57645),-0.0191257760007379
MOB3C (148932),-0.019117600677313787
TNFRSF10D (8793),-0.0191134281354181
TBX20 (57057),-0.019112733294886962
NKAPL (222698),-0.019110390970123035
ZNF408 (79797),-0.01910984300188309
BFSP2 (8419),-0.01910678242586694
MSH2 (4436),-0.019100053690599146
USP31 (57478),-0.019097299601000765
GLOD4 (51031),-0.019095464875032584
YIPF4 (84272),-0.019085473979475003
EXOG (9941),-0.019085001175207703
MAT1A (4143),-0.019074489400382918
STAM (8027),-0.019073519369799802
PRRG4 (79056),-0.019071257770357588
NLGN1 (22871),-0.019059058197452475
NR4A2 (4929),-0.019058244409044325
OR9Q1 (219956),-0.019052057057676014
COL1A2 (1278),-0.019037672674493085
PTPRH (5794),-0.019035052601634742
RAB11FIP5 (26056),-0.019034999371421838
GOSR1 (9527),-0.019031735061662287
MMACHC (25974),-0.01903104583554528
DBNL (28988),-0.01902322967661444
PREP (5550),-0.019023061184596204
AMMECR1L (83607),-0.0190162666035431
SETD2 (29072),-0.019013849486949622
KLK6 (5653),-0.019009900892481942
HOXB13 (10481),-0.01900502737044331
TUBA4A (7277),-0.019004094995998626
TUB (7275),-0.01899405367694288
HOPX (84525),-0.018987561229501612
IL10RA (3587),-0.018975519373729773
LACC1 (144811),-0.018972946445098636
ERI2 (112479),-0.018966250661585107
KRTAP6-2 (337967),-0.01895968864450328
USP49 (25862),-0.01895671700653561
KCNK17 (89822),-0.01895304954969901
ASCL4 (121549),-0.018951918731535823
NPR2 (4882),-0.018949313355598234
C1QTNF1 (114897),-0.01894086272132141
GZF1 (64412),-0.018936522190179682
SPATA16 (83893),-0.018922548616635088
ARHGAP35 (2909),-0.018913973223633654
VSTM2L (128434),-0.018909610088549526
ARHGEF17 (9828),-0.01890746534872699
DOCK6 (57572),-0.018905937884428604
EMILIN2 (84034),-0.01890007721088826
BMF (90427),-0.01889073553777855
TMEM229B (161145),-0.01889018021288715
PCP2 (126006),-0.018884748370338194
TRIM62 (55223),-0.018882039011356606
IGFL3 (388555),-0.01887484590796557
TCOF1 (6949),-0.018874258729566
ECM2 (1842),-0.018874217783674194
AFAP1 (60312),-0.018861266563944604
OR2AE1 (81392),-0.018859694287422266
SGPP2 (130367),-0.01885871383457827
SOX14 (8403),-0.01885143232276473
MYOT (9499),-0.018849694405272316
AMER2 (219287),-0.018844220044367088
P2RX7 (5027),-0.01883160242515704
GRIPAP1 (56850),-0.018829705035371867
MED16 (10025),-0.01882948631510888
C1QL2 (165257),-0.018817393027548316
SEMA7A (8482),-0.018810760726274602
IL11RA (3590),-0.01880374816469092
CCDC171 (203238),-0.018803696234074234
LTF (4057),-0.0188006607059493
CCT3 (7203),-0.018796648616702487
PRR22 (163154),-0.01879351713554385
TNP1 (7141),-0.018793131251770925
ZPR1 (8882),-0.018790625864463346
LIG3 (3980),-0.018784648224102453
ZBTB8A (653121),-0.018778881960189432
SAT2 (112483),-0.018766488799662123
LRRCC1 (85444),-0.018766454177143812
TGFBR3L (100507588),-0.018765555211387237
NTHL1 (4913),-0.018751941794869963
MCCD1 (401250),-0.018743621123848118
SLC16A3 (9123),-0.018726350986487103
ZNF354C (30832),-0.018721988784895723
FABP1 (2168),-0.01871248887203562
SEC14L1 (6397),-0.018711902685631224
NOTO (344022),-0.01871097840040867
PIP4P1 (90809),-0.01870939630219174
GATAD2A (54815),-0.018703517858910588
GP2 (2813),-0.01870256770467204
CACNG8 (59283),-0.0186989506854731
GRM7 (2917),-0.018695932350966674
TNS1 (7145),-0.018692676384372133
PLEKHH2 (130271),-0.0186883033349108
CD200R1 (131450),-0.01868724698484963
PRR4 (11272),-0.01866504621452578
SLC25A13 (10165),-0.018646253162745045
NR4A1 (3164),-0.018630766284773732
NCR1 (9437),-0.018629307876350868
RWDD1 (51389),-0.018619057315817845
MTFR1 (9650),-0.018615237536997037
PDGFA (5154),-0.018601831652005674
TMX2 (51075),-0.018598241761518933
PCDHGA2 (56113),-0.018596809659317287
ARMC12 (221481),-0.018593006617790144
TNNI1 (7135),-0.018583894760261906
GPHA2 (170589),-0.018583158968623108
FNDC5 (252995),-0.018582745691006614
ASPH (444),-0.01857497923791315
TEX15 (56154),-0.018571452716126834
CCDC78 (124093),-0.01856042335201854
CPA4 (51200),-0.018559224810904246
BRWD1 (54014),-0.01855919505480217
ITPKA (3706),-0.018559024161899508
APP (351),-0.018545607876894063
ZXDB (158586),-0.018543707831689096
PRKCQ (5588),-0.01853738031586361
FCRL5 (83416),-0.018525125785162525
KANSL1 (284058),-0.018515261473031765
TM4SF20 (79853),-0.018506810115233897
ZNF461 (92283),-0.018493994430546702
DR1 (1810),-0.018491418171264592
SLC25A11 (8402),-0.018489065692470587
STARD6 (147323),-0.018481522556241817
MIER3 (166968),-0.01848039078715729
CYRIB (51571),-0.0184798024726582
OR52N1 (79473),-0.018474484124491257
TIMP4 (7079),-0.01847352035891456
ZNF708 (7562),-0.018470252689528097
ASAP3 (55616),-0.01846449067918133
PDLIM7 (9260),-0.018463424234160777
OR51T1 (401665),-0.018453785191045107
PRSS33 (260429),-0.018447349516841523
ELAVL3 (1995),-0.018441272625792666
HADH (3033),-0.01842740308231285
MRPL47 (57129),-0.018424537057443572
TENT5A (55603),-0.01842393438939677
CD59 (966),-0.018421461050226486
GLG1 (2734),-0.018412312430562284
ERGIC1 (57222),-0.01840834123224882
SLC32A1 (140679),-0.018397020493493954
RBM15B (29890),-0.0183863389054072
NFASC (23114),-0.01838075049672827
AKAP4 (8852),-0.018375686606025888
OR13F1 (138805),-0.018370147051180636
IL13RA1 (3597),-0.01836175258694223
UQCC6 (728568),-0.018361483876729496
OR9G4 (283189),-0.01835990932099855
CASP14 (23581),-0.018347421252749567
CA1 (759),-0.01834338804037173
ASAP1 (50807),-0.018338863801068674
PLCB4 (5332),-0.018324025242917683
AGT (183),-0.01831744984979668
HIRIP3 (8479),-0.018300528923676288
ZNF146 (7705),-0.01829293497490681
ANKRD27 (84079),-0.018286359619903117
COL13A1 (1305),-0.01827983926626715
SPOPL (339745),-0.018278334482048707
TP53I11 (9537),-0.018270832013567693
PHF3 (23469),-0.01826652126498292
ZNF546 (339327),-0.018266321452498187
RASL10B (91608),-0.018261306447933286
TRAPPC3 (27095),-0.018256005570111224
NCEH1 (57552),-0.018253472572893944
SAGE1 (55511),-0.018249540498791607
KIR3DL3 (115653),-0.018249120431600024
CCL23 (6368),-0.01824774806588965
CNST (163882),-0.018239484425267554
COL9A2 (1298),-0.018234822112697533
P3H4 (10609),-0.01821611158437598
KRTAP1-5 (83895),-0.018215652726575444
ARHGAP24 (83478),-0.018215134199561982
PTF1A (256297),-0.018213577148355378
CHERP (10523),-0.018204917733423604
SLC26A4 (5172),-0.01819939221976495
TJP2 (9414),-0.018187574984144243
RNF183 (138065),-0.01817673614402122
BTBD1 (53339),-0.018168008211093913
ZC3H14 (79882),-0.018167152873988075
UBL3 (5412),-0.018156013843819575
BICRAL (23506),-0.018155531909243797
NME7 (29922),-0.018151017963251748
CSMD1 (64478),-0.018148282014811393
TRIM25 (7706),-0.018140529177340554
RAB9A (9367),-0.018140344627205332
CCDC24 (149473),-0.018137960939960448
OPHN1 (4983),-0.018127728896810615
TMEM115 (11070),-0.01812031712363685
SHCBP1 (79801),-0.018105066413138433
SLC35F2 (54733),-0.018098313829735403
NMNAT2 (23057),-0.01809774031610105
PARVB (29780),-0.018095146804403404
SEZ6L2 (26470),-0.0180941470898654
ACP7 (390928),-0.01808185938966213
LBHD1 (79081),-0.018067452278697965
SET (6418),-0.01806600562517974
ANKS3 (124401),-0.018038387871772428
UNC79 (57578),-0.018024306288485347
ACSM6 (142827),-0.018021674659607655
P2RY10 (27334),-0.018017125236023963
KCNIP1 (30820),-0.01801520110316472
HIBADH (11112),-0.018010239911150396
BACH2 (60468),-0.017988343999698213
CCDC80 (151887),-0.017984816677208224
DNAJC21 (134218),-0.017980381851885444
SULT2A1 (6822),-0.017969780041481045
MYL3 (4634),-0.01795345798648597
FAM78B (149297),-0.01794128335821119
CLK3 (1198),-0.017938571447787217
TRPM3 (80036),-0.017935501433903205
VPS54 (51542),-0.017928712465380057
LZTFL1 (54585),-0.01791943653342132
ALPP (250),-0.017918077112008633
IRF1 (3659),-0.017910819911069596
LCN2 (3934),-0.017907878118494362
COL9A3 (1299),-0.017906766958387433
DIPK1B (138311),-0.017900657439614363
SYCE3 (644186),-0.017891843439306488
AZIN1 (51582),-0.01788533213332168
MRGPRD (116512),-0.017884752461294215
C6orf89 (221477),-0.017883106501498942
MIER1 (57708),-0.01786015984433641
GPNMB (10457),-0.017853443130348055
CEMIP (57214),-0.01783994119846105
HMGA2 (8091),-0.017826474779719603
CELSR3 (1951),-0.017821697438404564
HOXD10 (3236),-0.017812492326081883
TRMU (55687),-0.01780856753259453
GALNT12 (79695),-0.01780670332898155
FXYD5 (53827),-0.01780624824726917
GDE1 (51573),-0.017800813787084296
RER1 (11079),-0.01779971586332096
GPR162 (27239),-0.01779508662436368
TLR4 (7099),-0.017790365397762093
CASD1 (64921),-0.017780569697542603
ZNF426 (79088),-0.0177804272473696
USH2A (7399),-0.017779582583879218
AVEN (57099),-0.01777823568476263
ATP13A4 (84239),-0.017773458018077972
TXNDC11 (51061),-0.017771410920886563
NUAK1 (9891),-0.01777038586963901
ELOA2 (51224),-0.017769189541508395
DEGS1 (8560),-0.01776165959229017
ODAM (54959),-0.017760412190136375
SMO (6608),-0.017756904668732584
PCDHGA5 (56110),-0.017746129039856392
CELA1 (1990),-0.01774437503597103
B3GALT5 (10317),-0.017737006780614736
ITGA11 (22801),-0.017733703213551368
DDX27 (55661),-0.01773266975450159
EFCAB14 (9813),-0.017730012624921233
SPINK8 (646424),-0.017724921462239966
TMEM242 (729515),-0.017724801882232032
ZBTB3 (79842),-0.017723532100344774
FOXF2 (2295),-0.017716755359592808
PEX11A (8800),-0.01771612589082785
MAN1C1 (57134),-0.01771455487905643
DCAF11 (80344),-0.017713706161890216
TTPAL (79183),-0.017697340480200417
EMP3 (2014),-0.017680307132791177
REXO5 (81691),-0.017680069319165163
ATP2C2 (9914),-0.017679451101498624
ICAM2 (3384),-0.017677942738168913
ATP5MK (84833),-0.017677030538426706
FAM76A (199870),-0.01766654949575486
ZNF436 (80818),-0.01765977629498107
UTS2B (257313),-0.01765773001805521
HNRNPLL (92906),-0.017651653055078473
LPAR6 (10161),-0.01763792139424604
SUMO3 (6612),-0.01762969010097864
HEMGN (55363),-0.01762005678802988
CNOT8 (9337),-0.01761863758236322
CPXM2 (119587),-0.01761251209525822
CETN3 (1070),-0.017609791671570375
DLEC1 (9940),-0.017609602194973466
DSC2 (1824),-0.01758960940676423
LCLAT1 (253558),-0.017581488979417467
CAMK1D (57118),-0.01758054932580841
ZMYND10 (51364),-0.01758017163359708
MTRF1 (9617),-0.017576555017944886
ADTRP (84830),-0.017559149544469486
PEBP4 (157310),-0.017555320305299986
PLXNC1 (10154),-0.017542972791100724
BCL7C (9274),-0.01753883624915386
TUBB6 (84617),-0.01753370698092205
DLX6 (1750),-0.017530217845837113
MSH3 (4437),-0.01752314337316651
PLB1 (151056),-0.017517024942882473
GSKIP (51527),-0.01751433283497871
IFNB1 (3456),-0.017513167984795876
KLHL5 (51088),-0.017505901388169993
TRIML1 (339976),-0.01750274398355894
CIAPIN1 (57019),-0.01749417542990504
INSL6 (11172),-0.017476299683483965
NDST2 (8509),-0.017452790362221134
MCTP2 (55784),-0.017451131378069133
RNF224 (643596),-0.017442621656583265
SCGB1D2 (10647),-0.01744149669411522
TGFB2 (7042),-0.017441050194767986
SLC16A2 (6567),-0.017435224473896775
DUSP10 (11221),-0.01743051257269914
ELOVL6 (79071),-0.01741734409155958
WDR36 (134430),-0.01741061481990841
FBXO48 (554251),-0.017410055596673153
ASB5 (140458),-0.017405769007335724
TLE1 (7088),-0.017390664869524154
HPS3 (84343),-0.01739018894214332
CIPC (85457),-0.017389136336792618
GRAMD2A (196996),-0.017388585157325533
GPR19 (2842),-0.017383066824853594
FAM151A (338094),-0.017380544579538366
MEGF6 (1953),-0.017379735978219155
CERS3 (204219),-0.017368361168287914
DAB1 (1600),-0.017367259529621665
UNC13B (10497),-0.017355274670611306
ARHGAP6 (395),-0.01735218158490049
ZNF462 (58499),-0.017349866255920752
API5 (8539),-0.017330999881453247
ATXN7L3 (56970),-0.01733088449574465
LPCAT2 (54947),-0.017324103186435763
CTNNAL1 (8727),-0.01731305731406707
ZFP42 (132625),-0.017311576808963267
MYO3B (140469),-0.01731008835018621
ARHGAP1 (392),-0.017305317273696566
ZNF770 (54989),-0.017305292662595013
LHX8 (431707),-0.017298390484881278
RECQL5 (9400),-0.017298208291464716
ADAMTS9 (56999),-0.017289678330529693
SLC16A6 (9120),-0.017288676043128424
UBXN2B (137886),-0.017275749620278395
BRICD5 (283870),-0.017264972104022565
LDLRAD1 (388633),-0.017264288070140323
RPA3 (6119),-0.017260364363136008
GTSF1 (121355),-0.017248456085626956
GRIA2 (2891),-0.017239520316424277
CDCA7L (55536),-0.01722844165538266
UQCR10 (29796),-0.017225603396019612
FUBP3 (8939),-0.017214349002034175
NAA11 (84779),-0.017212663164082348
BCL11A (53335),-0.01721229304718404
QPCTL (54814),-0.017193327176921607
FOXN2 (3344),-0.017192611355746658
ZFP57 (346171),-0.01719021839637576
IFT43 (112752),-0.017189738132347334
BCAR1 (9564),-0.01718968320422419
AOPEP (84909),-0.017181243536878325
FOXB1 (27023),-0.017164760238740022
ZNRF1 (84937),-0.017155499169699683
AIM2 (9447),-0.01715057573230833
B3GNT3 (10331),-0.017148990199710227
SYNPR (132204),-0.0171485727299547
ADAMTS10 (81794),-0.01714387612574159
IL4R (3566),-0.017143415153696533
ECHDC3 (79746),-0.017127905289765103
INA (9118),-0.017113992949511932
KASH5 (147872),-0.01711293217672818
SLC12A8 (84561),-0.017099197642363652
FAM13C (220965),-0.017085907854611684
DAO (1610),-0.017071831250851734
SNX27 (81609),-0.01707133743790567
COMMD7 (149951),-0.017060748189793782
THAP7 (80764),-0.01705733086830751
RAD54L (8438),-0.017056766171920985
GNAT1 (2779),-0.017055955509337833
DENND5B (160518),-0.01704834645427485
TMEFF2 (23671),-0.017039303078900926
UFSP2 (55325),-0.017036863309676423
DNAJC5 (80331),-0.01700809900332551
CAPS2 (84698),-0.017005187599411605
TACC1 (6867),-0.016999731601488304
KCNA2 (3737),-0.016999068646065794
TLE2 (7089),-0.016996027855192972
GRWD1 (83743),-0.016991522681960306
R3HCC1 (203069),-0.01697895197819549
EYS (346007),-0.016962796358400818
NAP1L3 (4675),-0.016958551549046054
CYP4Z1 (199974),-0.016957773209838014
TARS3 (123283),-0.016950157344636212
PINK1 (65018),-0.01692708032709229
RABL6 (55684),-0.016918692162241865
ENPP6 (133121),-0.016914809207993653
NAPRT (93100),-0.016914139805776413
CTXN3 (613212),-0.01691351410507436
SSBP4 (170463),-0.01691153480765332
MGAT4D (152586),-0.016909672209174536
YLPM1 (56252),-0.016901166617463406
MOBP (4336),-0.016899014771736928
SLCO6A1 (133482),-0.016892611019115218
C15orf39 (56905),-0.016889870086291683
TRABD2A (129293),-0.016889288726333614
DAPK2 (23604),-0.01688601592971103
IFT74 (80173),-0.016867355712064606
PTGES3 (10728),-0.016866903132882374
SPDYE4 (388333),-0.016861661760072807
OTUD6A (139562),-0.016860753301536118
CCDC17 (149483),-0.016853503509161948
FOCAD (54914),-0.016843372182269424
PIF1 (80119),-0.01684210583816701
ZNF347 (84671),-0.016838346528743102
MEIS2 (4212),-0.016828986594729742
CD63 (967),-0.016828730764885808
KLK13 (26085),-0.016820327861024394
LEKR1 (389170),-0.016817703833862715
HTR3E (285242),-0.016791015458120954
TRAF3 (7187),-0.01679005343359154
TNNT1 (7138),-0.016782948432784658
ETV2 (2116),-0.01677630485589213
DDIT3 (1649),-0.0167652694858352
MSS51 (118490),-0.016761430047401167
RPS6KB2 (6199),-0.016747568331698673
PREX2 (80243),-0.016743357256152478
PDGFB (5155),-0.01674175273798182
CST2 (1470),-0.016740482472425523
DEFB128 (245939),-0.016740423552790214
GOLGA2 (2801),-0.01673884437563046
BAZ2B (29994),-0.016736361009636533
WFDC6 (140870),-0.01672761592291274
SENP1 (29843),-0.016716024479471497
POLR3D (661),-0.01670974615598851
FAM185A (222234),-0.01670943080440959
ELAVL2 (1993),-0.016687821752731542
MTERF4 (130916),-0.016683499008100684
CDX2 (1045),-0.016681895957619895
TMEM236 (653567),-0.016681036453263534
KCNN1 (3780),-0.01666200575767037
RBBP7 (5931),-0.016656174585672406
FBXO42 (54455),-0.016656082410278526
TBC1D8B (54885),-0.01665369366659499
TULP2 (7288),-0.016652862487229143
CX3CL1 (6376),-0.016652828143939168
DTX3L (151636),-0.01665003700127236
DNAAF1 (123872),-0.016635735024248845
OR5J2 (282775),-0.016635089679056452
DPH2 (1802),-0.016629132602215144
ATXN1 (6310),-0.01662269293058517
ANKRD23 (200539),-0.016619094156564908
GGT5 (2687),-0.016612793145336938
ZNF510 (22869),-0.016607144875269115
GLOD5 (392465),-0.016605938920086737
SLITRK4 (139065),-0.016587663482643827
SCAMP3 (10067),-0.016587633191877563
XCL1 (6375),-0.016585848965829313
SCN1A (6323),-0.016583741501203463
TTC9 (23508),-0.01658267271679468
PJA1 (64219),-0.016581933333926192
MAGT1 (84061),-0.016577085359909396
SP3 (6670),-0.016576121821726082
TRIM15 (89870),-0.016574185384447663
CEBPE (1053),-0.01657074664727459
RBM42 (79171),-0.016563926678583033
PSEN2 (5664),-0.01655149142331241
ATN1 (1822),-0.016548208730737885
CCDC88A (55704),-0.016544409776531675
TMEM200A (114801),-0.016543721461320153
GCSAML (148823),-0.016536661001344728
DNAJB5 (25822),-0.01653533424031575
OR8B2 (26595),-0.01653173486801091
FOXB2 (442425),-0.016529194106950883
TMEM196 (256130),-0.016525233387419555
SDCBP2 (27111),-0.016524624079155982
NOX4 (50507),-0.01651539736216105
ZNF260 (339324),-0.016510903917882933
ZNF562 (54811),-0.01649534880094203
C9orf40 (55071),-0.016486830662767727
F2RL3 (9002),-0.01648472670705561
ITGA2 (3673),-0.01647622846211064
USP13 (8975),-0.016474557099768278
PAK3 (5063),-0.016473798211827047
SLC2A4RG (56731),-0.01647172712426503
MTNR1A (4543),-0.01646605131042091
ERMP1 (79956),-0.016465119100038658
BTN1A1 (696),-0.016456673751225826
HDHD2 (84064),-0.016444188810411667
SSR4 (6748),-0.016442893426059795
PRKAR1B (5575),-0.016440448668874716
RREB1 (6239),-0.01642527544223168
MAOB (4129),-0.01642515290699067
PTPN18 (26469),-0.016422579153576474
ESS2 (8220),-0.016422175720012436
SBSN (374897),-0.016407679363938516
ZNRF4 (148066),-0.0163969394091572
LDLRAD4 (753),-0.01639493122020511
RNF8 (9025),-0.0163795741945234
TTC12 (54970),-0.016373329598350125
FBXW10B (374286),-0.01636088208099547
MRPL39 (54148),-0.016351843969137803
SPATA18 (132671),-0.016342705739794492
HS3ST3A1 (9955),-0.016341265513832408
FAM170B (170370),-0.016340437782892098
SUN1 (23353),-0.016338497063545107
CHP2 (63928),-0.01633770449274024
THAP3 (90326),-0.016329217480690852
SLC45A2 (51151),-0.016320279334147262
STARD3 (10948),-0.01630722132440274
TAFA2 (338811),-0.016293292102585646
NUP107 (57122),-0.0162893214276796
GDPD3 (79153),-0.0162888237823657
CXorf38 (159013),-0.016288317800582132
DLX3 (1747),-0.01627811911734287
SYNPO (11346),-0.016275240764258528
H2AC12 (85235),-0.0162640761152811
AQP1 (358),-0.01625575389482104
PCDHB8 (56128),-0.016251186147370554
DYRK4 (8798),-0.016248945171081077
CRYZ (1429),-0.016233081419463877
UPRT (139596),-0.016219036701804936
TOR1A (1861),-0.016215318027064614
EMILIN3 (90187),-0.01620578545106947
ADM (133),-0.016198098160732387
MBL2 (4153),-0.016184651706536882
DHRS7C (201140),-0.016168472829816684
GPAA1 (8733),-0.016161345501861574
C1QTNF8 (390664),-0.01614577684484815
KAZALD1 (81621),-0.01613647814949312
TANGO2 (128989),-0.016135470695981997
ZNF480 (147657),-0.016131748332819325
TMEM11 (8834),-0.016125992147420304
APOA4 (337),-0.01612491862223684
FSTL1 (11167),-0.016090297969177537
ZBTB32 (27033),-0.01608914437495022
SMOC2 (64094),-0.016085900180091962
FHIT (2272),-0.016085636915746267
ANKAR (150709),-0.01606681203509534
ZNF91 (7644),-0.016066501327856423
PIGC (5279),-0.016064694100959575
CCN2 (1490),-0.01606096660709367
VDAC2 (7417),-0.01605885811602445
SERPINE3 (647174),-0.01605541531589579
NEXN (91624),-0.016042989616192778
CHST3 (9469),-0.01604150352892594
OR5W2 (390148),-0.01603866861324372
EPRS1 (2058),-0.016031984895106675
CMTM2 (146225),-0.016026333333544685
RGMB (285704),-0.016020390627259448
DYNC1I2 (1781),-0.01601681206638924
AASDHPPT (60496),-0.016016502805075838
MPC1 (51660),-0.01601536469816023
TMEM72 (643236),-0.016014892830476975
NHSL3 (57648),-0.016014513133597443
ALX3 (257),-0.01601147187626488
PRDM5 (11107),-0.01600763145000405
HSPB7 (27129),-0.016006645789698556
MICU3 (286097),-0.015998904187257766
PRIMA1 (145270),-0.01599880208416869
SLC25A31 (83447),-0.01599716298176406
MARK2 (2011),-0.01597332168405976
TMEM178B (100507421),-0.01596833957520451
PBLD (64081),-0.015961357126315374
OR10H1 (26539),-0.015958529609226283
TAS2R5 (54429),-0.015953310226372176
NXPH2 (11249),-0.015941031615276095
H2BC26 (128312),-0.01593483964930984
LIPJ (142910),-0.01592088128750949
KCTD3 (51133),-0.01591638472825707
PCDH19 (57526),-0.01591545631243734
SNAI1 (6615),-0.015909052325250445
ECPAS (23392),-0.015906664270156152
SNAPC2 (6618),-0.01589153036197577
HOXC5 (3222),-0.01589077359518406
TMEM233 (387890),-0.015887384589934182
C3orf80 (401097),-0.015887058976721657
PTPRA (5786),-0.01587651320315964
HDDC2 (51020),-0.015865791052572072
CSPG5 (10675),-0.015855964909213656
PCSK9 (255738),-0.015846319418648572
KRTAP9-8 (83901),-0.01583666088314999
ZIM3 (114026),-0.015836161301582958
FASTKD2 (22868),-0.01583612178875755
PRSS8 (5652),-0.015834798752173054
RNPEP (6051),-0.015831068261822224
ACAP1 (9744),-0.015827512678715374
TRIM17 (51127),-0.015827150421306176
ACSM2B (348158),-0.01581815796329538
CATSPERE (257044),-0.01581267537117652
HAS2 (3037),-0.015812331674763223
OAZ2 (4947),-0.015808634560341896
CNGB3 (54714),-0.015802815140887803
SP6 (80320),-0.015800769405670486
NARF (26502),-0.01579714735344576
PCDHGA1 (56114),-0.015793435439108584
CD248 (57124),-0.015786668612338288
HMCES (56941),-0.01578648429559254
CCDC38 (120935),-0.015783182197411046
FAM135B (51059),-0.015782884725296435
PPP1R35 (221908),-0.015782591468177135
OR2G2 (81470),-0.01577787988899813
DYSF (8291),-0.015775891158129267
SLC31A1 (1317),-0.01577140310925613
PRELID2 (153768),-0.015762123034208857
SLC13A3 (64849),-0.01575642933978991
NRN1 (51299),-0.015752627339371925
ATP8B4 (79895),-0.01575074665099678
MYLK3 (91807),-0.01574295036239633
KPNA5 (3841),-0.015712113622664205
CNN3 (1266),-0.015698448457288607
CSTL1 (128817),-0.015691596251550595
MTIF3 (219402),-0.015688830970296566
CD22 (933),-0.01568154520962934
MFSD4B (91749),-0.01567776276803297
DEAF1 (10522),-0.01567730442936926
PSD (5662),-0.01567507711481096
CPNE7 (27132),-0.015674253307490883
PHLDB3 (653583),-0.015670126397573342
FAM170A (340069),-0.01566854817317169
GCH1 (2643),-0.01566664618431478
SNCA (6622),-0.0156622309102411
MLYCD (23417),-0.01565469640670605
PLEKHM3 (389072),-0.015654105458477452
NAPSA (9476),-0.01565248467483167
PARVG (64098),-0.01565154635200599
MCM6 (4175),-0.01565081380625383
GDF1 (2657),-0.015644220838001672
IER3 (8870),-0.015643714992931525
TRMT11 (60487),-0.015643312664955143
C11orf71 (54494),-0.015620625572552291
TAOK3 (51347),-0.015618927494167389
OR52K2 (119774),-0.015613942707087217
PCDHGA4 (56111),-0.015613034251929125
ACBD4 (79777),-0.015602317603761885
CCDC137 (339230),-0.015601191597224883
FCRLB (127943),-0.015591610383624029
IDO1 (3620),-0.015590087197186499
RTP3 (83597),-0.01558780127846444
EOGT (285203),-0.01558754597684728
ENOSF1 (55556),-0.015584177815151593
CCNB1IP1 (57820),-0.0155795232092306
UGGT2 (55757),-0.01556912900206318
MRPS12 (6183),-0.015560925855166222
SIAH2 (6478),-0.01555669210381349
ZNF90 (7643),-0.015550279908741317
STAU2 (27067),-0.015534950913185814
ZNF608 (57507),-0.015525395239850175
MOGAT1 (116255),-0.015515302063906692
CRLF1 (9244),-0.015515160356031673
RASL11B (65997),-0.015500254701426998
FCAR (2204),-0.015490008799849297
CST9 (128822),-0.015486888745156985
CACNA1F (778),-0.015485207876444564
SYCE2 (256126),-0.01547017936279028
HNF4G (3174),-0.01545449574865445
CAPN5 (726),-0.0154486318198409
PCDHB1 (29930),-0.015440691154775936
FBXO10 (26267),-0.015435549831293664
PRRG1 (5638),-0.015430244469216002
RGS16 (6004),-0.015428202280265176
SPOP (8405),-0.015424889403349252
TRIM21 (6737),-0.015414488348590268
OR13C4 (138804),-0.015411962459732037
TMEM101 (84336),-0.015409510211657327
STRBP (55342),-0.015403607875728743
SEC11A (23478),-0.015400274569236068
TATDN1 (83940),-0.01539633488004457
FLT3LG (2323),-0.01538504943372086
GEMIN6 (79833),-0.015383379905425935
EID2B (126272),-0.01538291397727416
GJA4 (2701),-0.015373348319367514
DPP4 (1803),-0.01536820062612234
CACNB1 (782),-0.01536735649727264
SPSB4 (92369),-0.015363315465206183
GREM2 (64388),-0.015358866718695961
FIBIN (387758),-0.015355728784633869
CNRIP1 (25927),-0.01534747713900924
PNMA8A (55228),-0.015345948006984765
SEC61A2 (55176),-0.015337739432024306
FPGT (8790),-0.015336168106711678
PUDP (8226),-0.01533349713437734
ERBB4 (2066),-0.015328575215684002
ZPBP2 (124626),-0.01532811823290556
USP1 (7398),-0.015316325237158698
NDUFB6 (4712),-0.015314500053786163
CD109 (135228),-0.015303880869030608
EXTL2 (2135),-0.015299605269568509
RAB22A (57403),-0.015296431915484842
PNPLA1 (285848),-0.01528922247822209
CELF3 (11189),-0.015287838718243012
ABCG4 (64137),-0.01527949135054567
SLC33A1 (9197),-0.015277948183799893
WASF3 (10810),-0.015277312486383598
MMP24 (10893),-0.015265607074431035
TGOLN2 (10618),-0.015264768688572516
SERPINF2 (5345),-0.01523647097846602
AP1B1 (162),-0.01523304787299995
TRPC1 (7220),-0.015220646316660088
DTX3 (196403),-0.015218017264199522
EIF5A2 (56648),-0.01521379064004149
CNTNAP4 (85445),-0.015209819617039199
SCUBE3 (222663),-0.015209646231706233
OTUB2 (78990),-0.015191754093165479
CD37 (951),-0.015188127831523568
RAP2B (5912),-0.015182016534058946
TFAP2D (83741),-0.015170016639880582
PPHLN1 (51535),-0.015165926486008823
PRKD2 (25865),-0.015165784483246651
CHRNA7 (1139),-0.015163078110509744
PLAAT2 (54979),-0.015150912779427565
ACRV1 (56),-0.015144480878494328
GAL3ST1 (9514),-0.01513984927642556
DET1 (55070),-0.015135406956317213
HOXA7 (3204),-0.01512900077924919
ETHE1 (23474),-0.015127574529474415
RHEX (440712),-0.015126944084129667
CFTR (1080),-0.015112990614878804
RGS18 (64407),-0.015108747272674571
RAB2A (5862),-0.015106378741574483
DEPTOR (64798),-0.015104863749735032
FSIP2 (401024),-0.015099680043699258
SCCPDH (51097),-0.015098115396384063
VGLL4 (9686),-0.015089311505618767
BMP15 (9210),-0.015083765947114783
SIPA1L3 (23094),-0.015083552521279657
CD84 (8832),-0.015082323384553427
TRIM23 (373),-0.015081558845986547
CYP4F3 (4051),-0.01507950460577019
CACNB4 (785),-0.015063865941801943
MTMR7 (9108),-0.015062915894639435
ZKSCAN5 (23660),-0.015062384907979207
INAVA (55765),-0.015061350547883644
FKBP5 (2289),-0.015058645021213261
KATNAL2 (83473),-0.015050896979702327
PKNOX1 (5316),-0.015040938360327273
OR2AT4 (341152),-0.015040248192736545
IFNL1 (282618),-0.015039446723749506
ASZ1 (136991),-0.015032866054019304
TMEM240 (339453),-0.01502712590992136
CCNDBP1 (23582),-0.015023603155973552
KRT8 (3856),-0.015016409656290156
NOVA1 (4857),-0.01501447803948833
CTSC (1075),-0.015012492290397738
ZNF133 (7692),-0.015008183900147175
TAS2R42 (353164),-0.014994930668356212
KLK11 (11012),-0.014989693476318545
TLR8 (51311),-0.014981010046869905
DNAJB12 (54788),-0.014979618178029187
SNX10 (29887),-0.01497442002755381
CPSF1 (29894),-0.014973879726320737
ARL8A (127829),-0.014964438431031433
ZFP36 (7538),-0.014964436072025836
TMEM117 (84216),-0.01495309474267584
PKDREJ (10343),-0.014919339568604698
TRMT13 (54482),-0.01490385443162066
FSCB (84075),-0.014900896655036773
TIGD7 (91151),-0.014897630401705279
GNRH1 (2796),-0.014896760317577445
CHDH (55349),-0.014887743976401614
COA3 (28958),-0.014887585910222713
OR10P1 (121130),-0.014880367585825557
MOSPD3 (64598),-0.014879356492195333
DEFB1 (1672),-0.01487778277936741
PITPNA (5306),-0.014874947477587847
EVC2 (132884),-0.01487060937800792
SLC5A4 (6527),-0.014868811108091138
EFCAB7 (84455),-0.014860844645238973
DMTN (2039),-0.014860547113340108
WDR3 (10885),-0.014859414893776965
THBS1 (7057),-0.014857269397918335
CDK14 (5218),-0.014842581721728096
C1orf141 (400757),-0.014839355247229022
MRPS21 (54460),-0.014833487032921968
ACER3 (55331),-0.014820445271841691
HSPB2 (3316),-0.014783299307267435
SESTD1 (91404),-0.014777416322406478
C1QTNF9 (338872),-0.014776990879128454
GAST (2520),-0.014770897830997807
DBH (1621),-0.01476622937684703
EIF3I (8668),-0.014763709294495442
KRT85 (3891),-0.014760270071681937
B4GALT6 (9331),-0.01475109925263236
ESRP2 (80004),-0.014744091385287232
MAGEB10 (139422),-0.014738759118447844
RRH (10692),-0.014735833183584872
SOS1 (6654),-0.01473040503759071
RLF (6018),-0.014730293282116199
MAGEA11 (4110),-0.014727482793098847
IFIT1 (3434),-0.014722879587500294
NPPA (4878),-0.014719013991040723
ZNF335 (63925),-0.014714191044214316
SYNC (81493),-0.014709125278094697
SYT14 (255928),-0.014699999741186217
OR10G3 (26533),-0.014693693488128717
WNT2B (7482),-0.01468262410483659
TMTC2 (160335),-0.014670071443739503
CDC40 (51362),-0.014661557357821323
HSF5 (124535),-0.014658842422853046
EDN2 (1907),-0.014658399709271295
PVRIG (79037),-0.014653629338422364
CHMP1A (5119),-0.014650287068911317
OR2B2 (81697),-0.014640741534588433
TAC4 (255061),-0.014632175371551981
FCER1G (2207),-0.014630383042172259
TESC (54997),-0.014627079278631798
TEKT1 (83659),-0.014618601023906466
BNC2 (54796),-0.014617053184783936
GABARAPL1 (23710),-0.01461494714700008
LGI4 (163175),-0.014604414409262911
PRPF6 (24148),-0.014600736209280204
TMPRSS15 (5651),-0.014594087295149863
DCBLD1 (285761),-0.014591605832921397
DTX2 (113878),-0.014586591801739142
TMEM9 (252839),-0.014582406293226154
ACOT6 (641372),-0.014580243786100454
OR14J1 (442191),-0.014576896864379341
E2F4 (1874),-0.014573335632501759
ADH1A (124),-0.014567491605698348
CABP7 (164633),-0.014564605616765636
SNTN (132203),-0.014557765711145363
PLOD2 (5352),-0.01454848804709525
MUS81 (80198),-0.014545467943548357
RGS17 (26575),-0.014544559582521707
VCPKMT (79609),-0.014538616323316619
POLR2F (5435),-0.014528944460583223
HARBI1 (283254),-0.01452466740416992
SLC9A9 (285195),-0.014521604117401303
PRL (5617),-0.014521195110045383
ERBIN (55914),-0.01451579049977396
ITGA7 (3679),-0.0145055314392003
DEFB110 (245913),-0.014500766352628215
DNAJC1 (64215),-0.014495124405300059
CENPP (401541),-0.014492053867601043
IL13 (3596),-0.014490068333391882
SPMIP7 (100130988),-0.014482878793133211
PROSER1 (80209),-0.014474746147991676
GALNT14 (79623),-0.014474518135368767
ABCC9 (10060),-0.01447090034630006
NDUFS6 (4726),-0.014469187328635388
DTWD2 (285605),-0.014468806549371403
SCN5A (6331),-0.01446655200330633
ENTPD5 (957),-0.01446556100489709
RNF139 (11236),-0.014444942390800675
NSRP1 (84081),-0.014439653661146626
WNT3A (89780),-0.014435817182843199
ZNF800 (168850),-0.014429773874728418
COX15 (1355),-0.014429185898506345
SLC16A10 (117247),-0.014429042702917633
IL4 (3565),-0.014428716718492097
CEP250 (11190),-0.014425244426776842
CPPED1 (55313),-0.014414950192251998
RILPL1 (353116),-0.01441250426436691
PXYLP1 (92370),-0.014408349189861318
USP4 (7375),-0.014395203080093084
SDK1 (221935),-0.014389385418367113
HIGD1A (25994),-0.014385573880117093
HMGCLL1 (54511),-0.01438394752507164
SCX (642658),-0.014383795170407701
STMN4 (81551),-0.014378671111683715
DIRAS2 (54769),-0.01437733756454699
TAAR2 (9287),-0.014372366809644889
ADAMTS13 (11093),-0.01437140125114763
CAPSL (133690),-0.014356604405448666
TMEM74B (55321),-0.014352947403036444
DHX40 (79665),-0.014352270280958573
MUC7 (4589),-0.014351164258586353
JPH4 (84502),-0.01435064718179118
CARM1 (10498),-0.014348275875516073
SLCO2B1 (11309),-0.014336119941953496
FGF18 (8817),-0.014327348338043484
CLEC1B (51266),-0.01432177511541846
ARMC3 (219681),-0.014316325210048365
AP4S1 (11154),-0.014315877159099214
GAD1 (2571),-0.014313328413317863
TLR1 (7096),-0.014313321405252263
SLC26A7 (115111),-0.014306029944496285
PVALB (5816),-0.014305402855629236
TSC22D1 (8848),-0.014304901838086522
TRIM44 (54765),-0.014303460338909942
ANKRD6 (22881),-0.014299130973132247
ITFG1 (81533),-0.014296914221050644
TRIQK (286144),-0.014296080757540424
SCIMP (388325),-0.014291821806175425
MIA2 (4253),-0.014285515259615284
DUSP15 (128853),-0.014282957683690228
NUDT15 (55270),-0.014269879987574325
ZNF433 (163059),-0.014247802818777475
RAB29 (8934),-0.01424656500290089
PCYT2 (5833),-0.014237507393174222
TTC21B (79809),-0.014227134908511794
CDCA7 (83879),-0.014226131810073112
LCNL1 (401562),-0.014219258721807564
RTKN (6242),-0.014215537974127525
AEBP1 (165),-0.014212649814524905
ACBD7 (414149),-0.014210328651437258
CUTC (51076),-0.014209335834440047
ZNF823 (55552),-0.01420859470641753
KLKB1 (3818),-0.014184438955097974
TDRD6 (221400),-0.014165784421181065
LIPF (8513),-0.01415425143043993
SERPINB9 (5272),-0.014147980002601982
BCOR (54880),-0.014146190599521047
ESCO2 (157570),-0.014139622509093166
METTL2A (339175),-0.014138190135299595
NADK2 (133686),-0.014132323784663059
SSUH2 (51066),-0.014131241277262955
DCDC2B (149069),-0.014123959491448769
AKAP8L (26993),-0.014115826077051804
CD200 (4345),-0.01410214181703435
ZNF449 (203523),-0.014092999268379865
FCRLA (84824),-0.014092340762411672
PLEKHG4 (25894),-0.014088581565251161
ELF5 (2001),-0.014082805893670908
RILP (83547),-0.014064228181666158
PXT1 (222659),-0.014060185651695069
NUP88 (4927),-0.014058724027289941
VAT1L (57687),-0.014052345561445186
IL37 (27178),-0.01405210592828494
CD300LB (124599),-0.014050272691182631
ARL6IP1 (23204),-0.014044322020381517
EBPL (84650),-0.014040879728311698
AHNAK (79026),-0.014040848727057522
CAAP1 (79886),-0.014030811841973535
ZNF254 (9534),-0.014020766351533667
PLK2 (10769),-0.01401197321746955
ARHGDIB (397),-0.014006351364744348
LYRM1 (57149),-0.01399422698954918
ACTR3 (10096),-0.013983795465355399
GNAI3 (2773),-0.013982236900096975
EFCAB9 (285588),-0.01398187113383189
RAB15 (376267),-0.013975567046924077
SLBP (7884),-0.013972907830167221
TAGLN (6876),-0.013970836938909825
RTN2 (6253),-0.013970726695935319
ZBED6 (100381270),-0.013956336648097836
CRYBA2 (1412),-0.013943780245553403
PLXNA3 (55558),-0.013938383297360754
TMEM151B (441151),-0.01393730154144356
PURB (5814),-0.013932950028698193
PGR (5241),-0.013930343119637941
RPL13A (23521),-0.013928800311517331
SV2A (9900),-0.01392791735191417
ABAT (18),-0.013913463225780468
PPP1R3G (648791),-0.013899437162455158
ZC3H12C (85463),-0.013898423084721804
IFT57 (55081),-0.013897816770090981
HSD11B2 (3291),-0.013893318567566686
CALCOCO1 (57658),-0.01388910187401918
RASL10A (10633),-0.01388739530841324
MACROD1 (28992),-0.013883070299703953
FHL5 (9457),-0.013876909060699695
DMAC2 (55101),-0.013870702584883033
LBR (3930),-0.01386771997553108
ANKRD53 (79998),-0.013858628505988922
ZNF394 (84124),-0.013842286137163444
GPRIN3 (285513),-0.01383644120460262
GPD1 (2819),-0.01383498381210664
EXOC3L2 (90332),-0.013828753425430896
DUS4L (11062),-0.013821600874698515
DNAAF5 (54919),-0.013815295436472055
SMARCA1 (6594),-0.01378513662792431
SPATA4 (132851),-0.01378121097490286
ADGRG1 (9289),-0.013776804486324568
TMEM38B (55151),-0.01376248010640445
ZNF703 (80139),-0.013753224519946467
MAP3K13 (9175),-0.013750443720347932
SPESP1 (246777),-0.013750392604812546
MYT1 (4661),-0.013746415916354207
RANBP10 (57610),-0.013742707015159051
NPS (594857),-0.013730669546244726
LRRC25 (126364),-0.01371435764206597
KCTD20 (222658),-0.013712699364806664
LGALS9C (654346),-0.013709068352837936
ACTL9 (284382),-0.013708724013276215
SCN2B (6327),-0.013703258922127558
ADAMTS3 (9508),-0.013687081314199639
TRPV2 (51393),-0.013682386088321357
C1orf43 (25912),-0.01368174386981899
FAM209B (388799),-0.013677162034590545
PCDHGA10 (56106),-0.013677103839433193
PORCN (64840),-0.013676478292689226
ALOX15 (246),-0.01367572657095756
SLC5A6 (8884),-0.013658352392292584
DYNC1I1 (1780),-0.013654843177351541
TTC21A (199223),-0.0136533623548059
ST3GAL4 (6484),-0.013648918089890218
GRID1 (2894),-0.013644109883780101
TRIM11 (81559),-0.01363790459735337
SPATA24 (202051),-0.013635132102040641
TECRL (253017),-0.01362863211263367
GPR148 (344561),-0.013628377663901455
SLC35D2 (11046),-0.013625933506917837
SLC7A13 (157724),-0.013618447487303918
LARP1 (23367),-0.013615591923967179
SLC4A1AP (22950),-0.01361178630302386
CBY1 (25776),-0.01361053951951172
HLA-G (3135),-0.013610462734131443
BEX5 (340542),-0.01360321457795299
AVPI1 (60370),-0.013600974637590215
NRROS (375387),-0.01359181729713829
DPCD (25911),-0.013588958694559644
RWDD2A (112611),-0.013572677556681798
SYNE2 (23224),-0.01356916975223721
PHYKPL (85007),-0.013565725653933545
ZNF594 (84622),-0.013555618006829945
RAB3IL1 (5866),-0.01355466584568433
H2BC1 (255626),-0.013553388280974068
MZT2B (80097),-0.01354900108423208
ACR (49),-0.01354552536847138
STAC3 (246329),-0.01354159025114545
LYPD1 (116372),-0.013541171104264662
FNDC11 (79025),-0.013541087462209387
WFIKKN2 (124857),-0.01353703483295465
ABTB2 (25841),-0.013535381128725496
SYNE3 (161176),-0.013532191729731989
ARFGAP2 (84364),-0.013531223362912145
BCL9L (283149),-0.013529894005682693
CD244 (51744),-0.013524337579257932
DOT1L (84444),-0.013507413648255091
CIDEC (63924),-0.013505854318367974
AK8 (158067),-0.013505571639884383
CFAP144 (440585),-0.013504014608298436
SLC27A3 (11000),-0.013501655392278893
GNB2 (2783),-0.013499731406508666
CTH (1491),-0.013496420095677551
AWAT1 (158833),-0.013496220947107887
MMP7 (4316),-0.013491913961220502
ECHDC2 (55268),-0.013467605978279926
MUTYH (4595),-0.013464701661963622
RIT1 (6016),-0.013460699689189969
CRABP1 (1381),-0.0134606367075865
TAS2R16 (50833),-0.013459368946579583
FKBP7 (51661),-0.01345393388508076
COA7 (65260),-0.013448962629195777
SPMIP5 (143379),-0.013440563553626285
VEGFA (7422),-0.013425461886073214
MAPKAPK2 (9261),-0.013423607470599477
RNF41 (10193),-0.013423253625572406
CLIP2 (7461),-0.01341674635415955
AMN1 (196394),-0.013408301544780211
S100A11 (6282),-0.013401370172493845
SUSD5 (26032),-0.013389836109881457
ARR3 (407),-0.013387243286791934
TMPRSS11F (389208),-0.013381219760500513
APOBEC3C (27350),-0.013377548383196432
ANKRD42 (338699),-0.013373937034638263
ZNF257 (113835),-0.0133736313024025
SMTNL2 (342527),-0.01336027097284483
ELFN2 (114794),-0.013358934757079572
CFAP97 (57587),-0.013355178986200474
CCDC27 (148870),-0.013352242635400155
IFNA8 (3445),-0.013351583979989931
TEX47 (219557),-0.013330343525072948
NEK7 (140609),-0.013328141284031267
RSPH1 (89765),-0.01332738178733409
ZNF41 (7592),-0.013318222075017865
ASH1L (55870),-0.013301102305301194
TPM1 (7168),-0.01328735937416878
SPATA3 (130560),-0.013285491609042441
ENO3 (2027),-0.013283514740982435
MAST3 (23031),-0.013277340056820028
ACSM1 (116285),-0.013276560214804676
HTR2B (3357),-0.01327390562507986
CD300LG (146894),-0.01327211624403492
APOH (350),-0.01327180544610408
CHTOP (26097),-0.013247766928382308
OR13H1 (347468),-0.013240442679942918
ABI3BP (25890),-0.013237190213062723
TCF21 (6943),-0.01323037296341813
TACR2 (6865),-0.01322989922199726
PTP4A1 (7803),-0.013228695641656907
APIP (51074),-0.013223572205702609
GPALPP1 (55425),-0.013223423192156554
SERPIND1 (3053),-0.013217480412138022
OPRPN (58503),-0.013215810838771044
SLC15A4 (121260),-0.01321515158611128
ZNF417 (147687),-0.013212869318002616
VAMP2 (6844),-0.013212421428337102
EHD2 (30846),-0.013212098016872193
MIA3 (375056),-0.013207549913475555
GNRHR (2798),-0.01320554325249778
IRX1 (79192),-0.013205108363000347
FOXE1 (2304),-0.013198926652291314
VTI1A (143187),-0.013191877076817977
NQO1 (1728),-0.013189666857838114
HEXB (3074),-0.013189438391002633
GTF2E1 (2960),-0.013185443633458135
GRIN2B (2904),-0.013177671378313162
ZBTB26 (57684),-0.013176949807477393
TMEM174 (134288),-0.013173889097920385
SBF1 (6305),-0.013172716097330462
ZBTB12 (221527),-0.013167047891707358
ARHGAP4 (393),-0.01315820816716708
TLR6 (10333),-0.013154591583875814
FERD3L (222894),-0.013153555818903078
COX7B (1349),-0.013149457153204668
DEFB123 (245936),-0.013147339229825878
MTHFSD (64779),-0.013136462705506485
TMEM245 (23731),-0.01311305742297374
SLC35D3 (340146),-0.013111073148127051
OR4C12 (283093),-0.01310094167916923
TMEM235 (283999),-0.013098964602952427
KIF26B (55083),-0.013097522929404479
TBX3 (6926),-0.013077964303490449
TMPRSS11A (339967),-0.013077861797090425
CYSLTR2 (57105),-0.013077681744143314
ELP2 (55250),-0.01307545997626395
GPR137B (7107),-0.01307098446301754
SLC7A3 (84889),-0.013061567881535362
HKDC1 (80201),-0.013052720006612624
SST (6750),-0.013052603003690063
RNASE11 (122651),-0.013049016579874265
KRT10 (3858),-0.013046023428621958
RASIP1 (54922),-0.013044279728975068
SCAF1 (58506),-0.01303410340394301
HLA-DOB (3112),-0.013033300359338026
USP40 (55230),-0.013015023641710623
DNAJA4 (55466),-0.013008166696986333
LGR5 (8549),-0.012992062485233906
PEMT (10400),-0.012981021131933296
SNX3 (8724),-0.01296602304392891
RGS11 (8786),-0.012960532829934543
CDH3 (1001),-0.012957991289584107
SSH1 (54434),-0.012952119682576386
IRAK1BP1 (134728),-0.01295017840983102
KRTAP20-2 (337976),-0.0129465371382234
PDK1 (5163),-0.012939543222476773
PLA2G5 (5322),-0.012936791870046852
EPO (2056),-0.012929399098468809
FAM117B (150864),-0.012924739452844121
TEAD1 (7003),-0.012915496884926759
CCDC85C (317762),-0.012909502206522335
UPP1 (7378),-0.012903631121850872
EML6 (400954),-0.012886476060271844
SYCP2 (10388),-0.012883847004685896
NDRG1 (10397),-0.012883099098480217
VPS29 (51699),-0.012882333032141698
RNASEH1 (246243),-0.01287684684239739
SELENOV (348303),-0.012868901798401387
RPIA (22934),-0.012862853677010365
KIF9 (64147),-0.012861142852976331
AVPR1A (552),-0.012858729353583714
PDE9A (5152),-0.012851826262559754
ZP4 (57829),-0.012850520829931874
FGF22 (27006),-0.012848539328086783
BCHE (590),-0.012835283835637116
ZNF395 (55893),-0.012826596797568441
SLC25A42 (284439),-0.01281622320755705
DCLK1 (9201),-0.012814974581717063
UTP20 (27340),-0.012813544210496665
XRCC2 (7516),-0.012802418159413038
PCDHB6 (56130),-0.012802014201397994
PSG11 (5680),-0.012795302426650742
CNTN5 (53942),-0.01279211796020589
IGLL5 (100423062),-0.012790170970827826
DAP (1611),-0.01276499320685202
PTCHD1 (139411),-0.0127577638582849
COX6B2 (125965),-0.012748841063747561
SYCP2L (221711),-0.012748693499236905
MAN2C1 (4123),-0.012746442288503409
MOCS1 (4337),-0.012740228490169155
FBXO40 (51725),-0.012739128346851288
PEX3 (8504),-0.012738825321020818
DDHD1 (80821),-0.012720902180738578
MFAP2 (4237),-0.012714308355317486
C5orf52 (100190949),-0.012709899400075041
ZNF597 (146434),-0.01270351609966622
PNKP (11284),-0.012700040396813325
CD2 (914),-0.01269953211492428
CCL14 (6358),-0.012694920607151947
FRMPD2 (143162),-0.01268634503035479
SETBP1 (26040),-0.0126827041379292
POLQ (10721),-0.01266894454146674
CSNK1G3 (1456),-0.012664986765977493
ZPLD1 (131368),-0.012661675391862314
FOXJ1 (2302),-0.012648391541490113
MBD3L1 (85509),-0.01263718636287392
CCKAR (886),-0.012637078236361586
FAM228A (653140),-0.01263308761748787
RPUSD2 (27079),-0.012626061222463023
PRPF40A (55660),-0.012621227467675475
OMA1 (115209),-0.01261961227380831
NPY5R (4889),-0.012618564538806264
SLC15A1 (6564),-0.012611994272620525
OLFML2A (169611),-0.012596459818512644
HLA-DRB1 (3123),-0.012595313316516235
KRT28 (162605),-0.012594399477369596
PRKD1 (5587),-0.012593231452397316
PCSK1N (27344),-0.01259151598058318
AGPAT5 (55326),-0.01258373050272841
CDH7 (1005),-0.012583168100717626
NFIA (4774),-0.012581067757398026
FANCI (55215),-0.01256637495772361
PDE11A (50940),-0.0125531516363424
DMRT3 (58524),-0.012534288016992967
TTR (7276),-0.012532695298119985
H2BC3 (3018),-0.012526146165548068
FCGR2B (2213),-0.012512568648963291
FSD1 (79187),-0.012511500456726601
LMOD1 (25802),-0.01250482417695659
TMPRSS11E (28983),-0.012503939442384863
EBLN2 (55096),-0.012500216893731562
RGS10 (6001),-0.01248844563462951
GEM (2669),-0.012486330104023826
MALT1 (10892),-0.01248624430139542
CDKL2 (8999),-0.012483051836243068
NAPEPLD (222236),-0.012478263249241369
GPR37 (2861),-0.012477710876583994
FBXO24 (26261),-0.01247557834471787
DSC1 (1823),-0.01247080633334567
WTIP (126374),-0.012454320129264337
MRC2 (9902),-0.01245250047509132
C2CD6 (151254),-0.01244553391281679
SERPINB10 (5273),-0.012444948002524991
AMDHD1 (144193),-0.012440198007688568
S100P (6286),-0.012433005735431166
GCC2 (9648),-0.012424228931202538
KRT40 (125115),-0.012423196444125583
ENKUR (219670),-0.01241989001976716
UBR1 (197131),-0.012418725827481816
CDX1 (1044),-0.012412371840644757
BPIFB3 (359710),-0.012405381153910414
TBC1D32 (221322),-0.012399494916361208
ZUP1 (221302),-0.012396335929027943
SOX5 (6660),-0.012392810160244858
OR6P1 (128366),-0.01239196308080096
RAVER2 (55225),-0.012383725416142672
LRIG3 (121227),-0.012383027081524473
EN1 (2019),-0.012382765995955673
HS6ST2 (90161),-0.01236408287815937
ERI3 (79033),-0.012362096616703745
NLK (51701),-0.012358885839689877
PHTF1 (10745),-0.01235744784991779
P3H2 (55214),-0.012352099322057537
DHRS13 (147015),-0.012351146732956664
S100B (6285),-0.012348908880080282
SAR1B (51128),-0.012347072435243727
MARK3 (4140),-0.012346348047438008
OR2J3 (442186),-0.012338326715160523
IFT122 (55764),-0.012337740469087763
GRAMD2B (65983),-0.012337216207082011
OR7A5 (26659),-0.01233532869257917
CH25H (9023),-0.012324711919030083
RNF43 (54894),-0.012322459898384432
C5AR2 (27202),-0.012319761631584032
P2RY14 (9934),-0.012309125952845536
ARB2A (83989),-0.012296118497321765
UBE3B (89910),-0.012293720591270428
KCNH4 (23415),-0.012292245696149609
SERPINI1 (5274),-0.012289873114431488
PRTFDC1 (56952),-0.012284678530691059
DIO2 (1734),-0.012283994115415638
ANXA13 (312),-0.012283338105558931
PCDHB15 (56121),-0.012275177856678025
ST8SIA3 (51046),-0.012272178343773631
ADAM21 (8747),-0.01226483450729668
FAM98B (283742),-0.012264233395370262
ZNF519 (162655),-0.012258314270282896
TTC23L (153657),-0.012255295267636869
PLPP4 (196051),-0.012248863155843236
XAGE5 (170627),-0.012246673103637954
SIGLEC12 (89858),-0.012241928801913425
GUCY2C (2984),-0.012229806367185151
IFT52 (51098),-0.012226300428026535
SIRPB1 (10326),-0.012222782819923268
UQCC2 (84300),-0.012216234977698644
ATP11C (286410),-0.012200497062291316
S100A9 (6280),-0.012195541675677204
BEST4 (266675),-0.012178442619006238
CAT (847),-0.012176678839709413
MRPS30 (10884),-0.012176386080696745
SLF2 (55719),-0.012168254177713608
FTMT (94033),-0.012163176728587398
SEMA3A (10371),-0.012158849397438474
PDK2 (5164),-0.01215776985711332
PKD2 (5311),-0.01215460200150902
SELENBP1 (8991),-0.012142638427077378
ZFPM2 (23414),-0.012138876251873059
ZCWPW1 (55063),-0.012137175512618833
PSG6 (5675),-0.012135628869763052
HS3ST4 (9951),-0.012124121152971384
LCN9 (392399),-0.012122863308418249
STMP1 (647087),-0.012112858951938515
LINGO3 (645191),-0.012110728605073208
GABPA (2551),-0.012108442428506202
TASOR (23272),-0.01210632707965134
SERPINI2 (5276),-0.012104525609322044
ATF1 (466),-0.012100454237009728
MRPL23 (6150),-0.012094139987774873
PCDHGB1 (56104),-0.012092468116065281
COLQ (8292),-0.012086926657331496
RAI2 (10742),-0.012085906606709221
LLCFC1 (135927),-0.01208206566896792
HGH1 (51236),-0.012079704859966149
CD40 (958),-0.01207912429770165
TRIM10 (10107),-0.012076771402604047
RAPGEFL1 (51195),-0.012074085908413773
TRMT2A (27037),-0.012070973892302418
MT1HL1 (645745),-0.012036641496777214
OGFRL1 (79627),-0.012022158904522264
OR5D16 (390144),-0.012017417268172039
HNRNPUL1 (11100),-0.012013561668429719
FAR2 (55711),-0.012010082391747057
RNF7 (9616),-0.0120055962021021
F12 (2161),-0.011999700962421042
PLIN3 (10226),-0.011999482030197656
KRT9 (3857),-0.011978073731909015
BTN3A3 (10384),-0.011976833611938405
ALDH3A1 (218),-0.011971160315043418
GPBAR1 (151306),-0.011955821317987551
NES (10763),-0.011955771969289939
ARHGDIG (398),-0.011951969344633813
TSLP (85480),-0.011945174192203166
TCP11L2 (255394),-0.011916385128604767
RWDD2B (10069),-0.01190313957245547
DOCK5 (80005),-0.011899903303640776
TMSB15A (11013),-0.011899244606208994
MAPRE3 (22924),-0.011898832844532395
BEND2 (139105),-0.011897509416432837
PGGHG (80162),-0.011893344584058009
UNCX (340260),-0.01188701432937874
CLTRN (57393),-0.011886802546113316
CASK (8573),-0.011884462084931307
OPN3 (23596),-0.011877943890455786
FLVCR2 (55640),-0.01187142831845751
ABCC1 (4363),-0.011866406089237188
NDUFS2 (4720),-0.011857828280570172
TFAP4 (7023),-0.011856028887002509
LDHC (3948),-0.011852950748261197
LARGE2 (120071),-0.011848834115297179
EGR3 (1960),-0.011843027598985648
BCL2L10 (10017),-0.011837499289245105
KLHDC8B (200942),-0.011819602001671193
PLA2G2F (64600),-0.011816059606309087
OR4D9 (390199),-0.011810092569283665
KLHL1 (57626),-0.011805387823507553
ZNF490 (57474),-0.011802943817415427
METTL24 (728464),-0.011789904425738048
PODXL2 (50512),-0.011781630242531036
CRACDL (343990),-0.011779698014889633
CER1 (9350),-0.011777842766565693
BAIAP2L1 (55971),-0.011755942927192795
GAS2L1 (10634),-0.011747602551263716
SEC14L4 (284904),-0.011722126736246495
AAR2 (25980),-0.011717971987861231
PLCG2 (5336),-0.011715342477204276
RTEL1 (51750),-0.011715257959087122
ACE2 (59272),-0.011711070170456101
ZNF675 (171392),-0.011710473282997087
PDPN (10630),-0.011705160452574932
PHF13 (148479),-0.011703039873428014
OTUD4 (54726),-0.011697804101305246
UTP14A (10813),-0.011689148838408048
CCT7 (10574),-0.011688019829488586
L3HYPDH (112849),-0.011679054048310177
AMD1 (262),-0.011678784072074806
PABPC5 (140886),-0.0116754535520808
OBSL1 (23363),-0.011672604888313641
HTRA1 (5654),-0.011670560654523396
FAM216B (144809),-0.011657474082009086
FBXO39 (162517),-0.011652045617888981
IQCA1 (79781),-0.011651111323241568
WDR87 (83889),-0.011646581575681091
GRIK4 (2900),-0.011638560979327965
HSPA4 (3308),-0.011623118172520827
HVCN1 (84329),-0.011623023881534442
DTX1 (1840),-0.011622652277781885
PLAC1 (10761),-0.011621079047113979
ZNF841 (284371),-0.011615872463184497
ZNF112 (7771),-0.011612402777740529
ZBP1 (81030),-0.011609086214481671
HNRNPAB (3182),-0.011608535782674298
GARNL3 (84253),-0.011608355462594838
ACSM4 (341392),-0.011607334267353647
NPFF (8620),-0.011605754412190557
C3orf22 (152065),-0.011605293585237632
FHL1 (2273),-0.011601598638390739
PROKR2 (128674),-0.011600929988869545
SLC7A14 (57709),-0.01159946427053482
PDXDC1 (23042),-0.011599113816774816
CHST7 (56548),-0.011599094527314079
STK31 (56164),-0.01159578489802592
TEX14 (56155),-0.011581980434739573
SMOX (54498),-0.011576491155194515
CCDC61 (729440),-0.01156856743091378
PPIL1 (51645),-0.011564748673285271
OR9A4 (130075),-0.01156447847204219
MELK (9833),-0.011548667702709823
OAZ3 (51686),-0.011540000663285437
TXNDC15 (79770),-0.011534908548934806
SYBU (55638),-0.01153056617412945
NR2C1 (7181),-0.011528339308637484
COG3 (83548),-0.011525822068277613
SPRED3 (399473),-0.011519771777741234
RNF122 (79845),-0.011516283431375425
GRAMD1A (57655),-0.011514346697983128
DDX51 (317781),-0.011504110515933518
COL4A6 (1288),-0.011498791242833154
GCGR (2642),-0.011496310270390463
PIWIL2 (55124),-0.011494531434218329
DLX1 (1745),-0.011493744053003655
YIPF3 (25844),-0.011459385083573134
EDDM3A (10876),-0.011459068417934225
KLHL28 (54813),-0.01145428859019402
IMPG1 (3617),-0.011450007657448906
MID1 (4281),-0.011445212421365973
SNRK (54861),-0.011444671117291756
KCNS2 (3788),-0.01142403641344979
HCFC1 (3054),-0.011419799612100942
FAM120C (54954),-0.011412360267865898
KRTAP4-8 (728224),-0.011406400188290597
ZFP1 (162239),-0.01139106283328245
MCUR1 (63933),-0.01137020403628014
MARCHF8 (220972),-0.011364452609489555
ELMOD3 (84173),-0.011360321049544332
ATP13A1 (57130),-0.011355984420038236
HLA-DOA (3111),-0.011353536463273998
URGCP (55665),-0.011352429513750796
CLDN4 (1364),-0.011349996266838674
ANGEL1 (23357),-0.011348033526805992
RHOH (399),-0.011337212091587324
TPP2 (7174),-0.011335142076424673
UTP18 (51096),-0.011333890054508782
LCE2B (26239),-0.011331295514569713
C11orf16 (56673),-0.011329526612145356
SPIN3 (169981),-0.011318865118600308
AP3M2 (10947),-0.011316282454318451
NEIL3 (55247),-0.011308348365936182
VGLL2 (245806),-0.01130555441511644
TMEM250 (90120),-0.011274497419411937
BRD9 (65980),-0.01127000116317453
TNFRSF10A (8797),-0.011268581437864432
INPP4B (8821),-0.011263242408469983
WASHC4 (23325),-0.011259839142228029
RNASE4 (6038),-0.011253803663525387
TRPC4 (7223),-0.01125340796979214
UNC5D (137970),-0.011233338638578531
CCL3 (6348),-0.01121774162681048
HCAR2 (338442),-0.011211000549330715
KLHL31 (401265),-0.011200839614124346
NELL1 (4745),-0.011198510344619538
BRK1 (55845),-0.011188913846277591
KCNK18 (338567),-0.011187937257832807
RBAK (57786),-0.011179711004057263
H3C2 (8358),-0.011177314638416029
UPK2 (7379),-0.01116849651957898
FAM210A (125228),-0.011163612719576218
KCNIP4 (80333),-0.011160437525070527
NPTX2 (4885),-0.01115595940328225
NUDT22 (84304),-0.01115248427080744
FDCSP (260436),-0.011149768498063168
NRAP (4892),-0.011148033823412394
SIX6 (4990),-0.01114118566464565
GATM (2628),-0.01114098825010898
PIGV (55650),-0.011140496726960585
LRRC19 (64922),-0.01113785467067193
ZNF665 (79788),-0.011135593131552964
GOLM2 (113201),-0.011131697651621484
G3BP2 (9908),-0.011128703400040104
KBTBD8 (84541),-0.011127166428356162
SLC35A3 (23443),-0.01112387954420287
ZNF706 (51123),-0.011111061297063575
PPAN (56342),-0.011109080078826904
NSMCE4A (54780),-0.011099110815279744
PPP2CB (5516),-0.011087355677476932
RAD51B (5890),-0.011086308321530321
FAM107A (11170),-0.011085962532458443
IZUMO1 (284359),-0.011085590620546367
PNLIPRP1 (5407),-0.011079132632192432
RABGAP1L (9910),-0.011071233255353299
FKBP11 (51303),-0.011055280971594018
MRFAP1 (93621),-0.011045769748486577
ZNF79 (7633),-0.011042751432051304
FBXL16 (146330),-0.011041572260060471
ERLEC1 (27248),-0.011032442602932454
ATP6V0A2 (23545),-0.011012923094475305
IQCF3 (401067),-0.011011730841977065
HIPK1 (204851),-0.011006477617549056
HDHD3 (81932),-0.011002893184956616
TAS2R50 (259296),-0.011001632902518143
AFP (174),-0.010981460298324818
HARS1 (3035),-0.010973199342073773
SNX8 (29886),-0.01096402718842013
TDO2 (6999),-0.010963890465288194
PCDH15 (65217),-0.010948760559329094
IP6K1 (9807),-0.010948243578745409
SHANK1 (50944),-0.01091732121674622
RSPRY1 (89970),-0.01090750903365183
TPSD1 (23430),-0.010897043258325505
TREML4 (285852),-0.010889424281426642
ODAD3 (115948),-0.010872855922539375
UPP2 (151531),-0.010871268600493448
CAVIN3 (112464),-0.01085890631028619
LINS1 (55180),-0.010855798789908165
PATJ (10207),-0.010853619294390925
NT5C (30833),-0.010850598908132265
FBXW12 (285231),-0.010847820286701285
FFAR2 (2867),-0.010844503073705472
HSPG2 (3339),-0.01083898030228194
C19orf47 (126526),-0.010831483086107967
GON4L (54856),-0.010827343014891761
PPT1 (5538),-0.010814861414556207
HLA-B (3106),-0.010809677946986125
TNK1 (8711),-0.010798550361706204
CAV3 (859),-0.010796822180364374
CGAS (115004),-0.010791384256265614
ZNF816 (125893),-0.01078650911969457
SNX16 (64089),-0.010770748426238302
PMFBP1 (83449),-0.010768284087305912
NDUFA10 (4705),-0.010757305630571656
MRPS15 (64960),-0.010756340736697328
DVL3 (1857),-0.010751262453232725
USP6 (9098),-0.010741125479102422
EPHA6 (285220),-0.010739983463022183
OPRD1 (4985),-0.01073732979791005
DECR1 (1666),-0.010735221319028987
COL12A1 (1303),-0.010735094889558632
ABCG5 (64240),-0.01073422196361266
ZFP69B (65243),-0.010729148115028647
SPINT3 (10816),-0.010729144704159192
BBS10 (79738),-0.010727643971771573
MIB1 (57534),-0.010716706313019925
TMEM86B (255043),-0.010701561732848301
CRLF3 (51379),-0.010694563975579715
KRT33A (3883),-0.010690140397383524
CYP2A6 (1548),-0.010675405195337228
ZNF740 (283337),-0.010675359330629405
ZNF354A (6940),-0.010670446501018626
SCGB1D1 (10648),-0.01066514177283153
ZNF845 (91664),-0.010653457119408384
VWA3B (200403),-0.010651202436178021
TEX26 (122046),-0.01064752529189151
COL5A1 (1289),-0.010644595000830367
DLX5 (1749),-0.010644254352428856
CCDC103 (388389),-0.010642239001825657
ELMOD2 (255520),-0.010637010019101896
PHKA1 (5255),-0.010635025117904916
FGF1 (2246),-0.010622611460119254
AIMP1 (9255),-0.01061623704120996
IFNGR2 (3460),-0.010614083575622813
GRHL1 (29841),-0.01060012211848043
GPC5 (2262),-0.01059229025545812
CDKN2B (1030),-0.01059218455910872
CC2D2B (387707),-0.010588235541740253
ARSF (416),-0.01058704818006401
SLC37A1 (54020),-0.010584460637845683
GPR158 (57512),-0.010583822778150133
MSANTD1 (345222),-0.010582550556983261
GABRA4 (2557),-0.01057850225329897
DAB2 (1601),-0.010572401064408491
ZNF711 (7552),-0.010569676057519965
ANK3 (288),-0.010568061585520245
TRIM58 (25893),-0.010565375766407648
GLYCTK (132158),-0.010555658715372498
UBE4A (9354),-0.010551864046800478
NIPBL (25836),-0.01054878003451628
TMEM186 (25880),-0.010543932238219268
RPTN (126638),-0.010529963921205372
KRT74 (121391),-0.01052469258398581
IPO5 (3843),-0.010524024777847175
DCTN5 (84516),-0.01051807844051886
SNX33 (257364),-0.010514154050749881
OR5T3 (390154),-0.010511446558686487
CMTR2 (55783),-0.010510135297943948
REX1BD (55049),-0.010507279744748231
C6orf58 (352999),-0.010506922211427358
ZSCAN32 (54925),-0.010504924871139994
ICOSLG (23308),-0.010498295043066371
POFUT1 (23509),-0.01049429242137168
MAFA (389692),-0.010494085702264674
TAS2R13 (50838),-0.010493747898664748
LIN37 (55957),-0.010493353684647969
SLC25A44 (9673),-0.010482917472724276
CANX (821),-0.010482322003525
TBCK (93627),-0.010481487219369244
IWS1 (55677),-0.010480122734531442
BORCS8 (729991),-0.010466393728806485
SPINK5 (11005),-0.010459954659641538
MTR (4548),-0.01044896046478998
TMEM43 (79188),-0.010443737962700818
BDKRB2 (624),-0.010439653181903537
IL1F10 (84639),-0.010438742008782254
EHD4 (30844),-0.010430975315886253
ZNF35 (7584),-0.010423402386688473
LGALSL (29094),-0.010423165049027282
SAXO2 (283726),-0.01041945491379335
RNF185 (91445),-0.010418495862236156
MAS1 (4142),-0.010410460440992277
RBM23 (55147),-0.01040525523968225
MBD6 (114785),-0.010402541670094557
ADARB2 (105),-0.010399857792026639
N4BP2L2 (10443),-0.01039585658304666
SIPA1L1 (26037),-0.01039314083727533
MFGE8 (4240),-0.01039269814019822
QRICH1 (54870),-0.010388855069772333
CHID1 (66005),-0.01038686954269947
NTAQ1 (55093),-0.010384176661395695
IL19 (29949),-0.010382720182829699
MRPL27 (51264),-0.010382315847956236
ZNF169 (169841),-0.010381142219652011
OR1D5 (8386),-0.010378237276652075
DNAI7 (55259),-0.010376754680472246
DEF8 (54849),-0.010370591757474722
NIBAN2 (64855),-0.010366299487307551
SART1 (9092),-0.010363028739311216
RLIG1 (91298),-0.01036272228484329
RGS12 (6002),-0.010358088210712038
CEP70 (80321),-0.01034524250260252
UBE2J2 (118424),-0.010336769621563534
PRSS22 (64063),-0.010334269271699292
TMEM222 (84065),-0.010332070857764403
KRTAP21-3 (100288323),-0.010327463911827492
PSD4 (23550),-0.010325942097963505
LPAR3 (23566),-0.0103131247185879
BFAR (51283),-0.010312567016169175
EVI5L (115704),-0.010298847592034385
EFNA3 (1944),-0.01028927149816236
SMYD4 (114826),-0.010280640980235255
C5orf15 (56951),-0.01027909388973763
GSN (2934),-0.010274288990397264
SLC22A9 (114571),-0.010265006294475685
RHOBTB2 (23221),-0.010261870721045797
MYMK (389827),-0.010258675868265982
SRP72 (6731),-0.010258631732524948
CLN3 (1201),-0.010257078857785215
EPHX4 (253152),-0.010253818644004707
SULT1C2 (6819),-0.010251028596769983
AGMO (392636),-0.010232812664537298
DHX38 (9785),-0.01021341191770253
LETMD1 (25875),-0.01021241698479127
ANXA3 (306),-0.010208773133085223
PRKG2 (5593),-0.010208224226324558
TRIM31 (11074),-0.01020790842934832
LRRC49 (54839),-0.010199878439370565
ERGIC2 (51290),-0.010199871192255775
SLC5A10 (125206),-0.010197244551277511
ZFP90 (146198),-0.010196726421589166
OR6C2 (341416),-0.010188615219234243
SLC6A3 (6531),-0.010184347883953922
STRN4 (29888),-0.010183487067825882
LMBRD1 (55788),-0.010176144248253565
PI3 (5266),-0.010173066481965308
TNFAIP6 (7130),-0.010161045418487157
ALDH1A2 (8854),-0.010156432081554078
FGL1 (2267),-0.010154829264042884
LKAAEAR1 (198437),-0.01013789875718459
EDN1 (1906),-0.010130779894016869
PIGW (284098),-0.010123352141619404
GIT1 (28964),-0.01012114354715216
OR5P3 (120066),-0.010115275895799827
IL25 (64806),-0.010113017063735259
OPN4 (94233),-0.010103699957468813
FKBP14 (55033),-0.010103090344510247
LRMDA (83938),-0.010102509654944839
HDX (139324),-0.010096140212225463
FST (10468),-0.010087644256979472
KNCN (148930),-0.010080704656059722
ZNF704 (619279),-0.010077012463396012
KLHL42 (57542),-0.010072063839610883
DPPA2 (151871),-0.01005566831251113
LRRC10B (390205),-0.010053676163524547
USP29 (57663),-0.010052523933004435
SLAIN1 (122060),-0.01003286616844059
ZSCAN25 (221785),-0.010028852354566029
VAMP5 (10791),-0.010025261070279512
C6orf15 (29113),-0.010021988098371688
ZNG1B (150472),-0.010015579625542437
EID2 (163126),-0.010006115858887228
LZTR1 (8216),-0.00996017518733817
FTSJ1 (24140),-0.009951422170503453
CTPS2 (56474),-0.009946030976218675
ATP1B4 (23439),-0.009937562734578171
OR56A3 (390083),-0.00993654275218394
GREM1 (26585),-0.009934259845163206
PLAG1 (5324),-0.009932357067163784
DZANK1 (55184),-0.009922880133980377
RO60 (6738),-0.00992166374160868
INKA1 (389119),-0.009916514468480662
PCNX2 (80003),-0.009908009525433562
ZNF827 (152485),-0.009905813304921919
HYDIN (54768),-0.009903647616114621
SSTR3 (6753),-0.009902233461910236
PLAAT1 (57110),-0.00990111026576855
PHOX2A (401),-0.00989763962647543
VN1R2 (317701),-0.009894534417625871
TRIP12 (9320),-0.00988696668324901
NOLC1 (9221),-0.00988671026243629
TAF1B (9014),-0.009883793640574994
TLCD4 (148534),-0.009883288028949654
OR5B3 (441608),-0.009868519174523672
DQX1 (165545),-0.00985855929561191
KRTAP13-2 (337959),-0.009858394975578798
ARRDC5 (645432),-0.009851948022763884
MEA1 (4201),-0.009851099806276208
VPS41 (27072),-0.009847096904205009
FAM47E (100129583),-0.009838328970285037
COLGALT1 (79709),-0.00983336132264507
PTAFR (5724),-0.009829504086584544
CFL2 (1073),-0.009819013209089972
LZTS2 (84445),-0.00981502612876613
TAOK2 (9344),-0.0098136460362283
RPP14 (11102),-0.009812482316939396
FAM120A (23196),-0.009810381211264922
SPATA22 (84690),-0.009809447815939362
CREBL2 (1389),-0.009806892182369024
PAN3 (255967),-0.00980641650933825
AP4M1 (9179),-0.009804440964704465
KRTAP3-2 (83897),-0.009803450890515486
TRAK1 (22906),-0.009800533994151622
IQCK (124152),-0.009799515634386894
POTEE (445582),-0.009798159016833586
NLRP12 (91662),-0.009796978031685027
KRT24 (192666),-0.009793983677999484
SCMH1 (22955),-0.009792026532930768
WASF2 (10163),-0.009790722001570606
FBXO32 (114907),-0.00978443322160332
CPO (130749),-0.009780699909225855
OR51L1 (119682),-0.009779160187056548
ACIN1 (22985),-0.009775113884477792
MYO1F (4542),-0.009774869140371668
SLC6A5 (9152),-0.009771426283555542
ADORA2B (136),-0.00976718294045985
CPA2 (1358),-0.009764864299516045
ELF4 (2000),-0.009758032896782695
TPST1 (8460),-0.009755724851888593
SLC16A14 (151473),-0.009754817970455175
RPS6KA6 (27330),-0.009742481882669407
VEPH1 (79674),-0.00973986963899952
JMJD6 (23210),-0.009736878576247601
DNAJC12 (56521),-0.009733556282255336
PTPRK (5796),-0.00973295895890802
ZNF488 (118738),-0.009732950762138204
BRINP2 (57795),-0.009725955474866089
C12orf60 (144608),-0.009719466738180334
CAPZA2 (830),-0.009718465201424777
DSN1 (79980),-0.009717762683482891
CEP15 (57415),-0.009711708445023948
NDUFAF6 (137682),-0.009707449645740404
CHD9 (80205),-0.009702215151474163
ITLN1 (55600),-0.009689044120766814
GADD45A (1647),-0.00968601129953369
RANBP3L (202151),-0.00968133933244346
SMCO2 (341346),-0.009679363943715973
LRFN3 (79414),-0.009676408350160341
GALNS (2588),-0.00967376052071542
C5orf58 (133874),-0.009671818743177806
SPATA13 (221178),-0.009659002886758701
SH3PXD2B (285590),-0.009657712984060346
LINGO1 (84894),-0.009656561128854133
SEL1L (6400),-0.009655454608182557
C5orf24 (134553),-0.009654491685090817
VSTM1 (284415),-0.009653245445559927
OAF (220323),-0.009652651759841398
GGCX (2677),-0.009652523613463122
TNIK (23043),-0.009649255183540924
NKX6-1 (4825),-0.009644331596967303
MSL2 (55167),-0.009641232460157247
SAYSD1 (55776),-0.009635487629483904
MANBA (4126),-0.009635048711800504
GPATCH2L (55668),-0.009626708572776217
ZSWIM1 (90204),-0.00962555465911825
STIM2 (57620),-0.009620672722830959
PCLO (27445),-0.009620003664515044
RNF149 (284996),-0.00961672798085532
ARRB1 (408),-0.00961347077702651
TTC32 (130502),-0.009612232432390878
BRD8 (10902),-0.00961049289941406
PGAP3 (93210),-0.009604184739948984
GBP1 (2633),-0.009599500525025784
ZNF300 (91975),-0.009597210503359902
SNX22 (79856),-0.009593289878171945
ZNF736 (728927),-0.009590238404117806
DUOXA2 (405753),-0.009582193820655564
LIN28B (389421),-0.009581670860982171
IQCH (64799),-0.009578664183931853
BCAT2 (587),-0.009572098443110843
LAYN (143903),-0.009571015166506717
AHI1 (54806),-0.00956571933159047
EIF4E1B (253314),-0.009555518912923113
LEP (3952),-0.00955299928823639
KANSL1L (151050),-0.009548346372500337
ZBTB7B (51043),-0.00954451200001259
PTH2R (5746),-0.009539414634997885
AHCYL2 (23382),-0.009532626948647661
SYT10 (341359),-0.009528961398367715
HYAL4 (23553),-0.009527371240536599
MEP1B (4225),-0.009519681415083197
HADHB (3032),-0.009503696285330012
TFPI (7035),-0.00950356243137629
ASB14 (142686),-0.009495711016400225
FANCC (2176),-0.009489153319344804
MYH15 (22989),-0.009486667795903885
ICAM4 (3386),-0.009482365451250077
ZNF330 (27309),-0.009468978083415229
PSMB9 (5698),-0.009455425670200622
SFN (2810),-0.009455260334379576
TMEM143 (55260),-0.009433377802165676
NR2F6 (2063),-0.009432297824887316
IRX3 (79191),-0.009430399393928203
DIRAS1 (148252),-0.009429899243868499
ADGRL2 (23266),-0.009429300231052401
COL14A1 (7373),-0.009419860753517072
AASS (10157),-0.009419188660929832
WDFY3 (23001),-0.009416741255075014
FBXO47 (494188),-0.009416184423657832
CCDC152 (100129792),-0.00941370376933329
MOSMO (730094),-0.009402650029605003
PACRGL (133015),-0.009394033608512419
TAF4B (6875),-0.009389406335984923
BHLHE22 (27319),-0.009380688625698286
TOMM6 (100188893),-0.0093739769856597
XAGE3 (170626),-0.009369260266138655
SLC13A5 (284111),-0.009362867012851871
HERC4 (26091),-0.009360947112742993
ARRDC2 (27106),-0.009336715103287242
RHOG (391),-0.009333900562755416
PHF12 (57649),-0.009331888739692719
CSAD (51380),-0.009324718948453893
LYSMD4 (145748),-0.009321517646889084
PRKCB (5579),-0.009316140286724563
ADARB1 (104),-0.009303883649335598
UTF1 (8433),-0.009296874226543241
TMEM221 (100130519),-0.009287117023878848
SLA2 (84174),-0.009280137519111772
RCOR2 (283248),-0.009278588672785184
B4GALNT2 (124872),-0.009274464913616335
TMPRSS7 (344805),-0.009273699902423936
ZNF846 (162993),-0.009266580118765529
GPR82 (27197),-0.009258172713022898
FMNL3 (91010),-0.009248796667609442
MOGAT2 (80168),-0.009243179503953973
NCALD (83988),-0.0092427442135355
SRPK3 (26576),-0.009241874119766054
HTRA4 (203100),-0.009233520053204582
SLC43A1 (8501),-0.009233181527839586
SLC35F1 (222553),-0.009231688871589512
TENT5B (115572),-0.009230705747998207
AGAP5 (729092),-0.009225032108132575
CYP7B1 (9420),-0.00922319844836025
PARP2 (10038),-0.009218790779067147
METTL23 (124512),-0.009218418605912694
KRT6C (286887),-0.00921777429778571
CYP2U1 (113612),-0.009214372807174439
AUH (549),-0.009208589254929088
ZNF81 (347344),-0.009203450691498919
NIN (51199),-0.009190577816285482
BLOC1S4 (55330),-0.009186188154941759
KCNG2 (26251),-0.009185642440286471
NCAM2 (4685),-0.009177261364076969
ABCG2 (9429),-0.009174353143295927
STH (246744),-0.009174284763344977
TAMALIN (160622),-0.009163845243746324
TNFRSF6B (8771),-0.009162197563484579
SPIC (121599),-0.009152403488061279
NFX1 (4799),-0.009149469838921353
SPART (23111),-0.00914486333242062
CKM (1158),-0.009144231356439741
THNSL1 (79896),-0.00913477469300809
LMNTD1 (160492),-0.00913371495977123
FYCO1 (79443),-0.009133561975745297
CDC20B (166979),-0.009130754106750672
HOXD1 (3231),-0.009125706460361035
CTAGE1 (64693),-0.009108280425860425
FGFR1OP2 (26127),-0.009094689496209741
XPNPEP1 (7511),-0.009093154358050061
TMEM26 (219623),-0.00908964213972274
MMRN2 (79812),-0.00908394308123697
APOL2 (23780),-0.009081632377468283
SLC5A12 (159963),-0.009078374313991378
SMAD6 (4091),-0.009064739555272459
TNS4 (84951),-0.009059396184517832
TRIM49B (283116),-0.009057998477877215
ABCA9 (10350),-0.00905749422982691
NIPSNAP3B (55335),-0.009050822960095867
BSPRY (54836),-0.009049819462029776
PCDHGA11 (56105),-0.009041869081280907
DKK3 (27122),-0.009041260112065897
UNC119 (9094),-0.009039698818319286
ERICH6 (131831),-0.009038127443077358
NMBR (4829),-0.009036959582833539
RUNDC3B (154661),-0.00902027218707155
MS4A13 (503497),-0.009018146010977415
LRRC66 (339977),-0.009015941047356672
OR6C76 (390326),-0.009010954974341193
MRGPRF (116535),-0.009008268754900739
GABRB1 (2560),-0.009004972225872602
HOXA9 (3205),-0.009004676206160548
NEUROG3 (50674),-0.009002783277991632
PAFAH2 (5051),-0.00899708253463166
PRKACG (5568),-0.008987826419527585
ARL4A (10124),-0.00898704169517853
CDKL1 (8814),-0.00898419405355777
EDC4 (23644),-0.008975725729898453
MAGEB3 (4114),-0.00897518959516087
ABRACL (58527),-0.008969039001572952
GPAM (57678),-0.008963213617593384
CYLD (1540),-0.008962390270603058
ACTRT2 (140625),-0.008954895187842758
DYNC2I2 (89891),-0.008951534812444695
LIPE (3991),-0.008946521528175351
SGK2 (10110),-0.008946038950347944
ZNF37A (7587),-0.008940393766976158
COQ8A (56997),-0.00893948326117319
MAB21L1 (4081),-0.008932304752060015
PTS (5805),-0.008929564726075475
ADAL (161823),-0.008918770296839932
APCDD1L (164284),-0.008918160688304247
ZAP70 (7535),-0.008916285905158423
EFNA5 (1946),-0.00891305071496645
GLYAT (10249),-0.008907441314530896
ZNF564 (163050),-0.008904967897471933
DNASE2B (58511),-0.008903887460825714
MEOX1 (4222),-0.00889936926966645
CSPG4 (1464),-0.008886319128644888
CASP4 (837),-0.008885805425616296
ZDHHC3 (51304),-0.008883077825548345
PLBD1 (79887),-0.008882126614442272
ST8SIA4 (7903),-0.008869462513145965
FGD2 (221472),-0.008863581578260437
SPANXB1 (728695),-0.008860340131245748
COL4A3 (1285),-0.008852711980362181
CLCN3 (1182),-0.008850949369547294
PRKCE (5581),-0.008844507818715508
RCC1 (1104),-0.008843103914629792
ITGB6 (3694),-0.00884178930098219
IFNA17 (3451),-0.008838903780783652
KLRC4 (8302),-0.00882140234817561
BRMS1L (84312),-0.008807645727306617
FAM220A (84792),-0.008806799055954898
MEOX2 (4223),-0.008805207493528606
CERS6 (253782),-0.008802374283363943
FATE1 (89885),-0.008801881751990955
SYCE1L (100130958),-0.008796602600037699
THSD7A (221981),-0.008792656783446103
CIAO1 (9391),-0.008792165451003621
RBM24 (221662),-0.008774540779225903
KRT26 (353288),-0.008772272671860995
DSCAM (1826),-0.008767764114231573
FANCB (2187),-0.008758838769332979
RGL2 (5863),-0.008752389225227945
EDA2R (60401),-0.008750261361342425
GPR137 (56834),-0.008737921717430415
GPR173 (54328),-0.008737365041434391
CCL7 (6354),-0.008737136726376438
ARMCX1 (51309),-0.008731545568468935
AMTN (401138),-0.00872782957416832
CUL7 (9820),-0.00870905410480176
ASXL1 (171023),-0.008695470525112088
CHI3L1 (1116),-0.008694157966715774
LGMN (5641),-0.008680782370725284
CLEC6A (93978),-0.008676565207090441
RNF14 (9604),-0.008670700909041136
APOL5 (80831),-0.008659706049912135
WDR49 (151790),-0.008654013437511087
TNC (3371),-0.008653821170986146
MDC1 (9656),-0.008653761538216906
TGFBR3 (7049),-0.008642923221984056
KLRG1 (10219),-0.008640867199699746
SYTL2 (54843),-0.008640757819011321
L1TD1 (54596),-0.008628139684231602
SANBR (84542),-0.008626330562244365
VPS13B (157680),-0.008618817084567371
DAG1 (1605),-0.008614823735010374
BRF2 (55290),-0.008614256341191062
ETV4 (2118),-0.008606224209094382
FBXO28 (23219),-0.008601286019405368
NME6 (10201),-0.0085985951872574
ENTPD7 (57089),-0.008597610769948099
SHMT2 (6472),-0.008592997504036129
SFRP1 (6422),-0.008589938421407366
ZNF287 (57336),-0.008584458974897926
SUPT6H (6830),-0.008584188174708117
SLC25A27 (9481),-0.008578288652090637
PCGF5 (84333),-0.00857464624021512
DIXDC1 (85458),-0.008573308527296397
COL8A2 (1296),-0.008565591172920453
TMEM35B (100506144),-0.008564020665120511
DLG4 (1742),-0.00856395265287156
GTF2H3 (2967),-0.008562089962718148
TLNRD1 (59274),-0.008560872853556455
KRT79 (338785),-0.00855082449639329
APOOL (139322),-0.008540190810679232
ZDBF2 (57683),-0.008536804172766619
SMPD3 (55512),-0.008521618889468804
MLN (4295),-0.00851789845648074
NTRK2 (4915),-0.00851434722872313
SELENOI (85465),-0.008511873082869837
WDFY1 (57590),-0.008511292721826547
SLC4A5 (57835),-0.008508930371575086
GNAT2 (2780),-0.008506655428653849
CPSF2 (53981),-0.00850539005077925
CYBB (1536),-0.0085003475005159
CBR3 (874),-0.00848907796698825
ACADVL (37),-0.008480356070589693
SLC35A1 (10559),-0.008473943357844311
VWA5B2 (90113),-0.00846703295631501
ATAD5 (79915),-0.0084588360695895
SRSF9 (8683),-0.008455610524255268
LMO2 (4005),-0.008445630376289284
COL22A1 (169044),-0.008442475348208621
SAMD9 (54809),-0.008437150784802923
CYP2S1 (29785),-0.008435138302151812
KIF17 (57576),-0.008431395713750416
NSMCE3 (56160),-0.00843118207222803
CLMN (79789),-0.008423601769781026
GOLGA4 (2803),-0.008413083604202332
CDHR4 (389118),-0.008412100872623042
ARHGAP20 (57569),-0.008411045241404201
MAN2A2 (4122),-0.008406099993383317
IQSEC1 (9922),-0.008404700227528976
C8orf48 (157773),-0.008398240384769013
MS4A10 (341116),-0.008395784893891138
LRRTM4 (80059),-0.008393842297994485
SLC44A3 (126969),-0.008390171269996395
OR2T6 (254879),-0.008386133580953595
CDC42BPB (9578),-0.008379337898488898
SMDT1 (91689),-0.00837732241807053
MSMO1 (6307),-0.008369769368050572
CSF3R (1441),-0.008369585477987744
OR8D4 (338662),-0.008365500753606425
PRMT2 (3275),-0.008360678358412029
MPLKIP (136647),-0.00835366028325673
ROPN1B (152015),-0.008349815227330117
SLC2A5 (6518),-0.008345100908538197
LEMD2 (221496),-0.008343206537909494
FAM81B (153643),-0.008341094063105754
ANKRD13A (88455),-0.008324550280792325
SHPRH (257218),-0.008317690316236971
HYOU1 (10525),-0.008312853253221867
GRP (2922),-0.008306624913431739
FASTK (10922),-0.008304606400884108
NGB (58157),-0.008304340869597417
RERGL (79785),-0.008302450050599392
DRAM1 (55332),-0.008301104455455972
CES5A (221223),-0.00829905508868559
TMCO2 (127391),-0.008296591521796485
UBXN7 (26043),-0.00829294765820467
CERS2 (29956),-0.00829070588432777
BTG1 (694),-0.008289672159881144
ZNF528 (84436),-0.008281125366342575
TAAR1 (134864),-0.008274621618572123
RSPO1 (284654),-0.008266263823401258
MXD4 (10608),-0.008263728899713147
RALY (22913),-0.008263364577259015
MYO1B (4430),-0.008262727915836989
UHRF2 (115426),-0.008259032078349092
HMGXB3 (22993),-0.008256558202334334
ARID4B (51742),-0.00824458021528373
ANTXR1 (84168),-0.00823626772996275
TTLL7 (79739),-0.008236033539321222
TYSND1 (219743),-0.008231821813598605
LRRC7 (57554),-0.008227566456647342
ACTRT3 (84517),-0.008223554239715863
AMPH (273),-0.00820641282750007
FUT6 (2528),-0.008191487773658511
BNIPL (149428),-0.008161354871635365
C2orf66 (401027),-0.00815908981431725
SLC39A1 (27173),-0.008137241280763258
VPS35 (55737),-0.008132336998184454
KRT37 (8688),-0.008124126979377335
ACADL (33),-0.008122487854656647
TET1 (80312),-0.008121025212121458
SPTSSB (165679),-0.008099330145840973
SLC38A7 (55238),-0.008092632671454965
LRRC31 (79782),-0.008090008037038353
B3GLCT (145173),-0.008087032110594123
CYP2W1 (54905),-0.008083257081478064
PSMB11 (122706),-0.008082858874451737
ISM2 (145501),-0.008081105231929061
DUSP6 (1848),-0.008080922728620408
PRDM16 (63976),-0.008075086552014749
IQCF2 (389123),-0.00807394514101478
RAPGEF5 (9771),-0.008070181478370296
UBA1 (7317),-0.008066609403760404
ZNF223 (7766),-0.008065232789631324
WDR5B (54554),-0.008058783358879522
HSPB3 (8988),-0.008055970216379542
PAGE5 (90737),-0.008047410015315963
CR2 (1380),-0.008036812234027906
PUS7 (54517),-0.008031286922479824
TMEM63B (55362),-0.00802755413233516
LY86 (9450),-0.008012091746715367
ZNF556 (80032),-0.008011428957251073
ZBED3 (84327),-0.008008684056995192
PLAAT3 (11145),-0.008007825057317824
ZNF774 (342132),-0.008001511250795248
GLS2 (27165),-0.007995176542451552
PRX (57716),-0.007991968709823483
GNG3 (2785),-0.007978788412052858
TMCO4 (255104),-0.007976308637325947
IER2 (9592),-0.007976092414893606
SH2D5 (400745),-0.007974802056722647
SCHIP1 (29970),-0.007972600200826253
EVA1A (84141),-0.00795472751864157
ATPAF2 (91647),-0.007954213900445043
MS4A5 (64232),-0.007953358950811545
CACNA1I (8911),-0.007952756033395205
IL17B (27190),-0.007947598565012913
C9 (735),-0.007939984348330396
CYP11B1 (1584),-0.007935030385343624
MLLT11 (10962),-0.007925661995705886
DHRS1 (115817),-0.007919556590673456
LRRC47 (57470),-0.007908689308506186
OR2W1 (26692),-0.007898189572694187
RALB (5899),-0.007881204519531306
LRRIQ1 (84125),-0.00787690713583953
IFNW1 (3467),-0.007875833996505158
ZNF101 (94039),-0.007865508752197896
UNC5CL (222643),-0.007860879192452456
ARHGAP10 (79658),-0.007849494797983343
RNF146 (81847),-0.007848456739406486
UCP1 (7350),-0.007845600407291452
NMUR2 (56923),-0.00784485182972006
KRT35 (3886),-0.007844084479704656
CYP20A1 (57404),-0.007840643153926567
NT5C2 (22978),-0.007827345101217572
LYG1 (129530),-0.007826406324335856
ADH1B (125),-0.007822413015022626
LGSN (51557),-0.007819154001071778
GBE1 (2632),-0.00781574947080209
TPH2 (121278),-0.0078053658812218644
NDUFAF4 (29078),-0.007803643154927952
TMEM144 (55314),-0.0078020399201384335
ATAT1 (79969),-0.007797780220902689
GIPR (2696),-0.007795942002096938
STAC (6769),-0.007795277836943291
CLDN17 (26285),-0.007790928303838907
ADAM19 (8728),-0.007788763408090908
MUC15 (143662),-0.007781607768977207
TDRD7 (23424),-0.007778199659910992
EPHB1 (2047),-0.007769249139884849
C2orf15 (150590),-0.007754957069499108
ZNF239 (8187),-0.0077536819089135765
ZNF610 (162963),-0.007753353445757983
AZI2 (64343),-0.007748931078287954
GNGT1 (2792),-0.0077094589358699716
RGS20 (8601),-0.007703047110320339
SMIM13 (221710),-0.007700264541167145
TANC2 (26115),-0.007697928559652404
MCCC1 (56922),-0.007697369975560523
ITGA8 (8516),-0.007694026571643785
ART5 (116969),-0.007692615254502475
KREMEN2 (79412),-0.007692253301106828
CADM2 (253559),-0.007684976503680302
DMRTC2 (63946),-0.007666263199572458
SLC39A8 (64116),-0.0076661365792961645
P4HA2 (8974),-0.00766595207966044
NFKBIA (4792),-0.007659452674630424
MEX3C (51320),-0.0076432567628137715
ZNF785 (146540),-0.007642533242457038
NUDT13 (25961),-0.00764233588284262
OR13A1 (79290),-0.007639193640098981
WNT6 (7475),-0.007623843510476127
SLC9C2 (284525),-0.007622781940245029
AWAT2 (158835),-0.007619332858356463
NIPSNAP1 (8508),-0.007616649917595804
CYP3A43 (64816),-0.0076161015197872455
PIMREG (54478),-0.007609561700214729
SERPINA6 (866),-0.00760955052260908
L3MBTL1 (26013),-0.007608608284005688
MFSD14A (64645),-0.007607834992797017
CACNA1C (775),-0.007605600399216531
TESPA1 (9840),-0.00760305648907507
RPRD1A (55197),-0.007600326042218463
SMIM11 (54065),-0.007595099609148864
FLRT2 (23768),-0.00758929607978533
ESRRA (2101),-0.0075888098428174185
RBMXL2 (27288),-0.007579662201738053
VANGL1 (81839),-0.00756442053559961
TAS2R30 (259293),-0.007564408900875659
RIC3 (79608),-0.007554294735898114
CFAP299 (255119),-0.007552547179661815
POU2F2 (5452),-0.0075392039564325984
NWD2 (57495),-0.007530852303995768
PPIF (10105),-0.007528272760580162
CYP11A1 (1583),-0.007526222334472126
EFCAB11 (90141),-0.007525361412673234
UGT3A2 (167127),-0.00752458802243572
PHAF1 (80262),-0.007522972349381033
ABCC2 (1244),-0.007519804907939549
TMCC2 (9911),-0.007519034524057113
QDPR (5860),-0.0075153930626885345
KCNIP3 (30818),-0.0075139903720443
DNAH14 (127602),-0.007497130252781399
IL1A (3552),-0.007495428634812109
NHERF1 (9368),-0.0074885150619303925
ARMH2 (101928603),-0.007479027300593464
TMEM39B (55116),-0.007467383299091047
SPACA4 (171169),-0.007467200806177792
NPAS1 (4861),-0.007460529243702575
PTPA (5524),-0.007454682157226018
OR52B6 (340980),-0.0074494472703839285
KDF1 (126695),-0.007448055974953209
SMNDC1 (10285),-0.007447205999759317
DPPA4 (55211),-0.007438644413311838
PRR5 (55615),-0.007436865758178031
LINGO4 (339398),-0.00743491326452759
TPBG (7162),-0.0074323432424326695
PLAGL1 (5325),-0.0074311791194357915
LY75 (4065),-0.007425306932492405
PCDHB3 (56132),-0.007423919670155822
TMEM171 (134285),-0.007420250969422551
PRDM2 (7799),-0.0074196826148068135
MYBBP1A (10514),-0.007406932805735216
GCNT2 (2651),-0.0074059114077293575
PCDHB2 (56133),-0.007404404235517725
PLAC9 (219348),-0.007395110346984595
PALS2 (51678),-0.007391716721997446
SARS2 (54938),-0.007390126399544412
EHD3 (30845),-0.007387288266628423
SH3BGR (6450),-0.007385219788182633
ANKRD36 (375248),-0.007385047236683505
ZXDA (7789),-0.0073647737136383895
LRGUK (136332),-0.007359439831985507
IFNAR2 (3455),-0.007358021013054777
CLUAP1 (23059),-0.007347673555754711
PCDHB14 (56122),-0.007337869354167387
DAP3 (7818),-0.007337263457838062
IL2RG (3561),-0.007335112708302226
AAGAB (79719),-0.007331266002706978
CRCT1 (54544),-0.007326152927669164
KLHL36 (79786),-0.007325224499423272
LCN15 (389812),-0.00732174420432643
RNF181 (51255),-0.007321521725704953
CBX6 (23466),-0.0073156796624628505
GFRAL (389400),-0.007305407171667333
SPINK9 (643394),-0.007300177627079365
TRPC6 (7225),-0.007299152468026423
CCDC117 (150275),-0.007295241084997597
TRIM69 (140691),-0.007289487676996246
TYRP1 (7306),-0.007288576196668645
MCUB (55013),-0.007278177831061985
ZNF778 (197320),-0.0072773654555245365
RECQL (5965),-0.007276006794715719
PHF20L1 (51105),-0.007265786876685263
RAD21L1 (642636),-0.007258806941710808
FRZB (2487),-0.007256275128746454
WWC1 (23286),-0.007249665029430332
C1orf210 (149466),-0.007230051705445158
DYNAP (284254),-0.007229897980087592
LY9 (4063),-0.0072282495790861895
MT1G (4495),-0.0072248976233956095
PTGR3 (284273),-0.007217724583450996
AMIGO2 (347902),-0.0072143625310202315
ZNF76 (7629),-0.007206799632037862
MGAT4A (11320),-0.007206526712709312
KALRN (8997),-0.007206439543680497
GSTM1 (2944),-0.007205483756466534
REXO1 (57455),-0.007197569827324085
APEH (327),-0.007189995602880848
ZNF609 (23060),-0.007188114490175767
NDFIP1 (80762),-0.007173306842335914
TMC4 (147798),-0.007165291938091874
IGFBP6 (3489),-0.007160916947452193
OR5H6 (79295),-0.007159314502056177
GOLPH3 (64083),-0.007157097255740059
NSUN5 (55695),-0.007149274230296461
FABP3 (2170),-0.007148300731372694
NKX2-5 (1482),-0.007144878371868766
DSEL (92126),-0.007141108929357321
INTU (27152),-0.00713904818751651
H2AC21 (317772),-0.007137471077238561
DNAJA3 (9093),-0.007136577975356469
GUCY1A2 (2977),-0.007136351338098635
IL36G (56300),-0.007133290180779342
EEF2K (29904),-0.007132914165554844
OR10H3 (26532),-0.007131209919893325
OR10A3 (26496),-0.007121550813039186
LRRC38 (126755),-0.007119965180712086
MTUS1 (57509),-0.007117790734286198
CPNE2 (221184),-0.007115331334320223
HEPH (9843),-0.0071064471831598
PUM2 (23369),-0.0071026582919942755
C2orf80 (389073),-0.007100596253316904
ATP5PO (539),-0.007098407128350916
SETDB2 (83852),-0.007093959861731752
FUT7 (2529),-0.007092026952390364
DIP2A (23181),-0.00709102417873823
SDHAF3 (57001),-0.007088043610397267
SLC39A12 (221074),-0.007086783863898214
PLA2G4D (283748),-0.007081695366208137
TANK (10010),-0.007075928220716689
TUBB2B (347733),-0.0070573211502026134
PCDHAC1 (56135),-0.007052394428125113
LCT (3938),-0.00703046258117635
XRCC4 (7518),-0.007027230493431857
SIAH3 (283514),-0.0070254294942854074
TLR7 (51284),-0.007024268177996895
EXTL3 (2137),-0.007018963595338729
KIAA1755 (85449),-0.007011809732981899
AFG2A (166378),-0.006999730270475299
CCNI (10983),-0.006973916890893041
SCGB1D4 (404552),-0.00697300111629963
NFXL1 (152518),-0.0069712760048214325
OR6C65 (403282),-0.0069661793985866085
PDIK1L (149420),-0.006964827478211328
FAM229B (619208),-0.006958921251373946
CLDN11 (5010),-0.006953861450832001
GPR153 (387509),-0.006953411994514969
RAB4B (53916),-0.006941132621801052
RHEBL1 (121268),-0.00693656470993191
FBXL12 (54850),-0.006934949381711316
PLOD3 (8985),-0.006933184407413923
VASN (114990),-0.006932348200598907
OR4X1 (390113),-0.006928212529682976
PEX14 (5195),-0.006925527701767438
SEMA5A (9037),-0.006917903251023279
PTGIS (5740),-0.00691563805115894
SPDYA (245711),-0.0069129088344267575
LDHB (3945),-0.00690108376209675
KCNK15 (60598),-0.006900363358806479
SLC12A7 (10723),-0.006896116885912586
VEZF1 (7716),-0.006890707147341664
CYP3A7 (1551),-0.006889911405443515
AMH (268),-0.006889113026489125
SPANXN5 (494197),-0.006877367460659425
CLYBL (171425),-0.006861033693560403
GALNT17 (64409),-0.006860067703243302
EEA1 (8411),-0.006859293027639214
KLK2 (3817),-0.006855707769706117
LYZL6 (57151),-0.006852863831166339
ALKBH4 (54784),-0.006834294959700066
TRPT1 (83707),-0.006833855018242852
FAM174A (345757),-0.0068332363832966795
DCDC2 (51473),-0.006827620600037313
BHLHA15 (168620),-0.006824333973404427
POLL (27343),-0.006811417392541584
ABCC8 (6833),-0.006806317105502153
FER (2241),-0.006789580987386108
ENHO (375704),-0.0067840397420284365
NRBF2 (29982),-0.006779149509036445
RELT (84957),-0.0067783695876502586
NPSR1 (387129),-0.006768710538433619
ZHX3 (23051),-0.006767482187331733
ANKZF1 (55139),-0.006765382814696194
OR4E2 (26686),-0.006761853162598463
DYNLT5 (200132),-0.006757296973386723
GPBP1 (65056),-0.006753594678927346
GABBR1 (2550),-0.006752981501733097
CST8 (10047),-0.0067495373583451625
ALKBH7 (84266),-0.006749321716964626
DLK1 (8788),-0.006747070029826672
BICDL1 (92558),-0.006738399784632729
NUMB (8650),-0.006736199942456304
KCTD10 (83892),-0.006735210256014872
TBC1D15 (64786),-0.006734922585062812
HUS1 (3364),-0.006707748127884413
CFAP95 (138255),-0.006691674192457298
CEP95 (90799),-0.006686704018981706
CHURC1 (91612),-0.006675952213554042
KCNA5 (3741),-0.006675837156769075
TSPAN14 (81619),-0.0066708365292505335
ARHGAP32 (9743),-0.006668426107030102
RAET1E (135250),-0.006656738606929923
VLDLR (7436),-0.006652566715862716
FOXO4 (4303),-0.006641092318364273
OR51A4 (401666),-0.006634306530792335
XYLT1 (64131),-0.0066337091513286916
TMEM229A (730130),-0.006618180407326581
DPEP3 (64180),-0.006610091624579936
AGPS (8540),-0.006608349282862766
FAN1 (22909),-0.006603396431070288
PPIG (9360),-0.006602687512124585
PI15 (51050),-0.006598534922052592
UBXN11 (91544),-0.006595149918493807
C9orf50 (375759),-0.006590333304150166
CLTB (1212),-0.006583012689085107
ATP11A (23250),-0.006578912396864817
QNG1 (84267),-0.006576927329473599
PARP16 (54956),-0.006569458808951883
COLGALT2 (23127),-0.006568994441188924
RRAS2 (22800),-0.006566344910070973
CLGN (1047),-0.0065606292144101495
HOXC12 (3228),-0.006559587985424762
CABP4 (57010),-0.006553700211519007
IL2RB (3560),-0.006552352889188206
MOGS (7841),-0.006545678139528708
SMR3A (26952),-0.006543039839777101
KCNJ11 (3767),-0.006537237500573079
ZNF730 (100129543),-0.006535999514106052
RSRP1 (57035),-0.006532364401864651
PSMD10 (5716),-0.006527769869642144
WDR59 (79726),-0.006525026601861452
MPP1 (4354),-0.006523458097893102
FNDC3B (64778),-0.006519544615652443
GPANK1 (7918),-0.006514231596524353
HSPB8 (26353),-0.006510981873721212
TPBGL (100507050),-0.0065084322706669175
OR6C70 (390327),-0.0064980607794359975
KRTAP13-3 (337960),-0.006495503211879024
IDNK (414328),-0.006495021629850479
MAMDC4 (158056),-0.006493268889393217
PIP5K1B (8395),-0.0064891087597392155
FAM25A (643161),-0.006487377614308522
BTBD17 (388419),-0.006483791637570615
FCSK (197258),-0.006476358327445199
SGCZ (137868),-0.006469420844528243
ARHGEF39 (84904),-0.006468853322606822
RAB3GAP1 (22930),-0.006467991332838049
RBM19 (9904),-0.006465110859438248
TSEN34 (79042),-0.006464389283642138
ADD2 (119),-0.00645096040329945
SPSB3 (90864),-0.0064457250104880915
SYNDIG1L (646658),-0.00644399751198095
SUMO4 (387082),-0.006428303072639235
DKK2 (27123),-0.0064281994698335565
TMEM184C (55751),-0.006427817499611592
SERPINB5 (5268),-0.006403378274172645
KCNJ14 (3770),-0.006403368153657863
ANK1 (286),-0.00639722217136634
TMEM231 (79583),-0.006396350547684835
GTF3C1 (2975),-0.006391139759091369
GRPR (2925),-0.006386418115624224
GDF11 (10220),-0.0063732951215962836
CCDC159 (126075),-0.006370616544346216
ANKIB1 (54467),-0.006368576829587204
ZNF600 (162966),-0.006345611156805263
WDR6 (11180),-0.0063323111245275005
FBXO38 (81545),-0.006331874853134071
H2BW1 (158983),-0.006330931406808419
RETN (56729),-0.006328025153670896
RNLS (55328),-0.006326800377388515
GPR12 (2835),-0.0063260401458597355
TMEM47 (83604),-0.006325276578353461
ITPRIPL1 (150771),-0.006324933768636623
CCDC169 (728591),-0.006323938933239953
MND1 (84057),-0.006322769774668651
PPP1R3A (5506),-0.006320200837290975
SPEG (10290),-0.006318723221439855
PIGG (54872),-0.006316132664049358
CRYZL1 (9946),-0.006315829867519039
TSPAN6 (7105),-0.006314610172585833
ITPRID1 (223075),-0.00630425309349309
ANKRD13B (124930),-0.0063008563941437945
PCBD1 (5092),-0.006295697213790042
PIGA (5277),-0.006293879769621423
OPRM1 (4988),-0.006293832240891305
KRTAP20-1 (337975),-0.00628786442077633
PUS10 (150962),-0.006285967524417383
TNFRSF8 (943),-0.006272039693777097
DEFB134 (613211),-0.006269880221091223
CHST10 (9486),-0.0062698242248022205
ADAM17 (6868),-0.006265634109009138
CLEC16A (23274),-0.006258417005064184
PHF2 (5253),-0.006256919365958522
CFAP91 (89876),-0.006256742255868416
SEMA4D (10507),-0.0062565825021208875
CARMIL1 (55604),-0.006252769498289685
GPCPD1 (56261),-0.006250289053093784
NKX2-4 (644524),-0.00624744001718723
DNAJC13 (23317),-0.00624608318454541
FYB2 (199920),-0.006245521529935607
ERICH1 (157697),-0.006245063198889311
ACCSL (390110),-0.006244892228788246
MRGBP (55257),-0.006244216718387947
TRAT1 (50852),-0.006241871793438896
TMPRSS6 (164656),-0.006239273759716256
HPS5 (11234),-0.006232960768950987
KLK15 (55554),-0.006222790039873679
ONECUT3 (390874),-0.00622076314136047
FNDC9 (408263),-0.006215627009283613
EAPP (55837),-0.006215406462392031
ITPA (3704),-0.00621394618562721
ODAD1 (93233),-0.006206596538655295
HMGXB4 (10042),-0.0062041331078916875
CCDC150 (284992),-0.006196871159797065
RIMKLB (57494),-0.006195121510935149
RAB13 (5872),-0.006191098510128986
TULP3 (7289),-0.006190658816197705
CRISP2 (7180),-0.0061840909113291065
YY2 (404281),-0.006182601907067247
MAP3K10 (4294),-0.006176936602923677
IGSF10 (285313),-0.006163790304848085
ZSWIM4 (65249),-0.006163550006507147
SPP1 (6696),-0.006159481161052901
ARHGEF28 (64283),-0.006157508747080162
NDST4 (64579),-0.006152670687106149
PIERCE1 (138162),-0.0061451843242927955
DOCK3 (1795),-0.006142945115703831
NCKAP5 (344148),-0.006139860394510565
EBLN1 (340900),-0.00613667118719428
ASPHD2 (57168),-0.006131241704102708
XRN2 (22803),-0.006121312584476722
MAGEA12 (4111),-0.006119967586023157
RNF220 (55182),-0.006118157371808767
BRINP1 (1620),-0.006114083471723945
KLLN (100144748),-0.006112279236671036
SP4 (6671),-0.00610791909380579
CPN2 (1370),-0.0060930694202848985
DENND2B (6764),-0.006092699043519344
HAPLN4 (404037),-0.006088555909737624
PAX5 (5079),-0.006087423894580079
MPZ (4359),-0.006087350220055473
ANGPTL2 (23452),-0.006086464128844536
AFF3 (3899),-0.006075611237789049
RSBN1L (222194),-0.006074760383994603
KATNAL1 (84056),-0.006074159138108477
SLC4A3 (6508),-0.006073796396390967
LRRC41 (10489),-0.0060682726489115265
CDK13 (8621),-0.0060671904156721305
TCL1A (8115),-0.006058871084166413
AQP6 (363),-0.006054200313025833
SLC26A9 (115019),-0.0060530410791714935
EXO5 (64789),-0.0060517317265036865
DBNDD1 (79007),-0.006036841401520258
HEY2 (23493),-0.006028450924081941
SH3BP4 (23677),-0.006021350853683245
HS3ST5 (222537),-0.006019360561453483
FUNDC1 (139341),-0.006013374337281916
HMGN3 (9324),-0.006010192468804638
MAPKBP1 (23005),-0.0060070764194125196
TCERG1 (10915),-0.006000104138726716
PHKA2 (5256),-0.005999486771993203
ZFAND4 (93550),-0.005998155165771079
TBX10 (347853),-0.005996513394432779
NAGPA (51172),-0.005993693844882386
HEATR5B (54497),-0.00599307438788216
SLC6A11 (6538),-0.005992479381985323
ASL (435),-0.005984435568148011
GRIK1 (2897),-0.005982452412298648
KIRREL2 (84063),-0.005981123239289946
KNG1 (3827),-0.005976709665898635
GZMB (3002),-0.00597069688562946
SKI (6497),-0.005966999345227415
ST8SIA1 (6489),-0.005963179100682944
AEN (64782),-0.005944769860789341
OR5M3 (219482),-0.005937653279844493
ZNF221 (7638),-0.005935695184328673
PTMA (5757),-0.005931999881573604
IFI27L1 (122509),-0.005927298713640437
ALX4 (60529),-0.005919131322603759
ARHGAP15 (55843),-0.005911496664676378
CAMSAP1 (157922),-0.005897953368757731
FBXL7 (23194),-0.005896670855382553
DPP10 (57628),-0.005888052379499358
CCDC54 (84692),-0.005886045223265248
PDE3B (5140),-0.005883310163488744
ARMC6 (93436),-0.005883081670033449
AKAP9 (10142),-0.005883055215503408
VKORC1 (79001),-0.005879913403759153
SORCS3 (22986),-0.00587506660475741
UBE2T (29089),-0.005851328098986844
CORO1B (57175),-0.00585076930038096
ZNF175 (7728),-0.005828867165385601
TCERG1L (256536),-0.005820092236742616
SLC25A16 (8034),-0.005813591577611354
HK1 (3098),-0.005813147190801
PDGFD (80310),-0.005805837720634969
POLD3 (10714),-0.005800647726954715
AKR1E2 (83592),-0.005800553412926744
PRR27 (401137),-0.005800263400602098
USP10 (9100),-0.005799681963761114
ME1 (4199),-0.005798709620263108
ST3GAL6 (10402),-0.0057982448828111975
KCTD18 (130535),-0.005793112765930466
ANGPTL1 (9068),-0.005792436596381719
NRXN1 (9378),-0.0057825631459870915
FOXG1 (2290),-0.005755832290594393
TMEM237 (65062),-0.005751428440219171
LRRC70 (100130733),-0.005748874387034335
RBP4 (5950),-0.005746931900284339
NRG1 (3084),-0.005742069763125709
GDI1 (2664),-0.005741102869953019
RRAD (6236),-0.005723073919247825
PRRX2 (51450),-0.005718108561550385
TUBA3E (112714),-0.0057106172278592
RNASE12 (493901),-0.005705690224002977
RHOXF2B (727940),-0.005701952678089909
PAX7 (5081),-0.005701847223956362
SYNE1 (23345),-0.0056951167465927426
CST9L (128821),-0.005693934681561096
OR1J1 (347168),-0.005693325535513494
AHRR (57491),-0.00568989807940537
SIPA1L2 (57568),-0.005681774179099838
IL17C (27189),-0.005673708402582061
KCNU1 (157855),-0.005669371946236009
NUDT19 (390916),-0.005664838411126589
OGG1 (4968),-0.005664495820702021
FJX1 (24147),-0.005663536778550747
COTL1 (23406),-0.005660979449211007
C22orf23 (84645),-0.005658138434619821
CRTAM (56253),-0.005654452265127865
ARNT2 (9915),-0.005649060319027274
CCRL2 (9034),-0.005636160155044773
TESMIN (9633),-0.0056283546138595295
PRDX3 (10935),-0.005624204225609238
OR2D3 (120775),-0.005613709577617212
CRX (1406),-0.005608415551482623
WIZ (58525),-0.005605238631620094
ARHGAP36 (158763),-0.0055990508791647275
UNC5B (219699),-0.00559726347201655
GHITM (27069),-0.005581544234155223
GDPD2 (54857),-0.005580143372222226
C22orf31 (25770),-0.0055758283517331675
RTP1 (132112),-0.0055753917219910545
GOLT1B (51026),-0.005575206223767901
CTSG (1511),-0.00556531583609269
DCAF12L1 (139170),-0.005550107172926115
FICD (11153),-0.00554979792470832
SPATA7 (55812),-0.005541332522788562
HLA-DRB5 (3127),-0.00553283957043524
CHRNB2 (1141),-0.005531527653921282
CEP85L (387119),-0.005529070836636279
ZNF160 (90338),-0.0055272206446514704
PXK (54899),-0.005519145957849442
CXCL13 (10563),-0.005517562972847694
TBC1D7 (51256),-0.005517313878705886
STX7 (8417),-0.005516118945528992
PXDNL (137902),-0.005516046464258874
SEPTIN6 (23157),-0.0054996784539171435
TBC1D2 (55357),-0.00549741481345103
SFXN4 (119559),-0.005494688771211249
C17orf49 (124944),-0.0054858397436609325
ZNF850 (342892),-0.005481866065727874
GALNT4 (8693),-0.00547660063279831
PARP1 (142),-0.005472396430972326
SLC25A24 (29957),-0.005466645834446112
ADCY10 (55811),-0.0054587756819656835
C1S (716),-0.005454069921701602
AIP (9049),-0.005442206813037604
SLC25A21 (89874),-0.005433047271245823
NDST3 (9348),-0.0054254899334309215
GLT8D1 (55830),-0.005420833983031498
TLR9 (54106),-0.005410948121908412
LCE3E (353145),-0.005395712946614054
TTLL2 (83887),-0.005389842041860262
RBM7 (10179),-0.005376475557762866
CCM2 (83605),-0.005362505950168051
GABRA6 (2559),-0.005360197357881092
BHLHE40 (8553),-0.00535633552334363
AGK (55750),-0.005356209040518193
B3GNT2 (10678),-0.005353023148524997
ADGRE3 (84658),-0.0053524996072642035
SH3KBP1 (30011),-0.00534527609430586
PARM1 (25849),-0.0053442458981745955
FBN3 (84467),-0.005343245857914621
FAM76B (143684),-0.005336464868656008
RPS27L (51065),-0.00533412654451173
TRAF3IP1 (26146),-0.005334020565464775
ZDHHC7 (55625),-0.0053311921113896
MTMR11 (10903),-0.005326913460383041
ZBTB9 (221504),-0.005302105133914287
TM4SF4 (7104),-0.005295248821553522
ADAM8 (101),-0.00528616390645062
INPP1 (3628),-0.005277191124947316
KCTD2 (23510),-0.005275252860438519
SGPL1 (8879),-0.0052648753436044145
ATAD2B (54454),-0.0052510253477955965
ATP6V1H (51606),-0.005239068929600577
INSYN1 (388135),-0.005233347156132824
EPM2AIP1 (9852),-0.005226018856255185
CRH (1392),-0.005219728925903922
ADAMTS16 (170690),-0.005218410724846596
LLGL1 (3996),-0.005209642853280868
TMEM244 (253582),-0.005208220583612416
MERTK (10461),-0.0052073146968888
NASP (4678),-0.005205158683228978
ZNF668 (79759),-0.0052030278928123525
CLDND1 (56650),-0.0052009637643729255
ZNF605 (100289635),-0.005198144489366483
PEX2 (5828),-0.005197175378460485
CAPN15 (6650),-0.005196326832696183
CDH24 (64403),-0.005182329863484303
ANP32A (8125),-0.005175070386245559
PNPLA8 (50640),-0.005173961933690286
FAHD1 (81889),-0.005168994022581613
GPATCH3 (63906),-0.00516102080660966
SCN4B (6330),-0.005157687353823945
SRCAP (10847),-0.005151799993065655
SHPK (23729),-0.0051474673717026385
PPM1E (22843),-0.005144172817141269
LYSET (26175),-0.00514349856040886
OMD (4958),-0.005134387310936134
LYSMD1 (388695),-0.00513304064555504
RABGAP1 (23637),-0.005130806494369315
GRAMD4 (23151),-0.005124625902711401
STK3 (6788),-0.005123102044405834
KBTBD13 (390594),-0.00512181359239552
KCNH7 (90134),-0.00512123836895569
CEACAM16 (388551),-0.005114542625556593
SAMD9L (219285),-0.005114254138729709
PSME2 (5721),-0.0051065484131916595
FUT10 (84750),-0.005087102449363487
GSTA3 (2940),-0.0050868579501784405
HMHB1 (57824),-0.005074500061196171
ZNF334 (55713),-0.005072127900019394
ATP2B2 (491),-0.0050701929762925
TBXA2R (6915),-0.005067705633499652
NAV2 (89797),-0.005063469958464064
COBL (23242),-0.00505535298753341
IL2RA (3559),-0.0050387752519298196
OCSTAMP (128506),-0.0050206013163218155
GDPGP1 (390637),-0.005014744322019924
SPOCK2 (9806),-0.004999973317549237
SCG5 (6447),-0.00499132619416758
YPEL4 (219539),-0.004987494181141141
THEMIS (387357),-0.004982153347088038
KDM4B (23030),-0.004982107716621293
ZCCHC3 (85364),-0.004981535124356991
OR4K17 (390436),-0.0049798387839473076
BTBD9 (114781),-0.004977047144278537
SRARP (149563),-0.004975176588235147
FDX2 (112812),-0.004960959460418395
OTUD1 (220213),-0.004948085603702301
ORC5 (5001),-0.004946254948534785
PPM1K (152926),-0.004943031030380907
IGFBP3 (3486),-0.004942759751585979
ZNF33B (7582),-0.004935834037889984
CHRND (1144),-0.004932287489508168
SERPINB2 (5055),-0.004932224767433934
SPATS2L (26010),-0.004915555955216611
TPM4 (7171),-0.004914270980927558
CDK15 (65061),-0.004911396592721797
CAMK2N1 (55450),-0.004910388620328951
LATS1 (9113),-0.004910335797257633
GIN1 (54826),-0.004909150681031194
C19orf38 (255809),-0.004906582314724739
DDX31 (64794),-0.004900351696375826
DNTT (1791),-0.00489992287418428
RALA (5898),-0.004885955850002676
EGLN3 (112399),-0.004883696620121998
TMBIM6 (7009),-0.004861851858794502
ZNF180 (7733),-0.004847501537397553
APOO (79135),-0.004845383938388283
TMED4 (222068),-0.004842404541968646
GALNT3 (2591),-0.00483668515204445
ENGASE (64772),-0.004827735616727424
ATE1 (11101),-0.004822394398948557
TNFSF10 (8743),-0.004809535599685168
LRRC55 (219527),-0.004807438321239941
VASH1 (22846),-0.004803735391255123
GJC1 (10052),-0.004802228627299102
DHFR2 (200895),-0.004801089458391634
MS4A2 (2206),-0.004799364547609438
RAX2 (84839),-0.00479571055182206
SRI (6717),-0.004787242150692129
AQP10 (89872),-0.004775708871792918
MTMR2 (8898),-0.004768407844988771
ADGRA2 (25960),-0.004768365181562757
HERC1 (8925),-0.004767604630435789
CPNE1 (8904),-0.00476561428495012
CFC1B (653275),-0.004750288789726047
CDHR2 (54825),-0.00474548113752225
GSG1L (146395),-0.004742933920000126
CNMD (11061),-0.004736807427173761
CALY (50632),-0.004733962900113518
NLE1 (54475),-0.004722169091275618
CABP5 (56344),-0.00470964958556693
KCNT2 (343450),-0.004706345055005677
TMEM207 (131920),-0.004694463884540214
STRIP2 (57464),-0.0046922614097610164
RIT2 (6014),-0.004692181400633891
OSMR (9180),-0.004690866327818185
ZBED4 (9889),-0.00468795629798232
FTL (2512),-0.0046856622138499605
LRRFIP2 (9209),-0.004685583382173454
OSBPL7 (114881),-0.004683226276560731
DUSP26 (78986),-0.004682729510579895
ANKRD24 (170961),-0.004681760915840096
SELENOM (140606),-0.0046788391399885144
MBD3 (53615),-0.004673034989691192
SPATC1L (84221),-0.004662589855275548
ANO4 (121601),-0.004662486373304345
LRRC3B (116135),-0.004662146550354086
LDOC1 (23641),-0.00465634509051444
CHSY3 (337876),-0.004643152158403192
TRIM40 (135644),-0.004639523933607798
SLC7A11 (23657),-0.004628728851790082
ARMT1 (79624),-0.0046271899704953675
TMEM241 (85019),-0.00462490131087052
NUDT21 (11051),-0.004619764761052824
TSR3 (115939),-0.00461306269140065
TCTN1 (79600),-0.004611700606373532
COL4A5 (1287),-0.004606631535824524
GBX1 (2636),-0.004605547058655855
SNAP25 (6616),-0.004599454441240585
GK2 (2712),-0.004579795462543572
ECHS1 (1892),-0.004579370658210087
KRTAP10-10 (353333),-0.004576603057948524
SARAF (51669),-0.004573977250359304
CXCR2 (3579),-0.004572355436991443
FAM221A (340277),-0.004559588821184244
MAGED2 (10916),-0.00455912063357023
GHR (2690),-0.004555959925482129
ZNF442 (79973),-0.004553190461441816
SFTPA2 (729238),-0.004546604863041818
LOXHD1 (125336),-0.004545574287998496
DEFB135 (613209),-0.004539183085674675
SLC39A2 (29986),-0.004532875973954233
SLC39A3 (29985),-0.0045282468480698545
SLC22A4 (6583),-0.004520205909886023
MAT2B (27430),-0.004515972021749385
CST3 (1471),-0.004514511186259011
OSBPL8 (114882),-0.004509493131929992
HLF (3131),-0.004508657189480016
AGXT (189),-0.0045071384526788345
GSG1 (83445),-0.004505612879235143
OR10R2 (343406),-0.0045024037815050546
CCDC167 (154467),-0.004499674865662779
HOXA1 (3198),-0.004494580470627092
CLEC7A (64581),-0.004494258291178569
TJAP1 (93643),-0.00448102303861258
FAM133A (286499),-0.004466739619724865
CNR1 (1268),-0.004464239215014959
HEY1 (23462),-0.004463953929792254
PPM1H (57460),-0.004458040480861332
CNTFR (1271),-0.00445411420916182
PACS2 (23241),-0.004449076571607525
GJA10 (84694),-0.004447124604926905
CERT1 (10087),-0.00444571829205984
GADD45G (10912),-0.004443117114422226
CCR9 (10803),-0.004439282743264933
SHFL (55337),-0.004438830107420775
TUBAL3 (79861),-0.004430313583556722
SMARCD1 (6602),-0.004427187477962073
SFT2D3 (84826),-0.004426269834776579
TACR3 (6870),-0.004419926190237921
VAMP8 (8673),-0.004419095045697516
RD3L (647286),-0.004411911014355532
FCHSD1 (89848),-0.004406704211796503
LANCL1 (10314),-0.004406227561410723
SLC5A7 (60482),-0.0044022669654712274
REM1 (28954),-0.004394897512813773
KHNYN (23351),-0.004393891400018189
LRRN3 (54674),-0.004392469281829903
KRTAP22-2 (100288287),-0.0043921053392677835
SLC5A1 (6523),-0.004391376533783466
TUBA3C (7278),-0.004390566897905508
TIAM1 (7074),-0.004388329314671067
CCSAP (126731),-0.004376121207504889
NAT1 (9),-0.004371258532618877
BEST1 (7439),-0.004371114429820928
ADAM11 (4185),-0.0043598722245497545
RBM15 (64783),-0.004355589954783062
CHRNB1 (1140),-0.004354211684716707
ACTN4 (81),-0.004354128224327091
KLRD1 (3824),-0.004351749765457362
KLHL29 (114818),-0.004345966847486541
GFAP (2670),-0.004343383581511472
CACNA1B (774),-0.0043413760532081645
TUSC3 (7991),-0.004341375138929866
CLEC9A (283420),-0.0043318898596819266
SLC30A10 (55532),-0.0043312196071022815
RNF112 (7732),-0.0043294166914518
TUFT1 (7286),-0.004326890795645516
ZNF266 (10781),-0.004308916915462622
ZNF366 (167465),-0.004308349074672384
F13A1 (2162),-0.0043049522429684794
CHPT1 (56994),-0.004296386277135498
IL36A (27179),-0.0042949372129339
EIF2B4 (8890),-0.0042814893482757774
GPRC5B (51704),-0.0042751865866389824
RNFT1 (51136),-0.004273538668608402
CKS2 (1164),-0.004260027743840832
NLRX1 (79671),-0.0042599623764896875
ANKRD40 (91369),-0.0042587131303972415
CYLC2 (1539),-0.004258149907281569
TDRD1 (56165),-0.004254822673516006
TFB1M (51106),-0.004250652888170093
PTH1R (5745),-0.004250088681340701
TLCD2 (727910),-0.00424819763871103
C16orf54 (283897),-0.004240728353223253
PAX1 (5075),-0.004233503052781319
NPAP1 (23742),-0.004220506247288688
ATP23 (91419),-0.004218285994200825
PUS7L (83448),-0.004211845089495357
GCLM (2730),-0.004206662506892804
PKD2L1 (9033),-0.00420490304639414
TET3 (200424),-0.004201501618513042
TRDMT1 (1787),-0.004198158316378654
DNAJB9 (4189),-0.0041980380322639566
GNAO1 (2775),-0.004191527032676773
TMEM128 (85013),-0.004171333280264069
DDB2 (1643),-0.004170405107824348
STYX (6815),-0.004169872634773305
MRGPRX2 (117194),-0.004141994955513404
FEZF1 (389549),-0.004135267278359363
MAP2K4 (6416),-0.004126048304480484
CACNA1S (779),-0.004121744263793575
ABHD6 (57406),-0.004120953920112571
SLAMF1 (6504),-0.004115645914239583
SAXO1 (158297),-0.0041111440958137525
ARHGAP30 (257106),-0.0041084079469798215
CCDC60 (160777),-0.0041072280320197515
ZNF292 (23036),-0.0041053383134132615
C17orf78 (284099),-0.004105299956486949
CFAP107 (93190),-0.004091449975871203
EVL (51466),-0.004088323909098573
CD164L2 (388611),-0.004087992633764198
ROBO1 (6091),-0.004084917288472822
ADGRF1 (266977),-0.004077359771282524
MARF1 (9665),-0.004068617668865352
EBNA1BP2 (10969),-0.0040559562842833975
SH3GLB1 (51100),-0.00404824648113751
REG1B (5968),-0.004039814019981261
ACOT11 (26027),-0.004024226123706534
METTL21A (151194),-0.00402359032662874
HES4 (57801),-0.004019323417144773
ARAP1 (116985),-0.004008293401144541
HRG (3273),-0.004001982987993335
E2F8 (79733),-0.003999291136824677
TEX2 (55852),-0.003997755341422599
PCDHB13 (56123),-0.003994566775255305
CALR (811),-0.003993549009873237
H2AC15 (8330),-0.0039744455667352335
PCDHA11 (56138),-0.0039701907262825525
PRKCZ (5590),-0.003969912935989758
DUSP21 (63904),-0.003968634557407338
TAT (6898),-0.003961861305923517
SLC35E3 (55508),-0.0039600686704266315
CRHR2 (1395),-0.003954222502434458
PP2D1 (151649),-0.003953371365776626
STEAP1 (26872),-0.003952625834354399
RLIM (51132),-0.003945508747168752
ZNRF2 (223082),-0.003943710201847592
SHLD1 (149840),-0.003941917370264313
ORC2 (4999),-0.003931766514701586
IFFO1 (25900),-0.003920895462523026
CFAP251 (144406),-0.003920147334629308
BICD2 (23299),-0.003918694734901852
FNDC3A (22862),-0.003913616930116233
NAT8 (9027),-0.0039057662227708527
STOML1 (9399),-0.0039037231913386437
MLNR (2862),-0.0039027297794470605
ZNF23 (7571),-0.00389362902949781
TREML1 (340205),-0.0038905133344173583
OR4C13 (283092),-0.003880062249562388
ANKRD13D (338692),-0.0038656198558354024
ALG13 (79868),-0.0038652875625830732
STIM1 (6786),-0.00386499185391728
NXNL2 (158046),-0.0038639415306448667
DIAPH2 (1730),-0.003855056129251684
ZNF585B (92285),-0.00384759634126117
LIF (3976),-0.003844328878635066
ZNF358 (140467),-0.0038407756229720713
PLXDC2 (84898),-0.003838142708781642
CARD9 (64170),-0.0038361672316340615
PROX1 (5629),-0.0038349230271659024
NR3C1 (2908),-0.003834457862284992
SHISA6 (388336),-0.0038253018488274004
MPO (4353),-0.0038197033457899074
FCN2 (2220),-0.0038190592952301403
CDK10 (8558),-0.003818088132895225
TTC23 (64927),-0.0038155305730702095
RSPH3 (83861),-0.003809340899600172
LRRC36 (55282),-0.003809019096918208
MFAP3 (4238),-0.003807244621225115
SH2D7 (646892),-0.0038038358468574624
ANTXR2 (118429),-0.003800045698073241
MORN4 (118812),-0.0037983573803549516
METTL22 (79091),-0.003796492416576876
IRF3 (3661),-0.0037926037329166985
SSX7 (280658),-0.0037851294418108587
ATXN7L1 (222255),-0.003781644681189458
RDM1 (201299),-0.003775163070896274
HAP1 (9001),-0.003758624082103942
NRK (203447),-0.003757609348801805
GLP2R (9340),-0.0037556710801528244
CELA2B (51032),-0.0037469347462061845
CIMAP1C (161753),-0.0037425039493762286
SH2D1A (4068),-0.003739408254492986
TAS2R7 (50837),-0.0037373606047855596
TDRD9 (122402),-0.00373051454862744
NEURL4 (84461),-0.0037270343183313215
ABCC11 (85320),-0.0037262350177591917
MEGF8 (1954),-0.0037132465251365696
AGL (178),-0.0037122578098786746
C3orf20 (84077),-0.003707240545565778
SDSL (113675),-0.003702543771191798
IL1R2 (7850),-0.0036995038469878434
ITGAD (3681),-0.003696967345720881
ZBTB48 (3104),-0.0036940067527183543
DKK1 (22943),-0.0036897715373081026
TSPAN8 (7103),-0.0036896387252212315
AP3D1 (8943),-0.003678294567371251
AGTPBP1 (23287),-0.0036748832917224746
OST4 (100128731),-0.0036734861675512013
EBAG9 (9166),-0.003670689994169256
LILRA1 (11024),-0.0036676680317315703
AQP8 (343),-0.0036613332695046926
SPPL3 (121665),-0.0036582368890227595
RPA1 (6117),-0.003642221204474182
UROS (7390),-0.003629365101864572
HEATR4 (399671),-0.0036244490764529977
KLF10 (7071),-0.0036200524081786327
CDK5R2 (8941),-0.0036187781451104935
ELMOD1 (55531),-0.0036067961157784283
LCP2 (3937),-0.0036027153144303236
PHF11 (51131),-0.0036018323555818774
CHSY1 (22856),-0.0035926194051267213
PGAM2 (5224),-0.003589449537100754
MADCAM1 (8174),-0.0035892377986193554
MESP2 (145873),-0.0035807214609474055
POU2AF2 (341032),-0.0035778483361024365
CD300A (11314),-0.0035704895733042292
ZNF611 (81856),-0.0035645680284807123
EFNB1 (1947),-0.0035641497845106417
ADAMTS18 (170692),-0.003561235681609498
CRABP2 (1382),-0.003556383436493728
A3GALT2 (127550),-0.003549339047677191
ANGPTL4 (51129),-0.0035449487783220015
ZNF804A (91752),-0.0035415624302717113
GPR32 (2854),-0.003535042310915552
PYGO2 (90780),-0.0035337713345570997
SHH (6469),-0.0035288364303222327
NOSTRIN (115677),-0.00352770728781609
OR6B3 (150681),-0.0035179328829371193
PLA2G4B (100137049),-0.003514440375131835
CABCOCO1 (219621),-0.003503323795289275
METTL17 (64745),-0.003502448862570993
CCR5 (1234),-0.003496324444366151
THNSL2 (55258),-0.0034955169381318727
CES4A (283848),-0.003489148621483511
PRAMEF1 (65121),-0.0034888070693406743
C2CD3 (26005),-0.003485574139591763
RARS1 (5917),-0.0034851840284772376
MYL4 (4635),-0.003480801809878643
CGRRF1 (10668),-0.0034772952666839293
GALNT18 (374378),-0.0034706780938030027
ICOS (29851),-0.003469605360200605
DNAAF9 (25943),-0.003465311744441193
UPK1A (11045),-0.00346497353653967
MYOD1 (4654),-0.0034628421027227056
PPP1R42 (286187),-0.00345945110045378
ZNF80 (7634),-0.0034593002011204968
RBMS3 (27303),-0.003448344784368688
ARHGEF11 (9826),-0.003441688588685554
ERAP1 (51752),-0.003436647006429835
OMP (4975),-0.003433459372115489
ABCA4 (24),-0.003430116103914147
DRC7 (84229),-0.0034293598202448723
GDPD5 (81544),-0.0034277630843331584
TMEM132A (54972),-0.00341984740354892
NRG4 (145957),-0.0034115823176864377
ZG16 (653808),-0.0034106646357348037
KRTAP24-1 (643803),-0.003408942590786518
SFTPC (6440),-0.003408850226747565
CCNB2 (9133),-0.003403409223766367
ITGB1BP2 (26548),-0.003386220809717549
MAGIX (79917),-0.0033821973320702467
AEBP2 (121536),-0.0033725386385431485
CHL1 (10752),-0.003369514485056044
IL2 (3558),-0.0033557606284432186
TBC1D12 (23232),-0.0033462823949142076
RLBP1 (6017),-0.003345294642423935
CLNK (116449),-0.0033413551420565695
ZBTB18 (10472),-0.0033383297299793995
OR5M9 (390162),-0.0033355354080923253
OR10AG1 (282770),-0.00332449987959145
BLID (414899),-0.0033196129304662323
PDK3 (5165),-0.0033177027299849528
ZNF616 (90317),-0.0033124735826749376
FAM178B (51252),-0.0033108930464245613
CDH19 (28513),-0.003306211572990515
SERPINH1 (871),-0.003304720699885323
MAGEE2 (139599),-0.0033043046176294663
TYW1B (441250),-0.0032949465599761973
FGFR4 (2264),-0.0032942233773746036
CLDN8 (9073),-0.0032938443768764777
EDARADD (128178),-0.0032930301200139594
LPCAT1 (79888),-0.00329294408792014
USB1 (79650),-0.0032839208932477024
FBXO4 (26272),-0.003282511168867628
PWP1 (11137),-0.0032752918469962132
IL17A (3605),-0.0032743812752699356
NFYC (4802),-0.0032684876741599198
ZNF485 (220992),-0.0032655026916618662
PHGR1 (644844),-0.0032643760368847793
COX17 (10063),-0.0032575045022113203
ANKRD9 (122416),-0.003254352935689926
IL31 (386653),-0.0032425474407326593
ZGRF1 (55345),-0.003242200693881388
DGKD (8527),-0.0032263851510555296
FOXL2 (668),-0.003219331384206654
SLC8A3 (6547),-0.003217041277207058
PSD2 (84249),-0.0032159195733372547
OR6B2 (389090),-0.003214152045799573
NRL (4901),-0.0032078305746036954
NTF4 (4909),-0.003207221446310505
TNF (7124),-0.0032041336403110894
GOLM1 (51280),-0.003198762400339797
IQCF6 (440956),-0.0031971253585749227
TCTE1 (202500),-0.003197031885005038
SMYD1 (150572),-0.003192570662692006
HELQ (113510),-0.003182031041896373
PTPRJ (5795),-0.0031747319560544033
CPNE9 (151835),-0.003173162556506506
H1-7 (341567),-0.003169402138418539
MKRN2OS (100129480),-0.0031686716927491433
SCN11A (11280),-0.0031663410685222803
DCP1B (196513),-0.0031635889511057833
CMTM7 (112616),-0.0031542300288243228
CETN1 (1068),-0.003149996983930345
GPR146 (115330),-0.0031450306751524973
HCN4 (10021),-0.0031401323106435884
ZNF391 (346157),-0.0031383053448229164
BRIP1 (83990),-0.0031362844297545757
OBP2A (29991),-0.0031335509525566504
ISOC1 (51015),-0.0031245644036781866
SLC27A6 (28965),-0.003124112287752156
RTRAF (51637),-0.003121642113681523
WSB1 (26118),-0.0031213872127221444
NDUFA4 (4697),-0.0031197862778471305
PKN3 (29941),-0.003113226326941996
LMAN1L (79748),-0.003113091793532659
TNRC6C (57690),-0.003108649204846383
COL4A2 (1284),-0.0031045347835040914
ZNF575 (284346),-0.00310337980085634
TP53INP2 (58476),-0.0030976139440017764
CCDC88B (283234),-0.0030952446029982724
ID4 (3400),-0.003077192351797079
MAPK8 (5599),-0.0030769489638941263
SLC38A5 (92745),-0.0030731841959645992
TMEM33 (55161),-0.0030724062339127878
SBSPON (157869),-0.003068149617914915
OXR1 (55074),-0.0030641635734688162
IRAK4 (51135),-0.0030630817272800817
LILRB2 (10288),-0.0030609475091502806
AGXT2 (64902),-0.0030553287394862556
IFNA1 (3439),-0.0030547556611707606
PDF (64146),-0.0030518500114136695
ZSCAN9 (7746),-0.00305119209357641
PNPLA7 (375775),-0.0030487936930822723
MNAT1 (4331),-0.0030461692434830376
SV2B (9899),-0.0030353861392496137
TREM1 (54210),-0.003034211903498194
RFX1 (5989),-0.003032757648417983
SLC17A5 (26503),-0.0030214201695834253
AGTR1 (185),-0.0030046602884622165
NUFIP1 (26747),-0.0030025764593078143
CAMTA2 (23125),-0.003002085986761565
PFN2 (5217),-0.003001247626648551
CPA1 (1357),-0.002995152622783946
TPD52L1 (7164),-0.0029889396238006096
PPIE (10450),-0.0029849996862925496
LIPI (149998),-0.002975673307619158
OR12D3 (81797),-0.0029709392109913565
SPTBN4 (57731),-0.0029656584393913067
SWAP70 (23075),-0.0029579675156558368
DAOA (267012),-0.002953906684904168
IFT46 (56912),-0.0029520310958766555
UMODL1 (89766),-0.0029461824906049736
NAALAD2 (10003),-0.0029225686405884997
FSD2 (123722),-0.002922054462537095
EIF2AK3 (9451),-0.0029164290603870204
CNR2 (1269),-0.002910250575211625
TECTB (6975),-0.002903752252047926
NLGN4X (57502),-0.002899466020717921
LRIT1 (26103),-0.0028976518145708017
NYAP1 (222950),-0.0028967960499299474
TNKS2 (80351),-0.0028845965607763747
COL2A1 (1280),-0.0028818707933498484
PASK (23178),-0.0028753090827553654
CNBD2 (140894),-0.0028684546167940953
ZNF613 (79898),-0.002866175811522429
CDC37L1 (55664),-0.0028658098912860063
CBR1 (873),-0.002864440121549087
C11orf58 (10944),-0.00286407727453722
NR2E1 (7101),-0.0028631058391834154
CHMP5 (51510),-0.0028599642723607676
DMWD (1762),-0.002857106831480536
NHLRC4 (283948),-0.0028510410284170334
FAM3C (10447),-0.002847705805089285
GHDC (84514),-0.002845654340478056
NET1 (10276),-0.0028396589479039213
TENM4 (26011),-0.0028386406067204177
LDAF1 (57146),-0.00283789392115803
IL33 (90865),-0.0028330180876324196
FUT5 (2527),-0.0028329949665124223
SNX6 (58533),-0.002830873455974838
CEACAM21 (90273),-0.0028204013190193922
STPG1 (90529),-0.0028163472121460306
RNF166 (115992),-0.0028149084309117577
SYT4 (6860),-0.0028138220561634572
DUS3L (56931),-0.0028076073915186406
CDC42EP1 (11135),-0.0028067771338462885
UBTD2 (92181),-0.0027986231906430505
OR7C2 (26658),-0.0027985878564695116
TAAR6 (319100),-0.0027978648079520613
PDC (5132),-0.002796695163871286
NMB (4828),-0.0027897506069629523
SOST (50964),-0.0027860541723144835
CCN4 (8840),-0.0027824921206805143
GDPD1 (284161),-0.002781545362760744
CCDC91 (55297),-0.00277679434041451
SEC16B (89866),-0.0027764042550277356
KLF14 (136259),-0.0027674835109885378
TMEM182 (130827),-0.00275596506624301
PIP5KL1 (138429),-0.002754200067377253
NXPH1 (30010),-0.0027528010954375203
FOSL2 (2355),-0.0027514406170185456
YIF1B (90522),-0.0027319112010933243
PCDH20 (64881),-0.0027303277957656377
BAALC (79870),-0.0027291856608534963
ATP7B (540),-0.002725579781880428
ZNF382 (84911),-0.002722332354121219
MTSS1 (9788),-0.0027187375390090615
AIMP2 (7965),-0.0027115235343640872
NRIP3 (56675),-0.002708326231020517
FAM53C (51307),-0.0027072493168255
CTSB (1508),-0.0027038447566656706
CHPF2 (54480),-0.0027019562620278427
ACTMAP (284325),-0.002701816549796154
TOPAZ1 (375337),-0.0026947800028939146
SLC2A11 (66035),-0.0026904516717423292
CMAS (55907),-0.002690335488753829
DDRGK1 (65992),-0.0026862885615985244
SPACA9 (11092),-0.0026862426216878207
LRRC58 (116064),-0.00268134592220693
UGT1A1 (54658),-0.00268028089546638
IFT22 (64792),-0.0026690590715629193
VWC2L (402117),-0.0026614747604609902
PLPP5 (84513),-0.0026601180611018436
TAS2R14 (50840),-0.002659633313485859
ZSCAN21 (7589),-0.002650594989518268
HDAC5 (10014),-0.002650201173645195
ZNF764 (92595),-0.0026393600987933653
NLGN3 (54413),-0.002629501451527389
TNFSF15 (9966),-0.002629014497778443
ZNF664 (144348),-0.0026252178797739312
APOBEC2 (10930),-0.0026251403219365245
GNA15 (2769),-0.002621422271539313
MIDN (90007),-0.002619168436723939
AGRP (181),-0.002615895975154798
TET2 (54790),-0.002614944637243826
FNDC8 (54752),-0.002610158935221805
RGS9 (8787),-0.002604746520632004
PRMT9 (90826),-0.0026035996242889797
NR2F1 (7025),-0.0025996672263250953
SLCO5A1 (81796),-0.002596350659505817
ARIH2 (10425),-0.0025932938917173844
SGMS1 (259230),-0.002591508542902015
PRKCSH (5589),-0.002588081722597124
PHEX (5251),-0.002578793998690054
AGR2 (10551),-0.0025723974486456438
ZNF875 (284459),-0.0025695803847555114
RMND5B (64777),-0.00256694300600211
TMEM18 (129787),-0.002562693557046093
CHMP2A (27243),-0.0025624286861435108
SORBS2 (8470),-0.0025466828743315353
SMUG1 (23583),-0.002546627411786117
JKAMP (51528),-0.0025445432605459262
CDC14A (8556),-0.0025433585472161685
ZCCHC12 (170261),-0.002542461736842002
KRTAP29-1 (100533177),-0.0025376311043287087
GPRC5D (55507),-0.0025361293116155786
NOXO1 (124056),-0.0025326390743219684
RPA4 (29935),-0.0025139620235792816
SMYD3 (64754),-0.0024950334544596325
LYL1 (4066),-0.0024883311618090933
GMPR2 (51292),-0.002480362059278387
MYADML2 (255275),-0.0024771292393438635
NMNAT3 (349565),-0.0024770458613387124
C3orf33 (285315),-0.0024753775230402916
MFSD6 (54842),-0.0024639917235612695
CST5 (1473),-0.0024634194274920115
OXNAD1 (92106),-0.0024145742591109307
FGF17 (8822),-0.0024126926312007056
CAPN11 (11131),-0.0024112631836818764
DUSP9 (1852),-0.0024045252644870024
CLEC3B (7123),-0.0023930200430950566
SLC26A8 (116369),-0.002390500953260898
OR51B4 (79339),-0.002388506446353915
UAP1L1 (91373),-0.0023846697257323903
TYROBP (7305),-0.0023808279320180173
OR52M1 (119772),-0.002374823441064146
BAX (581),-0.0023716314309874444
CREBZF (58487),-0.002370973792593143
LIN28A (79727),-0.002363436818584408
SLIT1 (6585),-0.002357526305798984
CSTA (1475),-0.0023555248351476757
EPB41L5 (57669),-0.002353953010101401
TBATA (219793),-0.002347841869855773
CCN5 (8839),-0.0023441296312509087
ZNF311 (282890),-0.0023405673543369088
NUMA1 (4926),-0.0023405181903159732
SDR9C7 (121214),-0.0023368221532384017
GRM2 (2912),-0.002333189763467147
PSG8 (440533),-0.0023320442415606735
TTC38 (55020),-0.0023170851945207922
NCMAP (400746),-0.0023128179336493727
NEDD4L (23327),-0.0023055067361255066
BMP1 (649),-0.002305505483531272
DEPDC4 (120863),-0.0022958638974252565
BTG4 (54766),-0.0022527934755797443
DHRS3 (9249),-0.0022512061296979247
LAMB3 (3914),-0.0022464166969222857
ANKS1A (23294),-0.002236402901604736
C1orf185 (284546),-0.0022357876796490405
GEMIN2 (8487),-0.002224640010711282
BOD1 (91272),-0.0022243317598477043
HRH4 (59340),-0.002223249040034836
TMEM160 (54958),-0.0022230350247489953
ISM1 (140862),-0.0022194927849953213
TAF15 (8148),-0.0022139840908624426
ARHGEF2 (9181),-0.00221243332178748
CALU (813),-0.0022029066238820807
FRMD4B (23150),-0.0022012837698688528
CNGA2 (1260),-0.002199949488639793
RSU1 (6251),-0.002195257037760153
ZNF77 (58492),-0.002189552515986928
SDR42E1 (93517),-0.002180958891424981
OAS1 (4938),-0.0021770622767818197
SH2B1 (25970),-0.002167692666582192
WRN (7486),-0.002165391275645809
SSPN (8082),-0.0021609348560061047
ERG (2078),-0.002151468150411767
SOSTDC1 (25928),-0.002150619769150834
H4C4 (8360),-0.0021458786770756633
MPHOSPH10 (10199),-0.002143227668301696
GCA (25801),-0.0021340504863101295
PTP4A2 (8073),-0.0021336885905747227
TNPO2 (30000),-0.0021245034639526816
KRTAP11-1 (337880),-0.002121508849976737
CLSPN (63967),-0.0021183723945942
RNASEH2B (79621),-0.0021136024102405174
ONECUT1 (3175),-0.002112265285496386
BCLAF1 (9774),-0.0021014406988160237
KCTD19 (146212),-0.002101119618585336
CHCHD10 (400916),-0.0020968574921679892
H1-0 (3005),-0.002095529494118963
ESF1 (51575),-0.002089263154956295
DDX52 (11056),-0.0020834095787650208
JMJD7 (100137047),-0.0020782151419661303
QTRT2 (79691),-0.002077832672670394
RETNLB (84666),-0.0020707830895712984
FBLN1 (2192),-0.002063507052608141
EXTL1 (2134),-0.002063248550764504
YTHDF1 (54915),-0.00205995972564011
SDHAF4 (135154),-0.002056816083882738
MYOCD (93649),-0.0020500365490199253
FCRL1 (115350),-0.0020437171411576416
EML4 (27436),-0.002042089771449321
PKP1 (5317),-0.0020239810475945917
DNAJC17 (55192),-0.0020200209336226093
CD27 (939),-0.002016995190531076
ADAMTSL3 (57188),-0.0020076565269089445
BRSK1 (84446),-0.0020064689002593753
DNAJB4 (11080),-0.002002628618063736
CARD18 (59082),-0.0020002659898260854
DYRK2 (8445),-0.0019984161173455988
OR51A2 (401667),-0.0019960017492526073
PARP9 (83666),-0.001990435945082497
M6PR (4074),-0.0019877138009392714
BSND (7809),-0.0019813654984054034
CXCL8 (3576),-0.0019766122665141428
ZBTB33 (10009),-0.0019741132646754105
TNFSF13 (8741),-0.001972910380717344
PCGF1 (84759),-0.0019613324065597083
VRTN (55237),-0.0019475706525302968
CD163L1 (283316),-0.0019469963913094144
DENR (8562),-0.001946492416395013
ZCRB1 (85437),-0.0019418299033520615
SLC2A7 (155184),-0.001937195441540796
KCTD11 (147040),-0.0019339470603143955
ATP13A5 (344905),-0.0019293739917428132
MGAT2 (4247),-0.0019242817453041688
SSC5D (284297),-0.0019202153224329678
SLC5A3 (6526),-0.001918901210289498
PLEKHG1 (57480),-0.0018936728126975936
CHST8 (64377),-0.001888593723512812
C1QTNF7 (114905),-0.0018876489452720811
LORICRIN (4014),-0.0018759453642014224
PLCXD3 (345557),-0.001858539989291625
SLC5A5 (6528),-0.0018577794356125425
SLC17A4 (10050),-0.0018576775013357037
LPP (4026),-0.001855570782007197
SNCAIP (9627),-0.0018533442610034361
PSD3 (23362),-0.0018365892365733384
AP1AR (55435),-0.0018328311346908729
ZNF576 (79177),-0.001824207797206051
DNAH2 (146754),-0.0018236801194568915
HLA-DMB (3109),-0.0018222886520464039
CDC42SE1 (56882),-0.0018208126271853193
IGF1 (3479),-0.0018156136069734524
HTN1 (3346),-0.0018120760242962427
H4C8 (8365),-0.001810860343394983
ZFAND3 (60685),-0.0018101846720989406
OR7G1 (125962),-0.0018038984052284822
SMAD7 (4092),-0.0017943047162009157
MAP1LC3B (81631),-0.0017847765810268617
SLC66A2 (80148),-0.0017721728095933466
NLRP14 (338323),-0.001767413006209981
HMCN1 (83872),-0.0017647979325856643
TRIM77 (390231),-0.0017636319472021965
FAM167B (84734),-0.0017620369787851543
ZBTB22 (9278),-0.0017589180874726246
CLC (1178),-0.0017544183861868752
ARFIP2 (23647),-0.0017427519936345493
LYPD6B (130576),-0.0017419085352111247
ZNF467 (168544),-0.0017349218234629525
VILL (50853),-0.0017294927605408185
GCG (2641),-0.0017292614071386177
SEL1L3 (23231),-0.0017242609342537991
SNX13 (23161),-0.001714698919634065
FOXL2NB (401089),-0.0017117826402267727
CCDC25 (55246),-0.0017110844168282957
CDK17 (5128),-0.0017092010478585327
L3MBTL3 (84456),-0.0017084482580964045
SLC1A1 (6505),-0.0017000404243076093
NOTCH4 (4855),-0.0016947210391497214
VIPR2 (7434),-0.0016937014009203999
HEPHL1 (341208),-0.0016863193755107253
SLC25A33 (84275),-0.0016851039778210065
EZR (7430),-0.0016839451672955351
LGALS14 (56891),-0.0016832826508398715
ELL3 (80237),-0.0016816959426744003
GPR75 (10936),-0.0016757285202261734
IKZF5 (64376),-0.0016744610229036012
TMED5 (50999),-0.0016735545214631015
BFSP1 (631),-0.001673036435026932
NKX6-3 (157848),-0.0016592112460456733
PRR14L (253143),-0.0016519431138915092
PDE4A (5141),-0.0016516354353795825
TAFA5 (25817),-0.0016399838077684257
TMPRSS2 (7113),-0.001638378974736877
KDM7A (80853),-0.0016238110461741309
GPX8 (493869),-0.0016147588607005603
RSPH6A (81492),-0.0016125154954611345
PCP4 (5121),-0.001612380459736273
P2RY12 (64805),-0.0016102466281075274
SPOCK1 (6695),-0.0016099258691330681
CETN2 (1069),-0.0016022143256761124
ABCC4 (10257),-0.0015978323562497764
CFAP119 (90835),-0.0015973973590126117
MYLK2 (85366),-0.0015932423935235867
F9 (2158),-0.0015880205402396092
C21orf140 (101928147),-0.0015800035400981177
SPINK2 (6691),-0.0015797771709101353
TELO2 (9894),-0.0015794184908009333
STK17B (9262),-0.0015671608083475462
TNFRSF9 (3604),-0.0015612433433727106
CD226 (10666),-0.001557633876899165
KCNMB3 (27094),-0.0015565230540366339
ARL6 (84100),-0.0015548026965893562
PGM2L1 (283209),-0.0015513257588222963
NFKBID (84807),-0.001550899578564156
CCDC50 (152137),-0.0015445002460240985
LAMTOR5 (10542),-0.0015417225074039797
SGTB (54557),-0.0015409595246988889
AMN (81693),-0.001533858312317722
GABPB2 (126626),-0.0015211286922384908
ASIC4 (55515),-0.0015193322331450013
SLC35B3 (51000),-0.0015061985905922698
PCDHA6 (56142),-0.0015059732738309218
GABRD (2563),-0.001504773494215401
NMRK2 (27231),-0.0014933170138241318
ATP8B2 (57198),-0.0014835921785188123
CXorf65 (158830),-0.0014617465944316377
WFS1 (7466),-0.001455753677216633
PGBD1 (84547),-0.0014555065295225338
C7orf33 (202865),-0.0014439643187551543
IL6ST (3572),-0.0014427774041581112
TCP11 (6954),-0.0014402969718611295
CCDC89 (220388),-0.001427476438666553
EPB41L4B (54566),-0.0014232818235038853
NYX (60506),-0.0014162736812923815
IQSEC2 (23096),-0.0014115926850607474
FGF20 (26281),-0.001409050949181803
NUDT14 (256281),-0.00140170849872101
PML (5371),-0.001400822247390944
MMP21 (118856),-0.0013894238748943467
CBLN4 (140689),-0.00137522380601796
ZMYM6 (9204),-0.0013707555056689717
CALHM5 (254228),-0.001367117646245634
SORL1 (6653),-0.0013653995731884028
ARPP21 (10777),-0.0013636532197806401
CD83 (9308),-0.0013615927907291345
LRRC30 (339291),-0.001352082394521607
ZNF28 (7576),-0.0013450108136993867
DDIT4 (54541),-0.0013369255992803342
TGM2 (7052),-0.001320857521556879
IRF6 (3664),-0.00131929372431745
ADA2 (51816),-0.0013169695027385614
KCTD9 (54793),-0.0013166276247054143
ZNF57 (126295),-0.001315504963263692
CFHR2 (3080),-0.0013127349987406094
DEUP1 (159989),-0.0013099623710391352
IGDCC3 (9543),-0.001305078713419643
EPOR (2057),-0.001298156420486929
IFITM2 (10581),-0.0012811333547034915
ZNF484 (83744),-0.0012754637540302936
PSG9 (5678),-0.0012751628707468406
TMEM79 (84283),-0.0012709651237347598
ATP1B2 (482),-0.0012610576064025038
ST18 (9705),-0.0012506800449008039
TMEM123 (114908),-0.0012430238332121672
OR2F2 (135948),-0.00124135085337259
PLSCR4 (57088),-0.0012389550568299263
OR56B1 (387748),-0.0012379520656796087
VPS26A (9559),-0.0012352478834223174
PTRH1 (138428),-0.0012341317567522896
TNPO3 (23534),-0.00123126093995583
BTN2A1 (11120),-0.001228769469108149
CTCFL (140690),-0.0012267856073777843
ASCC2 (84164),-0.001210471690906332
WDR19 (57728),-0.0012069018930715024
DHRS12 (79758),-0.0011894964788901874
CHRNB3 (1142),-0.0011870576439319545
FBXO21 (23014),-0.0011810598392143106
ZFP92 (139735),-0.0011773259374681122
TBX22 (50945),-0.0011757562287455557
GUSB (2990),-0.0011700582495408768
RHOXF2 (84528),-0.0011507700295761369
SPATA31A3 (727830),-0.001145933619784338
CCDC116 (164592),-0.0011443024556594059
HMGCS2 (3158),-0.0011437913417662988
SLC25A5 (292),-0.0011393651411188165
ZNF585A (199704),-0.0011376994238624233
TMEM94 (9772),-0.0011375453811210113
PARP8 (79668),-0.0011267864471301335
EDEM2 (55741),-0.0011139718807058991
VAX1 (11023),-0.0011071410278848451
RPP25 (54913),-0.0010956743884849701
TMTC4 (84899),-0.0010948866248253948
MMP20 (9313),-0.0010921468216306225
JCHAIN (3512),-0.0010915578888989618
PKP4 (8502),-0.0010899854448321237
ASB12 (142689),-0.0010876320846367172
HEPACAM (220296),-0.0010868519287092172
XDH (7498),-0.0010829464593249782
CAV2 (858),-0.0010740505156878156
TAPBPL (55080),-0.0010734612950707412
GMPPA (29926),-0.0010708942776126963
OSBPL11 (114885),-0.0010704590081608621
NDRG2 (57447),-0.0010696146444358879
CYB561D1 (284613),-0.0010652606537820024
AGAP2 (116986),-0.0010545545042209559
ZNF540 (163255),-0.0010530277832527374
ST8SIA5 (29906),-0.001050090974390591
SLCO1B1 (10599),-0.0010388238100440977
MAP6D1 (79929),-0.001034506126951344
RNF125 (54941),-0.0010299500823932255
AIFM2 (84883),-0.0010279438750818372
MBOAT2 (129642),-0.0010266531200794904
TSG101 (7251),-0.001026275275216157
ACADS (35),-0.00102230513914718
DNLZ (728489),-0.001011543548335022
SRPX (8406),-0.0010064822765372982
NOS1 (4842),-0.0010048056131963406
SLC35G3 (146861),-0.001002377578613563
MAP3K11 (4296),-0.0010005465288617575
PRR29 (92340),-0.0009712520934236896
CHRFAM7A (89832),-0.0009694591036573372
SHISA3 (152573),-0.0009687842076391156
YAE1 (57002),-0.0009669795165888276
DPY30 (84661),-0.0009658084348228077
DNAJC22 (79962),-0.0009479740946038642
IL18RAP (8807),-0.0009397792694848426
RNMT (8731),-0.0009396318096456418
CD274 (29126),-0.0009341218134423427
AFF2 (2334),-0.000924387079328907
SLC6A17 (388662),-0.0009098146982450347
LINGO2 (158038),-0.000909278842893592
HMGN5 (79366),-0.000902643370355966
ZNF232 (7775),-0.0008992305727907972
MC2R (4158),-0.0008989384358815037
PCK2 (5106),-0.0008948347827342901
PSKH2 (85481),-0.0008929764094434465
CDO1 (1036),-0.0008865867021711109
SULT1C4 (27233),-0.0008858389206219147
S100Z (170591),-0.0008848931077699619
INPP4A (3631),-0.000884007358346522
ZSWIM3 (140831),-0.0008680770352416955
OR13C5 (138799),-0.0008635130009549158
RTCA (8634),-0.0008575358629711815
SAMHD1 (25939),-0.0008522780545416
ZNF713 (349075),-0.0008264535095239886
SLCO1C1 (53919),-0.000822402570552977
LSAMP (4045),-0.0008208875993252175
DTNBP1 (84062),-0.0008208243149429178
GID8 (54994),-0.0008199233264222719
HIKESHI (51501),-0.0008198810109989655
MYH11 (4629),-0.0008170511879510802
ITIH6 (347365),-0.0008155772570769804
ZFPM1 (161882),-0.0008112128806369343
GNA14 (9630),-0.000808947316274394
ITGA6 (3655),-0.000807892438799956
RASSF8 (11228),-0.000804810890793236
KIAA1210 (57481),-0.0008034696125874722
SLK (9748),-0.0007956058736809801
DOK4 (55715),-0.0007936501973805771
NIPAL4 (348938),-0.0007789017785051788
SUN2 (25777),-0.0007786138375478063
SPEM2 (201243),-0.0007766667059949672
H1-5 (3009),-0.0007705858706430928
SEC63 (11231),-0.0007677289096744742
DEFB127 (140850),-0.0007664154904471241
PI4K2A (55361),-0.000765568377273905
AGMAT (79814),-0.0007649985273917282
BEX4 (56271),-0.0007577585842824092
OR8H3 (390152),-0.0007491089963346284
TRHDE (29953),-0.0007323855384889825
PLN (5350),-0.000726133355134484
IL23R (149233),-0.0007239082542056555
EML2 (24139),-0.0007192489425933712
RAD54B (25788),-0.000713612313508179
OPTN (10133),-0.0007125126803822939
MMP2 (4313),-0.0007115321338833871
ARHGEF16 (27237),-0.0007056814533980074
PGPEP1 (54858),-0.0007054692191231749
MRPS33 (51650),-0.0007044589657114656
HAL (3034),-0.0006984325091575494
NKX2-2 (4821),-0.0006955928347675513
BTLA (151888),-0.0006936711614183663
NPHS2 (7827),-0.0006753350267298568
LRP3 (4037),-0.0006642962080737261
RP1L1 (94137),-0.0006631231629082953
OR4M1 (441670),-0.0006624595167689307
CXCL5 (6374),-0.0006591070058573878
CDIPT (10423),-0.0006566770754615886
AGTR2 (186),-0.0006556643712883037
ZFYVE16 (9765),-0.000654403042504659
DSPP (1834),-0.0006432943817861982
TEX19 (400629),-0.0006384011967600527
ADCY1 (107),-0.0006367977292934898
HOXB3 (3213),-0.0006176887789443842
DUSP18 (150290),-0.0006161457343424187
NEBL (10529),-0.000614948966719956
UGT2B7 (7364),-0.000600278660769278
CIMIP4 (339669),-0.0005960269791929207
NDRG3 (57446),-0.0005959122567014515
MAMSTR (284358),-0.0005941219777752282
C11orf52 (91894),-0.0005934506911777226
ITPRIPL2 (162073),-0.0005853804433030377
REG1A (5967),-0.0005762472610558087
CACUL1 (143384),-0.0005748619088413037
CACNA1E (777),-0.0005607953669971582
OR9K2 (441639),-0.0005531486583266619
ZNF251 (90987),-0.0005511929595087233
ALOX15B (247),-0.0005492606791243664
MEF2C (4208),-0.0005439560387007906
FHOD3 (80206),-0.0005337856488314174
TMEM217 (221468),-0.0005315147084641347
TP53AIP1 (63970),-0.0005266039321646046
NOL10 (79954),-0.0005255873702633312
NANP (140838),-0.0005220378493010833
SHOC1 (158401),-0.0005174414234595177
UQCC1 (55245),-0.0005171438494098435
ADPRM (56985),-0.0005156788785732301
TM4SF5 (9032),-0.0005133385122828657
DLAT (1737),-0.0005130691783772826
UGT1A10 (54575),-0.0005111845969937525
HBQ1 (3049),-0.0005109814379218975
NME9 (347736),-0.0005001175913914868
TAF1L (138474),-0.0004901976913577499
ASF1B (55723),-0.0004901250128493748
GSTA1 (2938),-0.00048771788976843117
HAS3 (3038),-0.0004824339993526872
FADS2 (9415),-0.00048000923213230133
CPN1 (1369),-0.00047956638333847534
GYS2 (2998),-0.0004774787355015285
RASA4B (100271927),-0.00047451692523157454
CIART (148523),-0.00046763473445550594
CRYBA4 (1413),-0.00046319341454283765
TMC8 (147138),-0.00045802690707474463
GPR139 (124274),-0.0004572713891992751
PAXIP1 (22976),-0.00045606918360222655
SLC44A4 (80736),-0.0004558923693743863
ZNF141 (7700),-0.0004499966329739889
KCND2 (3751),-0.0004460152741003358
ZBTB6 (10773),-0.00044326902748636083
SPINDOC (144097),-0.0004425278095096433
TTYH3 (80727),-0.00042025778448402554
NUDT11 (55190),-0.00040901197166567785
OLFML3 (56944),-0.0003989978640700412
PRCD (768206),-0.00039698775059618174
FAM91A1 (157769),-0.0003895259202425078
MEST (4232),-0.0003881843804081545
NINL (22981),-0.00037276182670790064
OLAH (55301),-0.00036721015613759887
CTRL (1506),-0.00036120405333047264
MYBPH (4608),-0.0003534311127190472
KDM5B (10765),-0.0003522458203163202
RIPOR2 (9750),-0.0003475390776942616
TBCE (6905),-0.0003419783354294569
GPX3 (2878),-0.0003409210860779337
LSM14B (149986),-0.00033932195414352787
PPP5C (5536),-0.00033771340770855405
CTSS (1520),-0.0003354711120446392
BBS1 (582),-0.0003302152682185031
SEPTIN11 (55752),-0.00032996747746183165
OR2A25 (392138),-0.0003243871859382616
PRRT1 (80863),-0.0003175860676186991
KCNS1 (3787),-0.00031366020428085113
SLC23A3 (151295),-0.0003128781404175845
RBP5 (83758),-0.00030172607846874863
MEIS1 (4211),-0.0002993064170208177
PRPS1 (5631),-0.00029333270825190134
OCEL1 (79629),-0.0002913729021980035
CCDC33 (80125),-0.00028824795718285863
CIB3 (117286),-0.00028710744905528985
TCL1B (9623),-0.0002865928055036211
TOP1MT (116447),-0.000281790058455329
CENPU (79682),-0.0002783432602592173
STAU1 (6780),-0.000278077637324053
OTOA (146183),-0.0002725023880645146
ASNS (440),-0.00026920183194272294
RHBDD2 (57414),-0.0002645588735868298
SLC22A25 (387601),-0.0002508314482382312
INHA (3623),-0.0002485402382306362
CARHSP1 (23589),-0.00024612096661854086
MRPL3 (11222),-0.00024568604468537216
URAD (646625),-0.00023665977556177684
GLIPR2 (152007),-0.0002320507699680137
SPAG8 (26206),-0.0002306472199700576
DAPL1 (92196),-0.00021572358872220526
GCSAM (257144),-0.00021146610280069306
PLCL1 (5334),-0.00020375104697290086
AMFR (267),-0.00019850193557999432
ADAD1 (132612),-0.00019650429876612842
MAP1B (4131),-0.00019621000000161632
PCDHA5 (56143),-0.00019542742380918875
IQCN (80726),-0.00019430649060997023
PPIP5K1 (9677),-0.00019324108156656332
OR1A1 (8383),-0.00018593497942444442
EZH1 (2145),-0.0001857365523034278
ZNF787 (126208),-0.00018541370291540288
ERI1 (90459),-0.0001851125856596627
KRR1 (11103),-0.0001819990352098959
RIMKLA (284716),-0.0001751591582292316
GPR151 (134391),-0.00017512274183543048
TECTA (7007),-0.00017298564110990872
ZNF619 (285267),-0.00017167495637321234
SAMD7 (344658),-0.00016228079674944281
ARL11 (115761),-0.00016138728234758764
ABCF3 (55324),-0.00016086349860610125
TRAPPC11 (60684),-0.0001491571573194888
FABP2 (2169),-0.00014791144248295682
USP45 (85015),-0.0001457944868794303
PWP2 (5822),-0.0001427853574897002
RNF216 (54476),-0.00013756558783418492
CC2D1A (54862),-0.00013600704938318553
FRG2B (441581),-0.00013494628927313845
CHCHD7 (79145),-0.00012358761817883883
DAD1 (1603),-0.00012220534828737245
LMAN1 (3998),-0.00011869694358309454
DEPP1 (11067),-0.00011517575489082447
LRRC34 (151827),-0.00011110638586969808
SAMD4A (23034),-0.00010134086930846601
OR2A5 (393046),-9.013186226797254e-05
EMB (133418),-8.767430927552686e-05
ZNF318 (24149),-7.515630833557965e-05
NFKBIB (4793),-7.221014811061556e-05
TEKT3 (64518),-7.145539236764284e-05
LAT (27040),-6.321175106163487e-05
CDK5RAP3 (80279),-6.099908233246311e-05
MPST (4357),-5.4799005209762785e-05
EPS8L1 (54869),-5.380633799675051e-05
MPI (4351),-5.302954685139734e-05
PTPRO (5800),-5.2442193805510936e-05
F2RL1 (2150),-5.088113816616489e-05
ZMYND15 (84225),-5.031188356096531e-05
CLRN1 (7401),-4.908092830978103e-05
GTF2A1L (11036),-4.5155757942676284e-05
HTR3B (9177),-4.354663268620265e-05
SMARCD3 (6604),-4.228680635229191e-05
BDP1 (55814),-3.652889589324569e-05
DELE1 (9812),-3.2146215984940396e-05
ZBTB37 (84614),-2.9962022051953043e-05
DNAH10 (196385),-2.8782925990185873e-05
PLPP3 (8613),-1.9582773308165194e-05
PARD6B (84612),-1.838942885049044e-05
P2RX4 (5025),-1.4062711067622034e-05
CST1 (1469),-2.3920621028427325e-06
RUNDC3A (10900),1.532392877387276e-06
BLCAP (10904),2.224915168127634e-06
SLC3A1 (6519),8.316829789894582e-06
IGSF23 (147710),1.0200408028006421e-05
NAA38 (84316),2.329910368064326e-05
KRT36 (8689),3.596533088447472e-05
KREMEN1 (83999),4.459779146163113e-05
ADIG (149685),5.636420614486879e-05
OR11L1 (391189),6.197545615316407e-05
NHLRC1 (378884),7.003310371648017e-05
SNAPC4 (6621),7.01701718976134e-05
KIRREL3 (84623),7.104173084171012e-05
SPECC1L (23384),9.415304882586176e-05
ALKBH8 (91801),9.419546502259513e-05
KLF12 (11278),9.926151685132462e-05
ERAL1 (26284),0.00010252708520112577
SEMA4C (54910),0.00010847892868114106
HNRNPD (3184),0.00011150408672803873
RTCB (51493),0.00011627865473022688
IL27RA (9466),0.00012303740891370736
MFSD11 (79157),0.00012393987139688547
SPATA32 (124783),0.00012475529128992157
CIMAP1B (440836),0.00012881299019530773
ASPM (259266),0.00013712138927265757
WNT3 (7473),0.00013794225429213049
NFKB2 (4791),0.00014269165440136783
CRYBB2 (1415),0.00015170842548216113
ZDHHC23 (254887),0.00015521730183593895
PCDH12 (51294),0.00015738690821331093
AARSD1 (80755),0.0001598050544011332
ZRANB1 (54764),0.00016439301147307662
CRYM (1428),0.0001779556466278228
TPMT (7172),0.0001984315500585665
TAGAP (117289),0.00020156511592256559
AKR1B15 (441282),0.00020162670142808404
ISOC2 (79763),0.00020848951279033557
OR1F1 (4992),0.00020875476813782268
B3GALT1 (8708),0.00021137221169570077
NAXE (128240),0.0002154871909351537
TMPRSS9 (360200),0.00022126988802436814
TMEM203 (94107),0.00022182277752840997
TFDP3 (51270),0.0002267232912406611
ZNF474 (133923),0.00023133985201101917
ZNF286A (57335),0.0002337199098471461
RANBP6 (26953),0.00023511580281614203
SGSH (6448),0.00023590086327149746
LENG8 (114823),0.00023988543449130568
XRCC5 (7520),0.00025369025879028704
CFAP206 (154313),0.00025980868529825964
EREG (2069),0.0002609620039937826
PTOV1 (53635),0.000265485528842945
RETREG3 (162427),0.0002683330119571691
MTIF2 (4528),0.00027251793284288405
CCDC85B (11007),0.00027791329406997813
XKR4 (114786),0.000277925582553855
LACRT (90070),0.0002882841448918739
RAB11FIP3 (9727),0.0002902684016774587
GRN (2896),0.0002946790172263215
CACNA2D4 (93589),0.000297775374562267
MLLT6 (4302),0.00030653576953130823
CATSPER2 (117155),0.00030758574122570655
WARS2 (10352),0.00030810922296237164
SERTAD3 (29946),0.0003113779633645265
TMEM97 (27346),0.00031710513714476693
NDUFA4L2 (56901),0.0003201330740177398
ZP3 (7784),0.00032302244250224184
NTSR2 (23620),0.0003300090315470051
G0S2 (50486),0.00033135376912791527
PIM2 (11040),0.0003340710142865163
CD38 (952),0.0003349400001508296
FOS (2353),0.0003431901315100333
TBC1D8 (11138),0.00035049175133030974
UPB1 (51733),0.0003511192744661164
TSPYL2 (64061),0.00035132771475906614
SH2D4A (63898),0.00035510988803002115
SPINK6 (404203),0.0003635519675600101
CIITA (4261),0.00036951362014764664
TIA1 (7072),0.0003695348514969008
PEG3 (5178),0.0003738932773577555
KRTAP27-1 (643812),0.0003788706145261812
CSNK1G2 (1455),0.00037931326561274837
KDM1A (23028),0.0003804974567151165
ZNF573 (126231),0.0003839883672178082
FRMPD1 (22844),0.0003844313789550188
NEUROD2 (4761),0.00040041572642482426
ECI2 (10455),0.0004009822119439907
MAX (4149),0.0004057225235550427
SCN2A (6326),0.00040786284897688054
CNTN1 (1272),0.0004099910820631891
TRAM2 (9697),0.0004109040662040042
CDH18 (1016),0.00041176126945104727
LIMS2 (55679),0.0004301834245918079
PGC (5225),0.0004332317502233714
MAGEE1 (57692),0.00043629799339166064
YIPF7 (285525),0.00043821115511475577
ARL6IP6 (151188),0.00044028780249887793
ZNF33A (7581),0.00044789872968745576
TEX30 (93081),0.0004532138865585236
OR8H1 (219469),0.0004540151581556018
ASPHD1 (253982),0.00045740901857646457
ZNF320 (162967),0.00045831020074264925
GRB10 (2887),0.00045877853893826415
KCNJ5 (3762),0.000464775246853013
SLC15A2 (6565),0.00046740143470041216
MAST1 (22983),0.00047223058582573707
OR10J1 (26476),0.000474447097905481
CCL26 (10344),0.00047921726135789875
CD82 (3732),0.0004888369630981514
OSBPL5 (114879),0.0004898054237132132
ZBTB44 (29068),0.0004898336360333744
CDIP1 (29965),0.0004962026774608214
SEMA6A (57556),0.0004962284399007186
CLCA2 (9635),0.0004976618845487742
POU3F1 (5453),0.0005027788134434912
AFAP1L1 (134265),0.0005053980154210286
GPR6 (2830),0.000510471657406667
FEV (54738),0.0005152382100505615
FBF1 (85302),0.0005223032253418206
SSH2 (85464),0.0005286562403981493
GLMP (112770),0.0005308803570158641
SKIL (6498),0.0005368687665536977
FAM149A (25854),0.0005371330224688553
ELAPOR2 (222223),0.0005379374318918978
ZIC3 (7547),0.0005449313900057046
COL5A2 (1290),0.0005504471448799103
RNASE6 (6039),0.0005534146213538956
MSRB1 (51734),0.0005546218758784838
WBP4 (11193),0.0005632825095898536
GKAP1 (80318),0.0005679986669167004
CDC37 (11140),0.0005703241298243075
SHKBP1 (92799),0.0005812723358204646
EMX1 (2016),0.0005846663531364098
H2BC14 (8342),0.0005886784904243342
GEN1 (348654),0.0005887142471390174
PDZD8 (118987),0.0006027532955004902
LUC7L (55692),0.0006093081355207577
SPMIP9 (200523),0.0006264176494365054
LY6G5C (80741),0.000635084137642683
UTP14C (9724),0.0006567998025361066
CHEK2 (11200),0.0006652642474953093
EHBP1L1 (254102),0.0006764711683308707
PCGF3 (10336),0.0006799665321040657
MVP (9961),0.0006801760919102745
GCK (2645),0.0006815071022452401
LAPTM5 (7805),0.0006890332105513661
ITSN2 (50618),0.0007005705763295553
POM121L2 (94026),0.0007038698881192876
C7orf57 (136288),0.0007088579497087269
IL20RA (53832),0.0007120322192325213
TMED7 (51014),0.0007126170311976917
PACRG (135138),0.0007212297790058422
CDH23 (64072),0.0007222088042915701
CCDC90B (60492),0.0007283625100407976
MC3R (4159),0.0007288998391684514
KITLG (4254),0.0007296430421883596
ALDH4A1 (8659),0.0007312377908827161
GAA (2548),0.0007360248315348722
GARIN2 (161142),0.0007414485827992718
TSGA10 (80705),0.0007456511781082684
PPP6C (5537),0.0007520731977677492
DEFB129 (140881),0.0007599055277691114
PNLDC1 (154197),0.000761095388640306
GLA (2717),0.0007614152940051539
PACC1 (55248),0.0007656383280558369
FERMT3 (83706),0.0007813652327345407
FOXS1 (2307),0.0007844824764584777
ZNF486 (90649),0.00078896356537338
OXCT2 (64064),0.0007900074727776948
ZNF721 (170960),0.0007945421952558388
KRT6B (3854),0.0007990671645420189
TLCD1 (116238),0.0008040725390340073
PNCK (139728),0.0008070586636633779
OR4K2 (390431),0.0008140786858345739
OR10G8 (219869),0.0008142577440476834
SLC25A43 (203427),0.0008168569725449776
NLRP4 (147945),0.000819641214045746
ALLC (55821),0.0008210545459512548
BRPF3 (27154),0.0008250629924997238
CDC42EP4 (23580),0.0008276437075164436
KCNJ1 (3758),0.0008375080925101466
RHOT1 (55288),0.0008390369062267158
CCDC43 (124808),0.0008419284105752963
ZC3HAV1 (56829),0.0008451893271536315
DARS1 (1615),0.0008453438367250765
CAVIN4 (347273),0.000845936053844982
ZNF618 (114991),0.0008520264908261205
TMEM38A (79041),0.0008531711311907952
RSC1A1 (6248),0.0008545488644139623
C1orf116 (79098),0.0008557153275035045
NPEPPS (9520),0.0008703419575017498
INPPL1 (3636),0.00087582955870108
MSRB2 (22921),0.0008875971314375975
F13B (2165),0.0008926666727910635
TBCB (1155),0.0008936306854007062
FREM1 (158326),0.0009063214759390024
CACNG5 (27091),0.0009130092407415377
MMP25 (64386),0.0009139953162934431
OR6K3 (391114),0.0009332880892385681
KRT77 (374454),0.0009336371405862664
HMGB1 (3146),0.0009401893263856465
UBQLN3 (50613),0.0009403896328948997
LRRN1 (57633),0.0009440316589600842
HIGD1B (51751),0.0009494630431000756
KRT23 (25984),0.0009583291127797399
RCCD1 (91433),0.0009587167715564587
FAM110A (83541),0.0009599479990173528
TEDC1 (283643),0.0009668727122945001
CERS5 (91012),0.0009674167268468309
PDCD6 (10016),0.0009827534496832124
CLEC18B (497190),0.0009938451826553146
PCDHA1 (56147),0.0010048711495947373
TBC1D2B (23102),0.0010077013855306649
MATCAP1 (653319),0.0010085831632370328
WNT16 (51384),0.0010222474487862657
DAPK1 (1612),0.0010230149729559257
INHBC (3626),0.0010384007266312925
GLDN (342035),0.0010387956235283877
ZDHHC8 (29801),0.0010389583908833706
PTAR1 (375743),0.0010420212749481688
IL21R (50615),0.0010472942812798315
ZNF808 (388558),0.0010478097365724803
LAS1L (81887),0.0010503889728021255
RGS7BP (401190),0.0010507522178216987
S100PBP (64766),0.0010545732038063083
ATP5MG (10632),0.001061953076896598
GNAS (2778),0.0010651355489700864
MMP28 (79148),0.0010670247197701087
PROM1 (8842),0.0010689392308950792
ILDR2 (387597),0.0010746992311722646
OR10G2 (26534),0.0010785108111711135
FARP1 (10160),0.0010863967920213375
CASTOR1 (652968),0.0011027742338984975
SERPINA1 (5265),0.0011058099915553115
TMEM52B (120939),0.001113138751074401
DENND6A (201627),0.0011155756058465278
NEXMIF (340533),0.0011162419397974992
PPIA (5478),0.001121139354590134
TMEM220 (388335),0.0011253111068716447
MAP3K9 (4293),0.0011296622768106163
HCN1 (348980),0.0011323958880698967
STRIP1 (85369),0.0011373444467659487
FBXO7 (25793),0.0011387985756118528
LAMTOR4 (389541),0.0011557848081415467
CHRNA4 (1137),0.0011754111313862343
VCAN (1462),0.0011766758800260914
FNBP1 (23048),0.0011915970568417075
PRDM11 (56981),0.0011916592503057354
SNAP47 (116841),0.0012028564044504688
NRG3 (10718),0.0012077192551047582
TECPR2 (9895),0.0012147510212808298
SLC41A1 (254428),0.0012179389715903644
TOX2 (84969),0.001225777347502344
ABHD11 (83451),0.0012278485931923578
SIRT6 (51548),0.0012285086235172143
PTCHD4 (442213),0.0012424517485289687
KCNJ2 (3759),0.0012472301637672205
EYA3 (2140),0.0012473341826551927
TTC1 (7265),0.001250139157391028
HSP90AB1 (3326),0.0012508171831450677
PLEK (5341),0.0012623304357924274
GPR176 (11245),0.0012683992139604393
CS (1431),0.0012778720845650177
CXCR5 (643),0.0012778963931895455
ABCD4 (5826),0.0012788345462354822
NPNT (255743),0.0012793443047929244
TAP2 (6891),0.001280505143403647
OR7E24 (26648),0.0012815749784501132
POLE4 (56655),0.0012892530620572129
PALMD (54873),0.0012895764075351868
GJB1 (2705),0.0012911213198793568
TTC13 (79573),0.0012996028819521588
KL (9365),0.0013019008360673804
PPP2R5C (5527),0.001306404053261716
G6PC3 (92579),0.001306913858675877
SLC5A2 (6524),0.001312215587948754
EDC3 (80153),0.0013130041335296606
CORT (1325),0.0013142205561173653
C1QTNF3 (114899),0.001324555775943907
RFT1 (91869),0.0013287900036183776
CXCL17 (284340),0.0013316775155624188
MSLN (10232),0.0013327983870112996
LRRC61 (65999),0.001339312511620542
GSX1 (219409),0.001349549729263942
ZGLP1 (100125288),0.0013498060942295428
CLCF1 (23529),0.0013563872996676886
SOAT2 (8435),0.0013568046487996645
NXPE4 (54827),0.0013699737448129195
CD300LF (146722),0.001381192630122196
TSSK2 (23617),0.0013868266349477303
DENND5A (23258),0.0013959074230849833
SH3BP1 (23616),0.0014108244650169134
TMEM14B (81853),0.0014156592694547947
CTXN1 (404217),0.001418603624512917
MROH9 (80133),0.0014334904624504795
GNG4 (2786),0.0014406184626091746
CDKAL1 (54901),0.0014436690513840915
PIAS3 (10401),0.0014439800133049401
ZSCAN23 (222696),0.0014503112482097552
PEPD (5184),0.0014547545222934055
OR13G1 (441933),0.001455952802852864
GALNTL5 (168391),0.0014576478681503624
SHC3 (53358),0.0014667357823296766
U2AF1 (7307),0.0014919713996194893
RXRG (6258),0.0014924846462978552
ZNF584 (201514),0.001503130428650432
ENSA (2029),0.0015103527783480665
DNMT3A (1788),0.0015107585838701491
GFRA1 (2674),0.0015216954031754821
RCL1 (10171),0.0015217151596276235
SPIDR (23514),0.0015261948991952845
NGEF (25791),0.001528174460311514
BSDC1 (55108),0.0015304209943208203
VN1R4 (317703),0.0015308973032985508
DCLRE1A (9937),0.0015330132973816473
TENT5C (54855),0.001546100655875035
GRID2IP (392862),0.001561665929207266
BCAS4 (55653),0.001565465636612659
ATCAY (85300),0.0015676905484691877
QRFPR (84109),0.0015836060710219023
SSB (6741),0.0015877673606450315
TEX264 (51368),0.001589677755250732
LRRC57 (255252),0.001591555528600646
FAM216A (29902),0.0015981188535448831
HCAR1 (27198),0.0015987029835217404
MCM3 (4172),0.001598712123086778
STEAP3 (55240),0.0015998332163949737
NEURL1 (9148),0.001618240913954362
LTB (4050),0.0016211795754646923
GNRH2 (2797),0.0016254564100186403
BLTP3A (54887),0.0016270228320745743
BOD1L1 (259282),0.0016282657144563962
CUL9 (23113),0.0016312396702592381
TRIM72 (493829),0.0016384523797763713
GPX5 (2880),0.0016430743479621535
OR6Y1 (391112),0.0016551925969851562
RELL1 (768211),0.0016565250313710143
C11orf86 (254439),0.0016570101293644586
TRIM47 (91107),0.001659379864159584
PCDH9 (5101),0.0016594608468646504
SDE2 (163859),0.0016712284651595039
TUBA8 (51807),0.0016756566113898103
C6orf120 (387263),0.0016769580052612303
CCL25 (6370),0.001680051408531506
CCT8L2 (150160),0.0016842454304784977
ALDH3A2 (224),0.001686981502451355
TIMM22 (29928),0.001699251390379421
NDUFB4 (4710),0.0017063605688083729
MT1M (4499),0.001710759575455112
KRTDAP (388533),0.0017110009044762192
TBC1D1 (23216),0.0017135101437646609
CCDC174 (51244),0.0017216383732261164
RAB26 (25837),0.0017242809389231039
GALNT6 (11226),0.0017245501551757737
SLC39A4 (55630),0.0017267670943743446
COPS9 (150678),0.0017332290509873966
SPINK4 (27290),0.001737854176642375
OR1L6 (392390),0.0017395586316591536
CTHRC1 (115908),0.0017425578466653071
GPC1 (2817),0.0017514592883191655
PTPN6 (5777),0.0017517766249714546
SMCO3 (440087),0.0017557081226281758
ILDR1 (286676),0.00175920985718938
MYOC (4653),0.0017627099494158692
STAP2 (55620),0.0017647214438253275
MBNL2 (10150),0.001767616638476945
LIN7B (64130),0.001767708816259601
TM7SF2 (7108),0.0017677165046752763
SLN (6588),0.0017689580683887735
ZFPL1 (7542),0.0017749323104529864
KRTAP5-2 (440021),0.0017815645643847744
TOM1 (10043),0.001788362619834366
IL5RA (3568),0.0017884761883970525
WNT2 (7472),0.001792926702017106
PATZ1 (23598),0.0017931455748487063
PKD1L1 (168507),0.0017970758080019364
LAPTM4B (55353),0.0017971230154347013
TRIML2 (205860),0.001801124639292651
FKTN (2218),0.0018054138476013399
GYG2 (8908),0.0018090476931502718
CAPN6 (827),0.0018148758973134478
SLC35D1 (23169),0.001815305521654983
ERCC2 (2068),0.0018192419454843374
NR1D2 (9975),0.0018258426145498817
RFPL1 (5988),0.0018272935637308047
SUB1 (10923),0.001828520362594697
ACTL10 (170487),0.0018345799420540444
LEO1 (123169),0.0018437751344502528
IFI35 (3430),0.0018530815106782646
FDFT1 (2222),0.0018558534852474375
TMEM92 (162461),0.0018607154869479232
PROSER2 (254427),0.0018660827075974462
PBOV1 (59351),0.0018671687408452293
B4GALNT1 (2583),0.0018760915781453438
MEX3A (92312),0.0018774572776287855
SMPDL3A (10924),0.0018877991000529647
ENG (2022),0.0018902108286493388
C10orf67 (256815),0.0018923753510632709
VSIG10L (147645),0.0018926091209925517
ELP1 (8518),0.0019001813409800228
SRR (63826),0.0019035557540302123
VWA7 (80737),0.0019040339277663339
MZB1 (51237),0.0019097199963231638
TSPAN12 (23554),0.0019100272631562211
REG3A (5068),0.0019164082636229545
DLG5 (9231),0.0019254068862540907
PADI2 (11240),0.0019286792225847807
DOP1A (23033),0.0019294685848365999
DERA (51071),0.001930761487722135
CRBN (51185),0.0019311024927297531
TLE4 (7091),0.0019320560251030738
NSMAF (8439),0.0019337766139653405
SEPTIN4 (5414),0.0019436919831879414
ZMIZ2 (83637),0.0019482055604131078
HSPB6 (126393),0.001950258630005361
CCK (885),0.0019506554667051248
INHBA (3624),0.0019608445935272198
SLC23A2 (9962),0.0019638683033115054
RIMS4 (140730),0.001969765571435614
IKZF3 (22806),0.001975097560096852
ZCCHC10 (54819),0.0019772931741816294
USP8 (9101),0.001979186482773091
SLC29A4 (222962),0.0019819464065953156
TMEM218 (219854),0.0019943395729464823
PBX1 (5087),0.0019998992810802804
IFIT2 (3433),0.00200175174949632
VPS50 (55610),0.0020049248102201366
OR6Q1 (219952),0.0020160886166734697
C15orf48 (84419),0.002016549992738419
TBX4 (9496),0.002018363611509807
USP48 (84196),0.0020387057622001273
CD320 (51293),0.0020534125029757744
CREB5 (9586),0.002057584861584194
PHKB (5257),0.002059005584205994
KRT78 (196374),0.0020616132348600666
ST3GAL2 (6483),0.0020825962440787255
CIMIP2C (339778),0.0020845311624942413
AATK (9625),0.0020847294257912846
FNBP4 (23360),0.002087057279092402
MYH10 (4628),0.002091266222638774
IL17REL (400935),0.0020915695332341137
METRN (79006),0.0021186903492073647
TSC22D3 (1831),0.002119520536910366
OR51I1 (390063),0.002119725410248665
REL (5966),0.002122361377481575
HINT1 (3094),0.0021251993424564633
LRRC8A (56262),0.002127448825609115
LAMP1 (3916),0.002128114242445199
P2RY13 (53829),0.0021293103522507495
NXT2 (55916),0.0021297361434593357
TAS2R9 (50835),0.0021466576715312552
C1orf216 (127703),0.0021475003625705843
GPR182 (11318),0.0021499597257019745
SPMIP8 (374739),0.0021510010485824753
OR1L8 (138881),0.002154530036370742
KDELR3 (11015),0.0021562684165108573
HOMER1 (9456),0.002163808127184926
SEC14L2 (23541),0.0021650083288401894
EXOC3L4 (91828),0.0021675387706707066
SIX5 (147912),0.002173644230718419
IDH3G (3421),0.0021743615898541214
SWSAP1 (126074),0.0021752291872663464
SZRD1 (26099),0.0021948076566413325
PEX7 (5191),0.002196595724095322
LHX5 (64211),0.0021993743575737406
PRICKLE3 (4007),0.002199979431814176
STK16 (8576),0.002207776983808744
H1-2 (3006),0.00221405056832614
SH3PXD2A (9644),0.002221768380078898
CASP5 (838),0.0022226867754335158
COQ10A (93058),0.0022340054063890746
MINAR1 (23251),0.0022348292285386353
MT2A (4502),0.00224004301364118
C6orf136 (221545),0.002258565684930628
ZHX2 (22882),0.002258717099595799
POGLUT1 (56983),0.0022613034204789517
HIPK3 (10114),0.002264964270960977
TBX5 (6910),0.0022675904848429595
DDAH2 (23564),0.002271007054619918
PDZD2 (23037),0.002282739303072239
CALHM3 (119395),0.002285636322813491
ARMC2 (84071),0.0022906433350636216
GABRQ (55879),0.0022947875516147833
ETV7 (51513),0.002297413986498616
ENOPH1 (58478),0.0023095720015909147
VSTM2B (342865),0.0023181133033735846
MARCHF3 (115123),0.0023196888632501488
MFSD8 (256471),0.0023218763311288098
NDC1 (55706),0.002324755638704319
UBE2Q2 (92912),0.0023356971792479753
STK38 (11329),0.0023363040551117225
PLA2G4E (123745),0.0023459298552396526
DNAJC15 (29103),0.0023528508596782284
STX2 (2054),0.0023604655127242814
CDK9 (1025),0.002362128900261534
PRKCG (5582),0.0023643710703339007
LILRA5 (353514),0.0023655930633221262
TMEM98 (26022),0.002372552327712746
PURG (29942),0.002374279118882416
APOC1 (341),0.002374682788766125
ABCA7 (10347),0.0023778073121997383
ATP5PF (522),0.0023784898671645204
MVB12A (93343),0.0023826901260851244
EFS (10278),0.0023829928782714747
POU5F2 (134187),0.0023885102513502296
ADAM15 (8751),0.0023885900251433547
RCAN1 (1827),0.002394750100874842
POGLUT3 (143888),0.002399847334687787
TSTD2 (158427),0.0024003254746130702
KDM2B (84678),0.002402890097561881
MTSS2 (92154),0.0024030710804268454
PRF1 (5551),0.0024044331476363433
MSI1 (4440),0.0024085298013386204
PDCL3 (79031),0.00241142591773411
BCL7A (605),0.0024119550098932654
ORM1 (5004),0.0024149839484619317
TFAP2A (7020),0.002415980896996769
ANKRD28 (23243),0.002420767465512271
CLEC4M (10332),0.0024265113505484905
NFKBIZ (64332),0.002434904756323105
SHD (56961),0.0024419941579966026
KRTAP16-1 (100505753),0.002443890461420927
RAD51D (5892),0.002456484752430065
OR5D14 (219436),0.002462719660807647
ROCK1 (6093),0.0024630680848597678
LRIT2 (340745),0.0024735010302813433
TMEM205 (374882),0.002479717498527134
EIF2B1 (1967),0.0024805340543082076
CYRIA (81553),0.002483017368789522
HOOK3 (84376),0.0024839284286731845
TBRG4 (9238),0.002487412446517516
TRMT6 (51605),0.0024906405601253234
OR13C3 (138803),0.0024914433733721677
PRTG (283659),0.0025022145367808476
FAM118B (79607),0.00250539079022811
QRICH2 (84074),0.0025054732056680037
SLC38A4 (55089),0.0025183372429101736
RCC1L (81554),0.0025211373624744802
KMT2E (55904),0.0025226531003886147
NRIP2 (83714),0.002525875139568105
ARHGAP31 (57514),0.0025263866027106273
SPACA3 (124912),0.002529532383900294
ADAMTS17 (170691),0.0025403645623882478
TBCCD1 (55171),0.0025439885553167384
TMEM177 (80775),0.0025471820145574883
ABCC3 (8714),0.002552384311415662
CCN6 (8838),0.0025593604809161763
NEU1 (4758),0.0025714385156753216
TRIM16 (10626),0.002572816506785239
SCGB2A1 (4246),0.0025779216277839138
TRERF1 (55809),0.0025850961164529352
RCN2 (5955),0.002589333399727445
PXMP4 (11264),0.0025975124896137763
NIPAL2 (79815),0.002601557828664213
RPS6KA3 (6197),0.0026044735643198083
PWWP2A (114825),0.0026046540475852123
C4orf3 (401152),0.002616033810573595
TBL3 (10607),0.002622830357789028
KIF27 (55582),0.002638134549635642
HOXB6 (3216),0.002645388225621206
CCDC110 (256309),0.00264865272534411
CD52 (1043),0.002649519901647475
MCOLN1 (57192),0.0026501409142390014
MINDY3 (80013),0.002660844908057433
NELFE (7936),0.002661372078580735
GPR87 (53836),0.0026681980363151814
RNF212B (100507650),0.0026690980974903153
DCAF10 (79269),0.0026691717014091956
OLFM3 (118427),0.0026891014839517603
TM9SF1 (10548),0.002689866841182391
CSTF2T (23283),0.0026961241034930417
TMEM161B (153396),0.002700587903810772
HPSE (10855),0.0027129303915834047
DALRD3 (55152),0.0027196290816081745
WNT10A (80326),0.002721646670903988
RIPPLY2 (134701),0.0027264880760118028
LRP6 (4040),0.002737223825402609
RAPSN (5913),0.002739159697038988
APTX (54840),0.0027468754101385557
CSNK1G1 (53944),0.0027482625906229993
EPHX3 (79852),0.0027517344406621834
XCL2 (6846),0.002752764669439496
LRCH3 (84859),0.0027624816866724075
SERPINA12 (145264),0.0027779841087050474
ZNF43 (7594),0.002780067670927804
ZNF34 (80778),0.00278739339291587
IL9 (3578),0.0027953336002281945
SOX15 (6665),0.0027959351738807833
OOEP (441161),0.002797364319109088
HINT3 (135114),0.0028105699886591226
ZNF143 (7702),0.0028139834181067744
ZBTB34 (403341),0.0028207223212483035
OSTM1 (28962),0.0028232354788493125
PATL2 (197135),0.0028248433559244415
BLTP2 (9703),0.0028259636908823595
TCF7 (6932),0.002827294008151605
RAB28 (9364),0.0028290849868521564
CEP55 (55165),0.002836060853222434
RFX5 (5993),0.002842984240070719
EHD1 (10938),0.002843485315489953
DMC1 (11144),0.002846187691039374
IL12B (3593),0.0028534844011553176
HMG20B (10362),0.0028556746677778767
KANK4 (163782),0.002856702919476247
GGACT (87769),0.002858904753870552
MRPL12 (6182),0.00286297476272194
OLFM4 (10562),0.0028658692364852394
B4GAT1 (11041),0.0028701059933395035
CHMP1B (57132),0.0028722132281745662
SYNGR1 (9145),0.0028775328216751783
IFI6 (2537),0.002877810180858422
OXSR1 (9943),0.00288723211668897
HSPBAP1 (79663),0.0028903955827737308
MRPL15 (29088),0.0028937602507022897
WSB2 (55884),0.002904169043662607
HTR1D (3352),0.002905407127001956
HNRNPDL (9987),0.0029074857406887413
LOX (4015),0.002913443213322736
PCDHA10 (56139),0.002924839946961812
ABCB10 (23456),0.0029266406992716604
IGDCC4 (57722),0.0029432791078680856
TSPEAR (54084),0.0029553178396306812
OR6N2 (81442),0.002959676011402354
IGSF11 (152404),0.002965174709596796
OR8G5 (219865),0.0029655320948075324
ZIM2 (23619),0.002966284676680643
MYO5A (4644),0.0029681540849302484
KLRF2 (100431172),0.0029696070327718442
STAT5B (6777),0.002983001566031448
GALR3 (8484),0.0029939005924018405
TOGARAM2 (165186),0.0029943022170335685
CYP1A2 (1544),0.0029981364113383178
EEF1AKMT4 (110599564),0.0030000545132138237
CREB3L1 (90993),0.003000672620723857
GPBP1L1 (60313),0.0030007281585516096
ZNF534 (147658),0.003010712205418618
EFTUD2 (9343),0.0030239394330520484
ARL9 (132946),0.003025876970630393
TMEM61 (199964),0.0030348675696381935
HSPA12A (259217),0.0030496362140774026
BST1 (683),0.003050409665522519
C2orf88 (84281),0.003052476193264019
TMEM201 (199953),0.0030614258277643037
SSBP1 (6742),0.0030656400114898582
TRAPPC14 (55262),0.003066930277931091
MPEG1 (219972),0.0030685502369388533
SUMO1 (7341),0.0030688393950404754
RGS9BP (388531),0.003078585259721728
MIGA1 (374986),0.003080713925161909
ECSIT (51295),0.0030842531307410017
APOLD1 (81575),0.003098975794718073
PRMT7 (54496),0.0031017062496000425
BCAR3 (8412),0.0031027562462278397
GPR119 (139760),0.003109562945623545
ZNF589 (51385),0.003112903827818502
MYBPHL (343263),0.0031144083419291893
CARD16 (114769),0.003114719056247472
PRSS55 (203074),0.00311812773350442
TMX1 (81542),0.0031311889165234483
GML (2765),0.00313345204019969
PRR15L (79170),0.0031410678727743033
DDN (23109),0.0031418155471910412
BAG4 (9530),0.0031497064050682974
CCNG2 (901),0.0031533521047022004
GHRHR (2692),0.003154408615847641
PRKD3 (23683),0.003156545231127019
ANKRD50 (57182),0.003158419459314533
RAB40A (142684),0.0031704409089202286
ESYT1 (23344),0.0031927582910039865
SPATA17 (128153),0.0032025103919654132
ABLIM2 (84448),0.003218278108730583
FKBP1B (2281),0.0032187630502017086
PIGN (23556),0.0032260564988664006
CARD19 (84270),0.0032284201639637927
CUX1 (1523),0.003231659127809136
TAS2R38 (5726),0.0032407728857036374
ARFGEF3 (57221),0.0032427265393309675
ATXN3 (4287),0.0032449328160344642
PCMTD2 (55251),0.0032482214685966592
METTL6 (131965),0.0032522881759647518
KCNK4 (50801),0.003254252697022615
SERPINA3 (12),0.0032572729272369785
PPARGC1A (10891),0.0032715040356057832
C1orf105 (92346),0.0032770130035230344
HNRNPH2 (3188),0.003281160465271664
SCNN1D (6339),0.003284591226332275
GRM6 (2916),0.0032852270027981063
CORO6 (84940),0.003285875217733677
HMBOX1 (79618),0.0032920054475590117
COL20A1 (57642),0.003292076133213566
TTI1 (9675),0.003302215423106466
CDH20 (28316),0.0033030189830180637
RENBP (5973),0.003304371444947862
DCAF8 (50717),0.003312945663838831
KRTAP19-5 (337972),0.0033141817143432506
KLHL22 (84861),0.0033242853808319187
GALNT8 (26290),0.003331686236103878
PDIA2 (64714),0.0033341817069573168
CD160 (11126),0.003344032937931523
OR7G3 (390883),0.003358270014271475
IER5 (51278),0.003358391014917817
YBEY (54059),0.0033604993668167518
FUT4 (2526),0.003364605890547575
USP24 (23358),0.0033740990673221394
MAGEA10 (4109),0.0033814519733968876
NAXD (55739),0.003388044300529595
MTHFD2L (441024),0.0033888142856018347
RBM6 (10180),0.003393411453071049
SFXN3 (81855),0.0033940558922468536
NANOS3 (342977),0.003397957088079805
LEFTY2 (7044),0.0034058313101867836
NUBP1 (4682),0.0034163636955646223
MAMLD1 (10046),0.00341918281395747
FAM199X (139231),0.0034363077273392236
ARMCX4 (100131755),0.003442935280030842
OR1M1 (125963),0.003443495186279477
OSGIN1 (29948),0.0034456572139009373
TNRC6B (23112),0.0034504780385358684
CAST (831),0.0034517447036327355
RCN1 (5954),0.0034587328772689827
NEUROD6 (63974),0.003459880064612252
B3GAT3 (26229),0.0034656095172823525
GGTLC2 (91227),0.0034671223309386077
CLDN23 (137075),0.003469067855263459
SYP (6855),0.0034708638046308856
FAM131C (348487),0.003486509454557893
GLRA2 (2742),0.0034868279813072642
C7 (730),0.003495895445616803
TMF1 (7110),0.003497421192247302
ZC3H7A (29066),0.003498597848116329
ZNF813 (126017),0.0035058327444192493
TUSC1 (286319),0.0035093126451991
HSP90AA1 (3320),0.003509700357494607
CHCHD5 (84269),0.0035108200800622494
BNIP3 (664),0.0035219491530594097
PIGH (5283),0.0035235637798158304
MYH13 (8735),0.0035246996783649767
TLR5 (7100),0.003526943339719889
HESX1 (8820),0.0035288637681843617
PLCB2 (5330),0.003530180094773783
CDADC1 (81602),0.0035318845019720324
USP53 (54532),0.0035322815347096433
FBXW5 (54461),0.003535843192981288
YIPF1 (54432),0.0035477659919467682
EVI2B (2124),0.0035525038417400065
ANKRD33B (651746),0.0035589242331377714
CCR8 (1237),0.0035606312088582916
BMPR1B (658),0.003568473238932961
RUSF1 (64755),0.0035813183391031175
CCL28 (56477),0.003588711087290244
CLSTN3 (9746),0.00358895009824254
NECTIN3 (25945),0.0035895857125129824
OTX2 (5015),0.0035896644541488407
CENPQ (55166),0.0035936907036175155
TAS2R39 (259285),0.0035963360541199562
OPALIN (93377),0.0036036980959084663
ZMYM5 (9205),0.0036043498728894853
PLS1 (5357),0.003606520927181847
ERBB2 (2064),0.0036194765431651964
SLC36A4 (120103),0.0036198591200586744
RNF169 (254225),0.003622702652203377
CLEC11A (6320),0.003622847595988584
ODF2L (57489),0.0036275170891172798
ZNF454 (285676),0.0036284210544806125
PDCL (5082),0.003635499849554977
FRK (2444),0.003642997822873637
CHCHD1 (118487),0.0036483670309250217
WDR75 (84128),0.0036500452762164163
USP25 (29761),0.0036550936218661123
HYAL3 (8372),0.0036602499504789793
DPF1 (8193),0.0036605991438008766
TDRD5 (163589),0.0036674014940387303
LRRC27 (80313),0.0036740627913990002
USP6NL (9712),0.0036846882634527576
MED9 (55090),0.003685287718427671
MINDY4 (84182),0.0036906775722537954
PCDHGB7 (56099),0.0036926505001014893
C6orf47 (57827),0.003695982221969036
SCYL2 (55681),0.0036985504600377883
TXLNA (200081),0.0037059060714201694
VAMP7 (6845),0.0037063174752102242
TRAK2 (66008),0.003717562300625449
TMPRSS11B (132724),0.003731514534047777
NTS (4922),0.0037357282117746675
ACAN (176),0.0037369739743797962
GUCA2A (2980),0.003738431078412042
AFF1 (4299),0.0037387787683097152
SCLY (51540),0.003747804930493078
PAFAH1B3 (5050),0.003749121223716074
KCNF1 (3754),0.0037508681757730212
ISCA2 (122961),0.0037570202904141712
TMEFF1 (8577),0.0037580769189257453
POP4 (10775),0.0037590783820828665
TRAF1 (7185),0.0037670727475804843
CRISPLD2 (83716),0.003786688645136851
WDR88 (126248),0.003792075102899541
OR52E2 (119678),0.0037942124596210733
B3GAT1 (27087),0.003800030650550257
TMEM116 (89894),0.0038001292079695406
ATP1B1 (481),0.0038123652147713997
BAG2 (9532),0.003812373186879346
DHDH (27294),0.00382181213530318
AGAP1 (116987),0.0038276020025939097
LVRN (206338),0.003830723630602482
SCUBE2 (57758),0.003831872462381122
PPP1R12B (4660),0.003835115122654706
C11orf42 (160298),0.003845669443976268
SLC36A3 (285641),0.0038464935776473122
CDKL5 (6792),0.0038472801893539013
LZIC (84328),0.0038478440322080375
GNL3L (54552),0.003850095105412574
KPRP (448834),0.0038537393500561244
HDAC1 (3065),0.0038546534533204393
KIAA0753 (9851),0.003861111342976108
USH1G (124590),0.0038629974531954807
ABHD13 (84945),0.0038653764477884233
ZFHX3 (463),0.0038733733006113013
NPAS3 (64067),0.003875803510671719
BBS7 (55212),0.003876549431910954
GLIS3 (169792),0.0038769616527729012
TMEM263 (90488),0.003891008824468592
GMNC (647309),0.003905456693938293
CD1E (913),0.0039083628208328265
SSBP2 (23635),0.003909832075211265
C12orf54 (121273),0.003914363092174981
DBT (1629),0.003915234904802004
RAP2A (5911),0.003918247842745744
DDX60 (55601),0.0039205930234359225
RASA1 (5921),0.003926029477668671
GLS (2744),0.0039269060149146415
NID1 (4811),0.003930638752553358
TTC4 (7268),0.003935010315065017
OR6M1 (390261),0.003940031491215609
GPR26 (2849),0.003949548765022976
SURF6 (6838),0.003952195217592333
TMEM132B (114795),0.003952688566786617
FANCD2 (2177),0.003960162496327708
ATP8A2 (51761),0.003966464668148227
NEK5 (341676),0.003968152640062687
FAM98C (147965),0.003975733136621108
KCTD21 (283219),0.003984672989757501
FSCN3 (29999),0.003985393420924617
HOMER2 (9455),0.0039860756015021835
HP1BP3 (50809),0.003990283314599161
PLEC (5339),0.00399054861078811
ZMAT4 (79698),0.003993031959768097
SCML4 (256380),0.003996112434820954
C2CD2 (25966),0.00399722946724994
CRIP2 (1397),0.003998464929941569
SERINC5 (256987),0.004004958710314605
OR8I2 (120586),0.004008722406546375
EGFL7 (51162),0.004017352943043477
SMIM2 (79024),0.0040214922611459866
GPLD1 (2822),0.004022342030346045
ASIC5 (51802),0.0040283631327513916
ADAT1 (23536),0.0040330747612079675
PTGDS (5730),0.0040377511471800425
POMT1 (10585),0.00404984798615076
CLPTM1L (81037),0.00405784941231573
IFNA7 (3444),0.004058076450714906
ADGRE5 (976),0.004059171675254047
DSC3 (1825),0.004064113144923432
AHCTF1 (25909),0.004068146693208225
MGAT4B (11282),0.004068543119516733
LNX1 (84708),0.0040687032469846765
PRR18 (285800),0.0040881201250824095
ADGRD1 (283383),0.004090238676024809
ETFDH (2110),0.004096229415817361
ABCB11 (8647),0.00410608651775383
PDE3A (5139),0.004109664272759234
OTOP3 (347741),0.004111007861988896
TLE5 (166),0.004113315077885069
GUCY1B1 (2983),0.004115098031168023
TRAPPC6A (79090),0.004118810676674371
ERCC4 (2072),0.004133885397358872
DDX55 (57696),0.00414419812427884
HMG20A (10363),0.00414557317021815
CMTM1 (113540),0.004148484452101217
CERCAM (51148),0.004149975259996815
BEX2 (84707),0.004159077999119495
ADRB2 (154),0.004166915357322742
GAS2L2 (246176),0.004168190170974419
TTPA (7274),0.004169013059282361
TTC16 (158248),0.004170635319899687
GRIP1 (23426),0.004174496023681858
HOXD12 (3238),0.0041762466490107624
REPS1 (85021),0.004183106535605447
KRTAP20-3 (337985),0.004186854658926406
CPEB3 (22849),0.004194133187182017
GLRA3 (8001),0.004195760577114266
BAIAP2L2 (80115),0.004203568866437994
DPP7 (29952),0.004212439876319151
HIPK4 (147746),0.004214208211947845
MAP2K7 (5609),0.004217087577776817
PROK2 (60675),0.004223245757025578
FXYD6 (53826),0.004232798684526469
GPRIN1 (114787),0.004233089796115358
BORCS7 (119032),0.004237623778521864
PANX3 (116337),0.004240866607230282
IKBIP (121457),0.004249680946959067
SIRT2 (22933),0.004253335049732026
GPRC5C (55890),0.004253476755197897
SNAP29 (9342),0.004254211921969878
SMIM14 (201895),0.004259070644371572
HPSE2 (60495),0.00426119321561075
DCTN3 (11258),0.004270951258670745
SUCNR1 (56670),0.0042732796189577284
CHMP3 (51652),0.004274405329634327
SAFB2 (9667),0.004294544416878556
PSMC3IP (29893),0.004295809118808845
NR1I2 (8856),0.004308290017517161
CCL17 (6361),0.004327854191119401
EFCAB2 (84288),0.0043278791895866075
PTPRT (11122),0.004328456014420493
SERTAD2 (9792),0.004337550474036177
TPPP3 (51673),0.004341285698331623
UNC5A (90249),0.004341759481189695
PECR (55825),0.004347560522446845
ABHD16B (140701),0.004350061086903269
FADD (8772),0.004351497542156161
TPPP2 (122664),0.00435299845819941
POU5F1 (5460),0.004359541179870012
PKIA (5569),0.004362062579589349
VWC2 (375567),0.004362203380718294
PRR16 (51334),0.004364976819144342
TRAFD1 (10906),0.004368768331897013
CHRM4 (1132),0.004371582179435862
OR51G2 (81282),0.004372537768820958
FFAR4 (338557),0.004380030176653519
BEST2 (54831),0.004391615813531414
PNLIPRP3 (119548),0.0043990026709255095
CNIH3 (149111),0.004400820554052892
EPHA10 (284656),0.004402597176597069
DGKH (160851),0.004411206098561364
DCANP1 (140947),0.0044124435706159966
EBF4 (57593),0.004417288267768295
EFCAB3 (146779),0.004428208858071782
DRICH1 (51233),0.004435719686942081
UGT2A3 (79799),0.0044358031356456756
ZSCAN29 (146050),0.0044398815035885325
TRARG1 (286753),0.004439972124834804
SLC20A2 (6575),0.0044441484928632695
PBDC1 (51260),0.00444949285311835
TREM2 (54209),0.0044523931239939755
ALMS1 (7840),0.004462222159150796
CA12 (771),0.004465296005847105
EMCN (51705),0.004467530289574493
SFMBT2 (57713),0.004468829413349449
AOAH (313),0.00449212833304422
CACNA1A (773),0.004493733221201243
FBXW10 (10517),0.004496329685541927
WAS (7454),0.0045004887447197975
GH2 (2689),0.004500833646370199
ASB11 (140456),0.004502256372131419
NTSR1 (4923),0.004508750377586513
SYN1 (6853),0.004513567382461247
MGST1 (4257),0.0045231228193948906
BMP8A (353500),0.004528897725118863
DOLPP1 (57171),0.004533635371642115
AR (367),0.004535955456533245
COX8A (1351),0.004544001063393562
DMKN (93099),0.0045464690943390566
MRPL49 (740),0.0045489133456399445
AKIRIN1 (79647),0.004556114137475699
PCTP (58488),0.0045662546248472
GAPDHS (26330),0.00456720034138388
RPE65 (6121),0.00459705966398869
NKX2-3 (159296),0.004599111984389818
SPNS2 (124976),0.004600410032813257
MRTFA (57591),0.004600604398935419
ZNF345 (25850),0.004607970998628517
EDNRA (1909),0.004615642187420215
S1PR1 (1901),0.004616413736752246
ARPC1A (10552),0.0046366023038411685
MGMT (4255),0.004641943459783558
MDP1 (145553),0.00464803535110958
SSTR2 (6752),0.004651060058929053
TRIB2 (28951),0.0046628965894340456
UBQLNL (143630),0.004664375469400587
MDGA2 (161357),0.004675116884392265
CLTA (1211),0.004678867144159177
ADRB1 (153),0.004680127148903541
OLIG2 (10215),0.0046831059810181425
PFKFB2 (5208),0.004684133524659416
GAN (8139),0.004692675831038361
ZCCHC2 (54877),0.0046933517168782505
BSCL2 (26580),0.004699345690407897
UST (10090),0.004703323293179155
HNMT (3176),0.004706162443902303
TOR1AIP1 (26092),0.004706513692873961
SLC25A41 (284427),0.004707140512995468
IL27 (246778),0.0047093774341123934
ALDOB (229),0.004709737893497572
ERVFRD-1 (405754),0.004712237260528314
ZNF98 (148198),0.004714118596201441
CREB3L4 (148327),0.004728169704983439
OLFML2B (25903),0.004731510936600963
AMPD2 (271),0.00473667845053578
COMMD1 (150684),0.004737592282084645
FAM241B (219738),0.004743218683017614
C22orf15 (150248),0.004745712952736301
CWF19L2 (143884),0.004759220990892274
FAM20A (54757),0.004768951626301617
BBX (56987),0.004778915430586643
CEP112 (201134),0.004783665750579077
GPS2 (2874),0.004783807794395045
TOP2B (7155),0.004786879048026583
IGSF8 (93185),0.004788170424141456
RHBDL2 (54933),0.0047883941583665175
CSHL1 (1444),0.0047892433340378975
HSD17B3 (3293),0.00479304520474034
PTGFRN (5738),0.0048165775657727505
SLC6A13 (6540),0.004822016507047042
EXOSC2 (23404),0.0048343120838538756
ZNF700 (90592),0.004838749165888144
STATH (6779),0.0048441010878701824
ITCH (83737),0.004847023314503628
LYRM4 (57128),0.004848610201305268
OR10A5 (144124),0.004854681755822212
MAF (4094),0.004875051547584603
TCEANC (170082),0.004876241950171052
KRT5 (3852),0.0048870845813144635
DIABLO (56616),0.00489171222634101
SSMEM1 (136263),0.004901204354513241
VWA1 (64856),0.004903520269891473
SPSB1 (80176),0.0049247928958268085
AKR7A3 (22977),0.004926229591393662
ARHGEF15 (22899),0.004935584385823125
ARMCX2 (9823),0.004937374076739666
CYP19A1 (1588),0.004944265627359463
TAS2R41 (259287),0.004944770043353799
ADCY3 (109),0.004945854329675822
UBXN6 (80700),0.004946426923920463
ARSG (22901),0.004948937279589103
SSX3 (10214),0.004952161209979223
CSDC2 (27254),0.004954219740979134
LMO3 (55885),0.004954429105977003
ZNF83 (55769),0.004955975062645298
PPP3CA (5530),0.004962661018711964
JOSD2 (126119),0.004965534803065413
UBE2R2 (54926),0.00496834426511511
ZNF557 (79230),0.004968530701373584
CDK2AP1 (8099),0.004969896074806487
LRRC28 (123355),0.004969900219447788
TMEM262 (100130348),0.004980995242051076
SLC25A2 (83884),0.0049853684956520415
LRRC71 (149499),0.00500103990470859
TAC1 (6863),0.005013105451541152
FUNDC2 (65991),0.0050163565155436265
GAD2 (2572),0.005021776745346254
VSTM2A (222008),0.00502737493406737
RNF20 (56254),0.005027864140801765
PLEKHG3 (26030),0.005036586764886471
SLC26A5 (375611),0.005037077875676735
ZNF667 (63934),0.005039576478196607
KCNK1 (3775),0.005042695529675193
IFNE (338376),0.005050865721509017
LHPP (64077),0.005055603986920342
CNKSR1 (10256),0.005057607588175918
POU4F1 (5457),0.005062098740108063
TSPAN5 (10098),0.005063365554860268
PPM1D (8493),0.00506365695218533
LARP7 (51574),0.0050749530478195
NUTM1 (256646),0.005078224029442433
C17orf67 (339210),0.005080987198370102
TSPAN1 (10103),0.005081300562296039
PAPPA (5069),0.005083349698972526
CITED2 (10370),0.005097432030930613
DDAH1 (23576),0.005113071592379232
FBXL13 (222235),0.0051192363216766195
NEO1 (4756),0.005126105326451076
ILVBL (10994),0.005144492404905127
KIR3DL1 (3811),0.005146835855138236
GPR142 (350383),0.005150036802785319
RAB3GAP2 (25782),0.0051534094078669835
KRT1 (3848),0.005160624416488562
ATG2B (55102),0.005161522497959842
PRR35 (146325),0.00516696098615445
DSCAML1 (57453),0.005178995569226721
ZNF114 (163071),0.005180591519351654
SGSM3 (27352),0.005186069773562336
ZSCAN2 (54993),0.005187145504530739
ACSL6 (23305),0.005187654275057439
DCLK3 (85443),0.00519019909922405
RFXANK (8625),0.005216439862502616
NENF (29937),0.0052164608808395125
ZNF230 (7773),0.005216680628524802
ETFBKMT (254013),0.005217998348821155
IRF8 (3394),0.0052247522426475314
ITGAX (3687),0.0052249535830628715
TMED6 (146456),0.005229487238354797
CHCHD3 (54927),0.005229905604353862
NKX3-1 (4824),0.00523347710853668
SIX3 (6496),0.005234811173307694
USP16 (10600),0.005245379647723232
NLGN2 (57555),0.0052671073125730005
ADAMTS14 (140766),0.005272158975814982
AAMDC (28971),0.005279649565290834
ARVCF (421),0.005299901614829724
SLC6A9 (6536),0.005311122241003913
SNCG (6623),0.005311329745369052
LBX2 (85474),0.005321333562161141
ANKRD37 (353322),0.00532817225017271
MECP2 (4204),0.0053303715700111646
NKX2-1 (7080),0.005331737338800277
KRTAP4-5 (85289),0.005335121710999034
TRIM26 (7726),0.005352968585375325
TP53TG5 (27296),0.005355578161993997
UQCC3 (790955),0.005356648921981686
BTN3A1 (11119),0.005361547737843328
NUP50 (10762),0.005361566595694167
SOX9 (6662),0.005368635014217202
FAM20C (56975),0.0053750636236832286
GLCCI1 (113263),0.005377237022974486
C10orf71 (118461),0.005377351052773209
ALKBH3 (221120),0.005377505167997569
OR1N2 (138882),0.00539026592284313
NOA1 (84273),0.005393763725593714
CRYAA (1409),0.005398723978435644
REN (5972),0.0054035200283794466
ZBTB43 (23099),0.005410918769601152
ORAI2 (80228),0.005411199784003863
OCRL (4952),0.005415215994229263
CFAP36 (112942),0.0054152559559203705
FZD1 (8321),0.0054239555174458685
TRIM68 (55128),0.005434096317167527
TNFRSF10B (8795),0.005439998752250309
E2F5 (1875),0.005443599574321876
GTF3C6 (112495),0.005459275552456972
CREB3 (10488),0.005462104162012575
OSBPL1A (114876),0.005475151373765498
GBP7 (388646),0.005486676131378844
CTIF (9811),0.0054879961480096655
XPO7 (23039),0.0054888589447399955
SIGMAR1 (10280),0.0054929053346068814
ST3GAL5 (8869),0.005493710513128519
PLEKHS1 (79949),0.005498433056222256
GLB1 (2720),0.005502638728698956
PARD3B (117583),0.005504003819612058
MMP9 (4318),0.00550512401647696
GLIPR1L2 (144321),0.0055055361303315165
CCND2 (894),0.00552042143140031
GABRG2 (2566),0.005520975535728027
ATPSCKMT (134145),0.005521755903119701
SLIT2 (9353),0.005523183423954749
HEXA (3073),0.005530001319358177
CBLN1 (869),0.005530614405058089
SOX13 (9580),0.0055368485809976905
SCN10A (6336),0.0055463931802570265
PFKL (5211),0.005549142154726953
METTL25 (84190),0.005556817462058738
MAP7D1 (55700),0.005559218369444207
GPAT2 (150763),0.005560131635286975
RELN (5649),0.005568376181290386
KLC4 (89953),0.005583647910858797
CALB1 (793),0.005584434770673445
SLC25A15 (10166),0.005585422410117059
ARID3A (1820),0.005589646909350581
PSMD6 (9861),0.005596618467258076
SLIRP (81892),0.005598025492076017
SMAD1 (4086),0.005610556786209911
ZFAND1 (79752),0.0056140123509280946
OR6C6 (283365),0.005619058987880949
CCNB3 (85417),0.005620229107307287
TES (26136),0.005621509663203391
KCNMB4 (27345),0.005621769857747771
CLDN18 (51208),0.005628789095998557
CHD5 (26038),0.005629354754403216
HBB (3043),0.005645737747198027
BOC (91653),0.005646971519383005
HLA-DQB1 (3119),0.00564918726031914
SHTN1 (57698),0.005649348235261091
PPP1R1C (151242),0.005650909837334196
PPP4R4 (57718),0.005664461876023633
TTC19 (54902),0.005665168447333425
STRA8 (346673),0.0056700021195144066
SMPX (23676),0.0056721905337972405
GSC2 (2928),0.005686819579901733
EGFLAM (133584),0.005694996753741634
PTPN20 (26095),0.005703014545909027
SLC12A2 (6558),0.005704639768097976
MARCO (8685),0.005708956098815411
RNF222 (643904),0.005710474274840947
MOB3B (79817),0.005721966053725351
KCTD13 (253980),0.005723803576497913
DLL3 (10683),0.005724428074664937
RNASE1 (6035),0.005729718896852351
CAND2 (23066),0.005735315901449489
FAM47B (170062),0.005736973680239292
RGS19 (10287),0.005744566194488727
DEDD (9191),0.005748941749814788
MSANTD3 (91283),0.005751586081475699
GPR15 (2838),0.005751691158345262
MPP4 (58538),0.005753018508844746
WDR90 (197335),0.005753530837414421
ZDHHC9 (51114),0.005753718318529036
ATOH1 (474),0.005757483693075797
NRSN1 (140767),0.005777668640790758
ZP1 (22917),0.00578129767174843
SMIM20 (389203),0.005792515321465034
CCNG1 (900),0.005795969804791388
OPTC (26254),0.005803496991969335
OCM (654231),0.005814546475897595
FGD1 (2245),0.005819825345816325
PRR12 (57479),0.005821552357518355
DIS3 (22894),0.005825078714653192
DPRX (503834),0.005835681203547822
MTM1 (4534),0.005839267443864448
CDA (978),0.005846033221762111
ALPK2 (115701),0.005860525111269248
GATA5 (140628),0.00586756029078689
SYTL1 (84958),0.00586982036025571
DEFA4 (1669),0.005886378527871417
TMEM87B (84910),0.005886710846171644
GXYLT2 (727936),0.005890667795873003
ARF3 (377),0.005891169211844382
NABP1 (64859),0.005891855730029472
KANK3 (256949),0.005893835169051733
GEMIN7 (79760),0.005893846262103533
TOMM40L (84134),0.005895759988552645
PPP1R3E (90673),0.005904847206815478
PRKAA2 (5563),0.005916383740735798
ZFP82 (284406),0.005918512732176277
HEBP2 (23593),0.005927363566062987
HHEX (3087),0.005929505666627107
MIF4GD (57409),0.0059411318218975185
VCL (7414),0.005941828670133555
PAQR5 (54852),0.005947979471126745
VGF (7425),0.005948935933908306
EID1 (23741),0.005950530689155788
UNC13C (440279),0.0059515197801358185
ZNF623 (9831),0.005954847828928124
GPA33 (10223),0.0059561998866679506
SLC35B2 (347734),0.005958366394842476
STAP1 (26228),0.005960034339910718
EFNA1 (1942),0.005966929056270142
VAX2 (25806),0.005967044599475732
SPANXN2 (494119),0.005968666483387689
TMEM60 (85025),0.005971376399210328
BBS5 (129880),0.005972387629642432
PDGFRA (5156),0.005974613778096391
NBL1 (4681),0.005976992593108092
FAM200B (285550),0.005980538201210649
CNBD1 (168975),0.005993640658432087
CEACAM1 (634),0.005996346418353217
SLC17A3 (10786),0.00600376089725756
NTMT1 (28989),0.00600790619485919
MC1R (4157),0.006011652280035685
MRM1 (79922),0.0060134405469157845
TNFRSF10C (8794),0.006013825821513794
WWC2 (80014),0.006017582533286196
EEF1B2 (1933),0.006020157415213035
CA2 (760),0.0060318870668488395
AP5B1 (91056),0.006034314085359539
HOXC9 (3225),0.006052653430246607
CAP2 (10486),0.0060585876788555055
IL17F (112744),0.006059439130723565
SYAP1 (94056),0.0060595060877133506
SFTPA1 (653509),0.006059893787187491
CYP2C18 (1562),0.006062700748955974
USP27X (389856),0.006068828282709108
BCL2L13 (23786),0.0060697879743303144
NCOA5 (57727),0.006072634502667632
DNAH5 (1767),0.006076868611354101
SLC6A20 (54716),0.00610073300736755
DIP2B (57609),0.006101019847076219
LNX2 (222484),0.006101090986367122
PCDHGB2 (56103),0.0061035140271388805
FBLN7 (129804),0.006103968228853635
USP30 (84749),0.006105205663423963
SLC36A2 (153201),0.00611430085348394
GNL3 (26354),0.006115153946671614
RASSF1 (11186),0.006116309151453266
TNXB (7148),0.006118796704394302
WASHC2A (387680),0.006126486492001817
DHRS7 (51635),0.006126592842460973
CFAP97D1 (284067),0.0061513818698900645
TMSB10 (9168),0.006152324385478247
NECAP1 (25977),0.006162435952209843
PARP6 (56965),0.006170285384576554
STXBP2 (6813),0.0061721725351581375
NONO (4841),0.00617369541319196
BBIP1 (92482),0.006174843636945592
ACAP3 (116983),0.006176921391938391
OR10J5 (127385),0.006177112929511815
DPYSL4 (10570),0.006181912204543804
PTER (9317),0.006183812188585548
PPP1R14D (54866),0.006184868676612975
P4HA1 (5033),0.006198727161081495
PPP2R3A (5523),0.006199113818194277
CDH6 (1004),0.006206667504151635
CDON (50937),0.006207164757120894
SIDT2 (51092),0.006211254407322165
ENTPD8 (377841),0.006211444444470119
FBXL20 (84961),0.006217628710113401
CCNI2 (645121),0.00621818047374546
RNF150 (57484),0.00622556004459946
ELAC1 (55520),0.006231180569098585
RNF111 (54778),0.006245147920057844
PEX5 (5830),0.00624602862863478
PCSK5 (5125),0.006254343002895111
ZNF506 (440515),0.006256811365815222
COPS4 (51138),0.006257145514683866
ALPK1 (80216),0.00625859370301362
OR8J1 (219477),0.006260437071055733
TKFC (26007),0.0062757403768039476
H2BC17 (8348),0.006281817932127142
ATP1A4 (480),0.006282002122356223
RAVER1 (125950),0.006283479623137416
SIAE (54414),0.00629328727281068
CTSW (1521),0.006294491559286885
SNRNP48 (154007),0.00629627861624998
DAND5 (199699),0.00630846171726243
TAS2R40 (259286),0.006313220125669357
COL27A1 (85301),0.006313715655437581
TSPAN2 (10100),0.00631494048701234
RUFY3 (22902),0.006315686925854416
FBXL8 (55336),0.006317205773478851
FAM222B (55731),0.006318355833699315
PAX3 (5077),0.006322819016284952
DTD1 (92675),0.006327563842502021
PRADC1 (84279),0.00633112845687557
THTPA (79178),0.0063342901839206316
ZNF182 (7569),0.006335864190928625
CAMK1G (57172),0.006337042896188184
SRPRA (6734),0.00634031012566025
TRIP6 (7205),0.006346997052608125
SLC8B1 (80024),0.00634874737241387
RORA (6095),0.006357739189061744
C9orf85 (138241),0.0063693484389687515
RPEL1 (729020),0.0063800695927688405
SETMAR (6419),0.006382569782505582
ADAMTS12 (81792),0.006389731330924511
SKAP2 (8935),0.006401851249702926
SMCO1 (255798),0.006406654704760742
ATAD3C (219293),0.0064149903882969915
GSTT2B (653689),0.00642407636448491
GCNA (93953),0.006424969786510262
ARL8B (55207),0.006432713906536598
CCDC178 (374864),0.006439675710379755
UMOD (7369),0.006450881268338862
MYBPC2 (4606),0.0064599696315181055
RPL23 (9349),0.006464712917071334
TMEM131L (23240),0.006474221545251729
ZRANB3 (84083),0.0064794949968302535
VWA3A (146177),0.0064806883234335465
LIN9 (286826),0.0064834821093943335
FAM180A (389558),0.00648533376190775
RPS6KA2 (6196),0.006488819706323807
TG (7038),0.006495694991567184
BATF2 (116071),0.006497272443661712
LILRA4 (23547),0.006527333632608118
PARPBP (55010),0.0065285708651068525
SCAND1 (51282),0.006536547164832331
C14orf119 (55017),0.006536565488380929
MICAL3 (57553),0.006543529796144403
CALD1 (800),0.006543882396278005
MRPS2 (51116),0.006547938982347277
METTL13 (51603),0.006548855496793746
ZNF185 (7739),0.006550148998852432
FASTKD5 (60493),0.006563178354616224
CATSPER4 (378807),0.006568468434756548
RNF223 (401934),0.006573784779850705
HJV (148738),0.0065750198325771145
PLA2G2A (5320),0.006578789363113864
CLDN12 (9069),0.0065867748495884075
KIF16B (55614),0.006591105733297625
PARD6G (84552),0.006606520363895589
PDZD4 (57595),0.006610501750104149
ZKSCAN4 (387032),0.006616605578549416
SRD5A1 (6715),0.00662704698361206
GAL3ST3 (89792),0.006629603839165343
BCL6 (604),0.00663250095610632
MRO (83876),0.006635706364791137
HES5 (388585),0.006637545902246456
EIF4EBP3 (8637),0.006640737247491235
NAT14 (57106),0.006645994136535516
MRPL58 (3396),0.00664756225061391
NEUROG2 (63973),0.006650706267879411
ELOVL5 (60481),0.006658798293596769
B4GALT5 (9334),0.006660747740958455
PODNL1 (79883),0.006662983436306252
AADACL2 (344752),0.006667558836415615
CARTPT (9607),0.006668982059109572
C7orf25 (79020),0.006672181894537794
BBOX1 (8424),0.006680140259511778
PTHLH (5744),0.006680452708869664
UPK3A (7380),0.006681565197961665
CD55 (1604),0.006699637565233096
FAM184A (79632),0.0067153714250076
MT1X (4501),0.0067255853939291845
TANC1 (85461),0.006726567075009996
PRR11 (55771),0.006733923923765936
WNT4 (54361),0.006734568562306979
RBP1 (5947),0.006739637665752732
POLR2G (5436),0.006746973057721343
RNF148 (378925),0.00675222877763619
SP100 (6672),0.006756029046626876
SLC35G5 (83650),0.0067566571956698025
OVOL2 (58495),0.006759412096002649
ALPI (248),0.00676794131395809
ZNF432 (9668),0.006773466580406178
NHLH1 (4807),0.006777171315261722
MAS1L (116511),0.006788421181058145
GLO1 (2739),0.006788625130570835
STX11 (8676),0.006791667848377243
TSPO2 (222642),0.006802520882723498
GPR157 (80045),0.006807446551572416
SNPH (9751),0.006808267636064755
PCOLCE2 (26577),0.006815216737147046
BARX1 (56033),0.006818225114761174
PRG4 (10216),0.006823400898839747
CLVS2 (134829),0.006828877089713135
TROAP (10024),0.006831438758800906
SLC9A2 (6549),0.006832311571886319
TEC (7006),0.006856983349431572
PPP1R13B (23368),0.006857819090961493
TSSC4 (10078),0.006862874815563616
EDNRB (1910),0.006869808398491138
RAPGEF2 (9693),0.006882577508224275
LRRC42 (115353),0.0068865126973890484
GPX2 (2877),0.006894153530272553
SERPINB1 (1992),0.0068977184159721
GPR180 (160897),0.006904611287367746
RNF170 (81790),0.006904815708748043
IFNLR1 (163702),0.006917466474219461
KIF1B (23095),0.00691801532094022
CFAP73 (387885),0.0069197664130482015
SEPHS1 (22929),0.006923863432015304
SDK2 (54549),0.006926537562692929
GTF2E2 (2961),0.006936693271693695
IFT172 (26160),0.006941709373693511
CNTN6 (27255),0.0069447898190196635
KIF3B (9371),0.006951639060745732
AMOTL2 (51421),0.00695242118318205
DDX3Y (8653),0.006962011307813709
UBL7 (84993),0.006969888435747682
ZFC3H1 (196441),0.006975986691043165
ARHGEF10 (9639),0.006976254912757311
AMIGO1 (57463),0.0069917975370384095
UTP15 (84135),0.006997250181500906
SH2D2A (9047),0.0070080004633143655
ACTN2 (88),0.007013045373220881
BBC3 (27113),0.007014041880055919
KHDRBS3 (10656),0.007017652706156905
SAMD8 (142891),0.007018528798654016
PRAMEF2 (65122),0.007026477175002127
GSTA5 (221357),0.00702678558396279
SPRY4 (81848),0.00702927196701321
POU6F2 (11281),0.00702991867543697
GPD2 (2820),0.0070329672701188
PADI1 (29943),0.0070352782162212794
DUSP22 (56940),0.0070354867352061725
ADM2 (79924),0.00704637376787865
IFIT1B (439996),0.007048019845799575
NTN3 (4917),0.007056370735447152
CCDC62 (84660),0.007057679941811357
ARSJ (79642),0.007062166197971757
CASP7 (840),0.007066278179110214
EMC4 (51234),0.007066513072436669
PDCD1 (5133),0.0070718868389933465
IFITM10 (402778),0.007078820205047821
AURKC (6795),0.007098837298516862
SPNS3 (201305),0.007104462040436927
GASK1B (51313),0.00710973379423029
HGD (3081),0.007119668227925529
TBR1 (10716),0.007140230908053661
OR2T8 (343172),0.007140541030506048
CAPN9 (10753),0.007141334228428189
THBS4 (7060),0.0071541853645005465
OR51B5 (282763),0.007155006905973675
F11 (2160),0.007155966364583584
CITED1 (4435),0.0071649591882722435
SLC8A2 (6543),0.007181133830722792
DUSP7 (1849),0.007189844947852149
DIPK2B (79742),0.00719898162480205
TBX18 (9096),0.007200060543529748
MTURN (222166),0.00720022672416981
INSL5 (10022),0.007207957993343877
MSI2 (124540),0.007208373127125666
OR4K5 (79317),0.007210825556832126
ADO (84890),0.007216062281553049
MICU2 (221154),0.00721714071755079
FKRP (79147),0.007223326610532428
OR2H1 (26716),0.007226829022713083
TGDS (23483),0.007234510165624151
LZTS1 (11178),0.00723610990605456
SFXN2 (118980),0.007238392903211932
LMBR1 (64327),0.007240136838303742
UBN1 (29855),0.007247838506901396
HPRT1 (3251),0.0072509609890644144
VTI1B (10490),0.007254370915798221
GPRASP1 (9737),0.00725564239859898
LYSMD2 (256586),0.007261179253097443
MYCBP (26292),0.007265680537615783
NNT (23530),0.007269924783662184
CATSPER3 (347732),0.007271496108913862
FAM24A (118670),0.007272516835798783
MYPOP (339344),0.0072752564558124615
KIT (3815),0.007277764396176805
MREG (55686),0.007278541668028804
PDLIM4 (8572),0.007279907950903575
ENPP1 (5167),0.007283752734598166
PTBP3 (9991),0.007285871894923884
PTPRN (5798),0.0072892143551101
SLC2A8 (29988),0.0072956002883136405
ISLR2 (57611),0.007299348246461438
HSDL1 (83693),0.007318600696649625
ZNF766 (90321),0.007321294374982881
KLHL8 (57563),0.00732686874161349
CEBPA (1050),0.007327328634989347
SYNGR3 (9143),0.007328715321491396
GREB1L (80000),0.00733197905493752
DTX4 (23220),0.00733215409673604
LAIR1 (3903),0.0073366690950394855
ZNF669 (79862),0.007340457783821374
TAS2R60 (338398),0.007344785005917773
TGFBI (7045),0.0073701732921317925
FHOD1 (29109),0.007370740282896151
SPINT1 (6692),0.007378185078426662
FGFBP2 (83888),0.007389374269141041
SIGLEC11 (114132),0.0073906666854659155
CILP (8483),0.007400965883100814
BRINP3 (339479),0.00740236516976628
OR56B4 (196335),0.007404989229889141
LYVE1 (10894),0.007407219772197354
BMI1 (648),0.007417959860415006
PRKAG2 (51422),0.007420551609410151
SLC22A1 (6580),0.0074304647697033205
SPATA46 (284680),0.007439478536152081
MDFIC (29969),0.007465640361825932
C22orf42 (150297),0.007469504729044592
GNB5 (10681),0.00747714056804214
MFHAS1 (9258),0.007480592459077651
MEF2B (100271849),0.007483773859279298
OR2T35 (403244),0.007484734838301374
PSMD5 (5711),0.007491627420403822
SNX25 (83891),0.007492121831507534
DLG3 (1741),0.007499224679007308
SEC61G (23480),0.007511347631188197
FHIP2A (57700),0.00751950677787575
MYO3A (53904),0.007522040244978961
CYLC1 (1538),0.007524571996745791
ABCB5 (340273),0.007524572528457864
OR6T1 (219874),0.007526289173776271
CLDN2 (9075),0.007527519606479898
BMPR2 (659),0.0075318366416212545
CRISP3 (10321),0.007534039358321391
NFATC1 (4772),0.007540469577931799
LAMC1 (3915),0.00754062852952612
GRIN3A (116443),0.0075420611233719395
SLFN5 (162394),0.007545453155650728
GASK1A (729085),0.007549737983673912
ZNF385B (151126),0.007550346319364465
ZNF750 (79755),0.007553480321203155
HERC3 (8916),0.007556529044366931
IQGAP2 (10788),0.0075602161558525295
MRPL36 (64979),0.0075628112665962945
DPYSL3 (1809),0.0075644089696653965
LRRC10 (376132),0.007570745806688826
USP21 (27005),0.007584381770282837
MANBAL (63905),0.007593592904254661
STK33 (65975),0.007595843460229039
FOXRED1 (55572),0.007596465075406521
FOXP4 (116113),0.007600743110131373
MR1 (3140),0.00760254635700459
DNAJC8 (22826),0.007608902363122543
VANGL2 (57216),0.007615683456899456
GFUS (7264),0.007617979363759069
PRAMEF14 (729528),0.007620860740935135
TMEM95 (339168),0.00763023108021695
MRPL41 (64975),0.007630908975354156
STXBP5 (134957),0.00763105116775573
CBLN3 (643866),0.007641673059968256
PNMA2 (10687),0.0076530433436674
CFAP44 (55779),0.007655261465051337
ENTR1 (10807),0.0076555824718815635
HSD17B13 (345275),0.007658395361834037
BBS2 (583),0.00765959634751237
RING1 (6015),0.007664738194507038
DNAJC7 (7266),0.007665404863599042
CST7 (8530),0.007666156857476121
LSM10 (84967),0.007667683358454298
LDHAL6B (92483),0.00767330543413371
CATSPER1 (117144),0.0076747581990910295
APLF (200558),0.007675929586075625
TMEM167B (56900),0.0076784486273599505
NCF2 (4688),0.007682703835442464
PMP2 (5375),0.007686120574812396
ADAM2 (2515),0.007689544439336288
BATF3 (55509),0.007689872041647552
OXT (5020),0.007694856655726266
C2CD2L (9854),0.007694990470097083
RETREG2 (79137),0.0077013087429153105
NME3 (4832),0.007714903303562892
ICAM1 (3383),0.0077192431038372806
NIPA2 (81614),0.007722291392885937
RANBP9 (10048),0.007732106852580214
HOXB4 (3214),0.007734945462453137
IFIT3 (3437),0.007748636135025509
MARCHF9 (92979),0.007749737469676865
XCR1 (2829),0.007756529790326311
MTUS2 (23281),0.007758687717276459
NOCT (25819),0.007775668630566454
BMPER (168667),0.007794431364852657
FAM117A (81558),0.0078015549712433735
FCGR3A (2214),0.007801607388534386
LYN (4067),0.007818160786898743
PRM1 (5619),0.007828106341619389
SCRT2 (85508),0.007831775826733823
C16orf89 (146556),0.007832073769591674
ZFYVE21 (79038),0.007839322547036284
AMMECR1 (9949),0.007841736007204912
GAP43 (2596),0.007847515969434112
CYTH2 (9266),0.007848908136347796
KIF26A (26153),0.007853861032778492
DEDD2 (162989),0.007853985986935742
ARSL (415),0.007858969753671658
DTWD1 (56986),0.007862752027335766
ZNF572 (137209),0.007868634174665783
SPAG1 (6674),0.007870251639147167
MACROH2A2 (55506),0.007870911566870496
OR5B21 (219968),0.007876399463239437
BMERB1 (89927),0.007878910402200507
SIGLEC6 (946),0.00789071448497407
OR4N2 (390429),0.007894719355344932
DCD (117159),0.007895083384649004
TPGS2 (25941),0.0079036341222711
SLC10A6 (345274),0.007907547393670679
PDE6D (5147),0.007916392836584261
LY6G5B (58496),0.007917190774976164
RPS25 (6230),0.007918479235656703
SCRG1 (11341),0.007925022211352441
SESN1 (27244),0.00792778445923641
SLITRK6 (84189),0.00792813235169345
ZNF628 (89887),0.007928581503883704
PLAUR (5329),0.007941959452215886
RNASET2 (8635),0.007942739557849255
RANGAP1 (5905),0.007952906549705109
KLHDC7A (127707),0.007955882470582532
KCNRG (283518),0.007967795560629319
IFT25 (51668),0.007967834597941417
TMEM71 (137835),0.007973463381506101
PEX5L (51555),0.007976375084164255
PACSIN3 (29763),0.007977101702020952
TRIO (7204),0.00797912372914147
KIAA0930 (23313),0.007987400875946703
CFAP300 (85016),0.007989916007851426
PLAC8L1 (153770),0.007990039475559969
POU4F3 (5459),0.007990840036350085
GFRA2 (2675),0.007991975910885322
ADGRA1 (84435),0.007998852301907923
GRAP2 (9402),0.00800955106051558
DPH7 (92715),0.008009876831641857
CHRM5 (1133),0.008012221805374916
RELL2 (285613),0.008018914230238214
TMEM267 (64417),0.008019789533318358
TMTC3 (160418),0.008022148412471059
ACBD3 (64746),0.008022586874030856
PEG10 (23089),0.008025894798460453
LRRK1 (79705),0.008033057914502302
GP1BB (2812),0.008053635511302594
HILPDA (29923),0.008060074106198183
EHF (26298),0.008062175368435036
SLC9B2 (133308),0.008065880778566816
OR8D1 (283159),0.0080662841671471
FMOD (2331),0.008067995089955328
ARHGAP26 (23092),0.008072402290384346
SLC4A4 (8671),0.008079170381868516
AJAP1 (55966),0.008084770415554478
ZBTB20 (26137),0.008085424045363492
CEP126 (57562),0.008089681155607683
MAFG (4097),0.008098561203547978
DHTKD1 (55526),0.008098987010939982
GDA (9615),0.008104355509860281
BEND5 (79656),0.00810457855880638
HOMER3 (9454),0.008112187038561905
TP53BP2 (7159),0.008113116278763518
STARD9 (57519),0.008115172411160925
GPR27 (2850),0.008119901962599268
OR10A4 (283297),0.008120106368295637
NOG (9241),0.008127240299415929
WDR17 (116966),0.008130384976846332
RASAL1 (8437),0.008133968590351358
CACNG1 (786),0.00813618966669059
RAE1 (8480),0.008141762595777608
SOX21 (11166),0.008148772627864252
SLTM (79811),0.008150867011655195
PLIN4 (729359),0.008160947661910833
PRDM12 (59335),0.008164124768518325
FCRL3 (115352),0.008170621376301413
MYL10 (93408),0.00817523061116034
CUL3 (8452),0.008182777913295866
TTBK2 (146057),0.00818379767581081
DVL2 (1856),0.00818464703875525
FOXN3 (1112),0.008195365135733136
PLEKHF1 (79156),0.008198442966183677
LRRC3 (81543),0.008200285900836175
DPP8 (54878),0.008221318094775292
GPER1 (2852),0.008221711532188723
ZSWIM2 (151112),0.008222152131889201
C18orf54 (162681),0.008232298943515563
LGR4 (55366),0.00823510998709784
MTDH (92140),0.008237773628628832
POLM (27434),0.008241061478232488
TPCN2 (219931),0.008242777725261642
EXOC7 (23265),0.008249547765801467
IFFO2 (126917),0.008252268919300858
NCL (4691),0.008252294591386159
SEM1 (7979),0.008262634583530578
KLHL6 (89857),0.008266631223931101
GLTP (51228),0.008268667345988308
SASH3 (54440),0.008271035850660961
NIPSNAP2 (2631),0.008283052961634044
CSTPP1 (79096),0.008297681518586415
MIOS (54468),0.008300357110142952
RTL1 (388015),0.00830437875967904
NSG2 (51617),0.008312586087744538
PRRT3 (285368),0.008320594525275168
TMED1 (11018),0.008321024354173447
LIN7A (8825),0.008333393702260975
DEF6 (50619),0.008345817806389424
LHFPL2 (10184),0.008347541279950186
TTC14 (151613),0.008356096694760704
TRAPPC6B (122553),0.0083657904380765
DGUOK (1716),0.008371078341759082
ZNF568 (374900),0.008372363919508274
FBXL22 (283807),0.008375944254425309
DBN1 (1627),0.00837625293619869
IL1RAPL1 (11141),0.008376905224351973
FBXL5 (26234),0.008378122816230762
TNFSF14 (8740),0.008384658642007463
SLITRK1 (114798),0.008393843522212613
CEACAM4 (1089),0.008395254897808875
OR1K1 (392392),0.008403402813002368
PRAMEF18 (391003),0.008408618363166217
NDUFA11 (126328),0.008419381417129822
CYB5R3 (1727),0.008439177459639307
C1orf115 (79762),0.008442768905224073
RUSC2 (9853),0.008448141891009234
ROR1 (4919),0.00844911389269858
VCAM1 (7412),0.008454840113821098
CLEC4C (170482),0.00845718631538028
RGS4 (5999),0.008458049738556019
WFDC2 (10406),0.00845897741754194
CEP76 (79959),0.008460731165150347
FNDC4 (64838),0.008462835570035913
FCGR2A (2212),0.008469594879185376
GRK6 (2870),0.008473593543068158
LTBP2 (4053),0.008473615066083018
RNF152 (220441),0.00849196938049854
LELP1 (149018),0.008493074998831287
CGNL1 (84952),0.008493083435765767
ELOVL2 (54898),0.008506112798097563
LRFN4 (78999),0.008506771891259732
MTFR2 (113115),0.008507500291767325
GULP1 (51454),0.008515081373000385
SLC20A1 (6574),0.008531803205667581
HMOX1 (3162),0.008546349361832028
EIF2A (83939),0.008547118862219484
SEC22C (9117),0.008549952150790668
PRKAA1 (5562),0.008555068098707156
FAIM (55179),0.008559516692950924
H4C6 (8361),0.008559655033014884
GNB3 (2784),0.008562225069215931
HMGN1 (3150),0.008565402505854641
ZNF860 (344787),0.008566765549648383
INO80E (283899),0.008571186168055692
SAXO4 (220004),0.008575772334455323
SLC30A3 (7781),0.008585325355104681
PDZRN3 (23024),0.008593608196302916
PF4V1 (5197),0.008602955170651273
ANGPT4 (51378),0.008607372854588641
TBP (6908),0.008617858590346677
RAB40C (57799),0.008618092471659245
ADGRA3 (166647),0.00861924071444967
SLC30A4 (7782),0.008627998215971305
LRRC26 (389816),0.008630057181083698
BLOC1S1 (2647),0.008632583959686206
GP5 (2814),0.008633984349835169
MAF1 (84232),0.008638613713293882
YDJC (150223),0.008641429033827329
KCNAB1 (7881),0.00864253772496777
WDR38 (401551),0.00864991927580342
GPR141 (353345),0.008652042230251346
MYH4 (4622),0.008652281977099895
TLL2 (7093),0.008655895714886936
CAMP (820),0.008660117879494233
HENMT1 (113802),0.008662052368893938
HCRTR2 (3062),0.008664233839870769
PALLD (23022),0.008665820105332865
RBM46 (166863),0.008676437729327016
FRS3 (10817),0.008677294311786328
ZNF549 (256051),0.008679692098372108
M1AP (130951),0.008684295712891471
H2AC25 (92815),0.00868734344886226
OR5H15 (403274),0.008690017891284842
GFPT2 (9945),0.008690995692103807
CLIC1 (1192),0.008697543472152748
RDH13 (112724),0.008698348141461728
SUSD2 (56241),0.008700040243869481
MT1B (4490),0.008702247974873786
N4BP2L1 (90634),0.008715299976764491
FGA (2243),0.008720566892626187
ADAMTS19 (171019),0.008725380538325452
CHST2 (9435),0.008741111087982647
MNX1 (3110),0.008743654642912118
MORC4 (79710),0.008745391858096589
APOL6 (80830),0.008745942838809364
PAH (5053),0.008746862850105265
FAM114A2 (10827),0.008748477521550392
TMC7 (79905),0.00875713027207606
ADCY4 (196883),0.00875918689760485
JAM2 (58494),0.008763392064476825
BCCIP (56647),0.008764862838252742
MYH8 (4626),0.008771304255546186
OTC (5009),0.008774743758653582
CD79B (974),0.008777855790151142
FLG (2312),0.008793995219484246
APCS (325),0.008808819287856382
ART3 (419),0.008815134663104959
TMEM62 (80021),0.008815202231553123
MACO1 (55219),0.008821973303095353
ANKRD30A (91074),0.00882654378802598
WDR76 (79968),0.008827220727837549
OR8B8 (26493),0.008830656452496258
PGAP4 (84302),0.00883817756639808
CDC14B (8555),0.008842082574920255
DOK2 (9046),0.008853344188834971
MRM2 (29960),0.008859181498285872
EFNB2 (1948),0.008860215912112087
SLC10A2 (6555),0.00886326103527746
FASTKD1 (79675),0.008864001868951839
CATIP (375307),0.008868399315098578
RBPMS2 (348093),0.008873607408210155
RNF144A (9781),0.00888504015971637
ME2 (4200),0.008887788970671974
CLEC1A (51267),0.008892946999517724
TEX36 (387718),0.008905438394016425
DLX4 (1748),0.008907818200016139
IL17RC (84818),0.008915566214703508
BCL2L2 (599),0.008918383144909583
AQP5 (362),0.008920712105628573
WDR81 (124997),0.00892517897487464
CCDC42 (146849),0.008925435565856992
IGFL1 (374918),0.008925481943178569
ZNF415 (55786),0.008928946766718874
PAFAH1B2 (5049),0.00894131937271115
C3orf84 (646498),0.008947055163905824
SCAND3 (114821),0.008947978030361273
BPIFB4 (149954),0.008949489695472622
TMOD2 (29767),0.008952122279133714
RTN4R (65078),0.008952332595259543
GLIS1 (148979),0.008952703293913062
OR1N1 (138883),0.008957590453747373
SLC7A6 (9057),0.008962341139379215
HMX2 (3167),0.008963627652220012
DMRTA2 (63950),0.008967081165612515
AKAP10 (11216),0.008969827403230015
LSMEM1 (286006),0.008970139579549468
RARRES2 (5919),0.008981215701909696
MGME1 (92667),0.008986371950276476
ISG20 (3669),0.009003939878561157
KIF5A (3798),0.009009660649041797
VCF1 (84923),0.00901244674769636
SOAT1 (6646),0.009016759815856666
KDM1B (221656),0.009019166208167723
MAPK3 (5595),0.00903694453515085
KISS1R (84634),0.009042511314702637
RNF167 (26001),0.009044641759900066
XPNPEP2 (7512),0.00905656953853504
CACNG6 (59285),0.00906703175364696
C20orf173 (140873),0.00907050180387654
TMEM14A (28978),0.009071572796378049
CYP17A1 (1586),0.009079369066624885
SETD1A (9739),0.00909563435759833
ZNF285 (26974),0.009100855995883974
GATA6 (2627),0.009100898142274829
ZNF70 (7621),0.009102603729098345
CLDN9 (9080),0.009106738290748888
GPR4 (2828),0.009114994882786097
KRTAP10-2 (386679),0.009117773617590214
SH3RF1 (57630),0.009119520681496808
TBC1D24 (57465),0.009122767209604251
INAFM1 (255783),0.009127149649583622
SH2D1B (117157),0.00912792906603573
PHF24 (23349),0.009127929642729838
EPS15L1 (58513),0.009128331916705538
C3orf18 (51161),0.00912885220184617
LCTL (197021),0.009133481916956013
RYR2 (6262),0.009135577359451879
GMPR (2766),0.009137150815340661
AOC3 (8639),0.009138117195926145
RDH5 (5959),0.009142195921087871
WNT9B (7484),0.009143301723437008
C17orf107 (100130311),0.009145047011143805
COL6A6 (131873),0.009169004223695064
PLEKHA4 (57664),0.009179064910434477
ZNF429 (353088),0.009180738396980007
STAR (6770),0.009186664740532422
ZNF92 (168374),0.009198510207163555
CCDC124 (115098),0.009198512274846724
C1QTNF12 (388581),0.00920296608938757
MEGF9 (1955),0.009204639235996164
ZDHHC20 (253832),0.009209625567071758
OR2M5 (127059),0.009210509430733323
BOD1L2 (284257),0.009211968765052227
GRXCR2 (643226),0.009213138320679378
MTNR1B (4544),0.009216718374485058
LTBP1 (4052),0.009223805104164718
DEPDC1B (55789),0.009238329598699864
EPHB2 (2048),0.009240576722378673
CCDC7 (79741),0.00925337470274102
UGT2A1 (10941),0.009254446015245553
PPIAL4G (644591),0.009260388356331573
GLYATL3 (389396),0.009261417133642104
UBQLN2 (29978),0.009272653033637586
CLDN14 (23562),0.0092748453320121
MLH1 (4292),0.009280292157664597
DMAC2L (27109),0.009292749439216255
ZNF835 (90485),0.009299498985591322
SPOCD1 (90853),0.009303442078599332
TSPAN7 (7102),0.009322498911510888
PANK2 (80025),0.009329696976750084
KY (339855),0.009343107117122069
PCDH11X (27328),0.009344923780710269
MAP2K3 (5606),0.009347117810311008
SYN3 (8224),0.009349886146461208
SLC52A3 (113278),0.009350269845777578
DRD3 (1814),0.009351580854989454
GUCA1C (9626),0.009351892206986791
COX7A2L (9167),0.009352542386549185
TNFRSF13C (115650),0.009353080600393368
HOXA4 (3201),0.009359450982507832
ADGRG6 (57211),0.009360008542084927
TMEM64 (169200),0.009362472046316501
SEMA4F (10505),0.009364901742233008
TBL1Y (90665),0.00936767177367634
ZSWIM5 (57643),0.009373738111032252
SEC11C (90701),0.009377160033591231
CNTNAP2 (26047),0.009382582813322143
NPHP4 (261734),0.009385851027414783
TEKT4 (150483),0.009394433562456787
FBLN2 (2199),0.009397043256264483
GRK4 (2868),0.009399011685487492
TNNT3 (7140),0.009406952483268814
SPATA31E1 (286234),0.00941172253727534
ATR (545),0.009413234870529825
SLC24A4 (123041),0.009418958144103963
C2orf78 (388960),0.009421904355725116
CC2D2A (57545),0.009429311800793252
PTPRM (5797),0.009441566942934333
RNFT2 (84900),0.009447379955670255
KIAA0319L (79932),0.009450619261444115
LTBP3 (4054),0.009450753506181851
REG4 (83998),0.009454787224769444
ZNF134 (7693),0.009458694657549567
DIPK1C (125704),0.009462025244692869
CHD7 (55636),0.009462680360002822
AP3S1 (1176),0.009462999604456982
THADA (63892),0.009469012263226845
PDE6G (5148),0.009478673332059111
APOA1 (335),0.0094840132381912
SRP68 (6730),0.009496347894029054
DRAXIN (374946),0.009538403369747548
ZBTB21 (49854),0.009550301694115642
OR5AC2 (81050),0.009553236129470496
CA11 (770),0.009554733048353505
CRACD (57482),0.009560871943824363
PRMT8 (56341),0.00956490445075971
NAP1L4 (4676),0.009571841618034913
PPBP (5473),0.00957559405098058
RSPO3 (84870),0.009582104811285984
KRTCAP3 (200634),0.009582896815189713
MICOS10 (440574),0.009583074674696315
KLHL17 (339451),0.009589044423758776
PCIF1 (63935),0.009594517209228786
FAM89A (375061),0.009597264596696794
RPS4Y1 (6192),0.009601081967220801
RNPS1 (10921),0.009602129635167992
ALDH7A1 (501),0.00960376322142781
PPIC (5480),0.009605644884582595
MOCS3 (27304),0.009607644159259337
GIMAP7 (168537),0.009611840676942984
AP3B2 (8120),0.009613455341247483
CHN2 (1124),0.009625967956283578
ZNF563 (147837),0.009626361751647253
AP1S1 (1174),0.009633064973350968
NXPH3 (11248),0.009638413267519925
SLC24A5 (283652),0.009642222236396063
KRT2 (3849),0.009643267941609327
KRT86 (3892),0.00964849033189966
CBY2 (220082),0.009648962780534526
ATP8B3 (148229),0.00965266215756724
LRRC20 (55222),0.009655556451873232
NAV3 (89795),0.009658211338281401
NAA30 (122830),0.009659697952331339
GFOD1 (54438),0.009660939117249114
DCTPP1 (79077),0.009671863715864334
OIT3 (170392),0.009674948579452843
SUPT20H (55578),0.009675164934997675
CLDN6 (9074),0.009675217584547839
AANAT (15),0.009677082758281679
RBM3 (5935),0.009680982434143266
GAPVD1 (26130),0.009681579322526411
SUSD6 (9766),0.009682278449085731
CADM3 (57863),0.009686429240053791
ABL2 (27),0.009692502297590944
SMIM10 (644538),0.009696527058829875
H2BC18 (440689),0.009701307047875835
ASNSD1 (54529),0.00970463362726086
STRADB (55437),0.009705735447878965
OR5B12 (390191),0.009706512181110922
IPO8 (10526),0.009709855687072465
DUSP23 (54935),0.009719300155442782
SEPTIN8 (23176),0.009722868083150815
MKRN3 (7681),0.009725088235488224
TUBB2A (7280),0.009729157717634227
GPR78 (27201),0.009730990359950453
GOLT1A (127845),0.009737155125449749
PAAF1 (80227),0.009740389132837906
RNF214 (257160),0.009750177856407203
SELP (6403),0.009760638915985916
CAPN7 (23473),0.009763125975919952
EXT1 (2131),0.0097766523161953
ZBTB25 (7597),0.009777872972112593
EFEMP1 (2202),0.009785078458052968
SERPING1 (710),0.009798591335641508
IFT81 (28981),0.009798776732635102
MAPKAPK3 (7867),0.00980099784171538
NCKAP5L (57701),0.009801260556806156
KRTAP8-1 (337879),0.009801656600022742
PRR23A (729627),0.009805507706079793
TMEM150B (284417),0.009812215822041353
ZNF341 (84905),0.00981985147357652
KRT19 (3880),0.009822798129561118
PIGF (5281),0.009840598905979856
CLK4 (57396),0.00984461805848291
PIBF1 (10464),0.009847158188718185
GLIS2 (84662),0.00985080394873993
ZC4H2 (55906),0.009853170306224965
RHOD (29984),0.009861695135726553
RNASE8 (122665),0.009871162232990378
TH (7054),0.009890821239052118
RP9 (6100),0.009898498694931812
STARD13 (90627),0.009902313467649023
PHETA2 (150368),0.009903695635540565
OR52A5 (390054),0.00990846851707877
CAMK2B (816),0.009918430506203422
RGS14 (10636),0.009919695124467887
KATNBL1 (79768),0.009921188955712403
TPD52L2 (7165),0.009922226219216968
MPV17L (255027),0.009925483053295955
OTULINL (54491),0.009926232923786167
SEC23IP (11196),0.009927257723371129
MTRR (4552),0.009929472616705641
ACTC1 (70),0.00992962355565442
CHST6 (4166),0.00993223507735887
SYT1 (6857),0.009940315239980894
HAS1 (3036),0.009942311775937377
CAMK1 (8536),0.009943287354968548
MICAL1 (64780),0.00994634631941141
KCNK7 (10089),0.009946899002226017
NTN1 (9423),0.00995162465984354
LPIN1 (23175),0.009954853388953824
KDELR1 (10945),0.009956766176419211
TCIM (56892),0.009959473938542962
CACNG7 (59284),0.009968613815497077
MESP1 (55897),0.009968830966370643
NKAIN3 (286183),0.00996951931035011
B4GALT7 (11285),0.009986522077589611
SLC6A18 (348932),0.009989544623164266
ZNF2 (7549),0.009998109907252932
ITGA4 (3676),0.010006184662437596
C6orf163 (206412),0.010008652978223382
ANK2 (287),0.010010915998608448
CHRM2 (1129),0.010011715887957419
KCTD7 (154881),0.010013869061910992
ZMYND19 (116225),0.010014735485683029
MLEC (9761),0.010023491829119293
GYS1 (2997),0.0100252405332449
CLK2 (1196),0.010033935577977103
ACKR3 (57007),0.01003646686754909
CFAP184 (257236),0.010045663932632825
ULK2 (9706),0.010048803365079878
FYN (2534),0.010058385175290533
XBP1 (7494),0.0100632152824446
GUCY1A1 (2982),0.010068128985211873
TRAPPC3L (100128327),0.01008158923035732
OR5AN1 (390195),0.010084498946429968
ZC2HC1C (79696),0.010086694730109527
ZMYND11 (10771),0.010088333884595072
HCCS (3052),0.010098067904290627
KIF2A (3796),0.01010646091278187
SLC25A32 (81034),0.010107777515625074
OTOL1 (131149),0.010109031164812004
APCDD1 (147495),0.010128453130801388
ZNF12 (7559),0.01013474196975742
SLC2A4 (6517),0.010144072713088415
CENPK (64105),0.010150078118389057
CHD1L (9557),0.010150981136074001
STIL (6491),0.010152062472981466
CNOT10 (25904),0.010155987622835745
RAP2C (57826),0.010166149326907403
SIM1 (6492),0.010171385849121058
LCN6 (158062),0.010174091477660983
ABCD1 (215),0.01017992495237063
CRIP1 (1396),0.010186251156838067
SLC2A12 (154091),0.010190424728628907
CDHR3 (222256),0.010190837205798468
ABCB8 (11194),0.010196351582269695
PLEKHG2 (64857),0.01019954867972855
TNFRSF25 (8718),0.010205662434986208
PLAC8 (51316),0.01021118733222747
C19orf81 (342918),0.010214825802494712
TEX13B (56156),0.010221933271390609
MAP6 (4135),0.010227452185204997
MCF2L2 (23101),0.010232047043082683
DLEU7 (220107),0.010233679098916391
PIANP (196500),0.010237536823721428
SPSB2 (84727),0.010249459519583903
NR4A3 (8013),0.010257226615509481
TNFSF8 (944),0.010259451004116552
KCTD15 (79047),0.010266345748322265
KLK8 (11202),0.010268231850789337
SPATA12 (353324),0.010269150606982155
TST (7263),0.010274607437296836
RASSF6 (166824),0.010285063339437286
ZSCAN1 (284312),0.01028726370039373
ABTB3 (121551),0.010296999577939002
DHCR24 (1718),0.010299978966889877
ECI1 (1632),0.01030006327097838
KBTBD6 (89890),0.01031664337217842
FOLR1 (2348),0.010319891873835745
MB (4151),0.010331507803795492
TMEM119 (338773),0.010335683677848142
PLA2G12B (84647),0.010337569670128876
TPRX1 (284355),0.010356946359022092
DDX43 (55510),0.010359726727417012
PSPN (5623),0.010364399342752852
FAM169A (26049),0.010367328469813633
THOC7 (80145),0.010370552495661664
JAK2 (3717),0.010373678698054405
OR5A2 (219981),0.01037920955749938
NRXN2 (9379),0.010381040710835879
CDSN (1041),0.010385464480440108
NAA16 (79612),0.010402477927907947
SLC26A3 (1811),0.01040704048153731
BCS1L (617),0.010410708277850626
GPATCH8 (23131),0.010410830852970343
TMBIM1 (64114),0.010414220303508033
TIGIT (201633),0.010415486850377412
SAP30BP (29115),0.010423547722955404
SUPT16H (11198),0.010427636887719518
GABRA3 (2556),0.010430250472246496
TAPT1 (202018),0.010433705457694007
RTP4 (64108),0.010438954456038834
CYP4F12 (66002),0.01044138081704227
FMNL2 (114793),0.010444410591823617
RNF13 (11342),0.010445286251230425
TMEM204 (79652),0.010451254945266096
TEX261 (113419),0.010452651468227239
PANK4 (55229),0.010464227126725392
SLC14A1 (6563),0.010474345958657068
MAGEC2 (51438),0.010474743800562276
GLIPR1 (11010),0.010491013968425899
GSS (2937),0.010491597558943052
MTA1 (9112),0.01049215537852454
ERC1 (23085),0.010493744694547178
OR2L3 (391192),0.01052915657554209
FRY (10129),0.010535968216187465
HIC1 (3090),0.010540164573325787
KRTAP4-6 (81871),0.01054439019597465
CTNND1 (1500),0.010544668154310866
UBR3 (130507),0.010556662717107588
P2RY6 (5031),0.010557437663687231
EIF4EBP1 (1978),0.010565466322720651
FBXW9 (84261),0.010565864218602493
ELF2 (1998),0.010579013708643215
LUM (4060),0.010579361158841585
LILRB3 (11025),0.010580402316388326
POLN (353497),0.010583504361928295
FBXO22 (26263),0.010592708883815092
GBA2 (57704),0.010594233624213903
TMEM100 (55273),0.010599226657249376
TNFRSF12A (51330),0.01060802514481016
IGFBP1 (3484),0.010609741782014615
GRK5 (2869),0.010609862719153056
SLC44A1 (23446),0.010617941664911413
NUP210 (23225),0.010618260895064468
WRAP53 (55135),0.010618542878233217
ZSCAN5A (79149),0.010619873941212851
FBXW2 (26190),0.010621145900921392
PTP4A3 (11156),0.010631995000041113
GSTO1 (9446),0.01063328604486135
WLS (79971),0.010640634697541108
C1orf54 (79630),0.010644301823147257
CPT1A (1374),0.01065468942828691
CCL18 (6362),0.010658627472019106
TRMT10C (54931),0.010666377801087278
CLPTM1 (1209),0.010670902097852137
PHC3 (80012),0.010671133128829351
TAB1 (10454),0.010674801181542234
HAVCR1 (26762),0.010677024259481326
HASPIN (83903),0.010681441051079996
BIN3 (55909),0.010685025250484679
GLYATL2 (219970),0.010686030737409933
SLC12A3 (6559),0.010694092026161105
RNF32 (140545),0.010701409749757383
GPC4 (2239),0.010701747699828179
MOSPD2 (158747),0.010701872589933091
SWT1 (54823),0.010704561444422932
PTTG2 (10744),0.010705613866174276
HIC2 (23119),0.010710604370556813
CAMK2G (818),0.010712791596636176
MAGEB6 (158809),0.0107134797802479
OR2V2 (285659),0.010715582462236894
CCSER1 (401145),0.01071832387608096
P2RY4 (5030),0.010718491886698796
KCNJ10 (3766),0.010731170161142651
PLEKHO2 (80301),0.010735029103693578
TNFAIP2 (7127),0.010737798705376861
SETD4 (54093),0.010740857631346872
UCKL1 (54963),0.010744698379506309
RCOR3 (55758),0.010750088062457983
SULT1E1 (6783),0.010752884087772483
APOL1 (8542),0.010755546566712933
HTR1E (3354),0.010759120482502297
TNFRSF11A (8792),0.010763938857080666
FLVCR1 (28982),0.010764574363601521
SYTL3 (94120),0.010764771180773318
PPP1R21 (129285),0.010768927689994141
CFH (3075),0.010769576542239128
IRX2 (153572),0.010786458711924516
CPB2 (1361),0.01079213998659505
CA6 (765),0.01079403856348494
ZNRF3 (84133),0.010795400943709763
MUL1 (79594),0.010799922672458436
C1QTNF9B (387911),0.010803314532320158
APOF (319),0.010807113646386982
OR8H2 (390151),0.010831046722709809
SLC6A12 (6539),0.010846563703177155
CCDC15 (80071),0.010851591766430503
OR5D18 (219438),0.01085562595589628
FLRT3 (23767),0.010860876336131116
TAF9 (6880),0.010864520211371952
ITPR1 (3708),0.010873016313824617
NR1D1 (9572),0.01087557187566949
CDC42EP3 (10602),0.010877250315808678
ZCCHC18 (644353),0.010882716771432497
FCER1A (2205),0.01088576356048098
PLA2G4A (5321),0.01088670713199271
NCAPG (64151),0.010887123072010639
PTPRC (5788),0.01089625483736709
CASQ1 (844),0.010897509279855885
GALE (2582),0.010898463438464134
YEATS4 (8089),0.010900268058059957
B3GNT9 (84752),0.01090764881977423
IL1RN (3557),0.010908945042565614
CBS (875),0.01091691451984065
AP3B1 (8546),0.010917962095372914
APBB1IP (54518),0.010919133225013615
ZNF26 (7574),0.010920592303189524
PAPSS1 (9061),0.01092468010605482
PYCR2 (29920),0.010928533993056063
CHRM1 (1128),0.010934790041623439
SLC25A4 (291),0.010936487934490719
EML3 (256364),0.010937257438735474
HHAT (55733),0.010938294471347972
CLRN2 (645104),0.01094334336140813
L3MBTL4 (91133),0.010946036833169488
INSM2 (84684),0.010960535453068842
TPO (7173),0.01096242040292684
CTSA (5476),0.010967980818500396
TRAF7 (84231),0.010972672955733568
ARF5 (381),0.01098062830223959
PSMB8 (5696),0.010993055577662968
C10orf62 (414157),0.011010606057010716
CLEC4E (26253),0.011014735111073072
MBOAT1 (154141),0.011020590185515579
ACP4 (93650),0.011020949184905132
TSN (7247),0.011023743478874934
DYDC2 (84332),0.011031765406142518
HSD17B11 (51170),0.011034025883100079
TMEM53 (79639),0.011034221664592274
PIK3R5 (23533),0.01103666338215953
PMCH (5367),0.011041855617373374
LNPEP (4012),0.01104199554716409
EBF3 (253738),0.011046476882026698
MMAB (326625),0.011048189030818913
LDLR (3949),0.011049369379839614
AKAP6 (9472),0.011051547866877178
CSF1R (1436),0.011051825464256123
STK10 (6793),0.011056615247606106
C1QTNF6 (114904),0.011061034077899322
MAN1B1 (11253),0.0110717202596531
LRRC32 (2615),0.011072442445061436
PLD4 (122618),0.011082559051961519
S100A14 (57402),0.011090211776046173
MCEMP1 (199675),0.011090977834179411
STMN2 (11075),0.011095027696231996
BEND4 (389206),0.011097080901989144
PICALM (8301),0.01109841282478028
HOXB5 (3215),0.011111869209907126
NR3C2 (4306),0.011129734369339565
ALG8 (79053),0.011133909831495762
SLC19A2 (10560),0.011137146490684
PGAP6 (58986),0.011150964578878906
SMARCD2 (6603),0.011155563848147584
CDS1 (1040),0.011165829445827856
APOBEC3G (60489),0.011173116822711297
MAN2B2 (23324),0.011177198335744433
IL3 (3562),0.011182587620442878
PRRT2 (112476),0.011184389790446114
SUMF1 (285362),0.011185563476044231
PTPRB (5787),0.011192483998011343
UTRN (7402),0.011194174199714253
CDH17 (1015),0.011212591540534613
SERPINB3 (6317),0.011212859604172296
KSR2 (283455),0.011215109495126333
LAMB1 (3912),0.011222638838489209
NOX3 (50508),0.011224403586623542
IDI1 (3422),0.011225656190072927
PLVAP (83483),0.011231438450828626
MAB21L4 (79919),0.011243869393136402
PLSCR1 (5359),0.011254792688836359
CNDP2 (55748),0.011261453589818709
KRTAP5-10 (387273),0.011263279396462263
PASD1 (139135),0.01127539385850523
CUEDC1 (404093),0.011277772639117799
VSNL1 (7447),0.011281191210596786
PLIN2 (123),0.011286096762891053
EMX2 (2018),0.011307712992285569
SCIN (85477),0.011312804712263501
ATG4A (115201),0.011321662865897638
ZIK1 (284307),0.011330549935903256
PRC1 (9055),0.011331619187274834
PPP1R13L (10848),0.0113486955179262
RNF208 (727800),0.01135364982417898
SLC43A3 (29015),0.011359500172306128
MMP1 (4312),0.011365271790055122
TRAIP (10293),0.011371098915905157
PPP1R17 (10842),0.011375506457185582
SORCS2 (57537),0.011384275830861061
GPR171 (29909),0.011388789524963796
CARD6 (84674),0.01138975888424772
RPRM (56475),0.011389771799049627
PIAS1 (8554),0.011398211018167246
RAB39B (116442),0.011403523126209302
CA8 (767),0.011404731712687018
SPPL2A (84888),0.011407777030329417
TRPC3 (7222),0.01140817651897989
CAB39L (81617),0.011410644783447572
PID1 (55022),0.011411472250023572
FBXL2 (25827),0.011417082850008283
CST4 (1472),0.011433962813279833
CD3E (916),0.011438669771988678
TOX (9760),0.011443117544737024
MAP7D2 (256714),0.01144326040104807
AGA (175),0.011443666657337318
TECPR1 (25851),0.011447770785471472
ZNF326 (284695),0.01145904389684169
WTAP (9589),0.011478830332682368
LCP1 (3936),0.011479280027593707
KIAA1549 (57670),0.011481289410282286
CPZ (8532),0.011490910941271205
SAMSN1 (64092),0.01149458408174303
COPZ1 (22818),0.011497655064759228
SMIM12 (113444),0.01149781189380338
OR4L1 (122742),0.011498627879655502
GSDMA (284110),0.011501960498099715
SLC25A46 (91137),0.01150853248450086
UBE2U (148581),0.011509117775240402
NLRP10 (338322),0.01151679565380499
PCGF6 (84108),0.011521329159193135
ZNF614 (80110),0.011522324879285433
ABCC5 (10057),0.011523360923581551
CACNA2D3 (55799),0.011524143122376557
SATL1 (340562),0.011542844360940956
RCVRN (5957),0.0115700205354384
CA3 (761),0.011578155414421523
MTARC1 (64757),0.011585101332817241
ABRAXAS2 (23172),0.011592901943737957
OR1Q1 (158131),0.011618858238743623
ZNF680 (340252),0.011623251532977656
MAML1 (9794),0.011626787016641608
GMFG (9535),0.011627753434827791
NRBP1 (29959),0.011627783082311195
ACAD11 (84129),0.011629231113853269
STX17 (55014),0.011629717223703047
TMEM214 (54867),0.011631930870112845
NOVA2 (4858),0.011640834868732032
PARD6A (50855),0.01164122225278112
CAVIN2 (8436),0.011642929499805351
SHISAL1 (85352),0.011644996657007797
DDX19B (11269),0.011660970474087734
EDN3 (1908),0.0116648284017456
OR2A12 (346525),0.011687802980547349
TMEM8B (51754),0.011690744709402574
CFAP61 (26074),0.01169126103687145
CLSTN2 (64084),0.011696737985982187
RADX (55086),0.01170095743281731
MOV10L1 (54456),0.0117012744616576
PRMT3 (10196),0.0117068838840243
PLD6 (201164),0.011712012829068134
SPG11 (80208),0.011713230188982711
PER3 (8863),0.011713725759595006
JAKMIP3 (282973),0.011715156865200868
GPR31 (2853),0.011721907743942854
TUBB4A (10382),0.011724564266875665
BRD4 (23476),0.011725836638712201
RANGRF (29098),0.011731430881321798
EHHADH (1962),0.011747209617195229
PROX2 (283571),0.01175803656373132
GDAP1L1 (78997),0.01176141450841504
AMELY (266),0.011770787587532049
LHCGR (3973),0.011775668532587555
KLHL4 (56062),0.011778712769562862
ACVR2B (93),0.011788011680744058
DEGS2 (123099),0.011798187761580203
NLRC5 (84166),0.011806277958255059
GRAMD1C (54762),0.011808344906783905
TMEM175 (84286),0.011808448329175717
DZIP3 (9666),0.011814222575199972
ADCYAP1 (116),0.011814449156217221
RGCC (28984),0.011814983884756205
EIF3H (8667),0.011817308980126997
SPANXN1 (494118),0.011819719724155884
STPG4 (285051),0.011823933012883906
PRKACA (5566),0.011826357397449878
SLC13A1 (6561),0.011834014127132496
ASB9 (140462),0.01183957601652328
CFAP52 (146845),0.011845853783556768
DZIP1 (22873),0.011848066449983298
AKNA (80709),0.011854943759657233
RNASE10 (338879),0.01185571962874751
NT5E (4907),0.011866768441918482
MBLAC1 (255374),0.011867379503700507
ASB4 (51666),0.011873538480554344
WIPI1 (55062),0.011875271161186866
CDR2L (30850),0.011880795246812646
YIF1A (10897),0.01188234514769946
A1CF (29974),0.01188373771761154
TSPAN32 (10077),0.01189079808677745
NDN (4692),0.011894340476062283
RNF25 (64320),0.011903452863948302
NNAT (4826),0.011904713416313042
CCNJ (54619),0.01190798625793844
OR5M10 (390167),0.011911516282254004
IGLL1 (3543),0.011915780009969604
INTS15 (79034),0.011916756166166775
ABTB1 (80325),0.011917022611752617
TAAR8 (83551),0.011917244196588819
SLC25A14 (9016),0.011919545528238361
RAB5IF (55969),0.011928187372682201
MUC17 (140453),0.01192878833850065
SYT3 (84258),0.011931123257337077
FAM81A (145773),0.011938357688421329
SPATA45 (149643),0.011944970831760288
EFCAB12 (90288),0.011951115959149538
FBXL19 (54620),0.011956540039900158
UBAP1L (390595),0.011966242136316778
PIRT (644139),0.01196867095468666
C4orf17 (84103),0.011975112751489918
LRRN4CL (221091),0.011982536565479032
CFB (629),0.011983959852733067
RNF123 (63891),0.01199280984149238
PLAT (5327),0.011994382918439982
VSIG8 (391123),0.011994689319874002
TAF5L (27097),0.012002958005588791
OR14I1 (401994),0.012002970256671268
KCNQ3 (3786),0.012016990647943938
MEDAG (84935),0.012022898901263714
ITSN1 (6453),0.012029063177773459
KHDC4 (22889),0.012040817452744022
KDELR2 (11014),0.01204324116832347
TMEM266 (123591),0.012045695472614332
LGALS9B (284194),0.012059645358293514
XIAP (331),0.012067644472987603
SEMA6C (10500),0.012075230053366307
SLX4IP (128710),0.012076610116634428
CKAP4 (10970),0.012077708290163679
PDE4B (5142),0.01208830057920023
MYO6 (4646),0.012089864828544017
SELL (6402),0.01209831641396458
HDGFL1 (154150),0.012102409858392695
MPPED2 (744),0.01211421110896352
RUNDC1 (146923),0.012119379872587868
TRPA1 (8989),0.012126956398326678
NFATC3 (4775),0.012128150441148743
PRSS37 (136242),0.012133496365949374
UBALD1 (124402),0.012134402249488554
SALL1 (6299),0.012135360816544042
HHATL (57467),0.012138884003810588
NCR2 (9436),0.012142153202102959
TAS1R1 (80835),0.012144354837487846
ZNF615 (284370),0.012150562126686488
NPHP1 (4867),0.012150614345892227
YBX3 (8531),0.012152921508222097
OR2G6 (391211),0.01216066567820009
ZIC1 (7545),0.012163455730640935
IL22 (50616),0.012178768083866857
LIMD2 (80774),0.012179200565060586
KCNJ4 (3761),0.012181799376627526
WNT8B (7479),0.012183110370483176
BAD (572),0.012191217354870212
EYA4 (2070),0.012196062174759489
FCGR3B (2215),0.012200990818767235
ISYNA1 (51477),0.012207915561482144
TM4SF19 (116211),0.012215197781524485
KRT32 (3882),0.01221777954479533
SLC25A36 (55186),0.012229684416784216
PNP (4860),0.012231751448175104
LIPG (9388),0.01223283937296162
PREX1 (57580),0.012238693632694836
PTGR1 (22949),0.012239384412380597
ACBD6 (84320),0.012247218198886743
KIF4B (285643),0.012248466896814355
CKMT2 (1160),0.012251493862489617
CCDC191 (57577),0.012256693131861961
UBOX5 (22888),0.012259003334767498
MCF2L (23263),0.012262782368863762
UCN3 (114131),0.012269026551161875
CHRM3 (1131),0.012269862671032583
BPGM (669),0.012271366743057045
FRMPD4 (9758),0.012279512516992601
SLITRK2 (84631),0.012280796940683219
METTL15 (196074),0.012285024796389642
LRRC8C (84230),0.01230621271434072
FGD5 (152273),0.012315204755557871
SERINC2 (347735),0.012315672325770723
POLR3E (55718),0.012319630520975674
BAAT (570),0.012325457632708156
GINS3 (64785),0.012329502371081573
ANXA6 (309),0.012333771512568184
FPR2 (2358),0.01233449018062313
CTTNBP2NL (55917),0.01233620837003774
MEFV (4210),0.01234551672775964
AMHR2 (269),0.012346332717036224
XPR1 (9213),0.012373688248279502
BCAT1 (586),0.012387452337252866
TBC1D10A (83874),0.012392390155217752
CYP7A1 (1581),0.012398263296500615
NBEAL1 (65065),0.012398611881212671
ZGPAT (84619),0.012400554300668293
IGLON5 (402665),0.012402288940563732
BBLN (79095),0.012417072115156472
EPYC (1833),0.012421215658565578
C6orf62 (81688),0.012425082244052477
ITPR2 (3709),0.012436905372185173
WSCD1 (23302),0.012437131481496184
PIK3C2B (5287),0.01243972575264422
PYROXD2 (84795),0.012440103481886807
OTOF (9381),0.012449163809846784
FSCN1 (6624),0.012452946410980905
MICALL2 (79778),0.012453803749431152
NKX6-2 (84504),0.012456521351261194
PAK6 (56924),0.012463989408861816
MIGA2 (84895),0.012465552289704805
MANEAL (149175),0.012466938557013606
RAPGEF3 (10411),0.012476371379415029
RALYL (138046),0.0124949208023496
CISH (1154),0.012504489187515134
SPRR2G (6706),0.012519939368942976
DAGLA (747),0.01252493815017506
PRNP (5621),0.012525761586965096
MTX3 (345778),0.012540031279784838
NLRP11 (204801),0.012550063598105194
HGF (3082),0.01255048276295846
UQCRQ (27089),0.012554906879633499
GNAL (2774),0.012555133825616129
GAB2 (9846),0.012565491877738807
ARK2C (494470),0.01256900042033689
PDYN (5173),0.012571046999683363
RBCK1 (10616),0.012571942104134646
KCNQ1 (3784),0.012575016384176681
SEPTIN3 (55964),0.012582341147846626
ZNF195 (7748),0.012588823294201775
OR52N4 (390072),0.012591107598486657
XAGE2 (9502),0.012591705197306876
SAPCD2 (89958),0.012595384489398334
FAM168A (23201),0.012603303889270638
ZBTB7C (201501),0.012607339308850277
CCDC71 (64925),0.012608505345535117
RIPK4 (54101),0.012619172349632805
L3MBTL2 (83746),0.012619425592177817
PLEKHA6 (22874),0.012619855799053089
SLC9A5 (6553),0.012622126742047678
PLCH1 (23007),0.012622984132529021
ZBTB17 (7709),0.012624573662150366
HLA-DMA (3108),0.012628030962134166
IP6K3 (117283),0.012634967715888509
ZNF532 (55205),0.012657218670508341
ILRUN (64771),0.012661549376434954
MTCL1 (23255),0.0126658215323057
KIFC2 (90990),0.012679293555840116
CGN (57530),0.012680885717221264
PDP1 (54704),0.012683481086283567
TOGARAM1 (23116),0.012693670559756166
SH3GL2 (6456),0.0127063851182896
INSRR (3645),0.01271462745733972
SDC3 (9672),0.01271474355661349
FCN1 (2219),0.012718528699755278
TMUB2 (79089),0.012718601600308807
FANCA (2175),0.012730363081275361
ANXA2 (302),0.012732567040200047
PEBP1 (5037),0.012733239179875948
PAGE4 (9506),0.012737259328853778
ACKR4 (51554),0.012741601791887193
STX1B (112755),0.012742792780927227
BMP3 (651),0.012744974271303867
C2CD4C (126567),0.01275428420759085
PCDHGB6 (56100),0.012763279656031645
GCM1 (8521),0.012764557852815495
ZNF710 (374655),0.012766627601339701
GNB1 (2782),0.01277868833823233
BCL2L12 (83596),0.012784554337891265
MAP2K6 (5608),0.012787174454253168
CFHR3 (10878),0.012804267186630977
PAPOLG (64895),0.01281169280365351
CFAP210 (129881),0.012816281700236593
CTDSP2 (10106),0.012820009698654437
HSPA4L (22824),0.012821029040197886
TMEM176A (55365),0.012830979349643664
DNAJC16 (23341),0.012860249210305874
CFP (5199),0.012863420663434044
ARFGAP1 (55738),0.012872772918978037
PDCD1LG2 (80380),0.012880559370778553
TIAL1 (7073),0.012881797371847128
GGA3 (23163),0.012883513064178934
WSCD2 (9671),0.012891311703379295
SYCN (342898),0.012897165947747367
MPP7 (143098),0.012903721794509299
FITM1 (161247),0.012908447089351476
ZNF526 (116115),0.012911264509622834
RHBDL1 (9028),0.012918224316370056
MLF1 (4291),0.012922925548164377
PLK3 (1263),0.012925129768063684
KYAT3 (56267),0.012929795197845425
KCTD6 (200845),0.01293172605521136
HPCAL4 (51440),0.01293772369598472
CISD1 (55847),0.012946652497058963
ZNF10 (7556),0.012958389760851686
INSIG1 (3638),0.012963154236346319
TCEAL3 (85012),0.012979324060985498
OR10Q1 (219960),0.012979558071315938
TMIGD3 (57413),0.012988693511252357
CEP63 (80254),0.01299602663151533
PLEKHA5 (54477),0.013001306537551742
H3C6 (8353),0.013001708348249506
NAALADL1 (10004),0.01300281371029472
GSTZ1 (2954),0.013021137057759646
UGT2B11 (10720),0.01302652917079911
BCL2L14 (79370),0.013033636218205184
HSPH1 (10808),0.013036538291686012
ELSPBP1 (64100),0.013039185690896203
OSER1 (51526),0.013042507120769662
NUPR2 (389493),0.013055552891832108
IMMP1L (196294),0.013071177192032987
SGIP1 (84251),0.013074094376937923
CBFA2T2 (9139),0.013090736852168898
CDC42EP2 (10435),0.013091306107379826
NEK11 (79858),0.0131019032884484
TOR1B (27348),0.013103593763719184
VSIG10 (54621),0.013121701822461806
CXCR1 (3577),0.013123273418021743
SPTY2D1 (144108),0.01314570753842503
UBE3D (90025),0.013146672438241865
TMED9 (54732),0.013148089179233605
FTHL17 (53940),0.01315192674114744
SMIM9 (100132963),0.013156107476122012
ZNF776 (284309),0.013158442978327373
FXYD3 (5349),0.01317785242482279
FHIP1A (729830),0.013179270331553684
RAB21 (23011),0.01317963638755231
TMEM219 (124446),0.013182333621418392
IQSEC3 (440073),0.013184394153539891
REPS2 (9185),0.013187283982554459
ASIC1 (41),0.01319257329412787
UCK2 (7371),0.013196853881181034
CARD11 (84433),0.013201150916065905
CHRDL2 (25884),0.0132034708899805
RHOXF1 (158800),0.013207169350207028
FAM217A (222826),0.013208218664385651
CASKIN2 (57513),0.013211422271880517
SLC40A1 (30061),0.013224288177642464
OR52E4 (390081),0.013227538886012233
TP53INP1 (94241),0.013262461041935788
KLK10 (5655),0.013262929303945634
NOD1 (10392),0.013267843878870988
NEURL1B (54492),0.013277986165228359
EMC7 (56851),0.013279423136756268
EPB41L4A (64097),0.013289482324940871
BMP7 (655),0.013301204493965824
MYO7A (4647),0.013302263712312006
KCNE2 (9992),0.01331273017820374
XAF1 (54739),0.013315727480556582
EDRF1 (26098),0.013316795506257214
FAM163A (148753),0.013317568083799587
LSM11 (134353),0.013319162436510306
SPRR3 (6707),0.013324420961950115
DLG2 (1740),0.013324786276180969
CERS4 (79603),0.013334720663029943
GAREM2 (150946),0.013339505974467232
DAPK3 (1613),0.013340021893025548
CCDC125 (202243),0.013342530649765696
ADGRB2 (576),0.013345304435644086
KRT38 (8687),0.01335079814606449
SVIL (6840),0.013354190011623012
ZNF225 (7768),0.013354649059664556
PKD2L2 (27039),0.013364535919219041
F10 (2159),0.01336459055411993
PIK3C2A (5286),0.013377527454339178
ITGB1BP1 (9270),0.013381165573476973
CLN8 (2055),0.013381710685322297
ADAM20 (8748),0.01339049860204822
DUXA (503835),0.013407902837088216
TPSAB1 (7177),0.013422729848971159
BCL10 (8915),0.013423126651079996
COL3A1 (1281),0.013423858745399057
KCNK9 (51305),0.013424902707155812
TNKS (8658),0.013428809696699795
ALOX5AP (241),0.013429878912658363
EPB41L1 (2036),0.01343242802932518
WRNIP1 (56897),0.013440681389364197
OTOG (340990),0.013455380879521143
CT47B1 (643311),0.013459212889948887
WFDC10B (280664),0.013460914680285015
C4orf36 (132989),0.013466841490025232
CEP20 (123811),0.013471330384083696
POLR1G (10849),0.013478351023157595
PTX4 (390667),0.013479394382592873
ZBTB39 (9880),0.013489104688422857
BGN (633),0.013492676781681107
PIK3C2G (5288),0.013494147135973366
DENND3 (22898),0.01350339056331187
QTRT1 (81890),0.01351552825030351
PIGT (51604),0.01351814832779995
FAM200C (63920),0.013521544404454225
GCKR (2646),0.01352369449636984
ANO10 (55129),0.013524334056847479
NUPR1 (26471),0.013530309434728681
POC1B (282809),0.013535698324523606
CETP (1071),0.01354330404323059
MRPL42 (28977),0.013554145462585848
MCOLN3 (55283),0.013563004598405707
ADIRF (10974),0.013563699525619448
LRATD2 (157638),0.013565429808004625
DMRT2 (10655),0.013570886051811039
OR2Z1 (284383),0.013586654974877427
CUX2 (23316),0.013587856942197043
XYLB (9942),0.01358905052470244
CENPL (91687),0.013604507943282709
SNRPD2 (6633),0.01361000505094001
CYB561 (1534),0.013616310396009235
PLCG1 (5335),0.013625823521393547
ACSM3 (6296),0.013628718764040669
GATA1 (2623),0.013629823388991545
CSMD3 (114788),0.01363190191948536
HOXC10 (3226),0.013634675886307127
DYRK3 (8444),0.013640643966211674
ARPC1B (10095),0.013647593843218765
TMC6 (11322),0.01365276493339201
ACKR2 (1238),0.013661669415120646
LUZP4 (51213),0.013670979388243644
DUSP5 (1847),0.01367244108828539
RNF19A (25897),0.013686438099704002
SIRT4 (23409),0.013693580635446768
LRRC17 (10234),0.013700861179326887
POLB (5423),0.013701539977483523
LEAP2 (116842),0.013702439224471409
ZDHHC2 (51201),0.013705343010252204
FAM174C (55009),0.01370974679532555
CHD2 (1106),0.013713099570907734
NANOS1 (340719),0.013723855616855483
PDPR (55066),0.013726979063005462
STK4 (6789),0.013728380341322819
SCAMP2 (10066),0.013744366501443932
MYL5 (4636),0.013747643742585237
ZNF71 (58491),0.013761852836973816
AP4E1 (23431),0.01377219134284069
HACD3 (51495),0.013774848170948576
CD1B (910),0.013775062602689339
SPEF1 (25876),0.013787614757453881
ATP6V1E2 (90423),0.013792636246297781
CDC34 (997),0.013796473753187606
TTLL1 (25809),0.013797869608949175
NBEA (26960),0.01381646966897377
PRR3 (80742),0.013821769072443667
BOLA3 (388962),0.013824022289148644
HSDL2 (84263),0.013827165640490323
TBC1D17 (79735),0.013831064160873981
C19orf44 (84167),0.013837733428168778
RDH14 (57665),0.013843689499274569
PPP1R36 (145376),0.013844529511365404
HS3ST3B1 (9953),0.013845031121472876
SH3D19 (152503),0.013850327967013132
CXCL10 (3627),0.013850481966756863
CHRNA6 (8973),0.013857151602524374
ZNF701 (55762),0.013858031970887672
NCKAP1L (3071),0.013858239852028664
NICN1 (84276),0.013858743681091211
CD163 (9332),0.013860270221075617
ELK3 (2004),0.013866661448512514
ADAMTS8 (11095),0.013881218222904003
PCMTD1 (115294),0.013882235717940877
RAB4A (5867),0.01388239953114851
HSD17B14 (51171),0.013892242288963899
ZXDC (79364),0.01389705683773476
MPHOSPH9 (10198),0.013901019184296513
CAPS (828),0.013905198384288869
IFRD2 (7866),0.01391653257950972
KLHDC1 (122773),0.013933483838320425
TTLL10 (254173),0.013942466029653138
KRTAP26-1 (388818),0.013954633822197129
OR1L4 (254973),0.013954934909859228
C4orf33 (132321),0.013959309343014755
TSTD1 (100131187),0.01396163752075648
PIK3IP1 (113791),0.013965091804033804
ARRB2 (409),0.013971732621129714
FBXO6 (26270),0.013978408140000129
CYP2R1 (120227),0.013979030027607428
SLPI (6590),0.013980787500642727
POMGNT2 (84892),0.013992334273923575
TEX9 (374618),0.013994781792212889
TGFB3 (7043),0.014001025683017214
POLR2D (5433),0.014001049497681474
PGK1 (5230),0.014001664517552047
RTN4 (57142),0.014005359103191036
HSD3B7 (80270),0.014007744389521123
LYPLA2 (11313),0.01401174272870062
SAMD15 (161394),0.014025875670916147
OR10A7 (121364),0.014030025689527445
KCNQ5 (56479),0.014033235972962592
F8 (2157),0.014036277045514575
COQ7 (10229),0.014039658509326102
HSD11B1L (374875),0.014041144285807477
CCDC158 (339965),0.014049474191573437
SPINT4 (391253),0.014050905473233686
TNFSF11 (8600),0.014079753848453468
HPGD (3248),0.014096252046307496
CBLL2 (158506),0.014097006117741772
DNAJC28 (54943),0.014098521432507284
REEP4 (80346),0.014100795677868743
ESM1 (11082),0.014101385982777907
HSF2BP (11077),0.014104046177307419
S100A8 (6279),0.014111652028479697
PLPPR1 (54886),0.014138424629643888
KIF5B (3799),0.014143424211135552
TRIP11 (9321),0.014149496398471741
CMYA5 (202333),0.014150430164656847
BMS1 (9790),0.01415916581978602
SLC4A9 (83697),0.014162723032685525
HSPBP1 (23640),0.014177406940585982
STMN1 (3925),0.014185669444513363
NECTIN4 (81607),0.014190634872971983
TEX44 (165100),0.01419496014556712
H3C3 (8352),0.014197177192956293
LHX9 (56956),0.014201505347380535
DMD (1756),0.014201583471299496
MAGEH1 (28986),0.014202148166270885
CYP1A1 (1543),0.014205362792603048
ZNF569 (148266),0.014206698359325531
GBP5 (115362),0.014223825759927883
PHF8 (23133),0.014231293253563374
FHIP1B (84067),0.014248289083283914
COA1 (55744),0.01426037176013061
KMO (8564),0.014274177493734864
KCNT1 (57582),0.014294737875203526
DHX58 (79132),0.014302843966616121
BLTP3B (23074),0.014304599526066945
RABEP1 (9135),0.014311395065183547
LYAR (55646),0.014317085029483177
CMTM3 (123920),0.014319741173274527
WASF1 (8936),0.01432381106798792
ADAMTS15 (170689),0.014325563537306723
MTRES1 (51250),0.014331843278875036
PTCRA (171558),0.01433780484778398
REXO4 (57109),0.014340899879912853
DNAJC25 (548645),0.014349692458887368
ATP6V1G2 (534),0.014363544810425908
CPXM1 (56265),0.014367537634229776
MTHFD1L (25902),0.014372771907281376
OR6C1 (390321),0.014374667215713722
AQP2 (359),0.014378214114336242
THAP11 (57215),0.014384785734850785
BAZ1B (9031),0.014396774635028309
FXR2 (9513),0.01440409761684162
C11orf65 (160140),0.014408315080807425
TMPRSS3 (64699),0.014410268602554944
GCAT (23464),0.014417245851989604
RPH3A (22895),0.014419415263344459
SLCO1A2 (6579),0.01442441520710601
KRTAP1-1 (81851),0.014436086243937014
PRSS23 (11098),0.014447782451073319
ALS2 (57679),0.014448667826678965
MAPK11 (5600),0.01445182977766347
NCF4 (4689),0.014452130685801154
RGS8 (85397),0.0144560034277715
SLC35F6 (54978),0.014457997305046176
ANHX (647589),0.014459053117238345
SP1 (6667),0.014460467722378039
AQP9 (366),0.014466381265790581
CLEC12A (160364),0.014469079189425955
GPR161 (23432),0.014469152040560198
HAGH (3029),0.014483500695055346
HLA-DRA (3122),0.014488234495749966
NR5A1 (2516),0.014495283941065865
PPM1M (132160),0.014499522212192865
OGFOD2 (79676),0.014500545721409257
TXNDC5 (81567),0.014503399349208832
PSMB10 (5699),0.014511505008787404
OR6N1 (128372),0.014513279140442675
DOCK4 (9732),0.014515810511201915
RNF186 (54546),0.014521079789675288
CCDC66 (285331),0.014527984049859307
PLA1A (51365),0.014535296331313712
DHX35 (60625),0.014539573949996182
FNDC1 (84624),0.01454367305068303
HROB (78995),0.014545110722703678
STK25 (10494),0.014550007530532021
GNS (2799),0.014550832211311258
CBARP (255057),0.014554109922280227
FANCD2OS (115795),0.01455451232443458
AMOTL1 (154810),0.014564203356571962
PITX1 (5307),0.014564578033360538
CREBBP (1387),0.014565307596384747
NXPE2 (120406),0.01456973892055765
SNAPIN (23557),0.014573970372446093
DLGAP3 (58512),0.014575610509711793
MSX1 (4487),0.014589421719013073
VSIR (64115),0.014598835176727757
RXFP2 (122042),0.014605234084676615
PXDC1 (221749),0.014608716490702632
ACTG2 (72),0.014611958634327793
TXNDC8 (255220),0.014620317820414088
SMAD2 (4087),0.01464233790761114
MFSD2A (84879),0.014654474423725729
PICK1 (9463),0.01466539919299638
PLPP1 (8611),0.014674093022092985
PRIMPOL (201973),0.01468225603346963
NEIL2 (252969),0.01468666367958604
POLD4 (57804),0.014689948686243532
BHMT (635),0.014691380253928667
DDOST (1650),0.01469225696856251
KSR1 (8844),0.014696017832988465
SLC30A2 (7780),0.014702401928530787
IBTK (25998),0.01470866515271154
SLC25A30 (253512),0.014722118836819963
AFAP1L2 (84632),0.014731970257697534
SLC34A1 (6569),0.014736526580839744
RAB27B (5874),0.014744945121911376
CCDC127 (133957),0.014746206172309402
MFSD6L (162387),0.01476330619043936
DCLRE1C (64421),0.014770297347446858
PIGK (10026),0.014774604555689476
OR7D4 (125958),0.01478091762233639
CACNA1D (776),0.014783517554977841
SLC25A47 (283600),0.014783940842135194
SCGB3A1 (92304),0.014785539703596326
MYOZ3 (91977),0.014789635614514678
MMP13 (4322),0.014793552296991306
CLEC10A (10462),0.01479414937000904
RRP7A (27341),0.01479688411349328
ZNF418 (147686),0.014801972873375856
KCNG1 (3755),0.01480318098991621
OR10K2 (391107),0.014804358546654914
TNFRSF19 (55504),0.014819285979442338
GABRR1 (2569),0.014820573527572387
ZNF124 (7678),0.014820863697904444
TWIST2 (117581),0.014821254363402552
GIGYF1 (64599),0.014829206508982997
DAZAP2 (9802),0.01483182556816408
ZNF554 (115196),0.014832285141360155
LRRC37A2 (474170),0.014851132923140475
ADHFE1 (137872),0.014852209469329648
BLVRB (645),0.01485849749928471
RLN3 (117579),0.014867443164695989
TMEM161A (54929),0.01487340622949816
FAM43B (163933),0.014878290787835877
RECK (8434),0.014878550986201545
EAF2 (55840),0.014884796983124485
PCDHGC3 (5098),0.01488832012191204
DNASE1L3 (1776),0.014889659010122678
C19orf67 (646457),0.01489391598742184
CLIP3 (25999),0.01489427854868695
ADRA2B (151),0.014894920264463067
SDS (10993),0.014898431790162408
BBOF1 (80127),0.014914161185707396
LRAT (9227),0.01492195314637449
TMEM31 (203562),0.014922082071394378
LPAR1 (1902),0.014949417401568764
ABCF1 (23),0.014955330602904583
NOD2 (64127),0.014965833508824215
PLPBP (11212),0.014968296540617265
ARMCX6 (54470),0.014976334462499737
PILRB (29990),0.0149768622806586
COL24A1 (255631),0.014976981394276744
PYM1 (84305),0.014990821146595544
FCER2 (2208),0.015000572558047346
BTG2 (7832),0.015009343845191496
ZFP64 (55734),0.015022786916596238
PGAP1 (80055),0.015029877960794875
PPP6R2 (9701),0.015034100202697532
POM121L12 (285877),0.015036245975953074
MMP3 (4314),0.015043488541832946
PLEKHN1 (84069),0.015044863246140034
TCF7L1 (83439),0.015051733954383426
CA4 (762),0.015054447830729827
GUCA1B (2979),0.015062388666795093
LURAP1L (286343),0.015064179930321591
DEPDC7 (91614),0.01506908115511438
CXCL1 (2919),0.015070237333256794
TSSK6 (83983),0.015095053593280252
UCK1 (83549),0.015095369336896728
PSMD3 (5709),0.01510504199980426
CRACR2A (84766),0.015108967648725649
BIK (638),0.015116775620530962
THRA (7067),0.015118793967461656
CIAO2A (84191),0.015118896304800051
ZNF512 (84450),0.015121769699729197
NFATC2 (4773),0.01512210087467919
PYCR1 (5831),0.015123535278127766
PROKR1 (10887),0.015124680019849936
ALS2CL (259173),0.01512660227573125
NTF3 (4908),0.015138111490511058
CHMP4C (92421),0.015143170719914128
ZNF331 (55422),0.015148287907366425
ARL16 (339231),0.015158688549552175
TLDC2 (140711),0.015172136657389444
POLDIP3 (84271),0.015176010591176573
MAP2K5 (5607),0.015176473804441119
IGIP (492311),0.0151817362873754
GAL (51083),0.01518354952931182
FAM229A (100128071),0.015187857479715145
CIZ1 (25792),0.015193102259023658
ZFAND6 (54469),0.015207151101944007
PXDN (7837),0.015215350587797914
TTF2 (8458),0.015219778794113788
ATRAID (51374),0.015222573109175467
SDF4 (51150),0.015224774486038163
SP140L (93349),0.015227115341276218
ABCB6 (10058),0.015234791501662822
HERC5 (51191),0.015235859852501385
SIGLEC8 (27181),0.015251838543576998
BLK (640),0.01526088099536154
GSX2 (170825),0.015280081176894974
ALDOC (230),0.015287775438359685
LMF2 (91289),0.015290515431372402
NAT2 (10),0.01530415692436967
SGPP1 (81537),0.015305542791271168
TMEM107 (84314),0.015311659444339458
PLCH2 (9651),0.01531264273338434
HAAO (23498),0.015323241310857836
GPR65 (8477),0.015325550023548521
KCNJ8 (3764),0.015327085987807337
PRND (23627),0.015336692845748623
NOS2 (4843),0.01534151583239726
PYDC1 (260434),0.015343123584457087
MAPK1IP1L (93487),0.015354207047334416
HORMAD2 (150280),0.015364325777389219
PABPC1L (80336),0.01536551144980423
TCTA (6988),0.015383116521673835
C1orf94 (84970),0.015387505134329212
NLRP9 (338321),0.015388827514432645
ZNF148 (7707),0.015389833419987594
KLHL32 (114792),0.015399568311735577
B9D2 (80776),0.01540149080550639
KHDC1L (100129128),0.015402590322379743
SLC31A2 (1318),0.015406987645274966
RNF34 (80196),0.015411756228098851
LCE5A (254910),0.01542070984921383
DCAF12L2 (340578),0.01542532865427581
TEX38 (374973),0.015425402969355016
ZNF677 (342926),0.015429945929585492
ADAMDEC1 (27299),0.015434895735603906
LYPD4 (147719),0.015471182405288348
PRM2 (5620),0.015485894040344604
GPR174 (84636),0.01548941681870153
DEFA6 (1671),0.015491212166008543
C18orf63 (644041),0.01550662942976411
ST6GALNAC2 (10610),0.015514201427145371
OSGIN2 (734),0.015546710917030894
OR5C1 (392391),0.015550952276873564
IGSF9B (22997),0.015554394312080345
CIB4 (130106),0.015560044390459677
FCAMR (83953),0.015564187843003063
WBP2 (23558),0.015564402153680922
FZD10 (11211),0.015564658920125329
OR51F2 (119694),0.015566337156714963
CCDC190 (339512),0.015570734649779466
TBC1D26 (353149),0.015575097027273017
AP5S1 (55317),0.015577163122582364
OGA (10724),0.015584954116881131
APH1A (51107),0.015587206521499765
SNX2 (6643),0.015596309025497775
CAGE1 (285782),0.015604432236627433
ADRA1D (146),0.015621202684276017
GIMAP4 (55303),0.015623046041916876
APBB3 (10307),0.015628723692457703
FGR (2268),0.015635631587074667
CNTNAP1 (8506),0.015636405345842163
STAB2 (55576),0.015640310270023848
VEGFB (7423),0.01568509667701922
ACAA1 (30),0.015717619769879607
CNTNAP3 (79937),0.01572325476246624
CRTAP (10491),0.015725051232560856
NNMT (4837),0.015727326681232327
DCXR (51181),0.015731808133853015
ARMCX3 (51566),0.015733419334264843
ATP4B (496),0.015734310824654152
DSG3 (1830),0.01574580726810681
RIPPLY1 (92129),0.01575776460576467
LDHAL6A (160287),0.015761482458698448
ABRA (137735),0.015763985271808556
H1-6 (3010),0.0157651518951333
LCN8 (138307),0.0157819512798517
EMP2 (2013),0.01578674153607311
ARL14 (80117),0.015790049817198278
CD200R1L (344807),0.015796543768957845
SPATS2 (65244),0.015805968597168527
MEAF6 (64769),0.015808950427034948
SKIDA1 (387640),0.01580932046371619
COL10A1 (1300),0.015811737291072638
EPN3 (55040),0.015813311841653563
ZNF324 (25799),0.015813588277323484
HOXB1 (3211),0.01582100703172192
CATSPERG (57828),0.01582277493029596
RASA2 (5922),0.01582410620050822
KPNA1 (3836),0.015829288445956536
EGF (1950),0.015830265381825328
ANAPC5 (51433),0.015830576962098927
HOXB7 (3217),0.015836722020827455
TBX6 (6911),0.015838910673474007
KCNC1 (3746),0.015839565498245684
CTSO (1519),0.015840194293253795
ZNF384 (171017),0.015841854450074362
NCDN (23154),0.015844967212566886
FMR1 (2332),0.015848076758807315
FMO3 (2328),0.015848388831384033
PRDX5 (25824),0.01586603451576155
TMEM104 (54868),0.01587645121071918
NFKB1 (4790),0.015879780524552703
CMTM5 (116173),0.015879849502954017
PDE7A (5150),0.015881298964762532
PHLDA1 (22822),0.015889465136638047
RNF31 (55072),0.01588990474201734
PRP4K (8899),0.015896674294479125
REEP6 (92840),0.015897678286203306
C9orf152 (401546),0.015898321495068084
FGF13 (2258),0.015902417894776828
HSPA12B (116835),0.015906588226227755
ENTPD3 (956),0.015908862305057926
HRH2 (3274),0.01592447002238066
CCNL1 (57018),0.015930494829278833
NPM2 (10361),0.015931067990673342
FGD6 (55785),0.01593766562685325
CD72 (971),0.015940666188046806
HMX3 (340784),0.015950558411097535
KIAA1217 (56243),0.015955428094619462
MFN1 (55669),0.01596984720517109
LRRC45 (201255),0.015971496349962415
TMEM169 (92691),0.01598281596676166
ENPP3 (5169),0.015983634409209482
PTCH2 (8643),0.015983806538672776
ATRN (8455),0.015984308873604844
ASAH1 (427),0.015985745209492943
WDFY4 (57705),0.016011850240226642
TMEM223 (79064),0.016019232675615086
KRTAP10-9 (386676),0.0160204424570933
RANBP1 (5902),0.016024736364659266
ACOT7 (11332),0.01604518940536376
RAB3C (115827),0.01604722263472306
PIM1 (5292),0.01604770818009921
FMO2 (2327),0.016056635551197216
SERPINE1 (5054),0.016057440314732045
SLC1A4 (6509),0.016058291955637263
SUGP1 (57794),0.0160601300080752
AK1 (203),0.016065261695096388
IFNGR1 (3459),0.016089724235008755
ZNF606 (80095),0.016095658065961756
FKBP3 (2287),0.016113215005690275
RGS22 (26166),0.016119983995678946
SLC9C1 (285335),0.016120803453337794
CSNK2A2 (1459),0.016124301857656953
NDUFA7 (4701),0.016124678751131768
TTLL4 (9654),0.016127728443591553
KBTBD12 (166348),0.016130165015938898
NUP58 (9818),0.016134438810691556
OR2S2 (56656),0.016135132371583087
CC2D1B (200014),0.016138637462011822
EME1 (146956),0.016164604838500726
CLEC2B (9976),0.016165779591616244
CFAP58 (159686),0.016171071794596745
OCLN (100506658),0.01619984898173973
RAB3B (5865),0.016200293985477954
SLFN12 (55106),0.01622636194354414
TOP1 (7150),0.016230492176655176
ZNF224 (7767),0.01623690068001306
IL1RL2 (8808),0.0162392539662149
NBR1 (4077),0.016240205188195574
OR1J2 (26740),0.016241508093918226
STARD5 (80765),0.01624321085956467
CARD14 (79092),0.016245554561922768
SLC30A1 (7779),0.016252358844941507
ABLIM3 (22885),0.01625481699539756
CDK20 (23552),0.01626565024579938
MKLN1 (4289),0.016268599598085878
OSBPL2 (9885),0.01627049543777301
MAP3K19 (80122),0.01627517647797489
FOXA2 (3170),0.016285444133480133
CSMD2 (114784),0.01629134902853644
ARHGAP8 (23779),0.016293145282390894
BTN3A2 (11118),0.016295345240793808
HCK (3055),0.01629730138370148
ENC1 (8507),0.016299010936616672
VNN1 (8876),0.016305021027936014
SKA1 (220134),0.01630563907534225
PDSS1 (23590),0.016308473022171057
ZNF529 (57711),0.016309933920339127
MORN5 (254956),0.01631733487455052
DLC1 (10395),0.016322798962304375
MEF2A (4205),0.01632466113173233
LRP11 (84918),0.016324909964481615
FAM163B (642968),0.01632545244488602
ASB2 (51676),0.016330879785914788
OPN1LW (5956),0.016343442609047527
IFNK (56832),0.016345811612873906
CALR3 (125972),0.016347885437911467
FBN1 (2200),0.016374902603705745
SMIM22 (440335),0.016388385550863686
MYEOV (26579),0.01639771822454417
KCTD14 (65987),0.016400801527713213
IL6R (3570),0.016406410836421734
PFKP (5214),0.0164160448641966
LRRC63 (220416),0.016436747396780818
INSYN2A (642938),0.0164433935431107
MAP3K12 (7786),0.016456109961866125
GPD1L (23171),0.01645680061757232
IGBP1 (3476),0.016457271340227446
ERO1B (56605),0.016458582878719166
ADGRF3 (165082),0.0164680024351967
OR5H2 (79310),0.016474826480070995
VSIG2 (23584),0.016478595498584905
FAM53A (152877),0.01648184932529405
LRRK2 (120892),0.016481855948777237
TRIOBP (11078),0.016484710130221323
IYD (389434),0.0164865233841988
SPATA6L (55064),0.016491088534472256
MAP3K7 (6885),0.016494486730771897
ANKRD1 (27063),0.016505961221922084
TGS1 (96764),0.016509971070447417
PPP1R16A (84988),0.016512753324243852
KRCC1 (51315),0.01651692743127677
TOMM34 (10953),0.016527877739643884
TEF (7008),0.016527968044690994
MC5R (4161),0.016528792322949775
NFAT5 (10725),0.01653142408630306
NUMBL (9253),0.01653466161413635
SMAP1 (60682),0.016537325464655313
PRPF4 (9128),0.01653740628654834
FNDC10 (643988),0.016545880545346
TMEM106A (113277),0.01657049357574097
PGM2 (55276),0.016572277533789922
TVP23A (780776),0.01657318670208805
LBP (3929),0.016577457584023316
CYB5D1 (124637),0.01658826673714858
PPP2R5B (5526),0.016589678465065018
MIX23 (131076),0.016596525203496422
OR2A2 (442361),0.016600734828847302
TXNDC2 (84203),0.016603616180646704
OC90 (729330),0.016613816401582198
ZNF865 (100507290),0.016616820262740282
MYH2 (4620),0.01662521833765695
CORO7 (79585),0.016632781828932415
PITX2 (5308),0.01664286290281884
SBK2 (646643),0.01664384174016673
NMT2 (9397),0.016645941696803244
CTDNEP1 (23399),0.016648098686241692
LIMA1 (51474),0.016652753224675416
EMID1 (129080),0.016656348422685298
TMPPE (643853),0.016665364080971783
PANK3 (79646),0.016670801195504632
LIPC (3990),0.0166725309032207
TNFAIP8L2 (79626),0.016690865192077374
CFAP141 (388701),0.01670616840305907
POR (5447),0.016706959247277612
CCR3 (1232),0.016707103753161853
DUSP8 (1850),0.016710776262702145
MARVELD3 (91862),0.016711912736436314
DCTD (1635),0.01671214272481281
RXFP1 (59350),0.016712349964431605
PNMA5 (114824),0.01671787310706182
PELI3 (246330),0.01672396942849546
NECAB3 (63941),0.01672904142202624
CAMSAP3 (57662),0.016729375666254064
MORC1 (27136),0.016737016035612576
MOV10 (4343),0.01673703554737692
CDHR5 (53841),0.016739099139468385
RAP1A (5906),0.016750700611811054
AGBL4 (84871),0.01675749835195894
LCAT (3931),0.016761446365937887
DDX25 (29118),0.01676496924966432
SEC24C (9632),0.016769406647614102
MRFAP1L1 (114932),0.016772088555558083
CA7 (766),0.016781044284548748
KLF8 (11279),0.016786059328579857
GON7 (84520),0.01679359433384026
ZNF135 (7694),0.016804876926604675
GRIN2A (2903),0.016815291876381547
LHX1 (3975),0.016825701612526618
FBLN5 (10516),0.016836347150881694
CACNG4 (27092),0.016842718490436445
SERAC1 (84947),0.01684619517304723
SRGAP1 (57522),0.016850380545037714
SLURP2 (432355),0.016874129318555035
MX2 (4600),0.01689716863873217
CYP21A2 (1589),0.016901361124914995
SERPINA11 (256394),0.01690247489567662
DUSP29 (338599),0.016904428613305433
ADAMTSL1 (92949),0.01690513562009074
C1orf52 (148423),0.016905703121591027
CEP57L1 (285753),0.016911210530406572
PLK5 (126520),0.016921420965967007
PLAU (5328),0.016924140853287008
LAMB2 (3913),0.01692512828298306
LDHD (197257),0.01692869934791438
ANP32D (23519),0.016930973610989896
DPPA5 (340168),0.016957638787928178
POLR1F (221830),0.016963228120401654
ADGRE1 (2015),0.016965129990389453
AKR1C2 (1646),0.016966207461826758
ANGPT1 (284),0.016967044289199516
NDNF (79625),0.016978423265503043
IGSF1 (3547),0.016980419375771636
SLC25A40 (55972),0.016994617675688585
ADCK1 (57143),0.016998247863605202
JPH2 (57158),0.01700418898999129
QRFP (347148),0.01700844095685364
NEIL1 (79661),0.01701063298332531
TLK1 (9874),0.01701303275271093
DNAJB14 (79982),0.01701611824830606
IFNA5 (3442),0.017018239663766446
PLXNB3 (5365),0.017019974585754577
TRMT61A (115708),0.01702962082771484
ZIC4 (84107),0.017036324155554745
PPOX (5498),0.017037013376325138
TMEM120B (144404),0.0170421709242092
PLEKHG6 (55200),0.01706173407686875
NFYA (4800),0.017064977107799043
HGFAC (3083),0.01707186317481142
C2CD5 (9847),0.01707223449524384
PRR30 (339779),0.017083347118393884
GATA2 (2624),0.01708783023138907
SMIM24 (284422),0.017090849755842203
TXNDC12 (51060),0.017091374290955866
TRIM6 (117854),0.017098160678571197
HGSNAT (138050),0.017102407915506157
YEATS2 (55689),0.017133801307437357
FUZ (80199),0.01713715259701674
PRELP (5549),0.017138554389987494
KLHL3 (26249),0.01713880020006833
PSORS1C1 (170679),0.017139864227274433
MAP7D3 (79649),0.01714087592975787
DCDC1 (341019),0.017143453612553452
RBFOX1 (54715),0.017151736797865188
RNF130 (55819),0.01715991712431765
EVX1 (2128),0.017161171674173206
TRAF4 (9618),0.0171626314377728
MAST4 (375449),0.017165097069479624
SPP2 (6694),0.01718279216784465
MICA (100507436),0.017183558546357412
SETD7 (80854),0.017188967369490507
FOSB (2354),0.017190517333436982
TDRP (157695),0.017203249395539136
PRAC1 (84366),0.017203310663510704
HAGHL (84264),0.017205425160206886
FAM32A (26017),0.017205582819760853
STRC (161497),0.017206061544910726
ZFP14 (57677),0.01721825788703952
HBP1 (26959),0.017219981506006735
ALDH1L2 (160428),0.017222233614886114
SLC27A1 (376497),0.017222994052751302
SLC26A6 (65010),0.017228857432644514
OARD1 (221443),0.01723067632001168
PJA2 (9867),0.0172333562933848
ZNF625 (90589),0.0172339238844677
TCF12 (6938),0.017234916954222888
AVL9 (23080),0.01723521401378249
MAP3K7CL (56911),0.017245126084631815
PABIR2 (159090),0.017248284083887545
PARP14 (54625),0.01725093681430307
FAM83G (644815),0.017255943052441585
MPDU1 (9526),0.017256039193359083
PRAF2 (11230),0.017261260563058784
GTF3C4 (9329),0.01726820921770298
ABHD17B (51104),0.017270670054089592
PIGQ (9091),0.01727207628351168
GNG7 (2788),0.01727344407422436
RUNX3 (864),0.017277006475189757
TRO (7216),0.017278136569459968
YBX2 (51087),0.01728022122023515
NPAT (4863),0.0172805210284881
C2orf73 (129852),0.017291020921798156
IZUMO2 (126123),0.017291658054014294
CCL22 (6367),0.017299408862901097
BRI3 (25798),0.01731618220193384
HADHA (3030),0.017320628650856016
UGGT1 (56886),0.017320936259901824
MALL (7851),0.01732245307972701
ZNF697 (90874),0.01732790593296311
OR2L13 (284521),0.017351775959603837
AKAP12 (9590),0.01735837141871603
FAM9C (171484),0.01735874207530243
RSRC1 (51319),0.01736157016287901
KCNG4 (93107),0.017371134122521947
STS (412),0.017374542573883232
ST8SIA6 (338596),0.0173752833707925
SRXN1 (140809),0.017385538054805662
UNC13A (23025),0.01739289926883134
TRIP10 (9322),0.017393044616133696
FRMD3 (257019),0.01740100402898725
LCOR (84458),0.01740823729266379
TMEM200C (645369),0.017419835387333108
PLD5 (200150),0.01744174586135585
CCN1 (3491),0.01744217452314425
GLUL (2752),0.01744889231592304
HTR4 (3360),0.017457344567839907
FAM98A (25940),0.017459213931624605
TMTC1 (83857),0.01749507054582361
TTC8 (123016),0.017495664063340043
UGT2B28 (54490),0.017499921429187666
RNF151 (146310),0.017503827654681833
SPATA25 (128497),0.017506543342728307
GPR101 (83550),0.017508163712862998
IL6 (3569),0.01751638146808692
GALR2 (8811),0.01752404208825311
EPHB3 (2049),0.017525477708092724
HBZ (3050),0.01753205053475236
TMEM190 (147744),0.017536456171867387
NLRP6 (171389),0.01753724812281276
WDR72 (256764),0.01753918933789729
EDA (1896),0.017549899569655095
THRSP (7069),0.017558771589728493
FBRSL1 (57666),0.0175784189701566
CT83 (203413),0.017589454034218372
SIDT1 (54847),0.017591882210524858
ANXA1 (301),0.017595137717703293
ZNF644 (84146),0.017602629431463963
FBXO2 (26232),0.017602757792248902
RAB2B (84932),0.017613156965941908
FEM1A (55527),0.017616765042840876
ASPA (443),0.01761787316670145
NACC2 (138151),0.017618753573760183
SLIT3 (6586),0.01761931441052714
ITFG2 (55846),0.01762094360257122
TARM1 (441864),0.01762464461938448
SNX18 (112574),0.01763012631773031
PAK1 (5058),0.017630874435566966
VPS33B (26276),0.017638889746680163
ARHGAP18 (93663),0.01764094561901088
LMOD2 (442721),0.017644412226429377
C16orf74 (404550),0.01764520006637195
BICC1 (80114),0.017647240699247488
PODN (127435),0.017648313273531016
ANKRD30B (374860),0.017652440753252927
CDH9 (1007),0.01765488979691925
RSPO4 (343637),0.017660683227166976
AVIL (10677),0.017662221405458776
TCF25 (22980),0.01766473436297453
CNTNAP3B (728577),0.017670745354606828
FAM131B (9715),0.01767328939559045
ZNF648 (127665),0.017676236487355335
FASLG (356),0.01767876751569233
ATOH7 (220202),0.01768090305287669
ACP5 (54),0.017685607448943427
SLCO4A1 (28231),0.017691228594392483
ATP8A1 (10396),0.017697903207204078
CNNM3 (26505),0.01770111216468461
CDV3 (55573),0.017706925793223433
SRSF12 (135295),0.01771097977582825
LURAP1 (541468),0.017712600213820685
ADH5 (128),0.01771403468646393
ADISSP (54976),0.017717231728255203
KDM3A (55818),0.01771851653954041
EIF4EBP2 (1979),0.017720741351989724
ASTL (431705),0.01772882746539523
TMEM254 (80195),0.01772943208386972
SLC35G1 (159371),0.017732330089380764
S100A1 (6271),0.01774991683602258
PLEKHM2 (23207),0.017753568621294277
RNF141 (50862),0.01775405325228299
PPP1R3B (79660),0.017759422721656544
TBC1D21 (161514),0.017759576683862622
PTPRN2 (5799),0.017771436713454807
WNT9A (7483),0.017776806804458024
UGT1A3 (54659),0.017787132705617364
OPCML (4978),0.017789563575401107
MFAP1 (4236),0.01779009845097736
CDH12 (1010),0.017790617355123862
NR6A1 (2649),0.01779281600410534
FBXO43 (286151),0.017795760572603
OR1J4 (26219),0.01779609621355367
CCDC136 (64753),0.017796558547101264
RAB20 (55647),0.017807199195940055
IDI2 (91734),0.017810728794472982
YKT6 (10652),0.017821232195405774
AGO2 (27161),0.017829366500565803
DNAAF3 (352909),0.01783202767031182
DCAF8L1 (139425),0.017844589579481988
LGI3 (203190),0.017850077413353337
TEKTL1 (126402),0.017854845643977543
TENT2 (167153),0.01785671153970674
LASP1 (3927),0.017859436280857992
FBXO16 (157574),0.017861203978017274
BTN2A2 (10385),0.01786969671477023
ZBTB16 (7704),0.017874959682313524
DNAL1 (83544),0.01787568084195354
NOL3 (8996),0.017891036794134747
ANKLE1 (126549),0.017892852324089346
PCBP4 (57060),0.0179062870633275
ERCC8 (1161),0.017920964423849606
RERG (85004),0.017944694101714873
PCDHGB4 (8641),0.01794503734467148
DCK (1633),0.0179578402290922
ETNK2 (55224),0.01795913621425264
STAM2 (10254),0.017962715134313193
SEMA5B (54437),0.017963185932264963
C15orf62 (643338),0.01798031972735093
OR52E6 (390078),0.01798626684671053
PPP1R14A (94274),0.017989560954846807
FAM221B (392307),0.01799335606479028
NUDT3 (11165),0.017993671595365548
SLC38A2 (54407),0.017995840094789547
BOLA1 (51027),0.018000099076867004
ADORA1 (134),0.018001948126376274
RABEP2 (79874),0.01800494157427786
FGGY (55277),0.018016482326727565
PRKCD (5580),0.018029222739543875
SERPINB6 (5269),0.01803423436561441
DNAH11 (8701),0.01803432057632493
IL32 (9235),0.018040515661437925
HRH1 (3269),0.018043865654545858
TLE6 (79816),0.01804602259267735
MLF2 (8079),0.018051441608083786
GARIN1B (84691),0.0180515018796188
NOB1 (28987),0.018051549552015593
FANK1 (92565),0.018057068885971847
ZNF821 (55565),0.018057232483118805
PTPN2 (5771),0.018058739192431277
RASSF4 (83937),0.018059335702364048
ZC3H6 (376940),0.01806331924809721
SMIM29 (221491),0.018073114397032745
RNF180 (285671),0.01807541068194697
ZNF202 (7753),0.01807748661246586
PARK7 (11315),0.018079268977146176
SRPRB (58477),0.018079677746959014
DOK3 (79930),0.018083227312945774
TM7SF3 (51768),0.018083523690884267
KLHL2 (11275),0.018089199150434856
DNAJC4 (3338),0.0181008750454315
FAM120B (84498),0.018104387695961136
PON2 (5445),0.018105280338287098
FZD4 (8322),0.018125186799701824
GPR52 (9293),0.018127533972662528
BDH1 (622),0.018127672507048838
IPO4 (79711),0.018129326426838822
LGALS13 (29124),0.018130359024063777
GPN3 (51184),0.018132464099531894
TMEM132E (124842),0.01813605854616803
GMIP (51291),0.01813791521237376
LHX4 (89884),0.018139547026594958
HCRT (3060),0.018141254241285557
CCDC73 (493860),0.018145101470988603
HP (3240),0.018150281234270177
PYCARD (29108),0.018154711770352328
PPEF1 (5475),0.018158823072796808
INTS7 (25896),0.018160448053205994
FCRL6 (343413),0.018164489092942403
HCAR3 (8843),0.018172525667184643
MCFD2 (90411),0.018173677854917983
TMEM255A (55026),0.018181665618005598
MUC12 (10071),0.018206963309604366
UBTD1 (80019),0.018235700144549782
SH2D3A (10045),0.01823845226418321
ZC3H4 (23211),0.018259726184395773
SPATA31G1 (138724),0.018260976553460435
OVCA2 (124641),0.018265594643361832
PGP (283871),0.018267315015531003
GCHFR (2644),0.018269230954754263
TPRA1 (131601),0.01828175975300286
LCE3B (353143),0.018283100604512405
OR2C3 (81472),0.018287127558005364
SLC18A2 (6571),0.01829378849202601
HOXC8 (3224),0.018295419262984898
RANBP3 (8498),0.018308991132868373
ITIH4 (3700),0.01832229464990836
ILF3 (3609),0.018333202253445584
PGRMC2 (10424),0.01834312170848482
TMEM215 (401498),0.01835101500968762
CEP104 (9731),0.018353814237278006
A4GALT (53947),0.018355388593060365
CXCL3 (2921),0.01835945985973766
ZMAT5 (55954),0.018360795096504755
PTGS2 (5743),0.018365562445005226
CD81 (975),0.01836704028558354
ANGPTL3 (27329),0.018370356736834095
ZNF814 (730051),0.018377781842364365
TRIM3 (10612),0.018406475731230297
ZSCAN16 (80345),0.018410206045612467
MATR3 (9782),0.018422696523666342
GTF2I (2969),0.01842647828123708
TMEM88 (92162),0.018428953110757044
SCN7A (6332),0.0184289920774019
ACBD5 (91452),0.018437059174207633
ZNF880 (400713),0.01844083687168934
OR1L1 (26737),0.01845148579281241
EXOC3 (11336),0.018454503191277224
AP5Z1 (9907),0.018462376653754588
CGGBP1 (8545),0.01846445116100606
SHROOM2 (357),0.018464722998185093
ACO1 (48),0.018483226787830154
LEF1 (51176),0.018484988416957605
CENPM (79019),0.01849414853789145
CD7 (924),0.01850166633650873
SCARB2 (950),0.01850903041230343
CALML6 (163688),0.018512509634731746
FLACC1 (130540),0.01851732053574149
POC5 (134359),0.018537338599418342
LSP1 (4046),0.018537748290743318
RIPK3 (11035),0.018540166094059025
ASIC3 (9311),0.018542764670261405
HDDC3 (374659),0.01854612630361957
WNT11 (7481),0.018554240652870733
MISP (126353),0.018555707553543715
HTN3 (3347),0.018565462413759642
FZD2 (2535),0.01856589652628972
NPAS4 (266743),0.018567149107586948
OR51Q1 (390061),0.0185718150208681
MRAP (56246),0.0185776001213769
GRIA3 (2892),0.01858586730512873
AP1G2 (8906),0.01858855512804517
MYL9 (10398),0.01859527020280176
HBM (3042),0.018595598837372825
KRT84 (3890),0.018601888943238522
LST1 (7940),0.01861005326054984
PDILT (204474),0.018616344051922376
NABP2 (79035),0.018621310088109667
ACVRL1 (94),0.01863963413526058
MMP11 (4320),0.018640416069969468
RGN (9104),0.01864517037946028
ULK3 (25989),0.01866158002199312
OR52E8 (390079),0.018662615887246325
GABRP (2568),0.01866379032475431
TBC1D16 (125058),0.018671020556008965
CASP9 (842),0.01867858747803923
BRWD3 (254065),0.0186807906452624
SHC4 (399694),0.018682987951436462
OTUD7A (161725),0.018683199567610047
GK (2710),0.018688448523983388
RORB (6096),0.01869721558440387
C3 (718),0.018703660098532218
ACP6 (51205),0.018704250709813835
HRC (3270),0.018704924045643005
HSPA1L (3305),0.018714380024188265
PLSCR3 (57048),0.018719663761788605
HS3ST1 (9957),0.018726493015320547
ZDHHC16 (84287),0.018734620937542808
NOS3 (4846),0.01873740693056632
PIP4P2 (55529),0.018742186192013285
TMEM140 (55281),0.018745377438564158
GTF3C3 (9330),0.018754505347318748
CLCN7 (1186),0.01877099831863397
SNX30 (401548),0.018774335137637578
DOCK9 (23348),0.018779507265757684
MAP3K8 (1326),0.018789983893517166
REEP1 (65055),0.018793258440344456
DNAJC19 (131118),0.018799098309694104
GIP (2695),0.018801182956721767
MLLT3 (4300),0.018803734579007077
NEK3 (4752),0.018813461821174632
NRXN3 (9369),0.018814413428613858
RAP1GAP (5909),0.018817246443512528
WDR37 (22884),0.018817597217154865
GARIN5A (112703),0.01882633454321079
OR6C74 (254783),0.018830298252465315
DEFA5 (1670),0.018830835979170846
TMPO (7112),0.0188376111820836
TYMP (1890),0.01884294188607844
PYGO1 (26108),0.018864910801270764
RASAL2 (9462),0.018865874576633437
PAQR3 (152559),0.01886604766300877
SEC61A1 (29927),0.018866538138987386
CEP19 (84984),0.01887083677306969
ERICH5 (203111),0.0188725917070094
TYW5 (129450),0.018876214880929776
ENDOD1 (23052),0.018880981309683083
IL22RA2 (116379),0.01888268689242747
NCOA7 (135112),0.018895479000769218
PADI4 (23569),0.01890429030034466
CLIC3 (9022),0.018910468143655206
NEK8 (284086),0.0189190696249423
FMR1NB (158521),0.018920990273128404
PROB1 (389333),0.018923268756433183
LRRC14 (9684),0.018926497403776315
OASL (8638),0.018941130626114543
TRIM32 (22954),0.018946273071359696
REP15 (387849),0.01895652927311114
CST6 (1474),0.018959403104690045
FIGNL1 (63979),0.018973739558140437
RAMP3 (10268),0.018975380668871184
TBC1D14 (57533),0.01897626773101864
ASGR2 (433),0.01899287157551083
TBC1D4 (9882),0.018999432457960166
ARPC5L (81873),0.019003798195883652
RPAP2 (79871),0.019004210909798373
ARL13A (392509),0.019005502831661955
CFAP20DC (200844),0.01902082117886371
ELMO1 (9844),0.019021579365695263
RHPN1 (114822),0.01903095042884759
SPMIP6 (84688),0.019032283190607797
NSDHL (50814),0.019032490840797913
HTR2C (3358),0.019037865782277542
C21orf58 (54058),0.019043530916740995
TMEM210 (100505993),0.019047589224372722
TMEM167A (153339),0.01905673494488535
GALR1 (2587),0.019060070913066517
IQCF1 (132141),0.019068051429993065
ALG3 (10195),0.01908789297789608
KLHL20 (27252),0.019091879295004395
FGFR2 (2263),0.019097909946072175
GNG11 (2791),0.019104252389476196
CD4 (920),0.01910519081799432
CYBC1 (79415),0.019105929565583664
CTU2 (348180),0.019111497749803148
PNMT (5409),0.019111665070551224
HOXA13 (3209),0.01911470205237205
PNMA3 (29944),0.019126583471835545
LMNA (4000),0.01912810804759332
JDP2 (122953),0.01913007937871957
KIAA2013 (90231),0.01913880289083197
ADGRB1 (575),0.01914054693283071
KEL (3792),0.019142831958505906
PAGE1 (8712),0.019145999147212024
SLC12A5 (57468),0.019153883005975092
LNP1 (348801),0.019159520393559868
UCP2 (7351),0.019162090603358356
GZMK (3003),0.01916380528798211
PPIL6 (285755),0.019181970523132395
RABL2B (11158),0.019183485955962257
VDAC3 (7419),0.019188273036003973
CEP57 (9702),0.019188557901040553
LONRF3 (79836),0.019192169571615163
SPATC1 (375686),0.019200718262940616
CSRNP2 (81566),0.019208034234185746
PLD2 (5338),0.019213058254017566
GUCY2D (3000),0.019213769562309954
CD40LG (959),0.01921513933203695
ABHD14B (84836),0.019222944190047324
MYOM2 (9172),0.019223406662945825
ADIPOQ (9370),0.019235375859224437
MTFP1 (51537),0.019240387219346126
FCHSD2 (9873),0.019245971538937277
DCC (1630),0.019259468899827086
LTBR (4055),0.01926242045472297
IL26 (55801),0.019263054519689536
WDR45 (11152),0.019275431718683435
LGALS16 (148003),0.01927664431761691
SIX2 (10736),0.019280814374603026
CEACAM19 (56971),0.01929876012563823
TADA1 (117143),0.0193121229841336
ZNF683 (257101),0.01931334658855332
GUCY2F (2986),0.01931348403850056
LRRC8D (55144),0.019319019594547474
EMC2 (9694),0.01932892680203567
ASB10 (136371),0.01933076621573656
MET (4233),0.019333543295298537
TSBP1 (10665),0.01933867334783867
THOP1 (7064),0.019339419027079124
ZNF555 (148254),0.019342927702716964
KIFBP (26128),0.019349053850388966
COL6A1 (1291),0.019349836900724306
SELENOW (6415),0.019350158637461548
ABHD4 (63874),0.01935661420829904
MYBPC1 (4604),0.019369815154162123
GPR156 (165829),0.019370576644118155
SCEL (8796),0.019371386417904677
PCYT1B (9468),0.019375618534713757
NOL11 (25926),0.019396244155468374
MOGAT3 (346606),0.019404833135701773
TOLLIP (54472),0.01940552015559372
AGO4 (192670),0.019410977211194114
DMPK (1760),0.019423268730134797
LSM5 (23658),0.019431913613202845
CUBN (8029),0.019436156477150527
LOXL1 (4016),0.019439577366573133
CLRN3 (119467),0.01944278104814349
VAT1 (10493),0.019443174898455335
GINM1 (116254),0.019451668325832783
ELL2 (22936),0.0194531858104428
PMF1 (11243),0.01946227934152665
H3C12 (8356),0.01946576283217583
SLC25A23 (79085),0.01946858420867182
LUC7L2 (51631),0.01947000662223837
PDS5B (23047),0.019479979163124734
ANTXRL (195977),0.019490717120996204
TMEM178A (130733),0.019490772730801423
GPR152 (390212),0.01949516917041418
ZNF438 (220929),0.019496737323317893
ABCA1 (19),0.019499556130446124
RCOR1 (23186),0.01949997200256526
GTPBP2 (54676),0.019509995149735164
PWWP2B (170394),0.019526445566171342
EPAS1 (2034),0.019528386841178358
WDR45B (56270),0.019531100645172588
DNAAF10 (116143),0.019538147438932695
MAML2 (84441),0.019541816695686557
EOMES (8320),0.019544365730528503
C1QTNF2 (114898),0.01954735928183401
SLAMF7 (57823),0.019549737371074457
NPTN (27020),0.019553406516421536
RHBDF2 (79651),0.019554791152274965
REEP2 (51308),0.01957183921722916
DCUN1D2 (55208),0.019574104157151197
GZMM (3004),0.019574729124904634
GADD45GIP1 (90480),0.01958530473147652
PLXNA2 (5362),0.019589086844539715
OR9I1 (219954),0.019589094290324648
PER1 (5187),0.019594022964503872
C1orf174 (339448),0.019595880472700975
TRAPPC10 (7109),0.01960210634066483
SGCD (6444),0.019605908816578352
THY1 (7070),0.01960987224111249
EPB41L3 (23136),0.019624342169282362
ADCY8 (114),0.019629621830621106
NDUFAF8 (284184),0.019633589739014076
CENPB (1059),0.01964927117712959
RNASE13 (440163),0.01965335073444705
MLKL (197259),0.0196556602955612
MARCHF7 (64844),0.019670839326146477
ZFYVE19 (84936),0.019673434402938474
BIN1 (274),0.0196807088005107
TCF23 (150921),0.01968432338769344
ADCK5 (203054),0.019685700524281483
MGAM (8972),0.019687064638754994
TEX35 (84066),0.019689322453005136
PPA2 (27068),0.0196920340842271
FOXRED2 (80020),0.019694269268473404
MCCC2 (64087),0.019703528372014126
CD300LD (100131439),0.019704830653914835
TRIM55 (84675),0.019712448535745584
IFT70A (92104),0.01971452948712706
CCDC3 (83643),0.019720606746887432
AADACL4 (343066),0.019722845349063323
VAMP4 (8674),0.01972455823962586
BCKDHB (594),0.019734722533524315
LRRC46 (90506),0.01974702832640931
FAM47A (158724),0.019749506238418677
CCL2 (6347),0.019760316855734983
SOHLH1 (402381),0.01976690729065197
ACMSD (130013),0.019772553826819087
DTD2 (112487),0.0197790432928456
DNAJA2 (10294),0.01978116865873629
NIM1K (167359),0.01978730980848833
IQCG (84223),0.019792658167996066
CNIH4 (29097),0.01979316241078228
VWA2 (340706),0.019796513555049824
MATN4 (8785),0.019799588549679663
RAC2 (5880),0.019804863227955213
POLD2 (5425),0.019812000919270413
LAMTOR3 (8649),0.019813958026289845
CRADD (8738),0.019816986327324315
PRDM13 (59336),0.0198223029021411
UBE2E3 (10477),0.01982317617247771
HTR3A (3359),0.019829668928508355
IRF2 (3660),0.019833468310743486
FABP4 (2167),0.01984103191704051
TMEM239 (100288797),0.019846002957197226
OR2B11 (127623),0.01985874426547665
SCN8A (6334),0.019859559802569038
SEC24D (9871),0.01987267328361708
SYCE1 (93426),0.019874517099268275
BCKDK (10295),0.019877636492864312
PRPH (5630),0.019886591178937468
CPLANE1 (65250),0.019890442572308445
MYNN (55892),0.019894082680028895
NLRP3 (114548),0.019896456266525867
WHRN (25861),0.01990575017114886
EGFL8 (80864),0.019910256943684555
MUCL1 (118430),0.019914958520289662
MYPN (84665),0.01991750244024437
PARVA (55742),0.019932325885996402
NLRP1 (22861),0.01993682197542634
IFIT5 (24138),0.01994766310067235
SELENOO (83642),0.01996401416113502
DMP1 (1758),0.019973236453383485
COL18A1 (80781),0.01998657007309859
HAO2 (51179),0.019990001914431253
CYTH1 (9267),0.019996481954992536
PCDH1 (5097),0.020000096541188915
MYO1D (4642),0.020003177552642033
TBC1D13 (54662),0.020014869608281454
HBD (3045),0.020016477649864785
CD300C (10871),0.020030456911552585
SNX7 (51375),0.02003236351785823
MUC1 (4582),0.02004466837093542
BMP2K (55589),0.020054606995685252
C1orf162 (128346),0.020061278011082904
ZNF676 (163223),0.020061440274113704
FBP2 (8789),0.02006415452279104
DDX60L (91351),0.020069386338761565
GDF3 (9573),0.020072052658655175
GLUD1 (2746),0.02007368212698917
FSTL4 (23105),0.020091348387101412
SLC22A6 (9356),0.02010478644640201
TMA7 (51372),0.020108283989350148
CCPG1 (9236),0.02011045722357809
ARHGAP45 (23526),0.020114752415697247
P4HA3 (283208),0.020121428844615943
TMEM129 (92305),0.020127244546520304
PRICKLE1 (144165),0.020129309389330222
PCDHA2 (56146),0.020142661845530655
PNPT1 (87178),0.020145193131032916
APOBEC1 (339),0.020145317961743216
IGFBP7 (3490),0.02014607574224205
CNKSR3 (154043),0.02014861626832065
PAG1 (55824),0.02015622939089051
KRT83 (3889),0.020156995479878294
ACTL7B (10880),0.020163134898874634
CTSL (1514),0.020163762117816432
DGLUCY (80017),0.02018005686728752
C1orf146 (388649),0.020182073783961436
SUV39H1 (6839),0.020185293529788647
QPRT (23475),0.020190687636945866
NAGLU (4669),0.02021683593249931
KRTAP22-1 (337979),0.020225836406589814
TMEM89 (440955),0.020231288762713514
GLI4 (2738),0.020231826508789033
CLK1 (1195),0.020235606382080405
CAPN3 (825),0.02023698413974156
RCC2 (55920),0.020242041563237202
ZNF629 (23361),0.02024218836675111
PQBP1 (10084),0.020242906713384322
GLT6D1 (360203),0.02024873073710729
MGLL (11343),0.02025494436977424
IL15RA (3601),0.020256442182920217
RAB17 (64284),0.020265880401081657
LRRC2 (79442),0.020266076114267437
ATP6V1G3 (127124),0.020267442663421485
B3GALT4 (8705),0.02028905604431399
VPS37C (55048),0.020290655542535122
KIF24 (347240),0.020297873588690594
PSTPIP1 (9051),0.020311663324360296
ZDHHC12 (84885),0.020322507965374218
TMEM132D (121256),0.020325557655764142
ACCS (84680),0.020327727477942367
C10orf120 (399814),0.020357494879867797
AKAP14 (158798),0.020387275920755326
GTF3C5 (9328),0.02038801286690974
PAM (5066),0.0203945022097593
CABIN1 (23523),0.020396868724445086
SCML1 (6322),0.020401724843484532
SOCS2 (8835),0.020410820881437433
ITGB3 (3690),0.020423047926109307
MVB12B (89853),0.02042422557534172
PRSS48 (345062),0.020426328412169768
MARCHF4 (57574),0.02043631486523086
WDFY2 (115825),0.020436749702176998
ZNF696 (79943),0.02043816060829949
PSCA (8000),0.02043866436336664
RSPO2 (340419),0.02044220471343686
USP54 (159195),0.02045325392613793
GLRX2 (51022),0.020453257175582905
ACTL8 (81569),0.020475839197799512
SLC66A3 (130814),0.020482589832987556
PPEF2 (5470),0.02048529162655586
ILKAP (80895),0.020487836533838417
NAIF1 (203245),0.020497150413760153
TNP2 (7142),0.020504533649184673
PTGES2 (80142),0.020509459259027744
MYL2 (4633),0.020523222997775988
FAM193A (8603),0.020525034969600193
DMXL1 (1657),0.020541357135373882
TERB2 (145645),0.020557464785778364
JAKMIP2 (9832),0.020573340233774693
CHGA (1113),0.020580060909149194
GPR88 (54112),0.020585170076953953
NAP1L1 (4673),0.02058568013477866
MAP7 (9053),0.020585982795273402
GPR149 (344758),0.020586063252078807
OR11H4 (390442),0.020592429011843306
MYL1 (4632),0.020594121363431032
TNNI2 (7136),0.02059446036281802
MAP3K4 (4216),0.02059455933397903
LYST (1130),0.020597160051005033
PAXX (286257),0.020597738193998787
MSH5 (4439),0.020601314585645063
CYSTM1 (84418),0.020603180503084757
ZNF775 (285971),0.020608026457817022
GPM6A (2823),0.02061739966043459
PRR23C (389152),0.020621482202309676
BTBD18 (643376),0.020623259284969962
PYY (5697),0.020629830836428775
RTL10 (79680),0.020633614764949047
SLC25A20 (788),0.020633718431645444
HUNK (30811),0.02063517666659478
ALDH3B2 (222),0.020638573018637883
GCNT1 (2650),0.020639224654165064
GHRH (2691),0.02063979411971149
TBC1D9B (23061),0.020641097214621682
TTC34 (100287898),0.020644179257714987
CCL21 (6366),0.02064864159509281
UCMA (221044),0.020657220166828586
PACSIN2 (11252),0.020659673940476596
FGB (2244),0.02066302460906077
APOA5 (116519),0.020667359105956074
PROCA1 (147011),0.020691920512281834
LRP1 (4035),0.020695401995617962
FAM13B (51306),0.020698135020712917
OR2M4 (26245),0.020700849576303686
SYT11 (23208),0.020721019999326632
ZNF695 (57116),0.02072126312553652
ASAP2 (8853),0.020725674199534836
BRME1 (79173),0.020727447613272644
NEMP1 (23306),0.020735603327227767
IGFL2 (147920),0.02073643402045691
ZFX (7543),0.020738445846646303
DUSP14 (11072),0.02074691627352148
PEAK1 (79834),0.020748098580793337
XKR8 (55113),0.02074815682965648
CD164 (8763),0.02076034582381458
CLSTN1 (22883),0.020760931098014267
ENTPD1 (953),0.020761220591086912
ST6GALNAC5 (81849),0.020769203193884502
IFITM1 (8519),0.020775740377079677
KRTAP23-1 (337963),0.02077638512009846
RMC1 (29919),0.020780947002104366
CDCP1 (64866),0.020782527827732634
RBM48 (84060),0.020798146379004918
OR11H6 (122748),0.02079903931171473
KHDC3L (154288),0.020804381132694283
CHST5 (23563),0.02081025109506794
ABCG8 (64241),0.020822024373850646
SELENOT (51714),0.020824755150696136
C9orf43 (257169),0.02082757552103243
ZNF157 (7712),0.0208287850566012
MARK4 (57787),0.020829018595521873
ANP32E (81611),0.020831248841970414
SCAMP5 (192683),0.02083312168297473
TOM1L2 (146691),0.020835656212078245
SLC17A2 (10246),0.02083921416799545
CIMAP1A (113746),0.020848175930671762
ARHGDIA (396),0.02084895831513374
MDGA1 (266727),0.02085139074973916
BIRC3 (330),0.02085766787493756
KLHL21 (9903),0.020859115793028186
AGO3 (192669),0.02085944510450504
UNC5C (8633),0.02086253978252023
CCDC40 (55036),0.020872067466847215
CFHR5 (81494),0.02087505433556924
FEM1B (10116),0.020876652133340643
FAM161A (84140),0.02088022797286084
LMCD1 (29995),0.02088302924642377
XK (7504),0.0208856917498383
NECTIN2 (5819),0.020898964355634427
UNK (85451),0.0208994827961819
C12orf57 (113246),0.020901820111313748
BICDL2 (146439),0.020906903640174248
SLC5A8 (160728),0.02090855338192304
ZNF189 (7743),0.02090979117569991
PLPP2 (8612),0.02091589655452961
ARCN1 (372),0.020917357725873956
NBEAL2 (23218),0.020917654386290105
TRAM1 (23471),0.020921578268684873
GATD1 (347862),0.020925865247400144
WDR4 (10785),0.020930559531368652
GPRC5A (9052),0.020935538570804938
CASS4 (57091),0.0209372572232594
LSM14A (26065),0.020943736588268196
TMEM145 (284339),0.02095440973528467
OR2V1 (26693),0.020965768087494778
CLOCK (9575),0.020966216199247347
PLXNB2 (23654),0.02096640045922358
TPRN (286262),0.020971388100114566
TMIE (259236),0.02097249224916056
PLEKHA7 (144100),0.020977564419577762
PRSS36 (146547),0.02098011592130826
TRIM8 (81603),0.02098899532869524
SMG9 (56006),0.02099607283913809
TIGD5 (84948),0.021015558533225787
CHAD (1101),0.02101776856374458
DGKQ (1609),0.021029890897337984
HIGD1C (613227),0.021044199197688056
ABCC12 (94160),0.021046995235173435
TCEAL1 (9338),0.021050589852067807
GGCT (79017),0.021053445263781098
TRPC5 (7224),0.021055548642486807
CALN1 (83698),0.021058413488537157
PRPH2 (5961),0.021062056140414967
CBX7 (23492),0.02106276048145137
KLHL18 (23276),0.02106509791948854
PMS1 (5378),0.02106917386375062
SMIM1 (388588),0.021073001914336663
BAG6 (7917),0.021082388349698725
DAPP1 (27071),0.021084607981554444
SECISBP2L (9728),0.021087105950213552
SCYL1 (57410),0.021087355485600964
ANKS1B (56899),0.021094058798319618
H4C16 (121504),0.021097655398164657
ABI3 (51225),0.021098339740311337
NEK1 (4750),0.02109890192879947
REM2 (161253),0.021099413152403622
SIGLECL1 (284369),0.021103776364990477
OS9 (10956),0.02111557037169139
TTC28 (23331),0.021119895790929124
CCR2 (729230),0.021125970578934727
SHISA2 (387914),0.021127276500886114
METTL25B (51093),0.021136751842453623
LAMTOR2 (28956),0.021140924362730986
WDR41 (55255),0.021142495296341116
RFPL3 (10738),0.02115562658423707
D2HGDH (728294),0.021157614578219276
GIPC2 (54810),0.021164838146827528
RND2 (8153),0.021165497120353538
OR6C4 (341418),0.021186128914938752
ZG16B (124220),0.02118970121638329
IHO1 (339834),0.021191555096860333
TLE3 (7090),0.021196868007360353
NRP2 (8828),0.021203347701170237
AATF (26574),0.021204434318578443
BTG3 (10950),0.0212097416083437
ADCY9 (115),0.021225404715490084
ASTN1 (460),0.02122673173440253
ZNF471 (57573),0.02123347873208006
HSD17B1 (3292),0.02125350994085836
TEX29 (121793),0.02125646074109494
CHKB (1120),0.021256491489841746
PDXK (8566),0.021258890273025428
INTS6L (203522),0.021268273958355597
FANCL (55120),0.021270825763391052
FUS (2521),0.021277515039244962
TRIM29 (23650),0.021279624213098938
LRBA (987),0.02128385228634973
ITGB3BP (23421),0.021285778055524236
LNPK (80856),0.021301488015831243
PCDH17 (27253),0.021302380987892184
SCAF8 (22828),0.021305663723723965
RGMA (56963),0.021319539093451415
ISCA1 (81689),0.021320052511253348
LDLRAD2 (401944),0.021321148330746713
MGST2 (4258),0.021323007272057694
TBC1D9 (23158),0.02133551534664577
EMP1 (2012),0.021340154446506096
CRHBP (1393),0.02134711670923128
FABP6 (2172),0.021348989991958146
TRPM1 (4308),0.021355670872306862
C10orf90 (118611),0.021356863812987143
ELP4 (26610),0.021367166000466117
WBP2NL (164684),0.021372206221303203
MYDGF (56005),0.02137683354773007
XRRA1 (143570),0.02138411814808781
RAB8B (51762),0.021387556979181523
TMEM37 (140738),0.021393334117730436
PRKAB2 (5565),0.02139945565196129
PLXND1 (23129),0.021401444854911283
ZNF443 (10224),0.021407303221334512
FBXO46 (23403),0.02140775310972633
PDE6H (5149),0.021422490030447647
DDI1 (414301),0.02142755054887629
PHOX2B (8929),0.02143783771161018
CLIP1 (6249),0.021439268312372646
OR52D1 (390066),0.02143938637712865
LPAR4 (2846),0.021448536480361893
APOA2 (336),0.02145808641846417
CLEC5A (23601),0.021466430490533834
ZNF414 (84330),0.021467828937950132
PIN4 (5303),0.02147111232123096
LAX1 (54900),0.021482503671166955
LAMA2 (3908),0.021490477046047046
CIMIP2A (401565),0.02149334948787781
PROCR (10544),0.021497915622033993
WDR27 (253769),0.021497919977268572
RASSF3 (283349),0.021518506914496267
C18orf32 (497661),0.021524702632749863
PFKFB3 (5209),0.021533492778689878
OR52L1 (338751),0.021539878799150956
CD8A (925),0.02154645059272322
KLK12 (43849),0.021560454265828595
C11orf21 (29125),0.021568104624291144
HSF4 (3299),0.021583318096634593
CCL15 (6359),0.021583910068413103
VPS26B (112936),0.021585252418243665
TREX1 (11277),0.021587028037854863
SAT1 (6303),0.021598559665587214
IL15 (3600),0.021601737121674142
KLK3 (354),0.02160825613746932
GNPDA1 (10007),0.02160945745697212
POF1B (79983),0.021609954123273246
UIMC1 (51720),0.02161352527182501
CCL8 (6355),0.02162309442456626
SH3BP2 (6452),0.021632719147962335
UQCC4 (283951),0.021648999016524652
ZNF646 (9726),0.021651779263927657
PHLDA3 (23612),0.021657845107644177
FAM167A (83648),0.02167031456760985
LRCH4 (4034),0.02167427286789682
OR4K15 (81127),0.021677772634295794
TSEN15 (116461),0.021678066527462743
EIF3J (8669),0.021680598960876096
SLC12A4 (6560),0.021684465019927938
CYP4F11 (57834),0.021684773365087666
ZBTB7A (51341),0.021692912476543078
OR4D1 (26689),0.02169335380121907
STK24 (8428),0.021696316067872944
DFFA (1676),0.02169748329202455
MXD1 (4084),0.021706540254085575
DOCK10 (55619),0.02171723805433225
MAVS (57506),0.02171966043744789
RHOBTB1 (9886),0.02172002593378761
LRP1B (53353),0.021722050138669312
SCT (6343),0.021727064211924368
RUFY2 (55680),0.021729229169733185
DNAJB2 (3300),0.021734498805844823
ZNF839 (55778),0.021735604843331
MICAL2 (9645),0.021740479415404104
GABRB2 (2561),0.021745043337735574
PCDHAC2 (56134),0.021747447875783126
KRTAP19-2 (337969),0.02174791510362644
PEDS1 (387521),0.021765347284437096
CELF2 (10659),0.02177644118882522
ADD3 (120),0.02177949868878027
SLC23A1 (9963),0.021780453669262193
HSD17B2 (3294),0.021791043862391654
CYTH4 (27128),0.021822384420191042
TMEM45A (55076),0.021823972222228292
UBXN10 (127733),0.02183122533663228
KIAA1671 (85379),0.02183364359067556
HPCA (3208),0.02183514901334799
PCED1A (64773),0.021845716383828484
CDH16 (1014),0.021848668214428428
CAMKV (79012),0.02184935999953795
QSOX1 (5768),0.021869273624405345
KLHL11 (55175),0.021875014888425727
FLAD1 (80308),0.02188533847488644
OR5B17 (219965),0.02188792873424645
CYP2J2 (1573),0.0218947942083144
APOC2 (344),0.02190198071310195
DYNC2H1 (79659),0.021907084181468896
USP26 (83844),0.021910875798091145
RSRC2 (65117),0.02191161240378692
IDH1 (3417),0.021911909058452687
BCAS3 (54828),0.021915348819314364
NUDT16L1 (84309),0.02192304317738975
OR9G1 (390174),0.021924366783937475
RBBP8 (5932),0.021926623684330807
HCLS1 (3059),0.02192687444115495
SLC17A7 (57030),0.021927858072509562
HIP1R (9026),0.021949605714688528
SLC12A1 (6557),0.0219502996825826
ESYT2 (57488),0.021955962559139206
TPSG1 (25823),0.02195799928650894
CZIB (54987),0.021959534211341336
SPATA6 (54558),0.021963123800828637
IL5 (3567),0.0219720497458364
DMRTB1 (63948),0.02197288594532523
SEMA6B (10501),0.021977676661551038
FOXE3 (2301),0.02197967622477358
HEBP1 (50865),0.02198936866323941
STMND1 (401236),0.02199007114351275
ZNF496 (84838),0.022008882348386365
ALDH2 (217),0.022011599672323436
EXT2 (2132),0.022014006252973502
FAM209A (200232),0.022018232141193327
DNMT3B (1789),0.02202024143121301
DNAJB7 (150353),0.02202700078624266
PAIP2B (400961),0.022027942071979688
MEIS3 (56917),0.02203070659924226
PTPN11 (5781),0.02203648179510807
RTL8A (26071),0.022043538102817138
TACR1 (6869),0.022054519314286383
PPT2 (9374),0.022060025100758787
CLDN20 (49861),0.022060902910663906
COQ6 (51004),0.02206970300419792
MLPH (79083),0.02207264942829743
TM2D1 (83941),0.02207443194145834
ZNF879 (345462),0.022075142523357738
OR4D11 (219986),0.022077383358784904
IL24 (11009),0.02207780666522146
ASPRV1 (151516),0.022078012595163184
UBLCP1 (134510),0.022079820826224974
AKIP1 (56672),0.022082386925401525
DIPK1A (388650),0.022084993507068978
DCAF4L1 (285429),0.022091620709768642
TMEM135 (65084),0.022093299777735498
DAGLB (221955),0.022100516863335664
PSMG3 (84262),0.02211093739201973
TNFAIP8 (25816),0.022118686953078608
CA5B (11238),0.02212883623060222
THRAP3 (9967),0.02213020394455057
CFAP45 (25790),0.022137791183204875
GLT1D1 (144423),0.02213975090089085
SMIM15 (643155),0.02214836625937877
FBXO34 (55030),0.0221551717885919
BACE1 (23621),0.02215964348526899
KIF1C (10749),0.02216194492200592
SLC45A1 (50651),0.022169525674197436
HRCT1 (646962),0.02217904473545765
TDP2 (51567),0.022184118480650723
ZNF154 (7710),0.02219407216190293
TAF1A (9015),0.02219737420783294
ZNF500 (26048),0.022198700573853
KLK9 (284366),0.02221859650757217
MAGI3 (260425),0.022223086371415013
NMRK1 (54981),0.022223985839330527
DCAF6 (55827),0.022227954349773923
CASP6 (839),0.022234354304184523
PPRC1 (23082),0.02223530812056941
CELSR1 (9620),0.022239289812101253
PITPNB (23760),0.02224046493066286
B2M (567),0.022243782232538582
TBC1D5 (9779),0.022247533448832905
FAM83E (54854),0.022247678095081623
KRTAP12-4 (386684),0.022260403394756673
KBTBD7 (84078),0.022262082963706024
ULBP2 (80328),0.0222663786561522
LRFN1 (57622),0.022272259844801665
RIN1 (9610),0.0222762133827634
CTDSPL (10217),0.022276476541116592
FKBP8 (23770),0.022278455586034807
PPARGC1B (133522),0.02228246461560496
CFAP90 (134121),0.022284120996842047
LY6K (54742),0.022284701951430622
POU2F3 (25833),0.0222919689508454
INSYN2B (100131897),0.02230485537982332
SFT2D1 (113402),0.02230509403458272
SFRP4 (6424),0.02230513458106257
OR1I1 (126370),0.022325902441503447
CD46 (4179),0.022336877490083895
PPP2R2B (5521),0.02234787932793758
NAT8L (339983),0.022354177928896227
S1PR3 (1903),0.0223565711176764
MLH3 (27030),0.02237801732644603
KRTAP19-1 (337882),0.022392261290854937
FRG2C (100288801),0.02239258157214099
NUDCD2 (134492),0.02240766589156025
DNMT3L (29947),0.02241121359091086
FIRRM (55732),0.022414332525376748
IGSF21 (84966),0.02241477370270377
TRIM2 (23321),0.022416062802018185
KMT5C (84787),0.02241845435278763
COMMD6 (170622),0.022432616072843855
NUDT12 (83594),0.022438551455368883
ANKRD55 (79722),0.02243924994561417
EIPR1 (7260),0.022440157490638803
FAM168B (130074),0.022444111107271188
TMC3 (342125),0.02244942479025723
ZNF891 (101060200),0.022453000939575123
IGF2R (3482),0.02246073751421154
CMTR1 (23070),0.02246234075496458
TXLNG (55787),0.0224652770727297
MKX (283078),0.022472165987403783
KCNAB3 (9196),0.022473807645736477
AGTRAP (57085),0.022487803442608444
GLB1L3 (112937),0.02248792381103904
LHFPL1 (340596),0.02249298409468037
NALF2 (27112),0.022496198171875932
CCBE1 (147372),0.022508251102457855
CALB2 (794),0.02251414200080815
NFIB (4781),0.022517143246714277
CCND3 (896),0.022521110683436117
ALDH8A1 (64577),0.02252186773792466
ABHD3 (171586),0.022523930204299283
ZYG11A (440590),0.0225373788901872
DPYSL5 (56896),0.0225387853007486
PTPRR (5801),0.022540622668995168
NRARP (441478),0.02254090201945817
CXorf58 (254158),0.022542330246895923
OR2J2 (26707),0.022546700776573156
SLC6A19 (340024),0.022559578639830182
PIP4K2B (8396),0.022563111526907674
ANKRD12 (23253),0.02256914700309953
TMCO5A (145942),0.022598385805423022
MEX3B (84206),0.02260611146720104
MLLT1 (4298),0.022608745961661073
ADAMTS4 (9507),0.022618229422950577
PC (5091),0.02263267699989036
RELB (5971),0.022634063478834083
PPP2R1B (5519),0.022646068914321985
SERPINB7 (8710),0.02264786151310744
VWF (7450),0.02265068022557667
ZNF425 (155054),0.02265435521484417
SLC35F5 (80255),0.022658430257152987
SRSF4 (6429),0.022673072463318896
BRS3 (680),0.022676109846107215
UBE2E1 (7324),0.022682417640158256
RNF5 (6048),0.022692102976022456
ACAT2 (39),0.022708316238278917
RIPK1 (8737),0.022710339089734164
EPHA8 (2046),0.022718677882239698
LMF1 (64788),0.022740934216642812
ST6GALNAC6 (30815),0.022741283313012887
MBIP (51562),0.02274353903071821
SNX14 (57231),0.02274376864470309
DUOX1 (53905),0.02276211043627546
UBE2Z (65264),0.022762241675067074
SRL (6345),0.022768640822710715
PARP4 (143),0.022785833918172113
ELAVL4 (1996),0.02279232973870008
DHH (50846),0.022794140213079624
PAK5 (57144),0.022806889446721337
FER1L6 (654463),0.022809963266966674
PLAGL2 (5326),0.022812509815253547
HPDL (84842),0.022818259125202463
CDH11 (1009),0.022818993710065683
ARHGEF12 (23365),0.02282005609780127
THAP9 (79725),0.02282212838529412
ALOX12B (242),0.022830168694457174
NEDD4 (4734),0.022852378816390437
PJVK (494513),0.022854199362587927
WFDC13 (164237),0.022859849240138706
CDH4 (1002),0.02286125947227958
TSPAN17 (26262),0.022868476191893923
AKAP11 (11215),0.022878693785480315
SUSD4 (55061),0.022882777271289897
PSMB7 (5695),0.022883892730406592
L1CAM (3897),0.02288770947886146
EIF4H (7458),0.022892448221785745
DLGAP2 (9228),0.022897495431577288
ARHGEF3 (50650),0.02290738191478992
RETSAT (54884),0.02291059990538644
SEMG1 (6406),0.02291262079793963
ACSF2 (80221),0.022921718437361047
GALNT11 (63917),0.022922070623657156
ESX1 (80712),0.02292419401138767
WDPCP (51057),0.022927728149510003
POLI (11201),0.022932018776656418
RAB32 (10981),0.02293313509118675
GFRA4 (64096),0.022936338892616474
HERPUD2 (64224),0.022942746589919596
ATP8B1 (5205),0.022945342313891656
NALF1 (728215),0.02295332279155678
TYRO3 (7301),0.022962893577650814
TMEM44 (93109),0.022963937634522733
OCA2 (4948),0.02296423212529295
FBP1 (2203),0.022972693429331895
FAM135A (57579),0.02297761507074623
PRSS50 (29122),0.022989547549111207
RNF115 (27246),0.022990493702387056
CRYAB (1410),0.023004052063785974
OCM2 (4951),0.02300466340118567
CD96 (10225),0.023006643683341814
BORCS5 (118426),0.02301847215282443
SYT8 (90019),0.023037020788578128
GTF3C2 (2976),0.023038998594924906
TOB2 (10766),0.023040330524040205
TRIM41 (90933),0.02304317511252896
BRDT (676),0.023049983653025463
COPRS (55352),0.0230505391020171
ACVR1 (90),0.023059157396440474
ACTBL2 (345651),0.023060893411451754
SIGLEC15 (284266),0.02306402103998717
ZMAT3 (64393),0.02307063567846064
PITPNM1 (9600),0.02309639804049274
MBOAT7 (79143),0.023110710749231694
RPS15 (6209),0.02311332800171255
SLC2A14 (144195),0.023122571610901702
TPD52 (7163),0.023125174174321344
LRRC51 (120356739),0.023129132132596573
PRDM4 (11108),0.023135495163494113
TMEM158 (25907),0.02313760461343911
FBXW8 (26259),0.023142420933924227
CCM2L (140706),0.02315067339509435
TRPV6 (55503),0.023152946266753845
PLA2R1 (22925),0.023156593301116062
KIAA0586 (9786),0.023161763198622072
NOTCH1 (4851),0.023199307413407314
CA10 (56934),0.02321302357337092
ZBTB49 (166793),0.02322208347664315
DACH1 (1602),0.02324248919347036
TMEM252 (169693),0.023250451159284723
NDUFAF2 (91942),0.023254939944464797
ZNF473 (25888),0.02325659717752543
EVC (2121),0.023267657685794276
TRPV3 (162514),0.02329636739968618
PCCA (5095),0.023297241115016312
TP53I3 (9540),0.02329737332987553
SDHAF1 (644096),0.0233047898667636
DPP9 (91039),0.023308583058693284
NOX5 (79400),0.02330928407607602
LETM1 (3954),0.023313115389307228
RNASEH2A (10535),0.023315475155082428
CRYGS (1427),0.02332540458297056
CARMIL2 (146206),0.02332866302576062
DNAI4 (79819),0.02333884557683346
ZDHHC1 (29800),0.02334841399061672
TRPC4AP (26133),0.023349530393977858
TP53BP1 (7158),0.02335189610053684
SPINK13 (153218),0.02336008288309121
ATP9B (374868),0.023363210627287984
PMEPA1 (56937),0.02336846698450385
ORMDL3 (94103),0.023377586081045128
COL6A2 (1292),0.023388453078103777
PHF21A (51317),0.023394404453406997
STMN3 (50861),0.023399222066711984
BCL3 (602),0.023401590310183608
TWSG1 (57045),0.02340512120026977
GPSM1 (26086),0.023412041871713533
PRRX1 (5396),0.02341886926120112
CCDC157 (550631),0.02343097759031534
BLZF1 (8548),0.023433588247247283
NAGK (55577),0.023445766251738647
ZNF517 (340385),0.02344675859851423
MBP (4155),0.023450178169179766
LMO4 (8543),0.023457402166765964
BLTP1 (84162),0.023467105473898773
P2RY11 (5032),0.023469462007719058
CCDC86 (79080),0.023478786851866305
STPG2 (285555),0.02348955479861357
JUP (3728),0.023490091144166565
MMP27 (64066),0.02349412980239476
ESYT3 (83850),0.02350368166518068
TMEM256 (254863),0.023529727645957725
YWHAE (7531),0.02353548572545959
STAMBPL1 (57559),0.023538227377966566
PDE1B (5153),0.023546517763241143
CYP46A1 (10858),0.023569649539193258
PDCD4 (27250),0.023571044679483275
HS1BP3 (64342),0.02357459296194212
CCL20 (6364),0.023582617819008847
ITIH2 (3698),0.023588481828486142
NSD3 (54904),0.023589070829451095
TAX1BP3 (30851),0.02360131316015912
EMC9 (51016),0.023605306826632255
EXOSC4 (54512),0.02362831539154752
PDGFRL (5157),0.02364287622979762
ANKRD2 (26287),0.023644218128026674
ALG9 (79796),0.02365345378885723
BCL11B (64919),0.02367130179893397
SCRN1 (9805),0.0236760648949945
IL23A (51561),0.023679165555209547
EPSTI1 (94240),0.02368104386732683
TNFSF18 (8995),0.02368619587110967
PRELID3A (10650),0.023686482161717856
CLEC18A (348174),0.02369359761130218
CLDN7 (1366),0.023701287553527167
IDH2 (3418),0.02370455605411094
SNTG2 (54221),0.023714482289377007
OR2AG1 (144125),0.023714877878232777
PLIN5 (440503),0.023715166461821306
RAB39A (54734),0.02371652138145016
BTBD2 (55643),0.0237267658813426
DDIT4L (115265),0.0237342300823997
CAMK2A (815),0.02374566436798753
CYP2D6 (1565),0.02375780964080702
NDUFB5 (4711),0.023782610227447935
BUD31 (8896),0.023797359001322908
ENY2 (56943),0.02381043943141498
TBX2 (6909),0.02381196914847357
CCDC149 (91050),0.023819376132500847
NXPE1 (120400),0.02382416399445468
MAPRE1 (22919),0.023831104819732447
SYTL5 (94122),0.023834533108947946
MAP1S (55201),0.02383934899608954
RNF103 (7844),0.023841556001039266
GLB1L2 (89944),0.02384246869993855
ZNF570 (148268),0.02385321377196856
ZNF329 (79673),0.023866433834048534
SMARCE1 (6605),0.02386905552900063
ZNF280B (140883),0.02387252030090773
CNTF (1270),0.02387376362947162
MIP (4284),0.023875119614560847
NUSAP1 (51203),0.023875764831168062
PRPF38A (84950),0.02388187730623874
OR4F6 (390648),0.0238897145832826
CBX2 (84733),0.023893805388475672
SYT12 (91683),0.023894903042913602
DPYSL2 (1808),0.02389754732110995
OR6B1 (135946),0.023909675648218845
USHBP1 (83878),0.02391340794011933
SCAF11 (9169),0.0239166207496915
CIMIP2B (730112),0.02392255137829472
TRIM39 (56658),0.02393196599284679
RPS4Y2 (140032),0.02393737171826929
COX7B2 (170712),0.02393935676251497
CBLB (868),0.023946393212288506
UBE2L6 (9246),0.023947634416696048
SLC25A38 (54977),0.02394922928335987
OLR1 (4973),0.023953395823429667
TRIM50 (135892),0.023987406404315403
OR6X1 (390260),0.024001983825558855
PLPP7 (84814),0.02400236790123266
SORBS1 (10580),0.024009309582119963
ADAMTS2 (9509),0.024009899330836474
ARMC9 (80210),0.02401881850020937
CCDC120 (90060),0.02402437181557943
OAS2 (4939),0.024027141486433725
KLHL25 (64410),0.02404760157253768
EBP (10682),0.024050586391761702
PPP1R3F (89801),0.024053260647892875
CRB1 (23418),0.024054631858246526
SIRPD (128646),0.0240632136081303
RUBCN (9711),0.024075518696122844
GOLGA5 (9950),0.024079723947188013
HMGB2 (3148),0.02409593472209904
CIBAR2 (339145),0.02410180278649091
GRIK2 (2898),0.02410472273529548
HDAC10 (83933),0.024112030335146785
ZNF681 (148213),0.024121714924543923
ACRBP (84519),0.02412332664163145
ABHD18 (80167),0.024142310460508767
SMPD2 (6610),0.02414577538276522
HSD17B8 (7923),0.024153402503755153
IRAG2 (4033),0.024161312988201653
DENND2A (27147),0.024163333360335007
ING4 (51147),0.024168909240942418
FNIP2 (57600),0.024170292437098465
SCD5 (79966),0.02417056083626519
GSDMB (55876),0.024183263080286583
FRG1 (2483),0.02418441033011017
TTC39B (158219),0.02418906339127147
ARHGEF19 (128272),0.0241896862578288
ODR4 (54953),0.02420630888097193
MYOG (4656),0.0242128756479594
CCDC59 (29080),0.02423470153724819
RPH3AL (9501),0.024240108979036945
ZBTB46 (140685),0.024248277728161773
CLDN1 (9076),0.024250593245340197
KRBA2 (124751),0.024253444696475716
DHRS9 (10170),0.024258174836396414
ARC (23237),0.02426186260573889
LTB4R (1241),0.02426839596438936
ARL4C (10123),0.024275560061433967
ACSBG2 (81616),0.024278261042062953
DESI1 (27351),0.02427903000760901
COL11A1 (1301),0.02428729188148771
DNAAF6 (139212),0.024290038860589926
MMD2 (221938),0.02429311867428814
GOT1 (2805),0.024302050374931366
APOE (348),0.02431554475036566
RASGEF1C (255426),0.02432603546102291
RUNX2 (860),0.024327159190716895
TRIM22 (10346),0.024337822171891517
MAFK (7975),0.024362588100611447
KDM4E (390245),0.024363741268004543
CASTOR2 (729438),0.02437301139839512
CFAP263 (29070),0.02437952388771401
NXPE3 (91775),0.024381096639666387
LRRC4 (64101),0.024382409430738602
UBE2O (63893),0.024388854674946964
FYB1 (2533),0.024390542983440375
CDH15 (1013),0.02440203992521313
ROPN1L (83853),0.024407196946496332
USP28 (57646),0.024412211727925157
TMEM258 (746),0.024417882225186698
PFKFB4 (5210),0.024425277240146717
TMEM45B (120224),0.024429120233551965
LCE2D (353141),0.02445427543371364
ITGBL1 (9358),0.024458215513175934
FGF23 (8074),0.024459941942730577
SLC25A25 (114789),0.024460050203836285
MPP3 (4356),0.024477617614307428
SOX1 (6656),0.0244821942155786
TPRG1L (127262),0.024488626223935644
LPCAT4 (254531),0.024512534753965236
PKDCC (91461),0.02451672023583646
SLC13A2 (9058),0.024528678153338576
ABCA3 (21),0.024542903565238063
MMAA (166785),0.024549516711212305
PLPP6 (403313),0.024559318992651537
ZNF69 (7620),0.02456396867107824
CEP85 (64793),0.02456857440570317
SUOX (6821),0.0245702084259327
GSC (145258),0.024571186635292657
STX12 (23673),0.024572914278561283
ERICH6B (220081),0.024586563237451717
PRKAB1 (5564),0.02459636227990036
ZNF16 (7564),0.024604037187205555
IKZF4 (64375),0.02460470087382773
GLRB (2743),0.02460985666121993
ANKRD16 (54522),0.02461592617540544
DGKG (1608),0.024622418959864074
RNF175 (285533),0.02462479188276369
MACROH2A1 (9555),0.02462963023858228
OR10G4 (390264),0.024634057639228053
PROS1 (5627),0.024656538207615503
GBGT1 (26301),0.024658879003448906
MRS2 (57380),0.024668739679047116
TPCN1 (53373),0.024672826326769252
BBS9 (27241),0.02468134819217927
IPCEF1 (26034),0.024682001815669635
CORO1A (11151),0.024684482234973968
MCOLN2 (255231),0.02468633763679815
MMP10 (4319),0.024691507168201683
HK3 (3101),0.024696669957291865
C20orf202 (400831),0.02470098633800916
COPS7B (64708),0.024710518229008903
FAM151B (167555),0.024729073833046525
CDH13 (1012),0.024735042257247424
SLC25A48 (153328),0.024736407313797306
OR52N5 (390075),0.024739173885700114
RTL8C (8933),0.024749842123529757
MAB21L2 (10586),0.024752163256001505
GLRA1 (2741),0.024754888424384267
PRKCA (5578),0.02476066741762079
PROK1 (84432),0.024764814586477994
RASGRF2 (5924),0.02477723899186875
ELFN1 (392617),0.024777670803504674
PRKACB (5567),0.02478390357372245
TCEAL7 (56849),0.024788148531503146
PUSL1 (126789),0.024791672006697765
DYM (54808),0.024795857121368278
NDUFS7 (374291),0.024795864287586605
AKNAD1 (254268),0.024815486040851507
UCN2 (90226),0.02481598208330081
HACL1 (26061),0.024823791414894155
NEURL2 (140825),0.02482588642383034
MAFB (9935),0.024830881438718262
OFD1 (8481),0.024840008704265427
TGIF2 (60436),0.024857093282417878
HIGD2A (192286),0.024862524745287898
OR14A16 (284532),0.02488156529197518
DKC1 (1736),0.02489600031613478
SLC30A9 (10463),0.02490136648214283
PCDHGA3 (56112),0.02490492821194172
CCSER2 (54462),0.02490601647105602
NPLOC4 (55666),0.02491073020874344
OR10Z1 (128368),0.024915239706866536
FAM149B1 (317662),0.02491895756504995
RBM28 (55131),0.024921424344958237
ERCC1 (2067),0.024925912136237387
PLD3 (23646),0.024936272592033133
OR51B6 (390058),0.024940963676556953
PLPPR5 (163404),0.024956563914070782
DNHD1 (144132),0.02497273938133156
SCGB1A1 (7356),0.02498046369981077
AKR1D1 (6718),0.024995384207967788
MICOS13 (125988),0.025003731150920642
ITPKB (3707),0.02500807817248882
VEGFD (2277),0.02501058508182866
ZMYM3 (9203),0.025011779896243282
NUP205 (23165),0.025016637244763048
SMIM18 (100507341),0.025017809866856165
PLA2G4C (8605),0.025020352505676417
TNFRSF1A (7132),0.025022820700330635
ZNF547 (284306),0.025031112298059013
GBP2 (2634),0.025031755857268228
ATG7 (10533),0.02503479386584616
H1-4 (3008),0.02503789803278043
ACER2 (340485),0.02503875242585116
MNS1 (55329),0.025041251349385178
YBX1 (4904),0.025041373951739367
SLC44A5 (204962),0.02504790769230273
TJP3 (27134),0.025055906640490008
CR1 (1378),0.02506316864944222
IL12A (3592),0.025067158411317323
ODAD2 (55130),0.025074729605576922
CELA3B (23436),0.02508444579139342
PNMA1 (9240),0.025091205568187187
ZNF385A (25946),0.025093239320606794
C6 (729),0.02509954874284702
FARP2 (9855),0.025104393378346294
COX5B (1329),0.025111700633783967
RAB41 (347517),0.025133752514402478
AHSG (197),0.025134735698991047
CHRNE (1145),0.025140426875217853
GTPBP3 (84705),0.02515519015919811
CRNN (49860),0.025156498163131685
XPO6 (23214),0.025183698256529274
GARIN4 (149647),0.02521136453994963
FBXO31 (79791),0.025223998305244247
CSTB (1476),0.02522415627333827
CCNJL (79616),0.025225477261335685
ABCA2 (20),0.025234285685978766
RPUSD1 (113000),0.02523831332980849
CYREN (78996),0.02523955615036102
MCRIP1 (348262),0.02524082224678442
ZKSCAN8 (7745),0.025247362985812254
RAB37 (326624),0.02525438590063937
ARHGEF25 (115557),0.025256274238400413
SOS2 (6655),0.025262212036256528
STOX1 (219736),0.02527589936586668
OAZ1 (4946),0.02528069340640843
EP400 (57634),0.025280815448599905
ODF2 (4957),0.02528723074649766
ROM1 (6094),0.025304721265978693
LEPROTL1 (23484),0.025320625500751183
MOB3A (126308),0.025323099324722084
DVL1 (1855),0.02532370930332348
DENND1C (79958),0.02532610153942346
CASC3 (22794),0.025327343555915663
METAP1D (254042),0.025331094280531798
RHO (6010),0.0253386079414208
ADRA1A (148),0.02535816254917286
ZIC5 (85416),0.0253590036997088
SYNPO2 (171024),0.025373015791392266
TSGA13 (114960),0.025373400891311553
PRKAR2A (5576),0.02537918276438019
MARCHF6 (10299),0.025382279344710146
APLP2 (334),0.025383566852002173
SIT1 (27240),0.025384465739587636
NT5DC1 (221294),0.025396629675052663
SNX12 (29934),0.025399603820599026
C1QTNF5 (114902),0.025411298259617625
HSD17B4 (3295),0.025416625911796976
STC2 (8614),0.02542138479599713
ELOVL7 (79993),0.025422368106772633
GNAQ (2776),0.025427125700363692
CCDC112 (153733),0.025435700161860645
SLC1A3 (6507),0.025437914992110164
C17orf50 (146853),0.025471089307836172
BANP (54971),0.025475325542211495
U2AF2 (11338),0.025477339177285546
WFDC10A (140832),0.02547921928949933
TMEM50A (23585),0.0254806325883633
GPR183 (1880),0.025481350847568036
PSTPIP2 (9050),0.0254934467635027
CLN5 (1203),0.025501472785849987
TDG (6996),0.025512748829309685
RTN4IP1 (84816),0.025519629993259227
TMLHE (55217),0.025523214425008753
CLIC4 (25932),0.025527117213062292
TESK2 (10420),0.025530413889544176
LGALS2 (3957),0.025533489235992395
IGFBP4 (3487),0.02553802014415805
AGPAT4 (56895),0.025543519330211192
RBMS1 (5937),0.025545560964572587
BTF3 (689),0.025546115295348313
CADM4 (199731),0.02555848608260253
CACHD1 (57685),0.025558557030352883
UBASH3A (53347),0.025565987897628407
BEAN1 (146227),0.025568360479443608
VXN (254778),0.02557604034483836
ANXA7 (310),0.025578141251228134
RPN2 (6185),0.0255822861202357
C3orf52 (79669),0.02558331014013982
MKRN2 (23609),0.02559316043098866
DROSHA (29102),0.02559328294227773
PIK3AP1 (118788),0.025595480247508035
TBXAS1 (6916),0.025608636403793412
TMEM164 (84187),0.025609871554781616
IRX4 (50805),0.025610731931377567
CREG2 (200407),0.025617649573056064
IL17D (53342),0.025619820032670423
KLHL30 (377007),0.025621235641156405
SCAI (286205),0.025633416489298476
GRIK3 (2899),0.025637984482242346
PIH1D2 (120379),0.02564060623150893
DEFB125 (245938),0.02564641305046309
UBN2 (254048),0.02565365263818587
KLK14 (43847),0.0256611520364764
SERPINC1 (462),0.02566986923586097
B3GALNT2 (148789),0.025673054043198553
DPM1 (8813),0.025675682851311686
SLC4A2 (6522),0.02568294584693918
MTARC2 (54996),0.025690505829341858
SLC27A4 (10999),0.02571666333265003
SLAMF6 (114836),0.025722291517611132
TRIM42 (287015),0.0257305662655054
APBB1 (322),0.025737343351787758
POMP (51371),0.02574862231264498
CXXC1 (30827),0.025749508844882286
RAB3D (9545),0.02575066731609447
SLC51B (123264),0.0257541039825648
SLC17A6 (57084),0.025754268428963317
INSC (387755),0.025767199248562925
SCN3B (55800),0.025776880788397412
ZP2 (7783),0.025777713629441736
FBXL15 (79176),0.025778670328884
OR8J3 (81168),0.025789251403576553
PLOD1 (5351),0.025794127260075357
GSTA4 (2941),0.02579473771482917
NUP153 (9972),0.02579634283611804
CDIN1 (84529),0.0258199297171681
CA14 (23632),0.025823065019700227
UGT1A8 (54576),0.025826051939557552
C12orf71 (728858),0.025856085460179364
DGAT1 (8694),0.025856183786900713
DBP (1628),0.02586008992108469
MDH1B (130752),0.02587201603247437
KAT5 (10524),0.02587317551727679
MYO18A (399687),0.02587520689512884
SRRM4 (84530),0.025890127552591395
INHBE (83729),0.025893783414487545
NLRP2 (55655),0.025896128653689683
CEP83 (51134),0.025901907785525216
MXRA7 (439921),0.025921061210947165
C2 (717),0.025924752246548298
POU4F2 (5458),0.02592783745939142
TMEM268 (203197),0.025933883519170794
UTP11 (51118),0.025943963671364097
NANS (54187),0.025944852336018846
P2RX2 (22953),0.02595967164314941
DGAT2 (84649),0.025966387832541817
FRAT2 (23401),0.02597175430831972
TAAR5 (9038),0.025986152651897444
C6orf118 (168090),0.025991577971016068
LAMA5 (3911),0.0259937688348428
APC2 (10297),0.02600696130815376
B4GALT4 (8702),0.02601827348192198
PLP1 (5354),0.02602669655267092
PHETA1 (144717),0.026052349351898443
NFU1 (27247),0.026068725305606243
CIMAP2 (163747),0.026077445622131375
AREL1 (9870),0.026081598884905046
KRT13 (3860),0.02608810859282749
C14orf180 (400258),0.026095390206031768
NFE2L3 (9603),0.026095703340144376
F2RL2 (2151),0.026099791859578107
ADAM28 (10863),0.026105203598217323
KRTAP13-1 (140258),0.02611083742735121
HOOK2 (29911),0.02611572563449496
SLC2A3 (6515),0.02612234853736006
LYPD5 (284348),0.026130802554743295
ZNHIT1 (10467),0.026133521099143266
TNFRSF14 (8764),0.026139464531014275
SLC1A7 (6512),0.026144189848720002
SLC4A11 (83959),0.026152625552978728
STK19 (8859),0.026175428504248182
CYBA (1535),0.026176380398927484
PFDN2 (5202),0.02618459092518207
EGR2 (1959),0.026186114526607088
TMEM121B (27439),0.026186204173674975
TCHHL1 (126637),0.02620919655067883
RTF1 (23168),0.02622184241151522
RAD51AP2 (729475),0.026237239438382323
MAP1LC3B2 (643246),0.02624120031083441
KRTAP6-1 (337966),0.026253724933803853
LRIG2 (9860),0.026258472167117578
NYNRIN (57523),0.026262747704203986
TMEM216 (51259),0.026288401087488884
AFG1L (246269),0.026295031102993856
APPL1 (26060),0.02630189822086951
MED10 (84246),0.026303126083448758
MAP9 (79884),0.026304160136858948
MSMB (4477),0.026314095882121018
WDR91 (29062),0.026319828168708172
OR1C1 (26188),0.02632843653870164
FLNA (2316),0.026330799870481737
C1GALT1C1 (29071),0.026341689825961155
ZNF296 (162979),0.026367293027794943
SNRPC (6631),0.026377979971120295
KLK4 (9622),0.026379964790949853
LDAH (60526),0.02639707311865608
EMILIN1 (11117),0.02640021593353592
DYNLT2B (255758),0.026407211322996303
FAM89B (23625),0.026408672217826404
EFEMP2 (30008),0.026409831111132615
BPIFA3 (128861),0.026412787135756236
ZNF583 (147949),0.026421113991844623
ZNF233 (353355),0.026441878866585947
MYO1E (4643),0.026444195407251455
FBXO36 (130888),0.02644524575257218
DCLK2 (166614),0.026446232754632155
IFIH1 (64135),0.026447574572442043
WNT7B (7477),0.0264557670663575
NOL12 (79159),0.026459746061148683
TTL (150465),0.026460102870253823
ZNF688 (146542),0.026462148591241356
ARHGEF37 (389337),0.026466508500186222
CCNT1 (904),0.026469338089237456
SLC7A6OS (84138),0.026479444179383884
ST8SIA2 (8128),0.026483793728838474
XIRP1 (165904),0.02649400833933078
PROP1 (5626),0.026496190995189236
OBI1 (79596),0.026503049443782848
RPS6KB1 (6198),0.02651192005302019
SLC24A2 (25769),0.026512108520503282
SLC25A12 (8604),0.026518249365745223
UBE2Q1 (55585),0.026535171425576955
ASS1 (445),0.02654277767764708
HOXC6 (3223),0.026546228549800117
CARD10 (29775),0.026557166980720564
VPS37B (79720),0.026560862700232564
SECISBP2 (79048),0.02658944109657593
CWF19L1 (55280),0.02659769197550884
CABP2 (51475),0.026609015288684423
SPMAP1 (388381),0.026614725849955452
CNTD1 (124817),0.026617431578660238
MPZL3 (196264),0.026617734505384183
MED31 (51003),0.0266263997404413
PPP1R8 (5511),0.026631959592191393
SPCS1 (28972),0.02664096320569129
MLLT10 (8028),0.026649944522640374
PPIH (10465),0.026660001017248178
NPW (283869),0.026665558007589747
PIR (8544),0.02667573349838694
ATP6V1F (9296),0.026676896456267994
EPDR1 (54749),0.026677605358860854
CHRNA2 (1135),0.02668280036784728
DLK2 (65989),0.026685528376781568
CLCN1 (1180),0.026690089912920028
SVOPL (136306),0.02669257189390332
GSDMD (79792),0.026694871274027258
DHX36 (170506),0.026695021113743198
C12orf42 (374470),0.026698192150912396
SIAH1 (6477),0.026701606176732964
PCBP1 (5093),0.0267033143177828
ITPRID2 (6744),0.02670373846530547
IFNA10 (3446),0.026707869644279906
CFAP298 (56683),0.02670903295277941
ALCAM (214),0.026709501238038523
ANKRD66 (100287718),0.026710839738726472
STYXL2 (92235),0.026715489949416745
ASH2L (9070),0.026728775301808165
MZT2A (653784),0.026730075330593184
UNKL (64718),0.02673134576761825
ZNF512B (57473),0.026762968928367135
ACAD9 (28976),0.026776895447685464
ACP3 (55),0.026787646716463727
FAM8A1 (51439),0.02678963110552021
AGBL5 (60509),0.026793313461646977
TINAGL1 (64129),0.026804095658395585
CCER2 (643669),0.026808891359378636
IL1RAP (3556),0.026810195778563275
ADNP2 (22850),0.026813998508863054
TMEM139 (135932),0.026822788350921074
C14orf93 (60686),0.026848748549352222
LMBRD2 (92255),0.02686228487792308
CARMIL3 (90668),0.02686230337692638
DOLK (22845),0.02688047958253343
ANKFY1 (51479),0.026889889635715737
PRSS12 (8492),0.0268960074112461
SOWAHD (347454),0.02690974073423618
KLF13 (51621),0.026911965411021477
RAB42 (115273),0.026914847629861335
PZP (5858),0.026915971556454196
SLC29A2 (3177),0.0269166039017098
ZFYVE26 (23503),0.02692202854680625
ZDHHC18 (84243),0.02692639472631031
SLC51A (200931),0.026933333006903253
PLPPR2 (64748),0.026935483584720817
UNC93A (54346),0.026950410049665703
MFSD10 (10227),0.02696080622067839
RNF213 (57674),0.026960972552097347
KRTAP5-3 (387266),0.02696388561055775
LDHA (3939),0.026964348912075758
DPEP1 (1800),0.026964629671582682
SLC18B1 (116843),0.026973865225359474
IL17RE (132014),0.026976944038781543
WDCP (80304),0.02697912091220808
ZNF565 (147929),0.0269813161505245
ANXA5 (308),0.026982653932215918
MCHR1 (2847),0.026984548999605912
MSRA (4482),0.026984725454302437
ARG1 (383),0.026991247779074665
FSBP (100861412),0.026999790590482655
OR4F15 (390649),0.02700260075109554
CHFR (55743),0.027006056788278908
C1GALT1 (56913),0.027016238052602913
KCNK3 (3777),0.027019086337931285
HS2ST1 (9653),0.027024887537069716
MAGEC3 (139081),0.027047796732715963
LRRC73 (221424),0.027053121049515075
SMYD2 (56950),0.027057322156001453
RABAC1 (10567),0.027061347342047994
MRGPRX1 (259249),0.027062089927623486
OR10G7 (390265),0.027063261540462274
ARL14EP (120534),0.02706565787773113
UCN (7349),0.02706698588605661
APOBR (55911),0.027072852015823545
BAG5 (9529),0.02707455353242026
AGBL1 (123624),0.02707695407795981
RCAN3 (11123),0.027082727580772435
OR4S1 (256148),0.027084597516062243
TKTL2 (84076),0.027088089578728707
MDH1 (4190),0.027091637977314873
SAP130 (79595),0.027101297995777915
IKZF1 (10320),0.027111662139811595
NECAP2 (55707),0.027117401380472007
MUC5B (727897),0.027122233279641663
THUMPD3 (25917),0.027151072024057515
OR6A2 (8590),0.027181399827793995
BARX2 (8538),0.027190541256932647
APOD (347),0.027192270065354254
MORF4L2 (9643),0.02721219297903012
TENM3 (55714),0.02721450726954588
CAMKK2 (10645),0.02722663987326105
AIFM3 (150209),0.027228069258555185
TACC2 (10579),0.02723472370477211
CD28 (940),0.027239675930596435
PBXIP1 (57326),0.027246799968025096
IQCJ (654502),0.027254898789202876
STK35 (140901),0.027257582648289647
MECR (51102),0.027257839858388137
ZYG11B (79699),0.027263045652957153
TCTN2 (79867),0.027265673923279034
EPHA4 (2043),0.027273976912109706
PEX10 (5192),0.02727853987437399
GLI1 (2735),0.027280350300464676
WDR12 (55759),0.027280768888848714
RAPGEF4 (11069),0.027282885648073386
GABARAPL2 (11345),0.027288129650148617
TSPAN33 (340348),0.02728939038743044
SULT1C3 (442038),0.027294942886340653
FOLR2 (2350),0.027297037543619222
PRTN3 (5657),0.027297832777247264
FHDC1 (85462),0.027304443666568097
ITGAE (3682),0.027305973673437105
CHD3 (1107),0.02730837914715438
GH1 (2688),0.02730993764016191
FAT1 (2195),0.027311040215378703
DNER (92737),0.027311301621807463
NXN (64359),0.027312734414172587
MUC16 (94025),0.027341613559872295
ZNF773 (374928),0.0273510970394313
PHF7 (51533),0.027355058530430545
EPOP (100170841),0.027356072747989277
EPS8L3 (79574),0.027356128969142208
NHLRC3 (387921),0.0273664172795743
SLC22A23 (63027),0.027373728645780495
IL1RL1 (9173),0.02738169854525367
ZFR (51663),0.027392328726329095
GOLPH3L (55204),0.027395848887688867
ZNF410 (57862),0.02739730597510848
SFXN1 (94081),0.027406493137008374
LCN12 (286256),0.02741506333996769
RABGGTA (5875),0.027429376912057123
ZNF579 (163033),0.02742959198007596
OR8B12 (219858),0.027446770435882707
SPRY2 (10253),0.027452733059777586
HECTD2 (143279),0.02745976693893256
MRPL43 (84545),0.02746310825608458
RAD52 (5893),0.02746722617802916
OR8B4 (283162),0.027471381107323233
SLC2A6 (11182),0.02747333358179297
PALD1 (27143),0.027505369081554824
DNAJC27 (51277),0.027508194968227453
AMDHD2 (51005),0.027510861935947407
LDB2 (9079),0.027514618813212252
MATCAP2 (23366),0.027524144381994804
TRIM14 (9830),0.02752542315210186
SUMF2 (25870),0.027528456616686257
ETV1 (2115),0.027540880345810797
CRYL1 (51084),0.02755862581471987
BOP1 (23246),0.02756155063824761
SLC8A1 (6546),0.02756996418410756
ZNF543 (125919),0.02757170702629337
ZNF844 (284391),0.02757314394038637
SLA (6503),0.027581419216528784
ANXA4 (307),0.02758561218853606
KLHDC3 (116138),0.027590112828313754
MXD3 (83463),0.02759842037746301
IMPA1 (3612),0.02760284662989816
HFE (3077),0.027611414229373146
RIIAD1 (284485),0.027612515548457752
ARHGEF10L (55160),0.02761663639662814
NUDT10 (170685),0.027653117097514297
CNOT2 (4848),0.027654115399308066
SLITRK5 (26050),0.02766665984748053
ETS1 (2113),0.027668530654643378
RIC8B (55188),0.027684476982038107
LCN10 (414332),0.02770411840099359
CSRP1 (1465),0.02771267945598612
TEX22 (647310),0.027721416192276232
GEMIN8 (54960),0.02772549762484686
ARF6 (382),0.027727792891083205
ARID3B (10620),0.027740318029072335
RAB1A (5861),0.027742351682056927
TLR2 (7097),0.027745111658334317
STARD10 (10809),0.027746424397509278
LIMCH1 (22998),0.027748097603868486
TAB2 (23118),0.027752926710546057
PIGU (128869),0.027758199837749513
CYP27A1 (1593),0.02776331068026511
NPVF (64111),0.027777310130385112
GNPAT (8443),0.027784661071736886
KPNA7 (402569),0.027791492609241703
INTS11 (54973),0.02780202377052408
CHRNA3 (1136),0.02780431304415502
UFSP1 (402682),0.027836390002916465
PAX9 (5083),0.027844957094668093
SV2C (22987),0.02784746812952347
LRTM2 (654429),0.027851000963204274
ZNF213 (7760),0.027855739416226613
RBP7 (116362),0.027860013596778352
JOSD1 (9929),0.027860597734076512
PAF1 (54623),0.027867041251549093
RINT1 (60561),0.027871426506655066
PDE10A (10846),0.027877315708233742
RS1 (6247),0.027877624871272384
NAA60 (79903),0.027889470706601464
SERPINE2 (5270),0.02789383045933102
AGGF1 (55109),0.02789424901288619
RNF157 (114804),0.02789681348341598
ARFGAP3 (26286),0.02790144774123574
SLC25A35 (399512),0.02790378078187867
CLCNKB (1188),0.027906687417314894
SPRN (503542),0.027913053859294622
ACY1 (95),0.027920656776649337
CELA3A (10136),0.02792748555124428
KIF3A (11127),0.0279312982123317
TMEM141 (85014),0.027945031560104836
NRAS (4893),0.027965656640678665
ALG14 (199857),0.027970786207721584
PPM1F (9647),0.027987174755270093
SPMIP3 (200159),0.027997074695987667
MXRA5 (25878),0.028006448033382574
NEU2 (4759),0.028010104651699657
IL10RB (3588),0.028016786218740673
COL19A1 (1310),0.028021675308155556
SYNJ1 (8867),0.028041238130304864
PITPNM2 (57605),0.02804197488163265
WEE2 (494551),0.028044766668939215
SQSTM1 (8878),0.028052454321909667
SNTA1 (6640),0.028056509680398058
PDX1 (3651),0.028060552305425722
ULK4 (54986),0.028061018329496222
PROM2 (150696),0.028071587915371506
NPTX1 (4884),0.028076061484493008
CAPG (822),0.028083533230332358
LAMB4 (22798),0.02808560970383011
TNFRSF1B (7133),0.028093600585222034
NGFR (4804),0.02811056095159485
ZC2HC1B (153918),0.028113499745160694
ADRA1B (147),0.02811846073458147
PKM (5315),0.028118877233568682
SIGLEC9 (27180),0.028119054197609707
PALM2AKAP2 (445815),0.028130884144405857
OR2T2 (401992),0.028152015406011043
KPNA3 (3839),0.028153168001152282
HES6 (55502),0.028156185477305227
CGA (1081),0.028166735046880807
MSL3 (10943),0.028166867252882404
TPK1 (27010),0.028173241298087105
MEI1 (150365),0.028174479159292755
AP3M1 (26985),0.02817548792700599
RFNG (5986),0.02817577439017927
ZFAND2A (90637),0.028177307162583536
ATF6 (22926),0.028181082282431234
JCAD (57608),0.02818439377715694
INSM1 (3642),0.02821314503630673
YY1AP1 (55249),0.028226745366133173
MYSM1 (114803),0.028235864737346277
ART1 (417),0.02824466711610118
UBE2G2 (7327),0.028248103281877837
KIFC3 (3801),0.028248536714388036
FUT11 (170384),0.028249820827540274
WWP2 (11060),0.028255263070094846
FLT4 (2324),0.028290080754764732
PRPF3 (9129),0.02829034598997739
COBLL1 (22837),0.02831787203794829
ADPRHL1 (113622),0.028323735571256448
ZCCHC4 (29063),0.02833250941371065
CEP290 (80184),0.028339581157432667
P2RX3 (5024),0.028367156042024312
FAM53B (9679),0.02836891057612371
BPIFB6 (128859),0.0283702957449132
EFHD1 (80303),0.028384549976238703
ADA (100),0.02839250218962983
ATXN2 (6311),0.028396711123981004
C2CD4A (145741),0.028407690714366544
SERTAD4 (56256),0.02841438756016367
LPAR5 (57121),0.028419703826049802
AGO1 (26523),0.028426196169354268
ARSK (153642),0.02843728534059102
PGAM4 (441531),0.028438483862573027
ELOVL3 (83401),0.02845051415479612
TSPAN11 (441631),0.028456026466945086
CSN2 (1447),0.028456530433842837
DISP3 (57540),0.02845935215225038
BRI3BP (140707),0.02845950657291175
ARTN (9048),0.02846232138157885
DNASE2 (1777),0.02846733651394034
ZNF256 (10172),0.02847238478232245
DPF3 (8110),0.028487359905819184
CAMK4 (814),0.028491403956919605
BEGAIN (57596),0.028491908016646146
AQP4 (361),0.028504177488832716
HTR1B (3351),0.02852873383858912
REC114 (283677),0.0285360736663947
DPY19L2 (283417),0.028536320635252042
CFAP46 (54777),0.028536649919700046
GOLGA1 (2800),0.02853946734183752
C4orf51 (646603),0.02854654759547524
ADAM29 (11086),0.02855211600583663
WDR7 (23335),0.02855708532341786
BTAF1 (9044),0.028575716979225105
YOD1 (55432),0.028581250191579935
MTMR3 (8897),0.028589009598649816
BRD1 (23774),0.028596184544859272
WDR83OS (51398),0.028606642910069615
RNF121 (55298),0.028617275015875108
KRTAP19-8 (728299),0.028623096912263116
CSNK1A1L (122011),0.028633771483303833
SUGCT (79783),0.028639415829782806
PTRHD1 (391356),0.02864936363204636
DGKI (9162),0.028652249040124606
CRYGC (1420),0.028652548817853007
BCL2A1 (597),0.02865688945160199
GOLGA8N (643699),0.02866873373632356
JUNB (3726),0.02867903678048515
ANKS6 (203286),0.02869824559275514
UGT1A7 (54577),0.028701781487363617
TSPAN15 (23555),0.02870904316064114
LLGL2 (3993),0.028744969906738728
KRT34 (3885),0.02874707682043651
CLEC4F (165530),0.02877443812234618
USP38 (84640),0.028775657402314338
SPTBN5 (51332),0.02878337176636053
SELENOK (58515),0.028783442327337903
ZNF765 (91661),0.028794578021783954
ZSCAN31 (64288),0.028796224345023512
EDEM1 (9695),0.028808141485289738
GALNT10 (55568),0.02881141857374265
SERTAD1 (29950),0.028811901559050446
PRDX6 (9588),0.028813160886425042
ESRRB (2103),0.028826933673703314
SLC5A11 (115584),0.028847866452304163
SALL4 (57167),0.028862071040685326
SLC38A1 (81539),0.028870499658010647
CD3G (917),0.028870995341207833
SATB1 (6304),0.028872109435892492
TMEM25 (84866),0.028887263682033076
RASGRF1 (5923),0.028893577902386773
ACYP1 (97),0.028917192369476145
POPDC3 (64208),0.02892437740007128
HS6ST1 (9394),0.028932337220175155
GGT7 (2686),0.028936433431140197
FN1 (2335),0.028950440259288675
CBR4 (84869),0.028954823798602196
ARHGAP39 (80728),0.02896924748222611
TTC7A (57217),0.028980353995706865
GARIN3 (153745),0.028981194537437006
FGFBP3 (143282),0.02899705522379294
PRSS57 (400668),0.029007673960573875
CUTA (51596),0.029023296326816158
CELF4 (56853),0.02902498659478147
MED18 (54797),0.02902851278713947
CACYBP (27101),0.02904340171473819
TEPSIN (146705),0.02904979626990609
CPLX1 (10815),0.02905436492030415
BNIP5 (389384),0.029067738525027118
CCDC9 (26093),0.029073290053444226
COL7A1 (1294),0.029079434995533567
FREM3 (166752),0.029086496336358063
KCNB2 (9312),0.02909013836574243
KCNS3 (3790),0.029097717050614515
EYA1 (2138),0.029102505501103184
NMS (129521),0.029102510465516224
ALDH6A1 (4329),0.029111449728288993
KNDC1 (85442),0.029112701309334615
ZNF622 (90441),0.0291129832148583
SDC4 (6385),0.029116853266032475
MAGEB17 (645864),0.029121382165533564
CNNM4 (26504),0.02913611967905119
PRKN (5071),0.029138627507962162
NFAM1 (150372),0.029149838781740448
EXD1 (161829),0.029167519780574476
SOX18 (54345),0.029175094053129517
ITM2C (81618),0.029177447758645694
THEM4 (117145),0.029178744365423875
SMURF2 (64750),0.029188221217971523
ZNF829 (374899),0.0291941619609574
IPMK (253430),0.029214189521875426
CBX4 (8535),0.029217619303058714
ACSM5 (54988),0.02921942102929662
CLEC2L (154790),0.02923295412413633
PNLIP (5406),0.029249705890806832
MYCN (4613),0.029250794694380633
IVL (3713),0.029287868505238204
PRDM8 (56978),0.02929211472065971
FMC1 (154791),0.029295670195361997
C4orf19 (55286),0.02929700447675036
RIMBP2 (23504),0.02931985516425318
ABHD14A (25864),0.02932307594431406
USF1 (7391),0.02935071908207126
TRPM8 (79054),0.029353135164017947
KIF25 (3834),0.029357112724010866
TM2D3 (80213),0.0293572716918568
THSD1 (55901),0.029390152240570972
SOD3 (6649),0.029393270418735153
MITF (4286),0.029415170545205156
RAD23A (5886),0.029417201921638467
ARAF (369),0.02941902178446074
TMEM154 (201799),0.02941981926745075
GNPTG (84572),0.029422572174633392
FOXP1 (27086),0.029423934474832252
CREB3L3 (84699),0.02942495973054649
HPS6 (79803),0.029428253358357047
MCM10 (55388),0.029440036472500392
MMP19 (4327),0.029441244479671544
TRIM60 (166655),0.0294445787187774
RAP1GDS1 (5910),0.029448482039230915
ACTL6B (51412),0.029454953242209946
KRTAP4-9 (100132386),0.029456922244190702
PEX11B (8799),0.029463585679640428
PSME4 (23198),0.029465012860126667
TIMM8B (26521),0.029465423198944074
KRTAP10-8 (386681),0.02948306216419633
KRT25 (147183),0.02949532364532496
SCARB1 (949),0.029501639808107896
FGG (2266),0.0295086261119068
FUOM (282969),0.029518077878267306
ANKRD45 (339416),0.029519078341484987
AMZ2 (51321),0.029522934664287438
PRLH (51052),0.029523677547999696
RIMS3 (9783),0.02955783258989977
PLEKHG4B (153478),0.0295667062458665
DHRS4L2 (317749),0.02958214737131603
TRMT2B (79979),0.02958666249273351
DNAJC10 (54431),0.029600439950630227
NAA80 (24142),0.0296050189199083
DYNLT4 (343521),0.029607172279721133
PLLP (51090),0.029609074891206566
TBC1D19 (55296),0.029617890184384748
SLC30A7 (148867),0.029626404680377763
DNASE1L2 (1775),0.029639416880230418
MAML3 (55534),0.02965003461073577
PRCP (5547),0.029659814317066262
TRAF6 (7189),0.02966244650196816
BCR (613),0.029662492225355143
ZNF3 (7551),0.029675014922801304
C16orf96 (342346),0.02969794776479101
ATP5F1C (509),0.029708342468253733
LSG1 (55341),0.02971449852203338
DNM1 (1759),0.029721543985653902
NAP1L2 (4674),0.029729104895441835
LAPTM4A (9741),0.029730677561518985
DOK7 (285489),0.029734100790390856
SFT2D2 (375035),0.029735345616721993
SPIN1 (10927),0.029739329654646172
GRM8 (2918),0.0297415444036753
IFI16 (3428),0.029750106270765984
CD74 (972),0.02976932340196637
TFF3 (7033),0.02980268215225287
RNF24 (11237),0.029810262128241567
PTDSS2 (81490),0.02981287850504973
ABLIM1 (3983),0.029813156050372817
GJB6 (10804),0.02981893082578577
RHPN2 (85415),0.02983536006321364
TRAPPC4 (51399),0.02983785276789748
PDSS2 (57107),0.029849330343904072
SNED1 (25992),0.02985159048167673
VAPA (9218),0.02986136491883704
MTA3 (57504),0.029862702721994167
CES3 (23491),0.029867090487410545
DNALI1 (7802),0.029884375547217585
NR5A2 (2494),0.02988442065246031
MYO5B (4645),0.029886042574118515
PTPN7 (5778),0.02989074364998368
SSTR4 (6754),0.029890921215495414
HMX1 (3166),0.02989383374760128
GM2A (2760),0.029894552574419524
SOX11 (6664),0.029911319813372885
NMUR1 (10316),0.029918573245399475
ROBO4 (54538),0.029919789823035153
FGF7 (2252),0.0299463822869079
IKBKB (3551),0.02994912662978207
GNG5 (2787),0.029966213036738066
C1orf56 (54964),0.029983003146279733
FLNB (2317),0.029998190146824057
OR2D2 (120776),0.03000606247352091
IQCE (23288),0.03001045172311482
PAN2 (9924),0.03002346924782278
SQOR (58472),0.030036519059835023
CENPV (201161),0.03003792729272288
CISD2 (493856),0.03005522784644613
PRRC1 (133619),0.03007038183632301
NXNL1 (115861),0.030072811851971634
RXFP4 (339403),0.03008133874603014
PRODH (5625),0.030094621659903176
ZNF655 (79027),0.030097887206470306
SLC16A13 (201232),0.03010212652732276
NDUFB2 (4708),0.03010380471391259
RPS6KL1 (83694),0.030107167814335367
DNAAF2 (55172),0.03011398358821257
C1QA (712),0.030114414482558468
SCLT1 (132320),0.03011543813685263
DAW1 (164781),0.030118667558092962
GALNT7 (51809),0.030121121952713183
KIFC1 (3833),0.030123553616240677
OR2T12 (127064),0.030127660347841402
EPHB6 (2051),0.03012798705962967
FDXACB1 (91893),0.030131424302709004
PHYHIP (9796),0.030134277290649665
GPC2 (221914),0.030144749778313627
AGER (177),0.03014923657593099
PGPEP1L (145814),0.030164380282830774
MAPK15 (225689),0.030173134694216733
CYP8B1 (1582),0.03020844811505782
HECTD3 (79654),0.03021246875907689
LPL (4023),0.030227102149084622
CYP39A1 (51302),0.030238351012270053
H4C13 (8368),0.03023926496098451
SCG2 (7857),0.03024362027233079
EMD (2010),0.03024487500092466
ZNF514 (84874),0.030259565952620346
KHSRP (8570),0.03026505761320175
COX7A1 (1346),0.030269165405383998
RINL (126432),0.030270690288259332
EEIG2 (284611),0.030276170225705487
OAT (4942),0.030292913794658795
NUDT16 (131870),0.030320286970265734
GRM1 (2911),0.030326658535176406
AIRE (326),0.030354004941633057
MOS (4342),0.030356828931480912
PAEP (5047),0.030370900772300306
OTULIN (90268),0.030394416649769128
TP73 (7161),0.030408820707388835
PROZ (8858),0.030430586486210623
ZNF550 (162972),0.03043803741547507
NEFM (4741),0.030449560972359183
EFCAB6 (64800),0.030452918007627464
MARCHF11 (441061),0.03045360245763947
ZNF365 (22891),0.03045818143351791
GPSM3 (63940),0.030475888857981363
STRN (6801),0.030490628397982986
TIMM21 (29090),0.030501089155326247
C1orf53 (388722),0.030503872996163486
EXOC5 (10640),0.030507326785292912
DUSP13B (51207),0.030513029472725103
PRPF39 (55015),0.030518519854025514
COL15A1 (1306),0.03053477634169728
SERTM1 (400120),0.03054075225493456
SPACDR (402573),0.030546351876192805
PPP1R2 (5504),0.030550165613589406
ARMCX5 (64860),0.03055102439365562
FBXO5 (26271),0.030553837103233655
FNTB (2342),0.03055750372303703
TRAPPC2L (51693),0.03056480044880749
KATNIP (23247),0.030565174151411634
DDX50 (79009),0.03057539116571629
SCARA5 (286133),0.030597534906342375
RDH8 (50700),0.030621803426779417
GALNT9 (50614),0.030636920734608927
LMNB1 (4001),0.030637909396602193
ALG11 (440138),0.030646002556720932
H4C2 (8366),0.03065569405761242
CLEC4G (339390),0.030663555250334908
DIP2C (22982),0.03067243466948893
TTC22 (55001),0.030678985584420674
APEX2 (27301),0.030686564146773322
ADCY6 (112),0.030712219757484133
P2RX6 (9127),0.030719006221886672
SLC34A3 (142680),0.030721193914787146
BSX (390259),0.030726836172847345
FECH (2235),0.030736495655178435
ZCCHC13 (389874),0.030745812099541518
UNC50 (25972),0.03075172954064885
DSP (1832),0.030756274729702666
FUT8 (2530),0.030763963083595986
HINT2 (84681),0.030771997732251203
NMRAL1 (57407),0.0307851902448704
PDLIM5 (10611),0.030786698875721642
MEGF10 (84466),0.030795214963490695
DCAF12 (25853),0.030798562849181723
CMA1 (1215),0.030810600653547793
PCDHGC5 (56097),0.030815153685969397
GIMAP5 (55340),0.03082161883606913
SCYL3 (57147),0.03083819080014124
MIER2 (54531),0.03084027873293859
PHLPP1 (23239),0.030859955131429938
NR1I3 (9970),0.030874435566892254
STON1 (11037),0.030879158142841437
GLUD2 (2747),0.030883054551329284
ENTREP1 (9413),0.03088670775355609
C1QL1 (10882),0.03088707801580761
GPR50 (9248),0.0308974579251934
SPIRE2 (84501),0.030906584571916033
PCSK7 (9159),0.030913101646833734
ERMARD (55780),0.030916162090287674
SNX29 (92017),0.030918819064596734
MYBL1 (4603),0.03092087664911238
CDK2AP2 (10263),0.03093277370456534
CHPF (79586),0.030938922737726103
SAP30 (8819),0.030942304700881756
DRD2 (1813),0.030958192752695093
H2AZ2 (94239),0.030958223184267657
TMEM35A (59353),0.03098106550801666
TOPORS (10210),0.030982615697759088
STUM (375057),0.030982954206267163
CLCN4 (1183),0.030989156862627706
ROGDI (79641),0.03099074086966722
TADA3 (10474),0.03099266977711287
TARBP1 (6894),0.030993002012351153
INF2 (64423),0.031000048178076906
LAMA4 (3910),0.031003022558043086
ARHGEF18 (23370),0.031009793048661312
FAM107B (83641),0.03101242562104169
PITPNM3 (83394),0.031036173247013722
SLC25A22 (79751),0.031040568079893575
FBXL4 (26235),0.03105388534153989
CCDC32 (90416),0.031054408311056634
HTR2A (3356),0.03105491997955305
CYP2C8 (1558),0.031056151879600893
TASL (80231),0.031062174573382124
H2AZ1 (3015),0.03106498147633119
FOXI2 (399823),0.031082216967880313
NR1H4 (9971),0.031084554921390086
RAB5A (5868),0.03109188631543153
NEK9 (91754),0.031099008174488543
PRSS16 (10279),0.031130100750919567
TBC1D23 (55773),0.0311431218632436
ZNF281 (23528),0.03115191040667181
LILRB5 (10990),0.031152904872432476
RILPL2 (196383),0.031153271672582313
CADPS2 (93664),0.031156041205303017
SLC19A3 (80704),0.031157043073562582
LSM7 (51690),0.03115835247197694
AZU1 (566),0.031161738238377066
NDUFS4 (4724),0.031186845917218632
RPL39L (116832),0.0312045141743625
VIM (7431),0.031211067721073276
LYPD3 (27076),0.03123206848577766
HRK (8739),0.031233650153987984
NKX1-2 (390010),0.03123408161332836
PEX11G (92960),0.0312354033639677
SELENOS (55829),0.031239881539150843
TRIB3 (57761),0.031243105607700963
CPXCR1 (53336),0.031246085281506283
ICE1 (23379),0.03125073233042303
OR5K4 (403278),0.031257984113963334
FAM86B2 (653333),0.03126527538162151
LILRA2 (11027),0.03126605877995966
ZNF670 (93474),0.031278036413983364
TLL1 (7092),0.03128253480561251
ACACB (32),0.03128492084579877
SCNM1 (79005),0.03130581584139195
GDPD4 (220032),0.03131015050404606
IFNA6 (3443),0.03133025150388123
MAST2 (23139),0.03133768282410118
VAV1 (7409),0.03134621468589094
NCCRP1 (342897),0.03134726512853741
POMGNT1 (55624),0.03134960480148807
DEFB136 (613210),0.03136609882561857
SMC4 (10051),0.03137240354895021
KCTD12 (115207),0.031374701178654034
ZNF749 (388567),0.03138469919358813
TCF19 (6941),0.031394237348788365
CSTF3 (1479),0.03141022829872845
GPX1 (2876),0.031424449495456294
HOXA3 (3200),0.03142797039223974
CCDC106 (29903),0.0314291546451778
TXNDC9 (10190),0.03143029805288549
CRACR2B (283229),0.0314512503216091
MBLAC2 (153364),0.03145187388116417
ZNF497 (162968),0.031467173388730944
MASTL (84930),0.03147859772254426
VPS13C (54832),0.03149388063340361
CHST12 (55501),0.03154898224439621
CKB (1152),0.03155305421679681
FCHO1 (23149),0.0315826900733922
ZC3H15 (55854),0.03161828946059421
PIKFYVE (200576),0.03162544339517161
FBXO15 (201456),0.03162853607590091
INSL3 (3640),0.03163432264051455
SLC43A2 (124935),0.031653199989475425
OR1E2 (8388),0.03166893401844253
SUSD1 (64420),0.031672821081663784
SH3BGRL (6451),0.031682265485881156
PGM1 (5236),0.031690009205757846
RRAS (6237),0.03169385517072381
MUC22 (100507679),0.0317018070630455
GLB1L (79411),0.03171321230879031
AGPAT2 (10555),0.031714231492197716
FBXW4 (6468),0.031714855700877655
RUFY1 (80230),0.031716143554478764
HMGN4 (10473),0.03171940287173384
PADI3 (51702),0.031731615310497036
WFDC3 (140686),0.031741294274689386
PCBP3 (54039),0.03175023829534672
LDB1 (8861),0.03175202937097606
ODF4 (146852),0.03175360082086625
DCT (1638),0.031761355350199125
SNX20 (124460),0.03176405871574358
XYLT2 (64132),0.03177931886692957
NUBPL (80224),0.03178611288286388
ZNF214 (7761),0.03180107337450713
HYAL1 (3373),0.03180285131383303
PHLPP2 (23035),0.03180595133509081
BDKRB1 (623),0.03181717977144274
MKRN1 (23608),0.03184342001060326
SIVA1 (10572),0.031849348578127504
RBM47 (54502),0.03185284323784257
UBQLN1 (29979),0.03185335394217895
ATP5MJ (9556),0.03185362933996237
CYB561D2 (11068),0.03186281664739676
TEAD2 (8463),0.031864692503089764
WDR20 (91833),0.031865682947086034
HGS (9146),0.03186722843293323
LGALS7 (3963),0.031879937550654026
LHFPL4 (375323),0.03189946604386607
PLCZ1 (89869),0.031910057445363196
OR52W1 (120787),0.03191568829103318
KRTAP15-1 (254950),0.03191684344287993
BLNK (29760),0.031922680421835894
C3AR1 (719),0.031934038291236796
SLC16A8 (23539),0.031953762992178524
CSNK1A1 (1452),0.03195446643650639
RBM20 (282996),0.03196072468794083
SIX1 (6495),0.031961065006124306
A1BG (1),0.03196933134793127
RHNO1 (83695),0.03196950729760916
ENO2 (2026),0.03198161659983218
DPYS (1807),0.03199404264485946
BMP2 (650),0.03201305939890627
MTERF2 (80298),0.03202518508038839
CCDC160 (347475),0.032038849261334795
RELCH (57614),0.03205553645499186
GNL2 (29889),0.0320686412728216
H2BC21 (8349),0.032072315827675585
ARPP19 (10776),0.03207319152790408
FGFBP1 (9982),0.032073880409650986
HPS1 (3257),0.03208113954922747
SPINK7 (84651),0.032091884930583015
C20orf141 (128653),0.032092653355675314
ZBTB4 (57659),0.03210654776092981
FGF2 (2247),0.032113861838013694
EBI3 (10148),0.03212466729512848
ACOT13 (55856),0.0321301999360724
FREY1 (143678),0.03214058919609603
JADE1 (79960),0.032144759702853326
BSN (8927),0.03214536885151577
TBC1D20 (128637),0.03214849862464224
TCEA3 (6920),0.032150962361597916
MGAT1 (4245),0.03216557412397936
SMIM8 (57150),0.03218557882080694
SLC22A18 (5002),0.0321869394117861
ACER1 (125981),0.03219057641576923
NECTIN1 (5818),0.03219656118019544
INPP5J (27124),0.03220289623360624
FBH1 (84893),0.03220550142668378
SAAL1 (113174),0.03221936531931292
FRMD5 (84978),0.03224646472603381
ARGFX (503582),0.032246577242590065
PERP (64065),0.03226531436533084
TOP6BL (79703),0.03227953340666675
TMEM19 (55266),0.03228779294028493
TSPAN13 (27075),0.03228822814180792
OPRL1 (4987),0.03229377693579369
ACY3 (91703),0.03230258699813343
FBXL17 (64839),0.03231038637390977
PPP1R37 (284352),0.03231513763905751
IFNA4 (3441),0.03232318258426266
ASB18 (401036),0.03233276139447752
CEP89 (84902),0.03233704310712458
DNAI3 (126820),0.032341414680933885
RPRD2 (23248),0.0323444029547988
CBLN2 (147381),0.032346546199538216
TSPYL1 (7259),0.03237379161921497
ANKK1 (255239),0.032391790352201084
OR5K3 (403277),0.03239677643161812
PALM (5064),0.03241520589194176
ROBO2 (6092),0.032417758030521264
MTFR1L (56181),0.032419877221733125
IFI27 (3429),0.03242123858263771
SALL2 (6297),0.032421438983523745
TM4SF1 (4071),0.0324265041561778
TOR3A (64222),0.032438920154254626
ALG10B (144245),0.032438981815132016
CALML4 (91860),0.03243970221873204
RASSF5 (83593),0.03243982778909265
WT1 (7490),0.03244508891937536
CDC25C (995),0.03244577313800295
SULT4A1 (25830),0.03244768419066645
ITGA2B (3674),0.03245802576448748
KYAT1 (883),0.03246643122682681
IQCD (115811),0.03248450365458556
MAP3K20 (51776),0.03249128070584405
BPI (671),0.032491345841667865
HCN2 (610),0.032498058852567874
ACAA2 (10449),0.03250128462940916
NPPC (4880),0.03250231443459403
UQCRC1 (7384),0.03253229295652744
CCDC34 (91057),0.032539034509414505
SHARPIN (81858),0.03254158614335616
MPPE1 (65258),0.032548494296327904
RAB31 (11031),0.03257040213603884
DHX15 (1665),0.03257096863805454
OSCP1 (127700),0.03257671339641481
DUOX2 (50506),0.0325854038724704
EPG5 (57724),0.03259076345531304
PCDHGA7 (56108),0.03259901090386215
PSME3IP1 (80011),0.03260727454726576
PRAP1 (118471),0.032614869717591546
IGF2BP1 (10642),0.03261529213473648
MAP3K5 (4217),0.03262056366300231
UBASH3B (84959),0.03262535016370187
GANC (2595),0.03263307857043973
BAIAP2 (10458),0.032639911906834344
UVSSA (57654),0.032685705202014845
ZMAT1 (84460),0.03272072872697256
SLC22A3 (6581),0.03272940381213088
PIAS4 (51588),0.03273295957733345
TMEM82 (388595),0.03274118544171982
TERT (7015),0.032744139560378575
TPGS1 (91978),0.03274878933487088
EML1 (2009),0.03275172315631995
CTSD (1509),0.0327547607466631
RIPPLY3 (53820),0.032773476234745184
ADPRS (54936),0.03278080231193007
WHAMM (123720),0.03278359216024518
ABHD1 (84696),0.03281429533289633
MAPK7 (5598),0.03281731036519291
RIBC1 (158787),0.032825452194134935
OR51S1 (119692),0.03284823023803431
NKD2 (85409),0.03284857190739364
ASB13 (79754),0.03285299741242474
GNAZ (2781),0.03286183233013428
CDCA3 (83461),0.032865657171061116
BNC1 (646),0.03288471423203975
AP1S2 (8905),0.032899513057486215
FBXO45 (200933),0.03290369960389271
CYP11B2 (1585),0.03290966986568067
KLHL9 (55958),0.03291178923637959
ZNF304 (57343),0.03291711775403955
CTAG2 (30848),0.032918641752807724
EGR1 (1958),0.03293125183781058
LMO1 (4004),0.032931618687163954
ZNF699 (374879),0.032932607021456665
B3GALT2 (8707),0.0329357730489676
FAM124B (79843),0.03293843620602017
RDH11 (51109),0.03294767659995244
HSD17B6 (8630),0.032959789812156665
KIDINS220 (57498),0.032962967558922314
NTM (50863),0.0329715985909067
VWCE (220001),0.03297326789571079
PDCD2L (84306),0.03297326912637641
RASGRP1 (10125),0.032975289358498305
PCGF2 (7703),0.032988749363546836
SPHK1 (8877),0.03300019874365459
RNF182 (221687),0.0330071053901957
PGGT1B (5229),0.0330077612895778
AGBL2 (79841),0.033019660276950344
TESK1 (7016),0.03303785286516678
ZNF786 (136051),0.03304353974506344
MAMDC2 (256691),0.033047275404555286
TASP1 (55617),0.03304992093493696
AGRN (375790),0.03305589003229712
TERF2IP (54386),0.033077329563909304
ZNF219 (51222),0.03309582174608239
IFT80 (57560),0.033161943282837315
PKLR (5313),0.03316956327627482
STXBP1 (6812),0.033181395978738176
DTL (51514),0.033194171570303035
H4C3 (8364),0.033196182940329486
LAMTOR1 (55004),0.03321108271139795
H2BW2 (286436),0.03322217695169529
P4HB (5034),0.033225319331056456
NCR3LG1 (374383),0.03322834223862402
MYOZ2 (51778),0.033228385047166256
TRH (7200),0.03323024430267026
COQ10B (80219),0.033231104881128466
OMG (4974),0.03324069825629439
GTSF1L (149699),0.03325102391928202
STAG3 (10734),0.033257083688454876
DIPK2A (205428),0.033269989725799726
TBX19 (9095),0.033281939953123396
GIMAP2 (26157),0.03328600429776533
SMR3B (10879),0.03328786748541602
HACD1 (9200),0.03329829199614607
LYPLA1 (10434),0.03331635275734369
NHERF2 (9351),0.0333184212109223
GATB (5188),0.033320660825304445
TMCO6 (55374),0.033335108147908854
MYO1G (64005),0.033340803503555214
SLC2A9 (56606),0.033367025141745124
PPDPF (79144),0.0333752283446344
EXOSC5 (56915),0.033376937111411216
TNFAIP8L3 (388121),0.03337996575255953
POMT2 (29954),0.033380549009489245
DHRS2 (10202),0.033384046509596574
ZNF423 (23090),0.03338441936531471
CPSF4L (642843),0.03338658351796281
CCDC68 (80323),0.033395106876203735
SOX30 (11063),0.033399985533653906
CYP2C9 (1559),0.033401023629745966
NFE2L1 (4779),0.03342365282458261
KCTD16 (57528),0.033427175046024764
ZNF503 (84858),0.033427661332996746
C8G (733),0.03344241015896887
TCF7L2 (6934),0.03344975693679726
SENP2 (59343),0.033465172645193594
AIG1 (51390),0.03346692134030016
ASCL2 (430),0.03348052452193343
KCNA1 (3736),0.033481130118448665
HCRTR1 (3061),0.033490151539526676
EMC8 (10328),0.03349196597570003
SEC14L5 (9717),0.033494329064786596
ACSM2A (123876),0.03349604017382658
PDZK1 (5174),0.033503224494729894
TSKS (60385),0.03351829278140716
ATP6V1C2 (245973),0.033519386330359426
IST1 (9798),0.033525170087086636
SUCO (51430),0.0335254128932453
PAX2 (5076),0.03352866898151003
ISG20L2 (81875),0.03352885453745971
PTPN9 (5780),0.03353295116555061
OR51A7 (119687),0.03353515214239576
HSPA9 (3313),0.03353760427904478
RASGEF1A (221002),0.03354937137643262
SMC6 (79677),0.03358719730530531
CCDC6 (8030),0.03358751279953782
AGAP6 (414189),0.033595902082422226
H3C11 (8354),0.03360538299791555
BCDIN3D (144233),0.03360855816310525
MED22 (6837),0.033627387760771406
TREX2 (11219),0.03362950047928678
TAF6L (10629),0.033646807291062245
MRI1 (84245),0.033657655057788616
CIP2A (57650),0.03366753481941101
C8orf34 (116328),0.03367710060512685
FOXQ1 (94234),0.03368123176353095
ULK1 (8408),0.03368634552388758
LGALS4 (3960),0.03369316943290336
PHYH (5264),0.033699854064281366
POLR3G (10622),0.0337054044936561
GFRA3 (2676),0.03371006184357498
ZNF264 (9422),0.03371310128944049
STRA6 (64220),0.03372049540507593
S1PR4 (8698),0.033723516893665526
PLEKHA1 (59338),0.03373968037440566
BCL7B (9275),0.033744445153092745
GNG12 (55970),0.03375110759602641
CNEP1R1 (255919),0.03375664152456848
RNASEL (6041),0.03376135554222423
KLF9 (687),0.03376699823007886
OR2A14 (135941),0.03377396442062079
SUPT4H1 (6827),0.03378204898237975
TRIM5 (85363),0.03379268414887302
LGALS1 (3956),0.03379561920013384
TMEM179B (374395),0.033797980803001754
FANCE (2178),0.03380125031643681
EEFSEC (60678),0.033803157649484064
CAPZA1 (829),0.03380610610608929
TFAP2B (7021),0.03382419441428415
WFIKKN1 (117166),0.033826318094318034
SULT1A2 (6799),0.03384273344636114
CCR7 (1236),0.03386510838586777
CMTM8 (152189),0.033870024015898274
SELE (6401),0.03387022956274034
ERICH4 (100170765),0.03387413195432141
NDUFV3 (4731),0.03389489569989101
COL28A1 (340267),0.033898078291383534
SERPINA10 (51156),0.03390198253861191
MYOF (26509),0.03391447109876949
SORBS3 (10174),0.03394636747530693
HTRA3 (94031),0.03395131434413744
ENDOG (2021),0.033953831544865865
NPY2R (4887),0.033954984831407714
CLEC2A (387836),0.03396045722475234
NDUFV2 (4729),0.03396520699684956
ZNF581 (51545),0.03396702792992896
ZCCHC9 (84240),0.03397076963044776
SLC35E2B (728661),0.033974981864376315
PAWR (5074),0.03397822368967108
A2ML1 (144568),0.03398251421312817
PTPRD (5789),0.033990389273504326
H4C9 (8294),0.03399815214832068
KIF1A (547),0.03402161476636563
TBC1D22A (25771),0.034029818168525794
ADIPOR2 (79602),0.034032040581383975
ARMC10 (83787),0.034055411897535096
GDAP1 (54332),0.03406173816807148
RASSF7 (8045),0.034078169336562
ADGRL3 (23284),0.034084143282744936
GK5 (256356),0.034092159001309366
PNPLA3 (80339),0.03410270927892141
SPRED2 (200734),0.034119503092688186
CD1A (909),0.03412416622737095
TMEM150A (129303),0.03413033549772756
HDAC8 (55869),0.034130926923651536
RNF38 (152006),0.034132298225576
PIGR (5284),0.03413685136880223
ROBO3 (64221),0.034140704015510476
TBC1D25 (4943),0.03415675319394317
EVI5 (7813),0.034180983682365246
FITM2 (128486),0.03418273733250084
ALDH5A1 (7915),0.03418644241801641
ECH1 (1891),0.03419589787183282
P2RX1 (5023),0.03419805271327892
SPG21 (51324),0.034199741042164604
LCMT2 (9836),0.03420798737006766
CKLF (51192),0.03422634515000202
TSGA10IP (254187),0.03422763168751017
SYT7 (9066),0.034239900753756075
ATXN7L2 (127002),0.034246624355447376
BAIAP3 (8938),0.03425883874786232
TBC1D10C (374403),0.034262239648500066
PTGR2 (145482),0.03426695321808868
CFAP276 (127003),0.03427590268933001
GADD45B (4616),0.03428029971877125
BUB1B (701),0.03428169981673644
CDKN2AIP (55602),0.0342834888882827
ZNFX1 (57169),0.03428969635061156
ATP1A2 (477),0.03430494265636245
RSPH14 (27156),0.03431087265451102
SDR39U1 (56948),0.034335555064287156
BEND3 (57673),0.03433584760864069
ANKRD22 (118932),0.034342279714552365
TOMM7 (54543),0.03434658105627808
ERN2 (10595),0.0343616240163743
NCAPG2 (54892),0.03436569333380741
CYB5R2 (51700),0.0343739863863033
CPTP (80772),0.03438812870606557
CPLX2 (10814),0.03440312527240274
AK4 (205),0.034430091508260346
DNAJC14 (85406),0.034446596391108794
MRAS (22808),0.03446396888827496
PTK7 (5754),0.034475063960913294
PDLIM1 (9124),0.03447510357075315
LRRC74A (145497),0.03448500080454909
R3HDM2 (22864),0.03448503235727892
TPM2 (7169),0.03449112141619281
CDK16 (5127),0.034493470613034476
KCTD8 (386617),0.03450024143178329
TCF24 (100129654),0.03451405161239517
SDF2 (6388),0.034520736343974866
AHSP (51327),0.03453220197511247
IL4I1 (259307),0.034558762948358
SH3BGRL2 (83699),0.03456830230574965
SLC22A16 (85413),0.03460800153239565
CLIC2 (1193),0.03461547422307741
AUP1 (550),0.034617202812914236
RNH1 (6050),0.03462385686816071
GPR21 (2844),0.03463765905393146
RPP38 (10557),0.034641817772717895
AP1S3 (130340),0.034648404710751785
ZNF174 (7727),0.03464963672711495
JAML (120425),0.03465805487693159
LYG2 (254773),0.03466109260487726
MID1IP1 (58526),0.03469173452644155
ARHGAP23 (57636),0.034692231744056674
HYAL2 (8692),0.03469276739325137
NME8 (51314),0.03470894078611342
KRT31 (3881),0.03471504152716264
NPR3 (4883),0.03472515320444432
PIGZ (80235),0.03472688207770346
TGM1 (7051),0.03473393169703094
A4GNT (51146),0.03475237147754252
OSTN (344901),0.03475690322958179
HMOX2 (3163),0.03476550199254921
PHIP (55023),0.03477995345904575
CIDEB (27141),0.03479899617971414
CD14 (929),0.03481377956020938
SFTPD (6441),0.034826027679130615
TRPM4 (54795),0.03485491272347389
EDAR (10913),0.034856658723708314
SPATA31F1 (259308),0.03491580004197213
MUC4 (4585),0.03491766266257939
SYK (6850),0.03493170343553953
NACAD (23148),0.03495135615599371
GJC3 (349149),0.03497889812152843
H3C10 (8357),0.03498419307944804
TSPAN31 (6302),0.03499182816423381
HCFC1R1 (54985),0.03499796740956881
SYT16 (83851),0.03500809729573266
ERN1 (2081),0.03503716376689731
SCGB2B2 (284402),0.035043919314361904
APOBEC3D (140564),0.03505663253623641
JRKL (8690),0.03508376000896017
ITGAM (3684),0.0350875217772802
SKAP1 (8631),0.03509547745750531
FGF8 (2253),0.03509929732125737
GLRX (2745),0.03511408097399063
PRPF40B (25766),0.03512884026151926
XKR7 (343702),0.03513735665244737
TIMM10B (26515),0.035147397717251574
GABRG3 (2567),0.03515328097160482
DOK6 (220164),0.03515587340858602
LYRM7 (90624),0.035158198693765116
GABRA1 (2554),0.03516967479231063
AKAP1 (8165),0.03517237223897103
HECA (51696),0.0351851415958683
ZNF282 (8427),0.03519823522480934
XKR6 (286046),0.035204373852377256
EPS8L2 (64787),0.03520705934367917
CLPSL1 (340204),0.03521136812186827
BLOC1S2 (282991),0.035215012989035316
NCLN (56926),0.035219922699004876
MAPK13 (5603),0.03522108131921921
TGM3 (7053),0.03522495286766988
KIAA0825 (285600),0.03524347914487885
STXBP5L (9515),0.0352482989586327
RARRES1 (5918),0.03525062061197602
ACSS2 (55902),0.03526088021223258
ELP3 (55140),0.035273376026592224
CRYBB3 (1417),0.03529457074182114
TPP1 (1200),0.03530095558878042
MUSTN1 (389125),0.035308316010190605
SAMD5 (389432),0.03533409435297067
OR6C68 (403284),0.03533622038542407
SCARF1 (8578),0.03533733829073923
HPX (3263),0.035345673704241534
METTL18 (92342),0.03534925065450079
GPATCH1 (55094),0.03534963729658403
TOMM5 (401505),0.03535034190409504
CAPNS2 (84290),0.03537200337644288
OR4D5 (219875),0.035404996271442356
HOXD9 (3235),0.0354125163054438
NCBP3 (55421),0.035423982472678577
PPP1R27 (116729),0.035428472385713845
C8orf58 (541565),0.03543781442410295
INVS (27130),0.03544079042153946
ZNF777 (27153),0.03545027982076947
NUP98 (4928),0.035450921114345293
ZNF121 (7675),0.03545526538008078
SH3YL1 (26751),0.03546369447985111
NUDT8 (254552),0.03546846966985973
TXNL4B (54957),0.03547389030762427
NAPB (63908),0.03547744651347711
DDX6 (1656),0.035479443753446735
SH3GLB2 (56904),0.03548207846796079
PIEZO1 (9780),0.03548568539266202
BTBD16 (118663),0.03548617123472909
KRTAP21-2 (337978),0.035510601832090254
ARHGEF35 (445328),0.03551756424931562
MAGEB2 (4113),0.03554990430717347
IRAK2 (3656),0.03555093415970808
CIMAP1D (284451),0.03555198220279579
EVPL (2125),0.03555646725297598
GOLGA3 (2802),0.03556626713871096
DYRK1B (9149),0.03556777978862936
TMEM255B (348013),0.03557386471201684
MON1A (84315),0.03558692317700206
ABHD15 (116236),0.035591468218908205
ZNF705G (100131980),0.035593252193890396
IZUMO4 (113177),0.03561350819454544
GLRX3 (10539),0.03561914836300423
TSKU (25987),0.03562540765898238
CBFA2T3 (863),0.03565320859605774
IGF2 (3481),0.03565656160095723
ANO2 (57101),0.035661531917712
PIP4K2C (79837),0.03566915009646851
GPAT4 (137964),0.03567389055821824
RAB24 (53917),0.03567845471183767
FRMD4A (55691),0.03569382381176511
CAMTA1 (23261),0.03569662586357522
SAC3D1 (29901),0.035723647424880066
OR2T4 (127074),0.03572716979469251
DCAF8L2 (347442),0.03573024203787255
PPP2R2C (5522),0.03574066197706074
OR1L3 (26735),0.035745057863437166
GPRIN2 (9721),0.0357451825799649
PABIR3 (159091),0.03574970331563134
E2F2 (1870),0.035768429678575034
TWIST1 (7291),0.035774083394391705
ABCG1 (9619),0.03577510698668204
CYP2A13 (1553),0.035790354264241486
VN1R1 (57191),0.03579199757584677
ZNF140 (7699),0.03580518996061595
LRRC14B (389257),0.03583085287799331
HAMP (57817),0.03584474629770557
GAS1 (2619),0.03584620863508821
RNF114 (55905),0.035853325397681886
PPCDC (60490),0.03586833718128299
PRXL2A (84293),0.03588355052996449
ZNF84 (7637),0.035889926858972826
MAP1LC3A (84557),0.035895238398401856
KBTBD11 (9920),0.03590109005121108
NUCKS1 (64710),0.03591260127880331
MICB (4277),0.03591871786088255
HOMEZ (57594),0.03593117004550166
PLCD1 (5333),0.03593356424687221
PCDHGA9 (56107),0.035935357078048
MOXD1 (26002),0.03593962020983739
ERF (2077),0.03595348721213629
H2BC8 (8339),0.035954968327711403
HMGCL (3155),0.03595660498459398
SPCS3 (60559),0.035969257430481086
CCDC82 (79780),0.0359834727351156
PRKG1 (5592),0.03599643884640261
C11orf68 (83638),0.03600039859331807
GJA9 (81025),0.036012680122286124
TPRG1 (285386),0.036019896667355694
NPFFR1 (64106),0.036021652336759795
ZKSCAN3 (80317),0.03602530779850171
ARHGAP44 (9912),0.036062431295876725
NOP14 (8602),0.036082047819298954
BCAN (63827),0.03610263362476066
STPG3 (441476),0.03610389291547251
SLC6A6 (6533),0.036120886484667755
YES1 (7525),0.0361258233913075
MASP1 (5648),0.03615562928441658
SH3TC1 (54436),0.0361731191575619
DRD1 (1812),0.03617443638691406
ANXA2R (389289),0.03617746982034644
SLC17A9 (63910),0.03620169231977395
UGDH (7358),0.036234341645318996
MAGEA1 (4100),0.03624257537030779
IFNA14 (3448),0.03625871961461691
CCNF (899),0.03627465481518108
GARIN1A (346653),0.036276410375061546
OR51D1 (390038),0.036282873005882864
PNKD (25953),0.0362857668474792
DRD5 (1816),0.036310296454155594
OLFM2 (93145),0.036363783821483725
RHOU (58480),0.03638157103902266
TPT1 (7178),0.03638814821444921
ESPN (83715),0.036392180971451075
KRTAP21-1 (337977),0.03639577552492966
SDC2 (6383),0.036396582437674525
WDR31 (114987),0.03640231901931061
NCK2 (8440),0.0364058000844512
SLC22A14 (9389),0.03641104177047379
CFAP100 (348807),0.03641888270311924
LIPA (3988),0.03642097230217351
DTNB (1838),0.036426170944617906
PRDX4 (10549),0.036434243929591076
SPATA31A1 (647060),0.0364381823508914
CREB3L2 (64764),0.03644505217624715
UNC13D (201294),0.0364518909621434
PARP12 (64761),0.03645249734424479
GPR83 (10888),0.0364796327587046
KRT15 (3866),0.03649156602451987
GAB4 (128954),0.03649869235110811
CAMK2D (817),0.036517170153446424
APBA3 (9546),0.036519330829487225
CLDND2 (125875),0.03652285381274268
AIPL1 (23746),0.036527351028255634
MROH1 (727957),0.03654544662190274
PMAIP1 (5366),0.03655013566474755
RCBTB1 (55213),0.03655141286464725
HEG1 (57493),0.03657670178288665
WFDC5 (149708),0.036577052730606054
RPL10 (6134),0.03657981919967434
CPED1 (79974),0.036580427442655536
PPIP5K2 (23262),0.03658619728706833
FAM83F (113828),0.03658676137419577
SCAMP4 (113178),0.03660002639828635
KAT6B (23522),0.036633537247264966
CCNL2 (81669),0.03664475476599979
TTLL12 (23170),0.03664530288607934
AS3MT (57412),0.03664576980965657
BEND7 (222389),0.036661348679447106
STKLD1 (169436),0.03670773342787577
ZSWIM8 (23053),0.03670879513315009
RPL26L1 (51121),0.036712626032202454
AKAP3 (10566),0.0367392511075157
LRRC56 (115399),0.036751432215764504
OTUD7B (56957),0.03675556197517422
IQCF5 (389124),0.03678854370059791
ZNF479 (90827),0.03679049830752314
PHLDB1 (23187),0.03679648753582931
VSX2 (338917),0.03682120369950775
TRAPPC13 (80006),0.03683145737314805
POFUT2 (23275),0.03684444499256477
DUSP1 (1843),0.03688991041810255
CLDN22 (53842),0.036890124265362464
PIAS2 (9063),0.03689205376231081
CXCR6 (10663),0.03689366277800605
ZAR1L (646799),0.03690440704554336
RESP18 (389075),0.036912680975693654
IRGM (345611),0.03692311234296268
ZFR2 (23217),0.03692692325193769
SCRN2 (90507),0.036938710275131355
UBE2J1 (51465),0.036947953661554726
MCAT (27349),0.03695178578132284
TNFSF13B (10673),0.03697566998056824
RABL3 (285282),0.03697825907038515
NDUFAF5 (79133),0.0369793125028229
ABCC10 (89845),0.03698126942207366
PHF23 (79142),0.03698540367319281
TRAPPC9 (83696),0.03699473554909214
PACS1 (55690),0.03700680628965071
HES7 (84667),0.037013769711519436
NRSN2 (80023),0.03701545847521015
SEC62 (7095),0.03702007179218668
MRGPRG (386746),0.03702879752973397
CCDC97 (90324),0.037034502258101135
HES2 (54626),0.03704407471881706
ERICH3 (127254),0.037069258613626664
AMY2A (279),0.03707425386879158
CCDC88C (440193),0.03708562329722325
TAL2 (6887),0.037087673211152625
RADIL (55698),0.03710838625199021
CALCB (797),0.037126380635888995
USP43 (124739),0.037164843899827396
POLR3GL (84265),0.03717490874885386
GRHPR (9380),0.03718884142504954
TBXT (6862),0.037195179079450275
INCA1 (388324),0.03720534443809836
ST6GAL1 (6480),0.03722714747575208
ZNF552 (79818),0.037241141169757866
CANT1 (124583),0.0372526731094004
SP110 (3431),0.03728588004127238
TMEM126B (55863),0.037301260608199466
BTNL9 (153579),0.03730562942270664
TSHZ1 (10194),0.0373146234994834
GREB1 (9687),0.0373194203625617
ADSS1 (122622),0.037335821303887275
SPRR1B (6699),0.037353420716617236
ZNF227 (7770),0.037357841558812895
GSDME (1687),0.03737382625248981
ALPK3 (57538),0.037381093424957164
PHF6 (84295),0.0373923658564403
SCNN1A (6337),0.03739660530005735
PARP10 (84875),0.03741313708470705
SMARCB1 (6598),0.037417031595386466
BATF (10538),0.03742547516992922
LUZP1 (7798),0.03743030952061498
SS18 (6760),0.03744458703031321
G2E3 (55632),0.03745145610227216
ECD (11319),0.03745433806113558
SLC4A7 (9497),0.03745748844428845
PCOLCE (5118),0.03746307711166111
HTR3D (200909),0.0374753789275042
MKS1 (54903),0.037507681820721624
HAPLN1 (1404),0.037514886119574944
SMKR1 (100287482),0.03751806205232812
PDE8A (5151),0.03752170436722882
TNK2 (10188),0.03752475244919276
SMARCA4 (6597),0.03753391632069451
MMD (23531),0.03756253980306737
GPSM2 (29899),0.03758046736729625
TAF5 (6877),0.03758048894877492
LIX1L (128077),0.03760775754482268
NRN1L (123904),0.03761765439722002
FAM193B (54540),0.037623424385811274
SRPK2 (6733),0.03765247678630442
RFWD3 (55159),0.037654047503748275
KGD4 (92259),0.03765690545884816
PELI1 (57162),0.037657924018389105
TMEM187 (8269),0.037660557282832144
POU2AF3 (120376),0.03766109039879189
KCTD1 (284252),0.03767458501063032
MAP4K2 (5871),0.03767807944312673
ATP5IF1 (93974),0.0376874212188048
PDGFRB (5159),0.03769166521650231
GRAMD1B (57476),0.03769451458492398
BCAM (4059),0.03769845083451303
LEPR (3953),0.037720790479990676
ERLIN1 (10613),0.037721015649284095
DISP1 (84976),0.037731166151269875
IFI27L2 (83982),0.03773182887491841
PCDHB10 (56126),0.037737677919316134
TMEM213 (155006),0.03774132551514448
DRC1 (92749),0.037761777928033216
NXPH4 (11247),0.03776256867104589
SLC22A5 (6584),0.03776279977484625
LDLRAP1 (26119),0.03776343417983213
IL18BP (10068),0.037763819254642714
SERPINA5 (5104),0.03776807576703082
GLCE (26035),0.03777723156382554
KIF19 (124602),0.037785242198819444
MTAP (4507),0.03778592472961918
FAM43A (131583),0.03780028352528143
TAS2R4 (50832),0.037810428612589334
GIMAP6 (474344),0.03782142396665122
KHK (3795),0.037826348132059366
SCARA3 (51435),0.037835678360962396
KRTAP19-3 (337970),0.037851870985662804
GALC (2581),0.03785946543018215
TTC39A (22996),0.03788145364692793
MPZL2 (10205),0.03790281985427431
MARCHF2 (51257),0.03793220798263256
ATG4C (84938),0.037954342680932
TMEM81 (388730),0.03795561744101482
H3C4 (8351),0.03795751682206296
IFNA21 (3452),0.037974357188866624
MMP8 (4317),0.03798060421590914
BSPH1 (100131137),0.03800320286627275
GANAB (23193),0.03801537321611259
TMEM63C (57156),0.03802311195714942
MELTF (4241),0.03802745301075188
TNFSF9 (8744),0.03802987040553046
PRR14 (78994),0.038030061672312945
GAB3 (139716),0.0380302007422006
KRT72 (140807),0.03804060693106382
FGF6 (2251),0.03804404066223961
PRXL2C (195827),0.038055770052095345
HHIP (64399),0.03807050846360697
KIF3C (3797),0.0380712988939579
MIB2 (142678),0.03807289543914983
CDK5 (1020),0.03807704066897593
TMEM179 (388021),0.03807900281633742
UNG (7374),0.03808413488600339
TMEM69 (51249),0.03809477011329216
KBTBD2 (25948),0.038103644828782306
ABI2 (10152),0.03810755125045959
DSCC1 (79075),0.03811734600422571
NT5C1B (93034),0.038119154238085415
LCE3D (84648),0.038122294219442035
KRTAP10-3 (386682),0.03814064337585175
ZBTB2 (57621),0.03814423175910435
FGFRL1 (53834),0.03816614192969513
OR51I2 (390064),0.03816901628751024
KLF16 (83855),0.03821037397037983
INPP5E (56623),0.03821822051258829
PSIP1 (11168),0.03824337881427632
LSR (51599),0.03824682710825671
CLCN6 (1185),0.0382669052106135
QRSL1 (55278),0.038286467805306444
CACNA1H (8912),0.03831331638063575
SERBP1 (26135),0.03832853997200181
PSENEN (55851),0.03834063977425036
NDUFAF3 (25915),0.038343026390219984
FAAH2 (158584),0.03835451586736685
AMBP (259),0.03835453689201305
ZNF212 (7988),0.0383597114282722
FRAS1 (80144),0.038367165671979266
NUB1 (51667),0.038392220904982524
TRNAU1AP (54952),0.03840799526915382
RPA2 (6118),0.03841750580605416
DENND1B (163486),0.038420599882045714
LIPH (200879),0.038423458410580556
TICAM1 (148022),0.038431688157842404
LRRC37B (114659),0.038433184009252136
MAL (4118),0.0384352456756029
PITX3 (5309),0.03843589638924375
ARHGEF26 (26084),0.038440045146091645
PLBD2 (196463),0.0384515198338781
ZNF200 (7752),0.03845204354866208
DUSP2 (1844),0.03845668295609055
ATAD3A (55210),0.03845752927873181
INPP5K (51763),0.038459018607161784
AMPD1 (270),0.03845979880893457
NCK1 (4690),0.03846769086656572
TMX4 (56255),0.03849939076306737
TRIM28 (10155),0.03850117382887056
FAXDC2 (10826),0.03852796509511634
GNG10 (2790),0.03853128606147793
CDK19 (23097),0.03854632448745686
MAP1A (4130),0.03856273533021072
PRKAG1 (5571),0.03856473443590355
AKAIN1 (642597),0.03856567332013738
PLA2G3 (50487),0.038572219492300226
DENND6B (414918),0.038576862243282016
NAALADL2 (254827),0.03859256021805187
ZNF367 (195828),0.03860657295178454
TBC1D10B (26000),0.03860710809486189
HOXC13 (3229),0.03860761409345401
RBM41 (55285),0.03861256652696226
MGARP (84709),0.03861861681204997
MUCL3 (135656),0.03862610773573578
TRUB2 (26995),0.03862946682380782
CTBS (1486),0.0386578843036408
TK1 (7083),0.0386747574594886
SIK2 (23235),0.038675615058294005
OR2L5 (81466),0.0386884429099987
NHERF4 (79849),0.038689696391774955
CEP295NL (100653515),0.038691771202390236
ESRP1 (54845),0.038696537073025235
S100A6 (6277),0.03869678626590733
RASGRP3 (25780),0.03870517070953571
PILRA (29992),0.03870991649748802
SERPINA9 (327657),0.038712978629694916
NME1 (4830),0.03871880154822097
TUBA3D (113457),0.0387210497023517
DENND2D (79961),0.03872665126896224
YPEL3 (83719),0.038739352621531345
KCNK10 (54207),0.0387666180869589
OR5AU1 (390445),0.03877457375016417
ERCC3 (2071),0.03878778517223912
SACS (26278),0.03882495152449571
CHST15 (51363),0.03883016075275299
MSMP (692094),0.03883481174181923
TLCD5 (219902),0.03884430028226015
SMAD4 (4089),0.03884726033027133
RPS6KA5 (9252),0.03884800712685643
KLF11 (8462),0.03885068379714905
MIOX (55586),0.03887863725132677
SOCS5 (9655),0.03888249950856242
LDB3 (11155),0.03889227606150874
SOCS3 (9021),0.0389382486568747
KRT20 (54474),0.038955542630619996
SLC25A18 (83733),0.03896467714865878
GGNBP2 (79893),0.03897087482844109
ANKRD54 (129138),0.038995268192738734
PGM5 (5239),0.03899804868311531
CD79A (973),0.03900852015476324
TKTL1 (8277),0.03900994969057878
TRADD (8717),0.039035617460501854
NADK (65220),0.03904274300386461
KDM5A (5927),0.03905909497011887
SLC14A2 (8170),0.03906414984027794
VCPIP1 (80124),0.03906482989166948
CACNA2D2 (9254),0.03909295496711941
CLCA1 (1179),0.039096991491458837
PPP1R18 (170954),0.0391055682370417
TMEM121 (80757),0.039115247915911915
COQ3 (51805),0.0391433879215215
MPPED1 (758),0.03919754552329851
NACC1 (112939),0.03920488229137019
ASF1A (25842),0.03920817332505214
GSTM3 (2947),0.03921550446231869
MTG2 (26164),0.039233496406344846
OR9A2 (135924),0.03925915382934376
GYG1 (2992),0.039266075875161136
METTL21C (196541),0.0392918585472588
SIRPB2 (284759),0.03929304647949326
ORMDL2 (29095),0.0393107758561186
FAM177A1 (283635),0.03934079553079422
OR2M7 (391196),0.03934538935778513
SLCO1B3 (28234),0.039355612645010515
CDCA4 (55038),0.039357466770808425
PSAPL1 (768239),0.03935867742709347
FAM177B (400823),0.03936423934509591
MOB1B (92597),0.03936709675460253
TCF20 (6942),0.03937347094054295
CCDC9B (388115),0.03938533923798469
MORC2 (22880),0.039397169969642834
TCAIM (285343),0.03941365259955509
LOXL4 (84171),0.039441544901018775
ALAS1 (211),0.039465583010776135
OR51E1 (143503),0.03947152218665477
ADAM12 (8038),0.03948041273728166
RNF44 (22838),0.039519579174633473
ENDOV (284131),0.03952844174013234
CBX1 (10951),0.0395342023041606
FAM110D (79927),0.03954550596176968
TRIM34 (53840),0.03958963125378755
KRTAP19-6 (337973),0.039593743661728735
C3orf70 (285382),0.03959747140342366
VEGFC (7424),0.039618103023472795
RPF2 (84154),0.03962150809058929
CHD1 (1105),0.039652812558456825
PCDHA9 (9752),0.039657724710659856
GPIHBP1 (338328),0.03966447298167812
BMX (660),0.03966703004837442
RP2 (6102),0.039669303275022966
KRTAP5-6 (440023),0.039672857306420055
ACSL1 (2180),0.03967484407005787
KIAA0232 (9778),0.03967694691340511
FTCD (10841),0.039677241386657285
LMO7 (4008),0.03969306736428272
HBEGF (1839),0.03972880890671985
HOXA6 (3203),0.03973297754834378
FBXL3 (26224),0.03973634046593312
H1-8 (132243),0.039736437639430605
CPM (1368),0.03974456992307926
IFT56 (79989),0.039746018951167576
ORC1 (4998),0.039754575765327024
CCDC87 (55231),0.039761118372520325
EXOSC7 (23016),0.03976752037223756
ZNF780B (163131),0.03978280306247572
BZW2 (28969),0.039784197944986194
TMUB1 (83590),0.0398072755353445
ZFYVE1 (53349),0.03981076741424968
TMEM147 (10430),0.03984050914782314
DDX3X (1654),0.039852262036422545
LIAT1 (400566),0.039858159721368004
C4orf46 (201725),0.03986376083665129
SPACA7 (122258),0.039870967963014106
DARS2 (55157),0.03987347391856696
P2RX5 (5026),0.0398985195288898
TDP1 (55775),0.039902801235013836
ECE1 (1889),0.03991194784503864
H2AC7 (3013),0.03991957727127801
TIRAP (114609),0.03992073785920179
SCG3 (29106),0.039940073834035056
OSBPL10 (114884),0.03995552843193891
EMSY (56946),0.03997819836649552
STK17A (9263),0.040045583590625204
CRAMP1 (57585),0.04007670470110488
SMIM7 (79086),0.040080901102349804
IL20RB (53833),0.04008881922806551
YIPF5 (81555),0.0400971977723303
DNASE1L1 (1774),0.04011426897971244
DLG1 (1739),0.0401317198543852
CELF5 (60680),0.040141917293767766
IGFALS (3483),0.04014955559350253
NDUFS8 (4728),0.040149736067253326
PARP11 (57097),0.04015350212428858
OR5K1 (26339),0.040155263220161566
ASPG (374569),0.04015568356703543
CD47 (961),0.04016201285900331
R3HDM1 (23518),0.04017564276676134
FEZ2 (9637),0.04018767968557184
MMP17 (4326),0.04021517109694322
NPDC1 (56654),0.0402278583780994
GP1BA (2811),0.040233478673639314
GJB3 (2707),0.04028313746768212
SIGIRR (59307),0.04029449346618183
NUDT1 (4521),0.04029674249134333
KLHL34 (257240),0.040302704555489594
CES1 (1066),0.0403090804794998
APAF1 (317),0.0403162432888671
HPS4 (89781),0.04035930794193085
RCE1 (9986),0.04038055029673821
PSMD9 (5715),0.04038686181965095
ASB1 (51665),0.04041352361652453
TMEM41A (90407),0.04041453670686483
ZNF763 (284390),0.040414609503739984
CHRNG (1146),0.04041551922941179
AFF4 (27125),0.04041934339436886
C10orf88 (80007),0.04044032596269615
GAS6 (2621),0.040445228034097155
ANKMY1 (51281),0.04047566288793924
CFC1 (55997),0.04047708661963475
ARFRP1 (10139),0.040483503418488935
METRNL (284207),0.04048849821306736
ARID1A (8289),0.04050298166862007
AMT (275),0.04054484092909968
TSHR (7253),0.0405516340528443
TAS2R3 (50831),0.04055746041801454
ZFYVE9 (9372),0.04057720906373712
CHIC1 (53344),0.04058565378501529
DOCK2 (1794),0.040585862119375364
BCL2 (596),0.040600580158675154
RHCE (6006),0.0406119595268284
OR7A10 (390892),0.040618551947047145
EYA2 (2139),0.040625087889636854
RAB12 (201475),0.04062874406073387
UCHL5 (51377),0.04064357468219361
H2AC4 (8335),0.04065217382065694
PURA (5813),0.0406562791334704
FBXL14 (144699),0.04066229929766869
CLP1 (10978),0.040668549038154984
APLN (8862),0.04066940553829339
OXCT1 (5019),0.040676058074093385
PCED1B (91523),0.04070418394196724
TAB3 (257397),0.04073347269878661
FAM20B (9917),0.04074999405547109
GJA1 (2697),0.0407538257834035
TMC2 (117532),0.040773730021468044
EOLA1 (91966),0.04077540728120581
TCF15 (6939),0.04077548711291664
COX6A1 (1337),0.04078694288335446
CYB561A3 (220002),0.0408064939041498
LENG1 (79165),0.040838313208561315
PPP1R14C (81706),0.040840729817424155
TMEM184B (25829),0.04085838123678887
LRRD1 (401387),0.04087850312037243
SMC1A (8243),0.040889166690234575
PKN1 (5585),0.04092119601442076
NPTXR (23467),0.04093689797612466
QSOX2 (169714),0.040945812692454
PPP3CB (5532),0.04094836983194651
HDLBP (3069),0.04095055117012268
P2RY1 (5028),0.040951431003874994
ATP1A3 (478),0.04095397931892598
SNX21 (90203),0.04096167757416464
FSTL5 (56884),0.040966833851300725
CELA2A (63036),0.04098098475880971
ELK1 (2002),0.04098685523456054
STEAP1B (256227),0.04099811393758128
CYP2C19 (1557),0.0410112216267307
PDZD7 (79955),0.04102153246067302
DIDO1 (11083),0.041024756484188796
PAPLN (89932),0.04103207336267904
GRIA1 (2890),0.04103593293503251
PFN4 (375189),0.04107067648538601
C11orf87 (399947),0.041076879669150114
SUCLA2 (8803),0.04108214878190805
ZNHIT6 (54680),0.04109110645304082
EMC6 (83460),0.04112199032269238
CDK5RAP1 (51654),0.04113114738246858
TMPRSS13 (84000),0.04113331660216631
GPAT3 (84803),0.04116700278778881
HOXD3 (3232),0.041176316107455306
LRATD1 (151354),0.04120930498204318
COX6B1 (1340),0.04120963986334037
SLURP1 (57152),0.04121110008209061
DNAJC3 (5611),0.04121781514406261
KANSL3 (55683),0.04126846366669838
DNAJB1 (3337),0.04130339595006284
CSNK2A3 (283106),0.041373392317685075
UBALD2 (283991),0.0413763073393966
CMC4 (100272147),0.04137804586534606
GDAP2 (54834),0.041389383047259934
FABP12 (646486),0.04141423864697819
SBNO2 (22904),0.04142570726873951
MECOM (2122),0.04142894799980045
CCDC134 (79879),0.04143687426095467
RFX4 (5992),0.0414374178480467
FAM3A (60343),0.04145108701461293
KCNH2 (3757),0.041474121392640506
SREK1IP1 (285672),0.04148212578686024
DNAI2 (64446),0.04148389058590493
RTP5 (285093),0.04149288358711451
PRAG1 (157285),0.041503878912658394
DYNC1LI1 (51143),0.04150666094291637
ZNF649 (65251),0.041533268807811545
HOXB2 (3212),0.04154109326330237
FOXI1 (2299),0.04156961107308369
SLC49A4 (84925),0.04158765994680945
F11R (50848),0.04159301477079273
KRT80 (144501),0.04159776137886488
OR2H2 (7932),0.04162241108091651
C16orf86 (388284),0.04162492594027796
ATOSB (80256),0.04162872814756712
HTR3C (170572),0.04162955099602473
TICRR (90381),0.041637766846814465
OR7G2 (390882),0.041646382896873016
L2HGDH (79944),0.04166256143497436
SMAD3 (4088),0.04168459613360555
NAT9 (26151),0.04170829527422096
IFTAP (119710),0.04172752206278066
GZMA (3001),0.04174187200583939
LRRN2 (10446),0.0417561079285091
ADI1 (55256),0.04176584540943613
NFATC4 (4776),0.04176998071673432
COX7C (1350),0.04177614677922752
TMEM253 (643382),0.04177841261005644
BAG1 (573),0.0417856856722582
GAS2L3 (283431),0.04178998490865993
PTPN5 (84867),0.041799516201672805
PRDM14 (63978),0.04180920149382329
GABBR2 (9568),0.04181163181820506
CDNF (441549),0.041822107351255605
TTC29 (83894),0.04185174269371324
NOX1 (27035),0.041879691554830276
GDF7 (151449),0.04188180346893163
HELLS (3070),0.04188986682146677
RAP1GAP2 (23108),0.04189142063079698
FIBCD1 (84929),0.04189401523244553
SULT1B1 (27284),0.04189514308057754
C1QTNF4 (114900),0.041897158198421755
TACO1 (51204),0.04189955989067518
SSNA1 (8636),0.04191090390571856
TMED2 (10959),0.04193206748841013
KCNC4 (3749),0.04193658366520836
TAF3 (83860),0.041943874794004805
VPS4B (9525),0.0419626426628168
OR2Y1 (134083),0.04197330723087066
PLPPR4 (9890),0.04197522935459825
MCTP1 (79772),0.042005480705240836
ADAM18 (8749),0.04200800357061373
CEL (1056),0.042009449172974285
KDM5C (8242),0.042014189852042645
ACSBG1 (23205),0.04202762062702135
MMP26 (56547),0.04203798862498191
C1RL (51279),0.04205631767740499
CALHM4 (221301),0.04212141740434062
ACD (65057),0.04212917723010545
TMEM106B (54664),0.04213237962472171
LRRC75B (388886),0.04213587088046421
ABL1 (25),0.042140510402593895
TIGAR (57103),0.042175411990332076
ZNF468 (90333),0.04219264378368854
EIF4A2 (1974),0.04219410457924692
HOXA10 (3206),0.04220288715922788
DES (1674),0.04221563747226547
WDR35 (57539),0.04221971737654818
PRR23B (389151),0.042232213146631475
BOK (666),0.04223380775332675
TRIM52 (84851),0.04224423216211543
RAB33A (9363),0.04224919231238299
SPATA31A7 (26165),0.042253206225052485
ATG5 (9474),0.04225903786498228
C1orf226 (400793),0.042264992391387174
PLA2G2E (30814),0.04226539889756372
NPBWR2 (2832),0.04230612237408238
GPR68 (8111),0.04231585940334612
XPC (7508),0.04232255554481778
AHNAK2 (113146),0.042328816631612844
MAP3K6 (9064),0.042333908411466545
LARP4B (23185),0.04235364461590088
ZDHHC19 (131540),0.04236421126789679
S100G (795),0.04236558643547055
CD5L (922),0.04238502608005067
HOXC11 (3227),0.04239527236205974
TMPRSS5 (80975),0.042466529845711656
NISCH (11188),0.04247967285498726
WNT5B (81029),0.04248291612561691
PPP2R5D (5528),0.042500627145013056
ATP2A1 (487),0.04250523930805917
ATP6AP1 (537),0.04251871567212727
COL23A1 (91522),0.04253197988355755
ENPP7 (339221),0.042533062838395426
TMEM185A (84548),0.04253712451558237
CCDC107 (203260),0.042557913733258686
DIO1 (1733),0.04257139456315333
DNAAF8 (146562),0.04257417794503997
STAT3 (6774),0.04258220614808207
SMARCA5 (8467),0.04258602673699463
SNRNP25 (79622),0.04258898270517078
DCTN1 (1639),0.04259134540508309
MYLK4 (340156),0.04260202222512122
MRTFB (57496),0.04263021407559886
TSACC (128229),0.04266321483421994
VWA5A (4013),0.04266993297432255
DDIAS (220042),0.04268640429428543
TMEM14C (51522),0.042697887802369154
SEMG2 (6407),0.04270426367644079
TIMM50 (92609),0.04273685783151494
KRTAP9-9 (81870),0.042774292159882994
FLNC (2318),0.04278692876375138
KCNK13 (56659),0.0427934754000484
EWSR1 (2130),0.04279660395426073
SIGLEC10 (89790),0.042804672508645655
GALK2 (2585),0.04281110679307795
LIN52 (91750),0.04282747678671869
PKIB (5570),0.042847590576524604
TNIP2 (79155),0.04285483095087665
KLRG2 (346689),0.042893258806233674
LRRC24 (441381),0.04289917084935886
CIMIP1 (128602),0.042915661710491354
NXF3 (56000),0.042919706115334307
SLC38A10 (124565),0.0429321773644992
PHPT1 (29085),0.04293249198456449
KXD1 (79036),0.042936857320648066
FOXK2 (3607),0.042962628980631905
DEK (7913),0.042965093849095824
ATXN2L (11273),0.04299057371622275
CCR6 (1235),0.04300819982307656
WNT1 (7471),0.043010584592440324
ZNF250 (58500),0.04302430956901189
PITPNC1 (26207),0.04302592606081748
OTOS (150677),0.043026690483275426
RNF215 (200312),0.04302906285336413
HLA-F (3134),0.04303421586824122
RBKS (64080),0.04304161891821463
WNK3 (65267),0.043048290294874454
EIF3B (8662),0.043054528948306005
SECTM1 (6398),0.04306483703385878
PPIB (5479),0.043076303389468704
KLK1 (3816),0.04308338489633034
CD300E (342510),0.04314957824898296
TUBG2 (27175),0.04315738996717088
MAN2B1 (4125),0.04316029943457201
ZBTB5 (9925),0.0431652344385219
BLVRA (644),0.04316937131079822
VIL1 (7429),0.043187345796005285
MOG (4340),0.04320069494504893
NOS1AP (9722),0.04320317945102966
KRTAP10-11 (386678),0.04320563849796932
SNIP1 (79753),0.043214632313346026
OSBPL6 (114880),0.04321636660505537
MLX (6945),0.04321857740896462
SLC26A1 (10861),0.043222043358877485
BTK (695),0.04323861745963812
SLC13A4 (26266),0.0432416239146043
TTC7B (145567),0.04327528085212607
NSMF (26012),0.04327647311994376
PRSS58 (136541),0.04328152829972656
TPX2 (22974),0.04330330769419302
SHOX2 (6474),0.04333234321973075
PNISR (25957),0.043336100906605515
OR7D2 (162998),0.04335674518542588
SEC24B (10427),0.04336277860608998
ASCL1 (429),0.043366493857337075
SNTB2 (6645),0.04337488755051762
LRP2BP (55805),0.04337685410741418
ZFAT (57623),0.04338915097082611
DNASE1 (1773),0.043395259958488995
ANKDD1A (348094),0.04340545243539749
RPL17 (6139),0.04340979068600678
RNF26 (79102),0.043428900445594124
AP4B1 (10717),0.04343742629017941
ZFP91 (80829),0.04347478167627247
H2AX (3014),0.043481674318551954
TRPV5 (56302),0.04348738684225785
TBC1D30 (23329),0.0435010333166253
PGBD2 (267002),0.04351726660572278
FRMD1 (79981),0.0435508746377853
TPPP (11076),0.04356406477430742
JAM3 (83700),0.04359488824308343
SAR1A (56681),0.04360117535466841
ARRDC1 (92714),0.04360747813009675
FUT1 (2523),0.04363070388207971
EPM2A (7957),0.04364546253856911
C1orf198 (84886),0.0436483571271999
KMT5B (51111),0.043661101254276885
TM2D2 (83877),0.04366418114322759
DSE (29940),0.04366763457995966
DDO (8528),0.043684306588877085
ZDHHC24 (254359),0.04368761409795834
BACH1 (571),0.043706306261273836
SMIM17 (147670),0.043706585519533915
SELENOH (280636),0.0437154471355086
UHMK1 (127933),0.04373115304495198
FSCN2 (25794),0.04373176622531682
EGFL6 (25975),0.04375432628777661
TMEM80 (283232),0.043756458502761816
ETV6 (2120),0.04376447091883928
PIGB (9488),0.04379413216347397
LALBA (3906),0.04379894120220358
NLRP8 (126205),0.043803883386599414
KCNA6 (3742),0.04383294577556264
IFNL2 (282616),0.04384590555369087
CRELD1 (78987),0.04384864932973486
ROCK2 (9475),0.04386073409583628
TRIM65 (201292),0.04389242549716889
ACOT8 (10005),0.043900055461889846
CES2 (8824),0.04392691499643353
RALGDS (5900),0.04393868033685749
CDKN2D (1032),0.0439572633555217
ADGRG2 (10149),0.043990333002596804
SUCLG1 (8802),0.04399226462851701
HAVCR2 (84868),0.0439928767413562
ACKR1 (2532),0.04403279798966349
TUSC2 (11334),0.04404073621718842
SEPTIN12 (124404),0.04405923954764808
KAT2A (2648),0.04407787589756545
C16orf95 (100506581),0.04408656386067116
ESAM (90952),0.04408996821185428
OR2T5 (401993),0.04409316631977691
GNAI2 (2771),0.04409838510848193
NT5DC3 (51559),0.044099018802862905
CPT1C (126129),0.0441081882670087
ANAPC16 (119504),0.04411927802929648
PPP1R15A (23645),0.04412627487478042
PRDX1 (5052),0.04413005659122603
SMG8 (55181),0.04413041872729054
OR8S1 (341568),0.04414712143021512
RPL10L (140801),0.04415930766668173
DNAJC6 (9829),0.04417851349298811
H2BC7 (8343),0.044213326050953045
ERVW-1 (30816),0.044246605124133864
ZNF444 (55311),0.044249851981049845
ZNF658 (26149),0.04425590114841519
H3C8 (8355),0.044262532158621776
PPL (5493),0.04426426816877765
LTB4R2 (56413),0.04426925570801344
MMEL1 (79258),0.04428145049151448
CHAMP1 (283489),0.04428901049247677
OR4C15 (81309),0.04429761073193148
ATF5 (22809),0.0443053168713144
WDR86 (349136),0.044323993048818185
UTS2R (2837),0.0443266626566344
GMEB2 (26205),0.04434190628529354
HOOK1 (51361),0.04434344341817794
CYP2A7 (1549),0.04434496874069282
PCDH18 (54510),0.04437140330503953
CAVIN1 (284119),0.04438345621167973
YME1L1 (10730),0.04438710622037399
ARHGAP28 (79822),0.0444167136257335
CTNND2 (1501),0.044418153302572976
NSG1 (27065),0.04442979752826595
TMIGD2 (126259),0.04444312918448748
NOP53 (29997),0.044460247198644234
DPY19L4 (286148),0.044467082381688956
MAP2K2 (5605),0.044467619724085826
DUOXA1 (90527),0.04447570538449367
RAB19 (401409),0.04452814887876639
LTC4S (4056),0.044536709792761704
KAT6A (7994),0.0445581283615999
MTO1 (25821),0.04456202918115341
CASP2 (835),0.04456680633063785
AFMID (125061),0.04457162561301203
PATE1 (160065),0.044576692331659035
SMARCAL1 (50485),0.04458720878569795
CREB1 (1385),0.044588932436139025
CLINT1 (9685),0.044609146725751996
DNAJB6 (10049),0.04462996433182261
PLEKHF2 (79666),0.044650669758635346
FAM204A (63877),0.04466260719428509
ELOA (6924),0.04466609757287724
CFDP1 (10428),0.044687863920157875
PNPLA5 (150379),0.044700372681881366
SURF1 (6834),0.044704194159016004
HAUS7 (55559),0.04472026615400761
LPA (4018),0.044773886684369164
TMEM230 (29058),0.04479027489972048
INPP5A (3632),0.044825163009478114
JAKMIP1 (152789),0.04487130067209828
ADGRG7 (84873),0.04489175025624573
EEF1AKMT3 (25895),0.04491431382236999
SIGLEC5 (8778),0.044915587515273775
UGT1A5 (54579),0.044932972000529973
LAMC3 (10319),0.044937746308808264
PRDM1 (639),0.044946688059092715
PNPO (55163),0.044954775864785884
IL36RN (26525),0.04495674743398825
PCSK4 (54760),0.04499591126512588
MOK (5891),0.04501725554968316
ADRA2C (152),0.045018839987186796
ATP1B3 (483),0.04505712939493124
LRRC52 (440699),0.04509365794035826
TLN2 (83660),0.045093924403594374
PENK (5179),0.045118016082064887
SLC19A1 (6573),0.04514268650283545
FN3KRP (79672),0.04516556163800211
AKIRIN2 (55122),0.04516721858858598
MCM4 (4173),0.04516876296283453
CDK12 (51755),0.04523414230843697
SCRIB (23513),0.045247955121223586
FEM1C (56929),0.045257644620739876
ATP10B (23120),0.04527276420314272
BTD (686),0.045282626079102786
PTPN13 (5783),0.045324098630143715
SLC30A5 (64924),0.0453311507604025
TEKTIP1 (100128569),0.04536083962312181
CHGB (1114),0.045361843587325826
ZZZ3 (26009),0.04536809818514584
CSRP2 (1466),0.04540821194941913
COA8 (84334),0.04541084622067568
PRG3 (10394),0.04542174920637641
MAP1LC3C (440738),0.045424680930753095
ATG4D (84971),0.045453399265881204
MAPK12 (6300),0.04546447483298098
PKP3 (11187),0.04547664233476193
SPAG7 (9552),0.04549227868386523
PYHIN1 (149628),0.04551129220651044
SDHAF2 (54949),0.045521141942420636
ZNF592 (9640),0.04552650688038981
TMEM52 (339456),0.0455266722835393
FBXO27 (126433),0.04552670484689724
FAM181B (220382),0.04553650420748648
MTCP1 (4515),0.04554389163889015
MYRIP (25924),0.04555438062088557
CHADL (150356),0.04556296570852428
SOX10 (6663),0.04557182098386237
CGREF1 (10669),0.045582272704770214
CBY3 (646019),0.04560484722349423
SPMIP10 (389320),0.04560633138435144
TMEM208 (29100),0.045611351464425666
RAB25 (57111),0.04563403673212975
ZNF559 (84527),0.04564324651063659
ZFYVE28 (57732),0.04567738197747716
PRPS1L1 (221823),0.045693245908916505
BIN2 (51411),0.045699846668015916
DHX57 (90957),0.045741851166121845
IVD (3712),0.04574658243555067
H3C7 (8968),0.04575553753153338
CRYGN (155051),0.045759691975839366
SRD5A3 (79644),0.04578375216925964
OPN1SW (611),0.045785386626316274
PLCD4 (84812),0.045793383864541085
TALDO1 (6888),0.045800935343959834
CALML5 (51806),0.045816912868689635
NPPB (4879),0.04582265901116219
KCNA7 (3743),0.04583153012491678
GPR35 (2859),0.045846682325629724
PLTP (5360),0.045867626125213105
PTBP2 (58155),0.04587224650821932
FAM162B (221303),0.04590311925265995
OR2T29 (343563),0.04592705460512359
SNX9 (51429),0.04593655767607188
IPO9 (55705),0.04594507637115028
MRNIP (51149),0.04594854303848405
MYLK (4638),0.04596771530220684
TMEM259 (91304),0.04599300719262274
KRTAP5-1 (387264),0.045997147250187435
CCL19 (6363),0.04600004069266628
RUNX1T1 (862),0.04600292990368467
UVRAG (7405),0.046011167880523764
JAG2 (3714),0.046034000982368414
BIRC7 (79444),0.04603434462373086
KLK7 (5650),0.04603656618384654
FOXP3 (50943),0.04604381507199234
SERINC4 (619189),0.04605449875494828
C17orf58 (284018),0.046055501795737024
ADIPOR1 (51094),0.04606914730495231
PLPPR3 (79948),0.04609927543486792
CARNS1 (57571),0.04610009606281477
ARGLU1 (55082),0.04611995871201684
CEP68 (23177),0.046120268242432795
TMOD1 (7111),0.04612239482871797
COPS8 (10920),0.04613256424735194
TSNARE1 (203062),0.04614493856176475
PIP5K1C (23396),0.04615331066760105
SLC7A8 (23428),0.04618022053822316
CBX3 (11335),0.046221099096353975
TARBP2 (6895),0.04625083202531802
SHF (90525),0.04629149266238045
YY1 (7528),0.04629366671180858
RNF11 (26994),0.046294188678883894
NRM (11270),0.04631789290927521
ZNF7 (7553),0.046324909527665596
KAT14 (57325),0.046355188557004344
USP12 (219333),0.04635995766856471
TFE3 (7030),0.046379952557752804
DCUN1D5 (84259),0.04638518783363342
CCDC102B (79839),0.04644024651552134
RMDN3 (55177),0.04644825067303436
GLE1 (2733),0.046484107103221185
GSTK1 (373156),0.04648475930161144
SHISA5 (51246),0.04648686538711104
ZNF805 (390980),0.0464890125145015
TSPO (706),0.04650188137957331
CYP27C1 (339761),0.046505814959868975
EXOSC9 (5393),0.04653245607605611
EEF1A2 (1917),0.0465416320778576
SPTA1 (6708),0.04656834315018188
CCHCR1 (54535),0.046568887638988615
BRMS1 (25855),0.04658215820544767
SLC7A2 (6542),0.04658837918432279
HTR7 (3363),0.04659200779546528
PTK6 (5753),0.04661205369451096
ARPC5 (10092),0.046616115142707214
CREG1 (8804),0.04662773495832315
EPHX2 (2053),0.046637293329046065
NAGA (4668),0.046641081047364356
CUZD1 (50624),0.04664587966221698
SEC16A (9919),0.04668787545091625
POTEC (388468),0.046708898483400985
GLDC (2731),0.046709163377697434
PLAAT4 (5920),0.04672633192004431
PRRG3 (79057),0.04674200670109941
DACT2 (168002),0.04675662635148413
RCBTB2 (1102),0.04675868593160286
MTA2 (9219),0.04676868677381956
TC2N (123036),0.04678192235119046
SPRY1 (10252),0.046782718720151266
MINDY2 (54629),0.04678609520543828
PAQR7 (164091),0.04678736965145814
COQ5 (84274),0.046799444401009874
ANAPC7 (51434),0.046806059500918665
MFSD5 (84975),0.046833142053410645
EPHA1 (2041),0.04687756057165725
SLC35A4 (113829),0.046917798872530274
TMEM86A (144110),0.046919676416053886
ZNF398 (57541),0.04692512447481682
ZNF771 (51333),0.046925643651626166
TBRG1 (84897),0.04693514868446892
HSPB9 (94086),0.04694555873125272
KRT6A (3853),0.046969054617035974
C1orf159 (54991),0.046970203878400736
ITGA10 (8515),0.04698400640105346
RPL38 (6169),0.04700841104028059
IRGQ (126298),0.04702888606800533
MCM3AP (8888),0.047050912736262315
TNKS1BP1 (85456),0.0470574748282605
SEC24A (10802),0.04707957151702103
GBP3 (2635),0.047123934140346074
TRAP1 (10131),0.047129878203450146
UBXN1 (51035),0.04713081325834053
HERPUD1 (9709),0.047132663743197654
EGLN1 (54583),0.04719241954524858
BAHD1 (22893),0.04719979023809632
CLBA1 (122616),0.04720262115373963
ARSH (347527),0.047213684945208674
TAS1R3 (83756),0.04721378456053379
JPH1 (56704),0.04721615938575747
ATP6V0A4 (50617),0.047219025314862655
HNRNPH1 (3187),0.047252587979818336
ID1 (3397),0.047272170769190595
KPNA4 (3840),0.04731048603621994
ARMS2 (387715),0.047336647213533964
SLC9A4 (389015),0.04734685232644821
OR52B2 (255725),0.047353227800046596
COL4A4 (1286),0.0473584340647805
GOLGA7B (401647),0.04735898282317211
FOXJ2 (55810),0.04735984224456858
RASSF2 (9770),0.047372566322235854
RBMX2 (51634),0.04738882345388474
CFAP68 (64776),0.0474196384230769
NRG2 (9542),0.047420149488589206
HEXIM2 (124790),0.047461778319692685
TMEM170A (124491),0.04746466279496868
UQCRC2 (7385),0.0474659696999621
NDUFA1 (4694),0.04750073503225886
PHC1 (1911),0.04751393438946587
RPS6KA4 (8986),0.04752966784901762
SURF2 (6835),0.04752971519264412
MCIDAS (345643),0.04755879784204456
SLC37A3 (84255),0.047561680938201394
ARL15 (54622),0.047561767479851774
TRIM56 (81844),0.04756414066108749
CCDC92 (80212),0.047597744509439655
CSF2 (1437),0.04760919348583155
CD33 (945),0.0476158952694058
AMZ1 (155185),0.04762223494497686
MED13L (23389),0.04764768773717849
FAT2 (2196),0.04764799363911446
SLC17A1 (6568),0.04766456108167927
BCL9 (607),0.04768741791928207
RXRB (6257),0.047693372817585414
ESPNL (339768),0.04770674252780825
SERP1 (27230),0.04771033803253644
ASB16 (92591),0.047721914187375924
PANX1 (24145),0.04772920722939094
DDX56 (54606),0.04774672681630577
CATSPERD (257062),0.0477542965678593
SLC45A4 (57210),0.04777365439996842
SPTLC2 (9517),0.04777566130936248
HUS1B (135458),0.047785723673418816
VASH2 (79805),0.04779644513307819
HMBS (3145),0.047817132945654
SPX (80763),0.047827818629242784
SLC22A2 (6582),0.0478716048092426
HDAC11 (79885),0.047873997036589455
HPD (3242),0.04787966616014898
RDH16 (8608),0.04788499819437071
CSAG1 (158511),0.047890492230763915
IFNL3 (282617),0.047912310447786016
GALNT15 (117248),0.047922136525870775
RAB18 (22931),0.047924225176357894
ZNF530 (348327),0.04795727914934523
ZNF578 (147660),0.04797335611630094
TMEM134 (80194),0.04804404913425141
CFAP126 (257177),0.04808157585357893
CDH2 (1000),0.04808173888302143
SSX5 (6758),0.04808877362041492
RPRD1B (58490),0.048148376853552124
NHS (4810),0.04818040688825349
ENKD1 (84080),0.048192958106953274
CYTH3 (9265),0.048204046311403244
GNB4 (59345),0.048204383627339926
SIL1 (64374),0.048204859614480615
ACAT1 (38),0.04821211800284608
ALG12 (79087),0.048212751590827226
GBP4 (115361),0.048221674242173725
HSD3B1 (3283),0.048266190673065285
ICA1L (130026),0.048276733945840276
SEPTIN9 (10801),0.04828372854750642
IL17RA (23765),0.04830011381873274
COMMD5 (28991),0.04830472282981135
TRIM24 (8805),0.04830532445535219
GPM6B (2824),0.048314576582039415
TGM6 (343641),0.04832331625655003
TCF4 (6925),0.04834558445859855
CCNO (10309),0.048358876761460445
DNMT1 (1786),0.04839455564538689
TRIM27 (5987),0.04839906289581738
RBPJ (3516),0.04840233963006124
ACAD8 (27034),0.04840989765945623
H2AC16 (8332),0.04844602855738133
PRDM6 (93166),0.048448596975934295
AXL (558),0.04845584098930607
ZSCAN10 (84891),0.04846415219612837
MON2 (23041),0.0484674772314113
RAB30 (27314),0.0485265427976362
ZMAT2 (153527),0.048529638375888265
RIN3 (79890),0.0485371155788661
TRIM61 (391712),0.048560200563700334
FGF11 (2256),0.04856238245911393
OR6S1 (341799),0.04857407747257428
VRK3 (51231),0.048578795451851516
DNAJA1 (3301),0.04858172330865139
MIA (8190),0.0486721081147904
TNIP3 (79931),0.0486848421466827
PAK2 (5062),0.04869319401330227
MRGPRE (116534),0.048713517903895366
TMEM176B (28959),0.04872296404347719
CPLX4 (339302),0.04873888277931833
KRTAP5-5 (439915),0.04875275242978367
UBAC2 (337867),0.04876361179562784
NSFL1C (55968),0.0488260713953154
GDF5 (8200),0.04884474857178281
ABHD5 (51099),0.04885335633232384
CELSR2 (1952),0.04886338553302917
GJB4 (127534),0.04886611382061
LEPROT (54741),0.04886665318490649
UBAP2L (9898),0.048884847838020794
LRP10 (26020),0.04890949887018077
CBLL1 (79872),0.04892284383272353
VKORC1L1 (154807),0.04892572245120696
NCOA2 (10499),0.04893362150155893
ATL3 (25923),0.04893958998007372
NAT10 (55226),0.048951199151403696
REV3L (5980),0.04895255360007048
SNX1 (6642),0.04895986319805065
KDM5D (8284),0.048962300201449996
ZNF853 (54753),0.04899020648169479
FOXO1 (2308),0.048991915506623025
PDIA4 (9601),0.04900356805033827
CREBRF (153222),0.04902500849853376
SMPD1 (6609),0.0490301445810109
LANCL3 (347404),0.04903453704282346
ZNF511 (118472),0.04904125506889089
ADCK2 (90956),0.04908114785295973
PTGER3 (5733),0.04908351750042307
FPR1 (2357),0.04909934037508348
CHRNB4 (1143),0.04910083933521207
LMNB2 (84823),0.04910428271286771
CPE (1363),0.04914238130008876
RBBP5 (5929),0.04914633650971216
EIF5B (9669),0.04919993781289912
NDC80 (10403),0.04920173199554551
MGAT5B (146664),0.049202519881231435
ZMPSTE24 (10269),0.04921204852486865
PDE6B (5158),0.04923193176187317
SDF2L1 (23753),0.04923248003131558
METTL5 (29081),0.04923582780359893
GCNT3 (9245),0.049240188821458676
TMEM40 (55287),0.049260487711815
ATP5MC1 (516),0.049274367999199424
PLXNA4 (91584),0.04927861132772546
GPR108 (56927),0.04928379419783462
FAF2 (23197),0.049299340715813406
SNX11 (29916),0.04933404156039604
ANAPC10 (10393),0.049350528017572524
ACOT4 (122970),0.049351242758553224
SERPINA4 (5267),0.049365894515214295
CCL27 (10850),0.04938444969997924
LCE1B (353132),0.049384875404393104
PUS1 (80324),0.04939207988070334
E2F3 (1871),0.04939295768140912
FYTTD1 (84248),0.0494010247250543
MYZAP (100820829),0.04941212424802909
CAV1 (857),0.049415370424664214
MTCL2 (140710),0.04942550254734579
ASTE1 (28990),0.0494430442811854
ANGPTL8 (55908),0.049460005257092376
MYCBPAP (84073),0.04948246671556154
CYB5A (1528),0.04948934919299486
YIPF2 (78992),0.04951855707887092
CEP170 (9859),0.04954230473340912
SPRR4 (163778),0.04954320200309055
MROH7 (374977),0.04955527004779088
CLDN25 (644672),0.04956780782746372
KLHL15 (80311),0.049585527236700316
CLN6 (54982),0.049601872677571504
STK32B (55351),0.049613637013758545
KIN (22944),0.04964240189606299
TEDDM1 (127670),0.04965205173197178
SPATA19 (219938),0.049655418950061786
LCE4A (199834),0.04970421171568887
DESI2 (51029),0.0497051730374387
ITGB4 (3691),0.04971369222145842
ST6GALNAC1 (55808),0.049739222751648424
NUDC (10726),0.049753202955990936
BNIP1 (662),0.04975437597143811
PSMC2 (5701),0.04977695313453331
ISL1 (3670),0.04980168486422166
HNRNPR (10236),0.04980457884467753
PLA2G12A (81579),0.04980824827109249
THBS3 (7059),0.049818410158265033
R3HDML (140902),0.049834099326537824
ARX (170302),0.049903427073946786
IFNA2 (3440),0.05001703889834197
MED6 (10001),0.05002621432418283
KRTAP19-4 (337971),0.050035485185374456
VENTX (27287),0.05003639370348219
ZNF548 (147694),0.05005508497265297
IMMT (10989),0.050057561568903106
NCOR2 (9612),0.0500871774693495
NLN (57486),0.05008774577154802
MED29 (55588),0.05008794152556752
PLCB3 (5331),0.05010156315654257
DNPH1 (10591),0.050110932545575186
VSTM5 (387804),0.050175458699154706
PTPN21 (11099),0.050183135305616106
CAPN12 (147968),0.050205993447158
ZNF836 (162962),0.050213651710052765
C16orf46 (123775),0.05023507660718345
FAHD2B (151313),0.050244035459353374
COG4 (25839),0.05025177382481389
ALKBH1 (8846),0.050252709975800454
ZNF205 (7755),0.05025498811528449
COMTD1 (118881),0.05026075028793831
OTOP1 (133060),0.050303873784758944
CDK3 (1018),0.05030520774978045
SLC18A1 (6570),0.050343563868648245
SLC35G6 (643664),0.05035245546288632
ZNF577 (84765),0.05038879562264897
GOSR2 (9570),0.05039117246131334
SYT2 (127833),0.05042653959537889
SNX19 (399979),0.05043285098227682
PIH1D1 (55011),0.05043404823695545
DPT (1805),0.05046982519058128
KCNH8 (131096),0.05047964646243674
NUDT2 (318),0.05050338304572111
PLA2G1B (5319),0.05052925776400562
LRP4 (4038),0.05053573553923522
NAB2 (4665),0.05055927416536034
CENPE (1062),0.05056021710951908
PRSS3 (5646),0.050572917520732626
GTPBP1 (9567),0.050602265593857935
MC4R (4160),0.050608596347490827
ATG16L1 (55054),0.050623980200323895
ETV3L (440695),0.05064465609681724
NUDT5 (11164),0.05072170465358307
RNASE9 (390443),0.05075489422611227
ZNF280A (129025),0.0507650019353794
AKAP13 (11214),0.0507694525558197
POLG2 (11232),0.05080528292746396
SAMD11 (148398),0.05085663875177864
GNA12 (2768),0.05086733349036035
ARSD (414),0.05086830449709441
YWHAB (7529),0.0508822463002513
C15orf40 (123207),0.050894905672854804
AQP11 (282679),0.05089741392681134
ZNF226 (7769),0.05093651854283057
SLC66A1 (54896),0.05099824539574265
RBP2 (5948),0.05100880291105113
ATXN7 (6314),0.05101260572199397
IPP (3652),0.051014537609838935
HM13 (81502),0.05105091304552475
MPZL1 (9019),0.05107549129583989
WDR11 (55717),0.05111390068729457
COL5A3 (50509),0.051138446380127316
SAXO5 (374877),0.051156350180031576
C12orf43 (64897),0.05115882084279678
SLC39A11 (201266),0.051176831377813446
RBFOX3 (146713),0.051188807403018705
S100A13 (6284),0.05119802953929346
MNDA (4332),0.051214741335334796
KAT2B (8850),0.05123176892011443
LYPD2 (137797),0.05123543867410225
PRR19 (284338),0.05123632638716255
OPA3 (80207),0.051246599425890355
CENPI (2491),0.0512571212402879
MPHOSPH6 (10200),0.051264767175775244
EIF3K (27335),0.051270980908589614
MINK1 (50488),0.05128630395560906
HSPA5 (3309),0.051300330752079515
TMED8 (283578),0.05130090385253161
LRRN4 (164312),0.051302890820116895
RERE (473),0.051314865321319784
HPCAL1 (3241),0.051316694557018566
ZNF138 (7697),0.05133150941701059
RGL1 (23179),0.05136353224616882
HMGN2 (3151),0.05136743365880555
THOC2 (57187),0.05144654136193653
CAPN10 (11132),0.0514724387270094
TIGD2 (166815),0.0514930325873462
CUL4A (8451),0.051495843115584375
GSTM5 (2949),0.05155039065421681
PSME3 (10197),0.05156659075807257
VIT (5212),0.0515686719528344
NUP188 (23511),0.05160795915243184
PHACTR4 (65979),0.05163981928285041
OR10H5 (284433),0.05166545184812945
MTHFD2 (10797),0.05167534234737427
IRAK1 (3654),0.05168198350465884
PCDHB12 (56124),0.05169071394000209
MBTD1 (54799),0.05170859010501523
FOXH1 (8928),0.05170984172445693
INO80C (125476),0.05171655206213026
MYO16 (23026),0.05176108979159799
NDEL1 (81565),0.05179306625649502
OR5B2 (390190),0.051810740830164716
TIMP2 (7077),0.051813482479289553
SPEN (23013),0.051821371644973434
OSCAR (126014),0.05182401796946622
SLC35C1 (55343),0.05186364177572323
LRSAM1 (90678),0.05187560066442973
RITA1 (84934),0.051886954314951494
LFNG (3955),0.05197823046346718
OR2T27 (403239),0.051992775420620384
PTPRZ1 (5803),0.05199852910288058
WDR5 (11091),0.05202317376386256
ZC3HAV1L (92092),0.0520311857429369
RP1 (6101),0.05204396785442692
CNPPD1 (27013),0.05204914637717438
IRF5 (3663),0.05205183186745425
HLA-E (3133),0.052053340573136125
KRT12 (3859),0.05205688636867833
MTHFD1 (4522),0.05205827047704475
ERAS (3266),0.052058877623326075
GATAD2B (57459),0.05205928535741712
ADAM23 (8745),0.05206437682562
PPP1CB (5500),0.0520745904950157
FETUB (26998),0.05213875274144738
LRRC3C (100505591),0.052157378899561416
SAMD10 (140700),0.05217319672416237
CFAP53 (220136),0.052173317042326924
ST14 (6768),0.05226239527040514
NDUFA3 (4696),0.05229458460334142
OR14C36 (127066),0.05229855071933478
H2BC10 (8346),0.05232913221486261
EEF1D (1936),0.05233797767554779
MGRN1 (23295),0.05234176815409419
RC3H1 (149041),0.052378834007211945
RAB43 (339122),0.05238242159181625
NFYB (4801),0.05238462890868749
UBR2 (23304),0.052385327448197065
PKP2 (5318),0.05238694329205647
IRS1 (3667),0.052425928055574694
PIP (5304),0.05243149700292015
SLC25A53 (401612),0.05245433346191446
ING2 (3622),0.05249074991562822
RFC4 (5984),0.05250011127278209
UBAC1 (10422),0.05252969309848622
MFSD3 (113655),0.05254240966796702
RND1 (27289),0.0525538131941128
C17orf99 (100141515),0.05261647545732186
GRTP1 (79774),0.05262481411742589
CMPK2 (129607),0.052670142355285214
SORCS1 (114815),0.05267059390709324
CASP1 (834),0.05267139938538217
AVP (551),0.052707809793125275
MEF2D (4209),0.052714886640829725
ERP29 (10961),0.05274779065458627
TAGLN2 (8407),0.052753043572849795
MTMR9 (66036),0.05279716459378493
TM9SF3 (56889),0.05285231389862863
C1orf122 (127687),0.0528736232744228
HRH3 (11255),0.052901408287451934
SSH3 (54961),0.05292258274489097
NDUFB9 (4715),0.052927158178072524
KIAA1328 (57536),0.05295163102716939
GALT (2592),0.052956778827514255
ZNF587B (100293516),0.052963745822346905
PPTC7 (160760),0.05297170897490359
NEUROD4 (58158),0.05298150549806678
RNF212 (285498),0.052994097012141986
TJP1 (7082),0.052995853383768554
HOATZ (399949),0.05299917380596538
ACSL4 (2182),0.053014386866000636
TCF3 (6929),0.053023952032276875
LEFTY1 (10637),0.05303233319424354
SMPD4 (55627),0.05303991998725644
CD247 (919),0.05304783418211963
CFAP96 (441054),0.05309469746301559
MEAK7 (57707),0.05310079293526399
GUCD1 (83606),0.053128068977429825
RBM12B (389677),0.05313358238021822
NLRP5 (126206),0.053143985172617175
SDCCAG8 (10806),0.053155660296588955
UQCR11 (10975),0.05316822256253351
JMY (133746),0.05317288090658397
PSMA2 (5683),0.05320898387583517
ARHGEF6 (9459),0.053225332556281715
B3GALNT1 (8706),0.05324915729662705
LRRC23 (10233),0.053253680989620994
PFKM (5213),0.05325537295283446
GMDS (2762),0.05325790745656484
OTP (23440),0.053263969024099946
ALAD (210),0.05327214768176662
SUZ12 (23512),0.05327608655606443
TIMM44 (10469),0.053281269524709345
PRSS21 (10942),0.05328351307539319
MTBP (27085),0.05333667152448095
SUFU (51684),0.05336640913648681
UQCC5 (440957),0.053372206369892594
ZNF783 (100289678),0.05338074888028059
NDUFV1 (4723),0.05338512490838464
ZDHHC21 (340481),0.05339248880471595
TM6SF1 (53346),0.05339693855814535
ALKAL2 (285016),0.053397316813160116
NEU4 (129807),0.05341585388064442
SLC26A11 (284129),0.05342667991562252
STT3B (201595),0.05343060491820239
DIO3 (1735),0.05344593698422405
KAT8 (84148),0.05344955903411998
PSMD8 (5714),0.05346089032894901
OR7A17 (26333),0.053474348965461424
UGT1A4 (54657),0.05349564094023006
NOL8 (55035),0.053549741691801364
NEU3 (10825),0.05356122759691167
OSTF1 (26578),0.053570914180232916
GPR62 (118442),0.0535773664404821
DHX32 (55760),0.05361596197763651
CCNE1 (898),0.05361735188441919
TMEM249 (340393),0.05364597561265601
NSD2 (7468),0.05367718941882581
RHOB (388),0.05368454870582187
CEP164 (22897),0.05371577326703589
TLCD3A (79850),0.05373690446301054
SYVN1 (84447),0.05373785697306233
CHST14 (113189),0.053741900906133414
APOM (55937),0.05374218670793129
RNF39 (80352),0.05374355948354641
ARHGAP9 (64333),0.05374786073509186
NDUFB8 (4714),0.05376015916457314
CTRC (11330),0.05377682022825176
TSPAN9 (10867),0.05382549675658899
FOSL1 (8061),0.05383598513814999
CDC25A (993),0.05384739015199616
TCFL5 (10732),0.0538517352551698
KHDC1 (80759),0.0538646329724798
CASKIN1 (57524),0.05394038620783692
ERP27 (121506),0.05394941100796274
HERC2 (8924),0.05402646554073867
H2BC6 (8344),0.05405129008018387
SF3B4 (10262),0.05406105131434566
CSPP1 (79848),0.054067076312584665
SMLR1 (100507203),0.0541262617941601
CCDC74B (91409),0.05414013740165223
UBL4A (8266),0.054149658356767466
STARD4 (134429),0.05415083166118084
CSRNP1 (64651),0.05415804610480254
PFN3 (345456),0.05415987058951692
WFDC9 (259240),0.054161668580951616
EXOSC3 (51010),0.054205060033868505
IGSF9 (57549),0.05423372168983319
CRMP1 (1400),0.05428456949927569
ARL10 (285598),0.05431600392981078
LGALS3BP (3959),0.0543219192018947
POPDC2 (64091),0.05432913726018153
TCAF1 (9747),0.05433425895821214
TADA2A (6871),0.054344906186002254
SYDE2 (84144),0.05434581643595293
SRP14 (6727),0.05437134703723043
ARHGEF40 (55701),0.05438967685779965
GMEB1 (10691),0.05438984220159127
PBX2 (5089),0.05440523035768155
LXN (56925),0.054419632044757235
TTC27 (55622),0.054422405167838465
CASP8 (841),0.054443605771014876
MYH7 (4625),0.05444380205999893
PPFIBP1 (8496),0.054455440608099294
PCDHB5 (26167),0.054463453719764646
GIMAP8 (155038),0.05446628678061005
ABCB7 (22),0.054488264616519025
KLF3 (51274),0.05448830073015979
MYOZ1 (58529),0.054596420281901405
UBE2V1 (7335),0.05461673663271681
RAB40B (10966),0.054643649933712186
EXPH5 (23086),0.05466887879045643
RTN3 (10313),0.05469162788982804
H4C1 (8359),0.05470528463355236
SLC49A3 (84179),0.05474284865837034
COX6C (1345),0.054748378582192773
FLI1 (2313),0.0547531662373619
ZNF692 (55657),0.0547800761228635
TMEM50B (757),0.05483648807140807
TOX3 (27324),0.05486887975254529
KMT5A (387893),0.054880128423767535
PPFIBP2 (8495),0.05489929380201241
HOXD11 (3237),0.05490860312284974
GTF2F2 (2963),0.05496567683218513
ZNF551 (90233),0.054986585619878764
ATP2B3 (492),0.055048241744048494
VPS53 (55275),0.055061653545234915
PLEKHJ1 (55111),0.055065049652902966
AK3 (50808),0.05510201555135108
SEC31A (22872),0.05511311623531549
PAQR4 (124222),0.05513026442970647
ZNF586 (54807),0.055149100002385494
JARID2 (3720),0.05515123571905396
MAPK4 (5596),0.055153313336370365
IKBKG (8517),0.05517750356985547
CMKLR1 (1240),0.0552049433063004
IPO11 (51194),0.05521732000475278
NOXRED1 (122945),0.05522695168450312
SNX17 (9784),0.055227182062731375
OR2W3 (343171),0.055230626057536314
PEAK3 (374872),0.05523270310912687
GIPC3 (126326),0.05525063781365847
SPMAP2 (51298),0.05531884270722931
SH2D6 (284948),0.055325228622277116
OR10G9 (219870),0.05543323361700288
MAGEA8 (4107),0.055433591567514054
KRBOX5 (124411),0.05545337855247195
PDLIM3 (27295),0.05546716677027812
TMOD3 (29766),0.05551374719690423
OR6C75 (390323),0.05558320555315309
OR52I1 (390037),0.05558349650092975
CORO2B (10391),0.05558464693095562
STAT6 (6778),0.05562439971060041
APOC4 (346),0.05563134135811475
ZSCAN4 (201516),0.055637480810895715
PRPSAP1 (5635),0.055671627903668
EIF4E (1977),0.05567933853661458
RIMBP3 (85376),0.05570372518270707
FBXO30 (84085),0.05571135353136522
CXXC5 (51523),0.05574592811421186
NPAS2 (4862),0.05581521467960041
AKT3 (10000),0.0558386045418513
TCP1 (6950),0.05585687494143152
ISG15 (9636),0.05586085933252215
C2orf68 (388969),0.055862482743620816
OR6C3 (254786),0.055867612732916995
SLAMF9 (89886),0.05587293874904822
STAT5A (6776),0.05589124511194021
APOC3 (345),0.05590929556605328
GRK7 (131890),0.05591512124006834
POU2F1 (5451),0.055937520084440605
RFLNA (144347),0.05594058989426132
CLIC6 (54102),0.05595782091987592
SYNGR2 (9144),0.05597116613164023
LRPAP1 (4043),0.0560302390198033
OTOP2 (92736),0.05605430586255573
VPS72 (6944),0.056061664953984666
ZNF587 (84914),0.05607187425028024
DENND4A (10260),0.0561215168274412
ACTL6A (86),0.05612809338416287
SPIRE1 (56907),0.056175206403463185
FOXO3 (2309),0.05618149106898938
PHYHD1 (254295),0.05622578834870591
RNF10 (9921),0.05630817015631717
HACD2 (201562),0.05632931435027284
NDUFAB1 (4706),0.05635592210170169
SIM2 (6493),0.056363627782527674
LACTB2 (51110),0.05636678799486734
CLIP4 (79745),0.056395216885853104
GABARAP (11337),0.056418789283772385
TNR (7143),0.05642241419753166
FAM241A (132720),0.05643177054885627
DAB2IP (153090),0.05644447174289988
CDC42BPG (55561),0.05647955364522947
LHX6 (26468),0.05650820793560125
PGM3 (5238),0.056535510557919104
ADAMTS6 (11174),0.05655347099923268
EOLA2 (541578),0.056626365768946904
IGF2BP3 (10643),0.056648531800654364
HHIPL1 (84439),0.05669645151659901
PCLAF (9768),0.05671065453229329
SND1 (27044),0.0567525562243565
KLHDC2 (23588),0.056754538173407545
MZF1 (7593),0.05676111613718945
HEXD (284004),0.056822813632752114
MBD1 (4152),0.05682318676486398
HDAC4 (9759),0.05683157696099693
YWHAQ (10971),0.05687652600463103
NACA2 (342538),0.056880328662280974
PGAM5 (192111),0.056923161195846554
PAK4 (10298),0.05698031453040774
KCNIP2 (30819),0.0569936625663257
ACHE (43),0.05700118129850065
MMP23B (8510),0.05705076318800672
CADM1 (23705),0.057063535047514116
TERF2 (7014),0.05707020473972944
FAHD2A (51011),0.05709457659884586
B4GALNT4 (338707),0.057098262359324393
IFNA16 (3449),0.057103422144730014
ARHGAP11A (9824),0.0571328091997105
PDS5A (23244),0.05714960156858298
CRAT (1384),0.05721753370593
SEC61B (10952),0.057220409120563816
IER3IP1 (51124),0.05726535844555876
ZYX (7791),0.05730944890784736
UBE2W (55284),0.05732659602402787
MEPCE (56257),0.05735547050355804
PSMA5 (5686),0.05737010352897055
WBP1 (23559),0.05743586529955538
TMED10 (10972),0.05744125193662539
EIF2AK2 (5610),0.057460006129636386
KCNE1 (3753),0.0575400832019608
H1-3 (3007),0.05757184337076962
PER2 (8864),0.05758198523705803
ANG (283),0.057617631594745186
ZC3H10 (84872),0.057636479134912426
ZNF460 (10794),0.05769633058308155
ANAPC13 (25847),0.05770840536674927
TOR4A (54863),0.057728480028580095
ZFAND2B (130617),0.057746127515229666
CPA6 (57094),0.05776401398560059
SH3RF2 (153769),0.057809257649612436
ODC1 (4953),0.05781983481547444
GFOD2 (81577),0.057862787871684356
PDIA3 (2923),0.057870261681885124
HYCC2 (285172),0.05787557483841761
SH3D21 (79729),0.057908434974023384
PTGES3L (100885848),0.057909409344470864
C10orf95 (79946),0.05791402898316446
CIRBP (1153),0.05793425420792094
TAF1C (9013),0.05794292668320174
KRTAP12-1 (353332),0.05794848247546071
NT5DC2 (64943),0.057960045937738285
SF3A2 (8175),0.05797627372949701
PAXBP1 (94104),0.05800260603461761
CTBP2 (1488),0.05808668673343275
LHX2 (9355),0.05817901455230264
ZC3H3 (23144),0.05818880704178267
B4GALNT3 (283358),0.05824132643061463
CASP3 (836),0.05824927681953703
MYO1C (4641),0.05826892678933497
CCDC170 (80129),0.058281325009765246
OR56A1 (120796),0.05828313693235011
SULF1 (23213),0.05833209983827084
ZNF843 (283933),0.058339259797693103
ZNF672 (79894),0.05838463045621842
SLC25A51 (92014),0.058394438342900416
FAM83C (128876),0.05839641740183637
APOB (338),0.0584028967568098
HID1 (283987),0.05840393525622574
RPS21 (6227),0.05847239381890331
ARSI (340075),0.05853274356462739
CYP4V2 (285440),0.05855782777660945
RGL4 (266747),0.05856652055152708
ANKRD39 (51239),0.058570506974660534
CCT2 (10576),0.0585922381888671
CNDP1 (84735),0.058636923442216674
NRBP2 (340371),0.058639111430237714
KPNA2 (3838),0.0586677892566628
SLC34A2 (10568),0.05867184662169007
IDH3B (3420),0.05867634578890541
ATRX (546),0.05872709412126219
PYCR3 (65263),0.058756855474059504
PDCD7 (10081),0.05878340643009595
H2BC9 (8345),0.058790912895512595
DHX8 (1659),0.05883772708130804
SLC11A1 (6556),0.05890757287311569
ACOT2 (10965),0.05896443073171557
CACNB3 (784),0.058969766520763994
LYNX1 (66004),0.059014817107764066
UQCRFS1 (7386),0.059024062234643765
GOLIM4 (27333),0.05905140438463416
EVA1B (55194),0.059071833633700915
RTN4RL1 (146760),0.05908801706912811
PDIA5 (10954),0.05909334680985108
SIRT5 (23408),0.05913874154020342
ATRIP (84126),0.059176773394998335
B3GNT4 (79369),0.05919559054673446
HPF1 (54969),0.059199192443830664
NFE2 (4778),0.05926046578788383
RGR (5995),0.05936282410339122
CHUK (1147),0.05942408681307993
LONRF1 (91694),0.05942850807417237
MED13 (9969),0.05944415368442262
KRTAP9-6 (100507608),0.05944827567317013
PIDD1 (55367),0.05949421092444229
DIAPH3 (81624),0.059502882181203726
GORASP2 (26003),0.05953371753566913
PLEKHG5 (57449),0.059585091055030875
APH1B (83464),0.059587519964279426
FARSA (2193),0.059598287492373885
LRRC39 (127495),0.05959872492952048
VMAC (400673),0.05964038287901836
QKI (9444),0.059671929212517266
EEPD1 (80820),0.05970378091034319
MST1R (4486),0.059751770273314846
SLX4 (84464),0.05983178932308424
CFAP410 (755),0.05985755937444924
IMPA2 (3613),0.0598853443392272
PTK2 (5747),0.05992082367149609
C12orf75 (387882),0.05994040679967338
GIPC1 (10755),0.05999652041928897
STK36 (27148),0.06002171022850536
STX6 (10228),0.06003651835552377
KRTAP19-7 (337974),0.06004176470920291
DDX39A (10212),0.060046287590577514
TMBIM4 (51643),0.06005442672216041
BANF1 (8815),0.06011760364967149
GRINA (2907),0.06014366729734865
C8orf74 (203076),0.060180537590130014
MED15 (51586),0.06022000761342645
NDUFC1 (4717),0.06022319512664697
RPL39 (6170),0.06022543469107603
SPAG5 (10615),0.06029531131087884
KRTAP12-2 (353323),0.06033837003160607
PRDX2 (7001),0.060393303750652404
GSTP1 (2950),0.06040745087603018
TOP3B (8940),0.06041042299968268
ITGA5 (3678),0.06041874940548712
CTNS (1497),0.060457726413139914
NPB (256933),0.060537823565482055
ATF6B (1388),0.060542938721742864
TMEM200B (399474),0.060590893025212
C16orf90 (646174),0.06060435369153208
TEX46 (729059),0.06064546812187273
ANKRD26 (22852),0.06083466897182663
ECRG4 (84417),0.06084715498549204
COLEC11 (78989),0.06088010660132659
ACOD1 (730249),0.060895264019683516
LAMA1 (284217),0.06090460654261295
BORCS6 (54785),0.06091144154995679
C8orf82 (414919),0.06094865576318435
ENOX2 (10495),0.06097001169090715
IFT140 (9742),0.0609965430097184
UBR7 (55148),0.061010451960024685
DYNC2I1 (55112),0.06102846177695144
WDR13 (64743),0.06102885620094482
EXOC6 (54536),0.0610309841754485
LIPT2 (387787),0.06106755894477438
GZMH (2999),0.06107059661595061
APOBEC3B (9582),0.06119956784330517
EBF1 (1879),0.06122949208773273
AADAC (13),0.06125262361786395
GABPB1 (2553),0.06130821481891448
AQP7 (364),0.061343856436276746
PHRF1 (57661),0.06134977457192759
MFSD2B (388931),0.061418917879569095
SLC9A7 (84679),0.06149413999006963
NUP54 (53371),0.061497149336235436
ZNF582 (147948),0.061503146267142025
RBMS2 (5939),0.061516733654103234
RAX (30062),0.061522062141336084
IBA57 (200205),0.06156230631128167
ANGPTL7 (10218),0.061565323516505746
FDX1 (2230),0.06158339169551601
SYNJ2 (8871),0.06162131866321729
AP1G1 (164),0.06162810898608721
NCAPD2 (9918),0.06164659251506577
MAFF (23764),0.06165621993447505
DMRTA1 (63951),0.061688387927682116
SUPT7L (9913),0.06169911626043196
AP1M1 (8907),0.06171141758619518
USP5 (8078),0.06171664941882827
GHRL (51738),0.06174112025892316
B3GNT7 (93010),0.06175894463090714
ALDH9A1 (223),0.06180230173108022
COMT (1312),0.06181153535455549
RAB40AL (282808),0.061825057195849804
FGF12 (2257),0.06182598852279805
ERG28 (11161),0.06183219843488895
ARID3C (138715),0.06185338816567931
INTS5 (80789),0.06198672934508791
SART3 (9733),0.061993403693868535
MED20 (9477),0.062000799959014384
SNN (8303),0.06201729959293508
ZNF211 (10520),0.0620197146737533
KIAA1143 (57456),0.06207787689167203
EGLN2 (112398),0.062090055540010874
PTPRE (5791),0.06213279770248121
PISD (23761),0.06216957812310015
EPHA2 (1969),0.06220928455566165
PREB (10113),0.06222594333263331
NGLY1 (55768),0.06223800072325652
LIMK2 (3985),0.06224573587904359
YAF2 (10138),0.06227627356813375
SPANXN3 (139067),0.06231529086457637
GOT2 (2806),0.062323889385659026
MSC (9242),0.062332851999675296
H4C5 (8367),0.06235380852906017
ZNF705B (100132396),0.06242112857348554
ZBTB47 (92999),0.06243119253948929
C19orf84 (147646),0.06246763656856109
MCRIP2 (84331),0.06247029746057005
LIG1 (3978),0.0624854748394369
EIF3F (8665),0.0624966199826799
PAPPA2 (60676),0.06251213592390195
DND1 (373863),0.0625266468743003
ZNF621 (285268),0.06253249530231328
SAG (6295),0.06253637221897909
CTTNBP2 (83992),0.06254841376791045
AGAP3 (116988),0.0625768839849987
FOXD3 (27022),0.06257819395383146
RAMP1 (10267),0.06260503553576754
AFG2B (79029),0.0626103064871221
CDCA5 (113130),0.06262832953705573
SRM (6723),0.06265830080023552
CRYGD (1421),0.06265853764662968
CT55 (54967),0.06265984839894875
ZNF322 (79692),0.06268176134682106
DCTN2 (10540),0.0627363691669241
OR1D2 (4991),0.06276470159357031
DOCK7 (85440),0.0627724038734982
CXCL11 (6373),0.06281211036447475
GGT1 (2678),0.06291173224272947
MXRA8 (54587),0.06292085111818284
SLC25A10 (1468),0.06295123715275722
PODXL (5420),0.0629541955476624
MSR1 (4481),0.06300989239448508
RAB11B (9230),0.06305043038488295
CABLES2 (81928),0.06306485049140421
F7 (2155),0.06311718937576492
PDXP (57026),0.06314460747079648
ARID5A (10865),0.06324008760522215
SNORC (389084),0.06327198746620427
RCSD1 (92241),0.06331924496255882
RHOC (389),0.06333957095374722
CMTM4 (146223),0.06334822149663691
SFPQ (6421),0.0633602129139593
N6AMT1 (29104),0.06336824802690402
TADA2B (93624),0.06338027732478865
IMP3 (55272),0.0633961728227148
CNPY2 (10330),0.06344499055194912
ACTR3B (57180),0.0634966486294187
PTPRU (10076),0.06364135166978245
DRD4 (1815),0.06369521960626372
CD3D (915),0.06372705650994334
CDC6 (990),0.0637280873082198
DENND4B (9909),0.0637639132826524
RHOF (54509),0.06380465465686264
CMKLR2 (2825),0.06380693692173776
EML5 (161436),0.0638538464467037
SSBP3 (23648),0.06394353231536447
AP2A2 (161),0.06398454555843307
STON2 (85439),0.06403259279502581
RFC5 (5985),0.06407022633876779
ZSCAN18 (65982),0.06408885854165453
ID2 (3398),0.06414924422339348
INMT (11185),0.06418658232811413
SPRR2F (6705),0.06439879225453556
GLP1R (2740),0.06447790047592507
DRC12 (283152),0.06457954140818131
ARID1B (57492),0.06461793843472717
MOB4 (25843),0.0646473500128595
SPRING1 (79794),0.06466395735688435
TIMM23 (100287932),0.06472066486002546
THOC5 (8563),0.06479934125039762
UTS2 (10911),0.06481549122587832
JPT1 (51155),0.06484880100772844
ING1 (3621),0.06486118738067102
UBQLN4 (56893),0.06486544097616534
RAB36 (9609),0.0648930499065428
CTNNBIP1 (56998),0.06490276327569679
THYN1 (29087),0.06490893920778726
SURF4 (6836),0.06493346412898768
SMS (6611),0.06493409006593912
C1orf74 (148304),0.06494848343270775
COX20 (116228),0.06513697424920864
TRMT44 (152992),0.06517932953587627
MED7 (9443),0.06518626666106903
AGPAT1 (10554),0.06519434446195058
MTHFR (4524),0.06521874752796356
DLL1 (28514),0.06522953308413636
IPO7 (10527),0.06538935828972028
TRPV1 (7442),0.06540411383404762
CEP128 (145508),0.06546346076241182
ABR (29),0.06547075061413585
COX4I1 (1327),0.06548450176544707
KIAA0319 (9856),0.06550436345045965
ITK (3702),0.0655124936469949
REPIN1 (29803),0.06559698269348892
ZNF273 (10793),0.06564609469630221
POLR2K (5440),0.06565334247176176
ZEB1 (6935),0.06568963326325306
AOC1 (26),0.06573025092201581
LRP8 (7804),0.06580889115364062
CSF2RB (1439),0.06599120727407315
GTF2H5 (404672),0.0660281611100677
OXA1L (5018),0.06603232927401216
MACIR (90355),0.0660657832026326
ZNF416 (55659),0.06608382138787847
GET4 (51608),0.06611919955284179
RHOBTB3 (22836),0.06615055065641347
ABCB9 (23457),0.06616321114210207
CDC73 (79577),0.06616590890553584
SRPK1 (6732),0.06617588449154127
SLC25A29 (123096),0.06618926121216327
SLC6A7 (6534),0.06626477481860424
ZNF746 (155061),0.06626756810074583
PRRC2C (23215),0.06636997786116178
LMBR1L (55716),0.06637668152096297
VDAC1 (7416),0.06638832384389844
AKR1B10 (57016),0.06644747471904017
RAD21 (5885),0.0664687650210707
POU3F2 (5454),0.06654352431728643
LRCH1 (23143),0.06655175792254792
COX6A2 (1339),0.06660479618476421
TRAPPC12 (51112),0.06665558730838836
SLU7 (10569),0.06665919904444431
H3-4 (8290),0.06667391095201124
RPS6KA1 (6195),0.06668295118323564
CFHR1 (3078),0.0666956152152671
EIF3D (8664),0.06672124019578181
BTF3L4 (91408),0.06673775310693501
DHX29 (54505),0.06678518840059446
TBCC (6903),0.0667996585110703
SLC25A19 (60386),0.06680032743890302
PRR13 (54458),0.06681501824948459
NINJ2 (4815),0.06681887121148197
MTCH2 (23788),0.06682071731898648
DPM2 (8818),0.06693119580418982
IDH3A (3419),0.066977065950128
TAPBP (6892),0.06701787093649719
MFRP (83552),0.06706976598514283
ACP1 (52),0.0670876192510326
HNRNPA2B1 (3181),0.06711617915427588
PAM16 (51025),0.0671189121919091
ZNF439 (90594),0.06714830454014772
SIGLEC7 (27036),0.06714969975096602
LY6D (8581),0.06738086158777211
CHCHD2 (51142),0.06738865984140477
SALL3 (27164),0.06739002867232541
VIPAS39 (63894),0.06739293043209565
ZNF217 (7764),0.06740411260782311
PLEKHM1 (9842),0.06741835849970858
C8orf33 (65265),0.06742952753342903
HNF1A (6927),0.06745239632133816
GCSH (2653),0.06748134882071212
OR52H1 (390067),0.06748876505492135
TFPT (29844),0.0674966095813575
PSMD12 (5718),0.06754529197918412
TUBGCP4 (27229),0.06755559950888383
FGF14 (2259),0.06757025268723413
NDUFAF1 (51103),0.06757968067103573
ACVR2A (92),0.0675926086731997
TTLL11 (158135),0.06760649603914372
CYS1 (192668),0.06763811544131598
PXMP2 (5827),0.06774762986135219
NDUFB10 (4716),0.06775219746215372
BAG3 (9531),0.06775889506242018
CTAGE9 (643854),0.06778891056105533
SUGT1 (10910),0.06780968853518131
EFR3B (22979),0.06785190251144906
THAP4 (51078),0.06786527967196082
BTBD7 (55727),0.06801110563056452
CFHR4 (10877),0.06806860868925765
UPF2 (26019),0.06822196246074673
TMEM88B (643965),0.06824580850837347
PANX2 (56666),0.06831538267212942
FASN (2194),0.06834287272752117
PCNX3 (399909),0.0683651021610616
LIFR (3977),0.06840298163080383
EIF2S3 (1968),0.06842246066459858
RTL8B (441518),0.0684243100243135
ADK (132),0.06847029976963279
ING5 (84289),0.06875464933928567
CCT6A (908),0.06880634510824708
FAM161B (145483),0.06881706334519554
AFDN (4301),0.06890041508877737
CPLX3 (594855),0.06893720749254888
DNAH12 (201625),0.06895397141522366
ECT2 (1894),0.0689575274222524
KRT81 (3887),0.06897980896546047
IGF2BP2 (10644),0.06900424040165404
ZDHHC22 (283576),0.06902238105394556
VAV2 (7410),0.06903391763638136
PPP6R3 (55291),0.06903956754648248
PRCC (5546),0.06907376815374386
SRGAP3 (9901),0.0691199663213015
CUEDC2 (79004),0.06914535547492692
TRABD (80305),0.06918688431539902
DSTN (11034),0.06921552019261744
TOR2A (27433),0.069222606913415
ZNF513 (130557),0.06923535572362913
FTH1 (2495),0.06931401274727113
SENP7 (57337),0.06952637161433178
CCDC121 (79635),0.06954755178822156
ZNF142 (7701),0.06955242625854512
ADAMTSL5 (339366),0.06957003007138102
CSNK2B (1460),0.06958149792153738
HDC (3067),0.069620039951
CCNH (902),0.06963232026155437
ZEB2 (9839),0.06965770249565023
ZNF544 (27300),0.06967437814024807
IL1R1 (3554),0.06968720677938754
PLK4 (10733),0.06969780272517549
KLC1 (3831),0.06977201956968329
COA5 (493753),0.06980757646796246
DAZAP1 (26528),0.06983153398101555
CAD (790),0.06989245110073482
ACTR3C (653857),0.06990070303473864
CASQ2 (845),0.06992964555881534
EZH2 (2146),0.0699662746408666
KIF18B (146909),0.07007712092426156
SPTLC1 (10558),0.07008198495567418
RAF1 (5894),0.0701484176448617
ARMC8 (25852),0.07015854037938535
ZBED2 (79413),0.0701804354753564
MCM8 (84515),0.07024614518887265
HBE1 (3046),0.07026728535986496
GOLGA8M (653720),0.07033964163535386
STRADA (92335),0.0705077141265362
PRH2 (5555),0.07057969266144087
SREBF2 (6721),0.07067750293952804
ANO9 (338440),0.07068591895911532
MANSC1 (54682),0.0707163536352736
NOTUM (147111),0.07072246439770981
KRT71 (112802),0.07072753956802674
NDUFA2 (4695),0.07074506272365769
KLHL14 (57565),0.07076289643953901
GAL3ST2 (64090),0.07082456655633569
TMCO1 (54499),0.07086792312418086
MTMR4 (9110),0.07087641267065307
CHRAC1 (54108),0.07092404185947175
FNBP1L (54874),0.0709400318786643
THBS2 (7058),0.07094219166274938
H3-3A (3020),0.07095263960806773
POC1A (25886),0.0709549044855624
SERHL2 (253190),0.0710171226859522
BET1L (51272),0.07105316368122397
GMPPB (29925),0.0710682861948864
LRRC8E (80131),0.07107200114455203
WNT8A (7478),0.07116934835628053
SCRT1 (83482),0.07118009770581663
CRB3 (92359),0.07118077151075347
TMEM131 (23505),0.07119820377014466
CCDC180 (100499483),0.07127065795546265
FAM110C (642273),0.07128662093756452
CACTIN (58509),0.07130329747610697
PSMB4 (5692),0.07134561959355606
TPM3 (7170),0.07137222059351003
ZNF207 (7756),0.07139614843915808
KLF6 (1316),0.0716231746798027
FCRL2 (79368),0.07164093559674649
TCHP (84260),0.07172916690385837
N4BP3 (23138),0.07172975937373562
GNA13 (10672),0.07179054627501456
OXER1 (165140),0.07179274184154752
WNT7A (7476),0.07188816673051054
SPOUT1 (51490),0.07189077221857312
MAPK6 (5597),0.07199437255312019
ZC3H13 (23091),0.0721133522695452
PGS1 (9489),0.07217325081374953
RPL13 (6137),0.07229264345853038
RHD (6007),0.07229805827719539
GJB5 (2709),0.07235373103144006
SMG5 (23381),0.0723976271926119
SPRYD4 (283377),0.07243569092401728
SIK1 (150094),0.0724396911950613
DHX9 (1660),0.07248800169131213
MIXL1 (83881),0.07256261052425192
CPT2 (1376),0.07256962759560594
HAUS3 (79441),0.07262059955508748
PLEKHH3 (79990),0.07262206115046393
COX8C (341947),0.07264992910636882
ZDHHC6 (64429),0.07270820109660418
SIK3 (23387),0.07272835914779537
H2AC6 (8334),0.07279878523908621
IL9R (3581),0.07281527632440109
HR (55806),0.07282805801957169
SYT5 (6861),0.07298481334522147
MAU2 (23383),0.07301289927400563
MCU (90550),0.07302166673840824
ASPSCR1 (79058),0.07312658192433698
PSMC4 (5704),0.07313929027049258
TIMM8A (1678),0.07321970443179762
FNTA (2339),0.07327797034952552
SLC52A2 (79581),0.07329955216802189
ATF7 (11016),0.07330152712689754
GPC6 (10082),0.07331745300616176
KBTBD3 (143879),0.07337124978979409
ANKRD10 (55608),0.07343984991254503
MMGT1 (93380),0.07348086543287152
CDC5L (988),0.0735916699148113
ZIC2 (7546),0.0735981252387924
PSMC1 (5700),0.07361195284497599
GART (2618),0.07367672446691126
BTBD6 (90135),0.07368716131541363
SENP5 (205564),0.0737930344406563
SEH1L (81929),0.07379416914217177
CBLC (23624),0.07395510300974471
ZNF131 (7690),0.07396279727197894
MAD2L1 (4085),0.07401879727124909
ARFGEF2 (10564),0.07403112390162803
MICALL1 (85377),0.07414702761921804
NDUFC2 (4718),0.07416125587774283
EIF4G1 (1981),0.0741748982792114
RBM4B (83759),0.07418504509728976
ONECUT2 (9480),0.07420455240944802
SEPSECS (51091),0.07422178684769591
NME2 (4831),0.07430317829817193
ZNF446 (55663),0.07432134799448596
JUN (3725),0.07439130266128947
RPLP2 (6181),0.07441762331010394
EIF4B (1975),0.07447592998699545
HLA-DQA1 (3117),0.07450464218073741
COX5A (9377),0.07452109648697623
ADD1 (118),0.07463422926645788
WDR55 (54853),0.07464280374103768
NRF1 (4899),0.07468907057260335
FGFR3 (2261),0.07480398697616987
ZBTB45 (84878),0.0748140746137904
OR51E2 (81285),0.07485021424377775
IFITM5 (387733),0.0748545042681197
MCMDC2 (157777),0.07490171954203419
IMP4 (92856),0.07504184608983541
NCOA1 (8648),0.07504619011407539
MUC20 (200958),0.07526630335571993
PRMT1 (3276),0.07541712990144116
INSR (3643),0.07544132488162253
B3GALT6 (126792),0.0755430853154283
UGT1A9 (54600),0.07569167194731703
FKBP1A (2280),0.07572189538676165
PA2G4 (5036),0.07572626270094636
IGFBP5 (3488),0.07580085239304962
CPVL (54504),0.07584451755559551
MTF1 (4520),0.07586409644552486
HNRNPL (3191),0.07605718446641456
ATP6V0E2 (155066),0.0761159655407781
TAF10 (6881),0.07611739519596122
ST3GAL1 (6482),0.07623146732999458
FH (2271),0.07623500097828134
SHB (6461),0.07639129566171249
SLC7A1 (6541),0.07639642859243666
TRA2B (6434),0.07643814411104331
PSMC3 (5702),0.07653572179855163
PRXL2B (127281),0.0765567381239691
GOLGA6B (55889),0.07657721892236224
CPOX (1371),0.07664606319673693
SIRPG (55423),0.07676714756641234
C19orf18 (147685),0.07682219434198231
KRTAP4-2 (85291),0.0768263348332239
SRRM2 (23524),0.07693405716095882
CTDSP1 (58190),0.07694067840036964
ELAVL1 (1994),0.07696217981649031
KIFAP3 (22920),0.07703989404291157
AQP12B (653437),0.0770885545219351
PSMD1 (5707),0.07714559483480357
CRK (1398),0.0771468896895655
TAF1D (79101),0.07720114147492797
ARAP3 (64411),0.07723365960569387
GPKOW (27238),0.07733415209709274
RPL7L1 (285855),0.07741717062539744
CNN2 (1265),0.07744766265451476
ERGIC3 (51614),0.07755582423813043
IDUA (3425),0.0775686830320435
MPV17 (4358),0.07794156375102854
H1-1 (3024),0.07794722733732481
ETV5 (2119),0.07795792703516194
ZNF716 (441234),0.07798867734211233
CCNE2 (9134),0.07804139634226565
TAF4 (6874),0.07808284222694281
SLC6A8 (6535),0.07808702441736087
MOAP1 (64112),0.07815565036077848
GARRE1 (9710),0.07832987895185442
SF3B3 (23450),0.07835595885809418
DDI2 (84301),0.07841443002816174
GATA4 (2626),0.07845965770949426
PAPOLA (10914),0.07851271917730387
SLC16A5 (9121),0.07854317278475342
TEN1 (100134934),0.07860143333515877
PI4KA (5297),0.07865392120715355
SLC27A5 (10998),0.0786804911661788
MCM9 (254394),0.0787092131036956
CHD8 (57680),0.07873420987605916
CCDC65 (85478),0.0787983931158461
HNRNPA0 (10949),0.07888671617784072
UQCRB (7381),0.07888765947433027
MAP4 (4134),0.07889025900575497
NDUFA9 (4704),0.07892939963386691
RAD51C (5889),0.07895116969417051
OSTC (58505),0.07898110852526184
DCAKD (79877),0.07913923093485234
H2AJ (55766),0.07914309098436413
UTP4 (84916),0.07919347915759276
RBMXL1 (494115),0.0792548915117768
RALGPS2 (55103),0.07928378177996732
THAP5 (168451),0.07931317556395623
ABHD17A (81926),0.07933539932931005
PAX8 (7849),0.07937852833441364
CHD4 (1108),0.07943866516872601
TMEM209 (84928),0.0795659890539114
KRTAP10-5 (386680),0.07962100299392152
PFN1 (5216),0.07988299565214643
NLRP13 (126204),0.0798903205020595
ATP5MGL (267020),0.07998716518611818
NRDE2 (55051),0.08001964395011434
USP39 (10713),0.08018861071393478
SNRNP70 (6625),0.08021648788654041
H2AC20 (8338),0.08036721524747423
NDUFA8 (4702),0.08040591259696316
RBM17 (84991),0.0804266563801313
ZNF671 (79891),0.08043215923259836
FLOT1 (10211),0.08047831421942823
OR52N2 (390077),0.08049123805296458
IRF4 (3662),0.0805234445844633
USP18 (11274),0.08059511730838122
RNF2 (6045),0.08061805849773365
FAAP20 (199990),0.08063969337852737
NDFIP2 (54602),0.08088812549811915
PMEL (6490),0.08097339697011764
KNL1 (57082),0.0809803593356094
CENPT (80152),0.08098795262820623
CMTM6 (54918),0.08099395934814523
SERPINF1 (5176),0.08108975515809255
TLK2 (11011),0.08111145298373473
RPS19BP1 (91582),0.08117325845754385
SLX9 (85395),0.08126340066410215
LMNTD2 (256329),0.08128928954333946
ZNF324B (388569),0.08130757825992713
ZNF862 (643641),0.08130771557345554
EIF5 (1983),0.0813320107247669
CCDC47 (57003),0.08158161686719517
PMM2 (5373),0.08162771768234436
ZNF492 (57615),0.08168602264618773
P2RY2 (5029),0.08173824365268567
EHMT1 (79813),0.08180843610966718
CYP3A4 (1576),0.08186042621930466
VOPP1 (81552),0.08200271335075289
PRUNE1 (58497),0.08204734659502178
VPS13D (55187),0.08205198301618795
RNF207 (388591),0.08206785211222559
DCAF15 (90379),0.08222028767672743
ABCC6 (368),0.08226553794515197
NDUFA13 (51079),0.08241220103844317
NARS1 (4677),0.08241827671260692
BCAP31 (10134),0.08262174665123324
G6PD (2539),0.08266183277517035
PNPLA2 (57104),0.08266744794307067
JAZF1 (221895),0.08268361483354497
SH3GL1 (6455),0.08279846678943674
GPR132 (29933),0.08303445268998394
NUP133 (55746),0.08319958633964714
PHAX (51808),0.08322590233006322
INO80B (83444),0.08325269199299751
CLMP (79827),0.08348703655129094
C7orf50 (84310),0.08351937876190102
SLC7A5 (8140),0.08382784661570633
GPT (2875),0.08394751473866087
TK2 (7084),0.0839839485131843
SMC5 (23137),0.08402053042929336
TAF12 (6883),0.0841082115625493
MRTO4 (51154),0.08418384208655262
BAZ2A (11176),0.08420869839850922
MAP2K1 (5604),0.08427715794180059
SCAF4 (57466),0.08427997579588634
R3HDM4 (91300),0.08438927641524457
PTBP1 (5725),0.0844305675928724
ATG4B (23192),0.08444348418807598
SSX1 (6756),0.08451063820052541
KLC2 (64837),0.08461451661373695
MED27 (9442),0.08465030392741571
TSPAN4 (7106),0.08465596017512317
MRPS10 (55173),0.08471038299305209
PPP1R10 (5514),0.08471872146064065
CSTF1 (1477),0.08473849570295429
CTDP1 (9150),0.08474836930034502
STX18 (53407),0.08475613763949029
ZNF132 (7691),0.0848720956021375
OR2G3 (81469),0.08492768474190507
TATDN2 (9797),0.08498742959197471
ZNF830 (91603),0.08501612850981378
CEP170B (283638),0.08536720923537353
KMT2A (4297),0.08555293053245278
PPP4C (5531),0.08558714263157066
ANO7 (50636),0.08568557707031835
PKIG (11142),0.08573156776700772
MROH6 (642475),0.08577467789048468
SPTSSA (171546),0.08581665886426135
EEF1E1 (9521),0.08583543596574479
RAC3 (5881),0.08588501006786498
TFIP11 (24144),0.08591967968310425
CPD (1362),0.08606908507727017
RRP12 (23223),0.08608594854837269
BID (637),0.0861094634969318
ZNF17 (7565),0.0861644651929207
SHOC2 (8036),0.08617458533750513
ORMDL1 (94101),0.08618687379815547
SREK1 (140890),0.08619396145540305
TAFAZZIN (6901),0.08622077349920575
ZNF8 (7554),0.08636609036831397
NDUFA6 (4700),0.086449187822668
RPS12 (6206),0.08672859569929753
CYYR1 (116159),0.0868428515283313
SYNCRIP (10492),0.08688793162170712
DOHH (83475),0.0871861888686807
RNF4 (6047),0.08721089605194604
USP17L13 (100287238),0.08721156226314494
ATG12 (9140),0.08726390721608525
FBXL6 (26233),0.08727805847774951
NDUFB3 (4709),0.0875253932269584
PLG (5340),0.08753917315646888
POLA1 (5422),0.08759119828012657
RRAGA (10670),0.08772154531404795
SDC1 (6382),0.08797607499108244
TUBB3 (10381),0.08811957585003774
ANAPC15 (25906),0.08818330761293597
POTEG (404785),0.08837271756734946
CSK (1445),0.08838897763110405
DDX24 (57062),0.08848874545738562
RUNX1 (861),0.08852955267488939
DYNLL1 (8655),0.0885785115957433
BZW1 (9689),0.08865335567793974
PTTG1 (9232),0.08872061684926867
USP17L10 (100287144),0.08886045992264155
PNN (5411),0.08900959552010443
SKA3 (221150),0.08906749096640026
FRAT1 (10023),0.08917881536274964
TAF8 (129685),0.08923459626323006
INCENP (3619),0.08940327206937325
ADORA3 (140),0.08940358070185248
RAB1B (81876),0.08946388581296796
KRT16 (3868),0.08990922454053774
MAPKAPK5 (8550),0.09000504965259684
ZSCAN22 (342945),0.09008820431467403
TSPYL5 (85453),0.09010679383744545
INTS8 (55656),0.09027530248108998
MYB (4602),0.09085720497969427
EHMT2 (10919),0.0908889471681411
HMGA1 (3159),0.09089014806434693
CDT1 (81620),0.09091180087440356
TULP4 (56995),0.09104700713464463
HAND2 (9464),0.09108142531762856
ZSCAN5B (342933),0.09115386678052909
NDUFS1 (4719),0.09124372964923391
INTS12 (57117),0.09133075857205177
INO80D (54891),0.0915279149095975
POLR1E (64425),0.0915590094672254
CAPN1 (823),0.09160520802052341
MAPK1 (5594),0.09164865781462227
BMPR1A (657),0.0916614738255801
HLTF (6596),0.09171615013700349
AURKB (9212),0.09171778048042843
SFR1 (119392),0.09172891641914853
TRIR (79002),0.09173337652321603
SKP1 (6500),0.09177045517852976
PABPN1 (8106),0.09185117103017024
TTF1 (7270),0.09192772524865164
H2BC5 (3017),0.09199580696354391
FOXM1 (2305),0.09201302274905453
MBNL1 (4154),0.0920920854718432
OR10V1 (390201),0.0921766032411293
PCF11 (51585),0.09218147986797422
MANF (7873),0.09237613905341635
KAT7 (11143),0.09260216790560648
PIK3CD (5293),0.09274088565467312
CARF (79800),0.09300651062128226
NCS1 (23413),0.09342932079058654
IMPDH1 (3614),0.0934567699463238
SIRT7 (51547),0.09348492002429715
COPB2 (9276),0.09348723467200035
FLYWCH2 (114984),0.0937455127753032
ACSL3 (2181),0.0938375385189297
ATP2C1 (27032),0.09388733327984376
PMVK (10654),0.09396623068583851
TMEM276 (84773),0.09401933590872995
OR8A1 (390275),0.09412857334533895
PEA15 (8682),0.09416539764267576
SACM1L (22908),0.09419101724242954
H3-3B (3021),0.09423763920355052
SAP18 (10284),0.09424893099016297
PIM3 (415116),0.0943261154237427
RNF113A (7737),0.094382974049672
CCT5 (22948),0.09459875351652444
TOMM22 (56993),0.09467396665780832
SUPT5H (6829),0.09469512700817595
VCF2 (90736),0.09472498185745612
NFRKB (4798),0.0949544965067217
PSMD13 (5719),0.09511119305913936
OGFR (11054),0.09634942416040046
INTS2 (57508),0.09637213135249158
PSMD14 (10213),0.09642278583533302
ZMYND8 (23613),0.09670748881431344
GARS1 (2617),0.09675875827110815
TAF11 (6882),0.09679862301394002
CYCS (54205),0.09681914895064839
G3BP1 (10146),0.09697013107084537
SIRT3 (23410),0.09707912150136312
MYD88 (4615),0.09708403420088246
SOX7 (83595),0.09714222811679317
SKP2 (6502),0.09720298824242443
DPH3 (285381),0.09722258556123053
RASA4 (10156),0.09734896309840266
OR6F1 (343169),0.09737021271916532
WWTR1 (25937),0.09743938209146198
PSMB1 (5689),0.09768627865385435
GTF2A1 (2957),0.09785084322859444
RAB14 (51552),0.09787115440383613
UBC (7316),0.09805651820079181
NTNG2 (84628),0.09866330557356463
TAF13 (6884),0.09920796342669158
PPCS (79717),0.09940537512738314
ANKRD65 (441869),0.09954465713881774
EIF5AL1 (143244),0.09966928732343988
RBM5 (10181),0.09969584665157596
SH3BP5L (80851),0.09969642072119798
BAK1 (578),0.10034708213896261
HMGCR (3156),0.10041869809552131
AKR1B1 (231),0.10044518348979879
SMC2 (10592),0.10094175422348042
AACS (65985),0.10108052396906451
YTHDF2 (51441),0.10112414189947118
TAF1 (6872),0.10116078443636353
OXLD1 (339229),0.10140770048364064
ACTR8 (93973),0.1015161701976192
LUC7L3 (51747),0.10167685903079068
RAB33B (83452),0.10184959352127428
CIB1 (10519),0.10204164137836048
DPPA3 (359787),0.10212032977534237
EXOC8 (149371),0.10240586563682022
RBBP8NL (140893),0.10242478542248164
PPP1CA (5499),0.10265825345433818
GCC1 (79571),0.10285572701966447
LCE2A (353139),0.1030089333683038
RPL11 (6135),0.10316318979523839
GOLGA6L6 (727832),0.10343282194284617
TOMM20 (9804),0.10346608341077151
WDR33 (55339),0.10375930954625899
MBD2 (8932),0.1041134314536112
E2F7 (144455),0.10417276938819849
FEN1 (2237),0.10433896123286089
ITPK1 (3705),0.104483660104309
DDX5 (1655),0.1046074207354825
KIF20A (10112),0.10468435997924273
NDUFB7 (4713),0.10469100612145134
ZC3H18 (124245),0.10526411845005873
KIF4A (24137),0.10528385371054531
GLRX5 (51218),0.1052897683996755
PCNP (57092),0.10599870386176026
SF3B6 (51639),0.10608975484558553
DNAJB11 (51726),0.10617841885273209
COIL (8161),0.10630576879091064
YJEFN3 (374887),0.10659789562597989
EIF3M (10480),0.10698584463206275
GALP (85569),0.10713293463211584
JADE2 (23338),0.10728234627897591
CDC26 (246184),0.1077989270678657
SRP54 (6729),0.10784400713269601
PDCL2 (132954),0.1080401190240569
SEPTIN2 (4735),0.1085135947679757
ADSS2 (159),0.10855608167275355
PTPMT1 (114971),0.10861145399417525
DDX59 (83479),0.10869472009585832
CPSF3 (51692),0.10922108224862873
MSANTD2 (79684),0.10925402619667288
VPS4A (27183),0.10937813090265575
SF3A1 (10291),0.10938296137324369
CENPC (1060),0.10960529386750015
HIRA (7290),0.1100270566130983
MED17 (9440),0.11006955520937553
KLHDC7B (113730),0.11008745737073886
PSMA4 (5685),0.11018364979578978
C2orf50 (130813),0.11043143942543379
TRIM54 (57159),0.11054415104318968
MORN1 (79906),0.11065022576803099
POU2AF1 (5450),0.11081076936247262
H2AC8 (3012),0.11082107131160236
C9orf57 (138240),0.11092892453783249
HTATSF1 (27336),0.11110089409489167
CEBPZ (10153),0.11112819181526447
AHCYL1 (10768),0.11120736460741518
HNF1B (6928),0.11121131760683524
NOXA1 (10811),0.11135752944309173
CTSH (1512),0.11139949232714957
PIP5K1A (8394),0.11162465923391121
WASHC2C (253725),0.1119267129617055
PRB4 (5545),0.11237223175286719
H2AC17 (8336),0.11274020703904751
IRS2 (8660),0.11283772815221119
PSMD2 (5708),0.11285276042466598
DICER1 (23405),0.11338161480822798
PSMD11 (5717),0.11361221219587389
FGFR1 (2260),0.11378680015147645
EIF2S1 (1965),0.11395926280535008
ICMT (23463),0.1140032483045103
DLD (1738),0.11402636136269884
TRAPPC8 (22878),0.1140837982439015
CDC20 (991),0.11418551128805562
FBLIM1 (54751),0.11487487445222708
GBF1 (8729),0.11519111973113152
XRCC3 (7517),0.11520608486071854
POT1 (25913),0.11552577274094276
MTOR (2475),0.11582156623539075
POLR1A (25885),0.1159319764614848
PDIA6 (10130),0.11611834702237384
FRS2 (10818),0.11612270469995474
HTT (3064),0.1162857876152365
RPL7 (6129),0.11637939854718436
ACTR5 (79913),0.11644347837028518
PSTK (118672),0.11652624925160546
NCBP1 (4686),0.11731179294937978
IK (3550),0.1177344768275064
CHAF1A (10036),0.11786475771324798
XRCC6 (2547),0.11831729705488062
CTBP1 (1487),0.11851176525928768
HUWE1 (10075),0.11892328727232492
DDX54 (79039),0.11918894336769857
CCDC28A (25901),0.11960029713439353
RPS17 (6218),0.11993723058689335
SRSF11 (9295),0.11993791464579576
SNRNP35 (11066),0.12043918867960278
CHTF8 (54921),0.12046929823536003
KRAS (3845),0.12085359129435434
YTHDC1 (91746),0.12102233686101993
IGF1R (3480),0.1210572313037559
RPS28 (6234),0.12119251941047618
EEF2KMT (196483),0.12121839590726219
DDX41 (51428),0.12137807256157099
AURKA (6790),0.12179180756821942
RPS24 (6229),0.12282741067524747
AK2 (204),0.1228411425517125
LIPT1 (51601),0.12351448486918301
TIMELESS (8914),0.12369853391162189
DERL2 (51009),0.12392353021667755
C19orf25 (148223),0.12482206087637102
OGT (8473),0.12507957593331348
EIF2B5 (8893),0.12520741140804262
ATP5F1A (498),0.12566148109133363
RNF145 (153830),0.1261089742911063
KRI1 (65095),0.12632513561841802
BRAF (673),0.1264461242553099
RABGGTB (5876),0.1269095057235956
SPDYE1 (285955),0.1273614824251415
TSR2 (90121),0.12741706155528745
VRK1 (7443),0.1278555712166338
FDXR (2232),0.12800008040261782
TUBA1B (10376),0.1281159731116533
SON (6651),0.12813434598871734
HSP90B1 (7184),0.12834709410947714
PDE4DIP (9659),0.12920820244908915
PPA1 (5464),0.12934033231086778
CSNK2A1 (1457),0.13042132816645247
SF1 (7536),0.13164185362074413
AHCY (191),0.13165060195359254
NUP155 (9631),0.13205645563129914
RHOQ (23433),0.13215708864646938
ARHGEF5 (7984),0.1321749412737105
CEP131 (22994),0.13243637337822148
TUBGCP2 (10844),0.13256753926931078
U2SURP (23350),0.13277767359101478
WDR25 (79446),0.132967719107318
H2BC4 (8347),0.13307898525083725
ISY1 (57461),0.13473531278687087
ZC3H11A (9877),0.1354688437606944
CCNB1 (891),0.1357399469841531
DLST (1743),0.13759538381232386
STN1 (79991),0.1387539243966063
RIC8A (60626),0.1397797204396024
OGDH (4967),0.14007373042621699
GINS4 (84296),0.14010627234617465
PRKAR1A (5573),0.14024603899323587
NDUFB1 (4707),0.14036125483344764
CSE1L (1434),0.14098345413156377
GRPEL1 (80273),0.14252778894451312
WDR70 (55100),0.14259073521928015
PPIL4 (85313),0.14353432168915295
ARMC7 (79637),0.14403350796031522
CEND1 (51286),0.1455455987402521
INO80 (54617),0.1459888664948482
LSM12 (124801),0.14661938059163548
SINHCAF (58516),0.14798087677194827
CDK2 (1017),0.14866545512325893
RBBP6 (5930),0.14905994133953607
CTC1 (80169),0.14920364833358052
NKAP (79576),0.14936978314653732
LRR1 (122769),0.1504374612069604
RPLP1 (6176),0.151402357905767
P3H3 (10536),0.1519714013536774
DAXX (1616),0.15201830688066487
UBE2I (7329),0.15215783964000726
BRPF1 (7862),0.15241916158064847
BPTF (2186),0.1527651593799312
HEATR3 (55027),0.15559762204435346
CDK4 (1019),0.1561324368118368
GFPT1 (2673),0.1580111431520669
MARS1 (4141),0.15839518473340647
PIK3CB (5291),0.15895008198573665
WDHD1 (11169),0.15919674661750807
FURIN (5045),0.16052859057381677
PSMC6 (5706),0.16168190254009812
NUP62 (23636),0.16231023074065593
RPL22 (6146),0.16238299127050032
DCLRE1B (64858),0.16327355391065376
LIAS (11019),0.16396376706839627
CRIPTO (6997),0.16438027238450648
MVD (4597),0.16552561061256763
EIF3E (3646),0.16566040778195637
EP300 (2033),0.16571031416507337
TFDP1 (7027),0.16680225551924577
SPATA31A6 (389730),0.16881785193246
AQR (9716),0.17000699364980723
FRRS1 (391059),0.17009574998945287
ELMO2 (63916),0.17010185986585186
SRSF7 (6432),0.17145086568420964
CBFB (865),0.1747007359109429
INTS1 (26173),0.1749692582630577
SDHD (6392),0.17788246792787643
COPB1 (1315),0.17864332306678202
UBIAD1 (29914),0.18629315548831737
POLR2E (5434),0.18690117250323518
YWHAZ (7534),0.18882145616397322
PLRG1 (5356),0.19014724562965762
SGO1 (151648),0.19230847718163263
CCT4 (10575),0.19397884467850293
SPCS2 (9789),0.1952608052917523
RPL35A (6165),0.20201874571221423
EIF2S2 (8894),0.20240779976921727
SEPHS2 (22928),0.20630911769432075
CDS2 (8760),0.20901345638447255
STK11 (6794),0.21314734862365078
RHOA (387),0.22162050372612555
SDHC (6391),0.22198672762074967
SENP6 (26054),0.2261297489063305
RPL37 (6167),0.23154423578027952
RBMX (27316),0.2372495095605197
NPM1 (4869),0.2574191487914653
SMG1 (23049),0.2703357543923802
FCGR1A (2209),0.2958849998591313
RPL21 (6144),0.3131744254294666
RRN3 (54700),0.3199945724097586
